employee_id,employee_code,gender,age,department_id,job_title,join_date,salary,email
1,EMP00001,M,29.0,13.0,Intern,2023-01-15,350000,emp1@mail.com
2,EMP00002,M,57.0,2.0,QA,15/02/2024,350000,emp2@mail.com
3,EMP00003,F,46.0,3.0,Engineer,2023-01-15,-10000,
4,EMP00004,Male,56.0,4.0,Engineer,,350000,
5,EMP00005,Male,34.0,2.0,QA,15/02/2024,800000,
6,EMP00006,Female,54.0,4.0,QA,2025-07-01,-10000,INVALID
7,EMP00007,Male,57.0,19.0,Intern,15/02/2024,800000,emp7@mail.com
8,EMP00008,male,24.0,19.0,Analyst,,500000,
9,EMP00009,,54.0,14.0,HR,,-10000,
10,EMP00010,M,39.0,8.0,Engineer,15/02/2024,350000,
11,EMP00011,male,51.0,11.0,Intern,,800000,emp11@mail.com
12,EMP00012,Male,52.0,14.0,Engineer,2025-07-01,500000,
13,EMP00013,F,22.0,,Analyst,,-10000,
14,EMP00014,M,42.0,20.0,Manager,,,emp14@mail.com
15,EMP00015,Male,37.0,16.0,Intern,2023-01-15,350000,
16,EMP00016,,56.0,,Manager,2025-07-01,6 LPA,
17,EMP00017,,42.0,1.0,Manager,2025-07-01,500000,emp17@mail.com
18,EMP00018,F,23.0,7.0,HR,15/02/2024,6 LPA,INVALID
19,EMP00019,F,45.0,16.0,Analyst,15/02/2024,,
20,EMP00020,male,37.0,5.0,Manager,,800000,
21,EMP00021,M,99.0,13.0,Engineer,15/02/2024,350000,INVALID
22,EMP00022,Female,34.0,,Engineer,2023-01-15,,INVALID
23,EMP00023,M,38.0,1.0,Engineer,,-10000,
24,EMP00024,male,56.0,11.0,Engineer,,-10000,emp24@mail.com
25,EMP00025,F,99.0,18.0,Manager,,,
26,EMP00026,Male,50.0,99.0,Manager,2023-01-15,500000,emp26@mail.com
27,EMP00027,Female,48.0,6.0,Analyst,2025-07-01,-10000,emp27@mail.com
28,EMP00028,Male,20.0,19.0,Engineer,,350000,
29,EMP00029,male,21.0,3.0,Engineer,,,INVALID
30,EMP00030,,36.0,12.0,QA,2025-07-01,,emp30@mail.com
31,EMP00031,Male,51.0,15.0,Manager,,800000,emp31@mail.com
32,EMP00032,Female,26.0,11.0,Intern,2025-07-01,,INVALID
33,EMP00033,male,21.0,7.0,QA,2025-07-01,500000,emp33@mail.com
34,EMP00034,male,39.0,99.0,Analyst,2025-07-01,-10000,
35,EMP00035,Female,42.0,8.0,QA,,-10000,
36,EMP00036,,34.0,20.0,Engineer,15/02/2024,,INVALID
37,EMP00037,Female,53.0,16.0,HR,2023-01-15,350000,
38,EMP00038,F,36.0,7.0,Intern,,800000,
39,EMP00039,,42.0,12.0,Analyst,15/02/2024,350000,INVALID
40,EMP00040,F,32.0,11.0,Engineer,,-10000,emp40@mail.com
41,EMP00041,F,,12.0,Intern,2023-01-15,6 LPA,emp41@mail.com
42,EMP00042,F,32.0,16.0,Engineer,,6 LPA,
43,EMP00043,Male,45.0,15.0,Manager,2023-01-15,6 LPA,INVALID
44,EMP00044,Female,28.0,1.0,Engineer,,,INVALID
45,EMP00045,male,58.0,16.0,Intern,2025-07-01,500000,INVALID
46,EMP00046,Male,20.0,99.0,Analyst,,6 LPA,INVALID
47,EMP00047,F,32.0,7.0,Analyst,2025-07-01,500000,
48,EMP00048,male,35.0,19.0,HR,2025-07-01,-10000,
49,EMP00049,Female,23.0,12.0,Manager,,-10000,
50,EMP00050,male,28.0,18.0,Engineer,,-10000,emp50@mail.com
51,EMP00051,F,31.0,20.0,Analyst,15/02/2024,500000,INVALID
52,EMP00052,F,59.0,4.0,QA,2023-01-15,800000,
53,EMP00053,Male,55.0,2.0,Engineer,15/02/2024,800000,emp53@mail.com
54,EMP00054,Male,52.0,15.0,QA,2023-01-15,350000,
55,EMP00055,M,59.0,17.0,QA,,500000,
56,EMP00056,F,52.0,18.0,Manager,,500000,
57,EMP00057,male,32.0,15.0,Engineer,,350000,
58,EMP00058,F,40.0,3.0,Intern,15/02/2024,,emp58@mail.com
59,EMP00059,Female,-2.0,10.0,Analyst,15/02/2024,6 LPA,
60,EMP00060,Female,36.0,5.0,Manager,15/02/2024,6 LPA,emp60@mail.com
61,EMP00061,F,51.0,6.0,Intern,15/02/2024,500000,
62,EMP00062,male,45.0,11.0,Manager,15/02/2024,800000,
63,EMP00063,Male,43.0,1.0,HR,,,
64,EMP00064,,21.0,13.0,HR,,-10000,
65,EMP00065,male,24.0,4.0,Engineer,2023-01-15,350000,
66,EMP00066,M,22.0,6.0,HR,15/02/2024,,
67,EMP00067,F,29.0,18.0,QA,,,
68,EMP00068,Male,37.0,2.0,Intern,15/02/2024,,emp68@mail.com
69,EMP00069,M,21.0,99.0,Analyst,2025-07-01,350000,INVALID
70,EMP00070,Male,36.0,4.0,Manager,2023-01-15,800000,
71,EMP00071,M,59.0,5.0,Analyst,,6 LPA,INVALID
72,EMP00072,Male,30.0,9.0,Analyst,15/02/2024,500000,
73,EMP00073,,39.0,17.0,Engineer,2025-07-01,,INVALID
74,EMP00074,M,42.0,1.0,HR,2023-01-15,350000,emp74@mail.com
75,EMP00075,,52.0,18.0,Engineer,,,INVALID
76,EMP00076,F,26.0,,Intern,,6 LPA,
77,EMP00077,male,45.0,17.0,HR,15/02/2024,500000,
78,EMP00078,Female,60.0,5.0,Manager,2025-07-01,350000,INVALID
79,EMP00079,Male,24.0,99.0,Intern,2025-07-01,,INVALID
80,EMP00080,Male,25.0,,Manager,,6 LPA,
81,EMP00081,male,35.0,10.0,Analyst,,500000,INVALID
82,EMP00082,M,48.0,1.0,HR,2025-07-01,800000,
83,EMP00083,Female,22.0,10.0,Engineer,2025-07-01,500000,emp83@mail.com
84,EMP00084,M,44.0,3.0,Manager,2025-07-01,-10000,INVALID
85,EMP00085,Female,52.0,1.0,Analyst,2025-07-01,350000,INVALID
86,EMP00086,F,57.0,2.0,Manager,2023-01-15,800000,
87,EMP00087,,34.0,3.0,QA,,500000,
88,EMP00088,M,51.0,5.0,HR,,6 LPA,INVALID
89,EMP00089,Male,52.0,99.0,Manager,,500000,emp89@mail.com
90,EMP00090,,57.0,,Intern,15/02/2024,350000,emp90@mail.com
91,EMP00091,Male,28.0,99.0,HR,2023-01-15,,
92,EMP00092,male,23.0,99.0,Analyst,,6 LPA,INVALID
93,EMP00093,F,36.0,1.0,Manager,2023-01-15,6 LPA,emp93@mail.com
94,EMP00094,,53.0,3.0,Intern,,800000,emp94@mail.com
95,EMP00095,M,35.0,7.0,Engineer,,,
96,EMP00096,Male,50.0,,HR,2023-01-15,-10000,INVALID
97,EMP00097,Male,58.0,5.0,HR,2025-07-01,6 LPA,
98,EMP00098,male,56.0,5.0,Analyst,,350000,
99,EMP00099,M,99.0,4.0,Intern,15/02/2024,6 LPA,
100,EMP00100,M,53.0,10.0,Manager,,,emp100@mail.com
101,EMP00101,male,32.0,10.0,Analyst,,350000,
102,EMP00102,F,24.0,17.0,Manager,2025-07-01,,INVALID
103,EMP00103,Female,24.0,19.0,Analyst,15/02/2024,6 LPA,
104,EMP00104,M,28.0,20.0,Intern,,800000,emp104@mail.com
105,EMP00105,,43.0,8.0,Manager,,,emp105@mail.com
106,EMP00106,Female,20.0,16.0,Intern,,,
107,EMP00107,,29.0,14.0,HR,,800000,emp107@mail.com
108,EMP00108,M,20.0,11.0,HR,,350000,INVALID
109,EMP00109,,20.0,10.0,HR,2025-07-01,350000,
110,EMP00110,F,57.0,3.0,HR,,800000,emp110@mail.com
111,EMP00111,M,26.0,2.0,Intern,2025-07-01,6 LPA,INVALID
112,EMP00112,Female,37.0,14.0,QA,2025-07-01,500000,
113,EMP00113,F,21.0,99.0,Manager,,-10000,INVALID
114,EMP00114,,25.0,2.0,Intern,,,INVALID
115,EMP00115,,38.0,16.0,Analyst,,500000,INVALID
116,EMP00116,F,46.0,11.0,HR,2025-07-01,800000,
117,EMP00117,F,,8.0,HR,,-10000,
118,EMP00118,Male,30.0,99.0,Engineer,2023-01-15,500000,
119,EMP00119,male,34.0,15.0,HR,,,INVALID
120,EMP00120,male,32.0,8.0,Analyst,15/02/2024,800000,emp120@mail.com
121,EMP00121,M,35.0,12.0,HR,,500000,emp121@mail.com
122,EMP00122,,46.0,13.0,Manager,,500000,
123,EMP00123,M,41.0,2.0,Manager,2025-07-01,-10000,
124,EMP00124,Female,99.0,17.0,QA,15/02/2024,350000,
125,EMP00125,Female,44.0,13.0,Intern,,,
126,EMP00126,Male,28.0,2.0,Manager,,-10000,
127,EMP00127,Male,24.0,13.0,QA,,,INVALID
128,EMP00128,Male,34.0,5.0,Engineer,,6 LPA,emp128@mail.com
129,EMP00129,,,15.0,Analyst,,350000,emp129@mail.com
130,EMP00130,Female,34.0,19.0,Analyst,2025-07-01,500000,
131,EMP00131,male,60.0,14.0,Intern,2023-01-15,350000,emp131@mail.com
132,EMP00132,M,53.0,19.0,Engineer,,800000,INVALID
133,EMP00133,male,20.0,1.0,QA,2025-07-01,,
134,EMP00134,M,,8.0,Manager,,500000,INVALID
135,EMP00135,Male,46.0,99.0,HR,2023-01-15,350000,INVALID
136,EMP00136,F,99.0,99.0,Manager,2023-01-15,800000,INVALID
137,EMP00137,,47.0,12.0,Engineer,,350000,
138,EMP00138,,46.0,12.0,Intern,,500000,emp138@mail.com
139,EMP00139,M,52.0,3.0,Engineer,,500000,
140,EMP00140,Female,34.0,15.0,Engineer,2025-07-01,800000,emp140@mail.com
141,EMP00141,male,51.0,20.0,Engineer,15/02/2024,,
142,EMP00142,,23.0,20.0,Engineer,,350000,INVALID
143,EMP00143,Male,58.0,5.0,Manager,2023-01-15,6 LPA,emp143@mail.com
144,EMP00144,Female,45.0,15.0,Intern,2025-07-01,6 LPA,emp144@mail.com
145,EMP00145,Male,30.0,11.0,Engineer,15/02/2024,6 LPA,
146,EMP00146,Male,39.0,,Intern,,800000,
147,EMP00147,F,30.0,4.0,Analyst,2023-01-15,800000,emp147@mail.com
148,EMP00148,M,46.0,4.0,QA,15/02/2024,,
149,EMP00149,M,47.0,3.0,Analyst,,500000,
150,EMP00150,male,48.0,7.0,HR,2025-07-01,6 LPA,
151,EMP00151,Male,60.0,14.0,Engineer,,350000,
152,EMP00152,Male,49.0,3.0,Analyst,2025-07-01,500000,emp152@mail.com
153,EMP00153,male,41.0,12.0,HR,2025-07-01,-10000,emp153@mail.com
154,EMP00154,M,40.0,9.0,HR,2023-01-15,6 LPA,emp154@mail.com
155,EMP00155,Male,34.0,4.0,Manager,,,
156,EMP00156,F,51.0,5.0,Manager,15/02/2024,350000,
157,EMP00157,,29.0,20.0,Engineer,2025-07-01,800000,
158,EMP00158,M,58.0,3.0,QA,15/02/2024,,INVALID
159,EMP00159,Female,46.0,3.0,Intern,2023-01-15,,
160,EMP00160,Female,47.0,4.0,Analyst,2025-07-01,-10000,emp160@mail.com
161,EMP00161,Female,26.0,14.0,Manager,,500000,INVALID
162,EMP00162,Female,46.0,15.0,QA,15/02/2024,6 LPA,emp162@mail.com
163,EMP00163,M,38.0,9.0,QA,2025-07-01,800000,
164,EMP00164,,36.0,7.0,Manager,15/02/2024,500000,INVALID
165,EMP00165,Female,29.0,10.0,QA,15/02/2024,800000,emp165@mail.com
166,EMP00166,F,36.0,8.0,QA,,500000,emp166@mail.com
167,EMP00167,,49.0,2.0,Analyst,2023-01-15,,INVALID
168,EMP00168,F,43.0,2.0,HR,15/02/2024,350000,emp168@mail.com
169,EMP00169,Female,58.0,19.0,Engineer,2023-01-15,800000,INVALID
170,EMP00170,F,58.0,9.0,Intern,2023-01-15,350000,
171,EMP00171,Female,22.0,12.0,HR,15/02/2024,350000,INVALID
172,EMP00172,M,22.0,20.0,Intern,15/02/2024,350000,
173,EMP00173,F,99.0,12.0,Engineer,,800000,emp173@mail.com
174,EMP00174,Female,22.0,16.0,QA,,350000,
175,EMP00175,Male,45.0,,QA,15/02/2024,6 LPA,emp175@mail.com
176,EMP00176,,30.0,13.0,Intern,2025-07-01,,
177,EMP00177,,39.0,14.0,Analyst,2025-07-01,6 LPA,
178,EMP00178,F,46.0,1.0,HR,15/02/2024,,
179,EMP00179,Female,20.0,14.0,Engineer,,350000,emp179@mail.com
180,EMP00180,F,56.0,12.0,Manager,15/02/2024,500000,emp180@mail.com
181,EMP00181,Male,55.0,5.0,Intern,,350000,
182,EMP00182,,52.0,6.0,Engineer,2025-07-01,800000,INVALID
183,EMP00183,male,30.0,3.0,Analyst,,,INVALID
184,EMP00184,M,28.0,2.0,Manager,2025-07-01,350000,
185,EMP00185,Male,59.0,6.0,Intern,15/02/2024,-10000,
186,EMP00186,male,32.0,16.0,Engineer,,500000,emp186@mail.com
187,EMP00187,F,53.0,6.0,Manager,2025-07-01,350000,INVALID
188,EMP00188,Female,32.0,2.0,QA,2023-01-15,6 LPA,
189,EMP00189,Male,44.0,20.0,Manager,,6 LPA,
190,EMP00190,,46.0,10.0,QA,15/02/2024,,
191,EMP00191,,43.0,15.0,QA,,500000,emp191@mail.com
192,EMP00192,Male,59.0,16.0,Manager,15/02/2024,,
193,EMP00193,Female,50.0,13.0,Analyst,2023-01-15,500000,
194,EMP00194,F,43.0,3.0,Manager,,-10000,emp194@mail.com
195,EMP00195,Male,60.0,5.0,Analyst,2025-07-01,6 LPA,emp195@mail.com
196,EMP00196,Male,52.0,13.0,Intern,15/02/2024,350000,emp196@mail.com
197,EMP00197,male,27.0,7.0,Engineer,,800000,INVALID
198,EMP00198,,34.0,3.0,HR,,800000,INVALID
199,EMP00199,M,59.0,9.0,Manager,15/02/2024,800000,
200,EMP00200,Female,57.0,9.0,QA,,500000,
201,EMP00201,M,22.0,7.0,Engineer,,500000,
202,EMP00202,,40.0,13.0,Engineer,2025-07-01,350000,emp202@mail.com
203,EMP00203,,43.0,15.0,QA,,-10000,emp203@mail.com
204,EMP00204,M,54.0,99.0,Manager,2025-07-01,800000,
205,EMP00205,M,56.0,5.0,HR,2025-07-01,350000,
206,EMP00206,Female,31.0,20.0,Intern,2023-01-15,800000,
207,EMP00207,M,60.0,19.0,Intern,2025-07-01,6 LPA,emp207@mail.com
208,EMP00208,,22.0,8.0,Engineer,2025-07-01,-10000,
209,EMP00209,F,52.0,12.0,Analyst,15/02/2024,,INVALID
210,EMP00210,male,,2.0,Analyst,2023-01-15,350000,
211,EMP00211,M,26.0,17.0,HR,,500000,
212,EMP00212,male,39.0,19.0,Engineer,15/02/2024,800000,
213,EMP00213,Female,28.0,1.0,Engineer,15/02/2024,,emp213@mail.com
214,EMP00214,Male,60.0,5.0,Intern,2025-07-01,,
215,EMP00215,Male,23.0,99.0,QA,2025-07-01,-10000,
216,EMP00216,male,53.0,16.0,Engineer,15/02/2024,350000,emp216@mail.com
217,EMP00217,Male,54.0,1.0,Manager,15/02/2024,500000,INVALID
218,EMP00218,Male,26.0,1.0,QA,,6 LPA,INVALID
219,EMP00219,Female,46.0,7.0,QA,,6 LPA,
220,EMP00220,male,31.0,17.0,HR,2023-01-15,800000,emp220@mail.com
221,EMP00221,,50.0,18.0,Analyst,,,
222,EMP00222,Male,,15.0,Engineer,15/02/2024,350000,
223,EMP00223,Female,,2.0,Analyst,2025-07-01,6 LPA,
224,EMP00224,,23.0,9.0,Intern,,6 LPA,
225,EMP00225,,53.0,9.0,HR,15/02/2024,350000,emp225@mail.com
226,EMP00226,Female,36.0,8.0,Intern,15/02/2024,500000,
227,EMP00227,Female,44.0,11.0,QA,15/02/2024,,
228,EMP00228,F,53.0,1.0,Analyst,,6 LPA,INVALID
229,EMP00229,male,39.0,7.0,Manager,,-10000,emp229@mail.com
230,EMP00230,male,30.0,5.0,Analyst,2023-01-15,350000,emp230@mail.com
231,EMP00231,male,30.0,12.0,Engineer,2023-01-15,350000,emp231@mail.com
232,EMP00232,Female,,99.0,Analyst,2023-01-15,6 LPA,emp232@mail.com
233,EMP00233,Male,57.0,12.0,Engineer,,6 LPA,emp233@mail.com
234,EMP00234,,44.0,4.0,Engineer,15/02/2024,500000,emp234@mail.com
235,EMP00235,Male,22.0,99.0,Analyst,2025-07-01,,emp235@mail.com
236,EMP00236,Female,26.0,99.0,Engineer,2025-07-01,800000,
237,EMP00237,F,36.0,1.0,HR,2025-07-01,800000,emp237@mail.com
238,EMP00238,,43.0,11.0,QA,,,
239,EMP00239,male,21.0,14.0,Analyst,,-10000,emp239@mail.com
240,EMP00240,M,50.0,2.0,QA,,500000,emp240@mail.com
241,EMP00241,male,38.0,6.0,Manager,2023-01-15,-10000,INVALID
242,EMP00242,M,23.0,1.0,HR,,350000,
243,EMP00243,,31.0,16.0,QA,2025-07-01,-10000,
244,EMP00244,male,30.0,10.0,Engineer,15/02/2024,,INVALID
245,EMP00245,Male,60.0,3.0,Manager,,350000,
246,EMP00246,M,26.0,13.0,Manager,2023-01-15,,emp246@mail.com
247,EMP00247,M,33.0,10.0,HR,,-10000,INVALID
248,EMP00248,F,60.0,8.0,Manager,15/02/2024,-10000,emp248@mail.com
249,EMP00249,M,57.0,11.0,QA,15/02/2024,,
250,EMP00250,Female,49.0,15.0,Intern,2025-07-01,-10000,INVALID
251,EMP00251,Female,41.0,15.0,Intern,15/02/2024,-10000,INVALID
252,EMP00252,M,39.0,20.0,Engineer,15/02/2024,500000,
253,EMP00253,male,53.0,12.0,Engineer,15/02/2024,800000,INVALID
254,EMP00254,M,26.0,6.0,Intern,2023-01-15,500000,
255,EMP00255,Female,29.0,10.0,Intern,2025-07-01,,
256,EMP00256,Female,26.0,99.0,Analyst,2025-07-01,500000,
257,EMP00257,F,22.0,1.0,Manager,,6 LPA,INVALID
258,EMP00258,male,60.0,10.0,Manager,2023-01-15,500000,
259,EMP00259,male,45.0,1.0,Intern,15/02/2024,,
260,EMP00260,Female,-2.0,99.0,Intern,,500000,INVALID
261,EMP00261,,27.0,15.0,Manager,2025-07-01,800000,emp261@mail.com
262,EMP00262,F,35.0,13.0,Intern,15/02/2024,800000,
263,EMP00263,F,49.0,1.0,QA,,-10000,INVALID
264,EMP00264,,40.0,1.0,Manager,,350000,emp264@mail.com
265,EMP00265,M,54.0,7.0,Engineer,15/02/2024,-10000,
266,EMP00266,Male,56.0,15.0,QA,15/02/2024,6 LPA,
267,EMP00267,male,21.0,99.0,HR,,800000,
268,EMP00268,,49.0,7.0,Intern,15/02/2024,,emp268@mail.com
269,EMP00269,,59.0,12.0,Intern,2023-01-15,800000,
270,EMP00270,F,45.0,2.0,Analyst,2023-01-15,,
271,EMP00271,,99.0,12.0,QA,2025-07-01,350000,INVALID
272,EMP00272,M,45.0,17.0,Engineer,,,INVALID
273,EMP00273,Female,28.0,3.0,Intern,15/02/2024,,INVALID
274,EMP00274,Female,42.0,,Intern,,,
275,EMP00275,male,,5.0,Manager,2025-07-01,500000,
276,EMP00276,,44.0,,HR,,6 LPA,INVALID
277,EMP00277,F,20.0,9.0,HR,15/02/2024,6 LPA,
278,EMP00278,M,50.0,16.0,Manager,,6 LPA,emp278@mail.com
279,EMP00279,,43.0,5.0,HR,,350000,emp279@mail.com
280,EMP00280,male,40.0,5.0,QA,2025-07-01,6 LPA,emp280@mail.com
281,EMP00281,,20.0,7.0,Analyst,2025-07-01,800000,emp281@mail.com
282,EMP00282,male,29.0,8.0,Engineer,,800000,INVALID
283,EMP00283,Female,45.0,18.0,Engineer,,6 LPA,emp283@mail.com
284,EMP00284,,55.0,99.0,HR,15/02/2024,,INVALID
285,EMP00285,male,25.0,15.0,Intern,2023-01-15,-10000,emp285@mail.com
286,EMP00286,M,46.0,8.0,Engineer,,,emp286@mail.com
287,EMP00287,F,49.0,5.0,Intern,,500000,
288,EMP00288,Female,54.0,20.0,Intern,2023-01-15,500000,
289,EMP00289,F,56.0,16.0,Intern,2025-07-01,,
290,EMP00290,F,46.0,,Analyst,15/02/2024,6 LPA,
291,EMP00291,,,1.0,Analyst,,350000,
292,EMP00292,Male,52.0,16.0,Manager,15/02/2024,350000,INVALID
293,EMP00293,,46.0,99.0,Engineer,2025-07-01,350000,
294,EMP00294,M,50.0,17.0,QA,15/02/2024,800000,
295,EMP00295,M,47.0,9.0,QA,2023-01-15,800000,
296,EMP00296,M,51.0,13.0,HR,,800000,
297,EMP00297,Female,,16.0,Analyst,2025-07-01,500000,
298,EMP00298,,39.0,5.0,QA,2023-01-15,350000,
299,EMP00299,,55.0,13.0,QA,,350000,
300,EMP00300,M,26.0,1.0,Analyst,15/02/2024,,emp300@mail.com
301,EMP00301,male,54.0,20.0,Manager,,500000,emp301@mail.com
302,EMP00302,Female,22.0,,Intern,,6 LPA,INVALID
303,EMP00303,Male,-2.0,6.0,Analyst,,350000,emp303@mail.com
304,EMP00304,M,28.0,10.0,QA,2025-07-01,800000,INVALID
305,EMP00305,F,22.0,11.0,Analyst,,-10000,emp305@mail.com
306,EMP00306,F,56.0,17.0,Analyst,2023-01-15,,
307,EMP00307,F,24.0,1.0,Intern,,-10000,INVALID
308,EMP00308,F,46.0,18.0,Analyst,2023-01-15,6 LPA,
309,EMP00309,Female,29.0,99.0,Analyst,,350000,emp309@mail.com
310,EMP00310,,-2.0,4.0,Analyst,15/02/2024,350000,INVALID
311,EMP00311,F,21.0,9.0,Intern,,500000,
312,EMP00312,,31.0,2.0,HR,15/02/2024,6 LPA,emp312@mail.com
313,EMP00313,M,60.0,18.0,Intern,,,
314,EMP00314,Male,22.0,1.0,Analyst,2023-01-15,6 LPA,emp314@mail.com
315,EMP00315,F,39.0,10.0,Intern,,500000,
316,EMP00316,male,23.0,11.0,HR,,6 LPA,
317,EMP00317,F,99.0,6.0,Engineer,2023-01-15,800000,INVALID
318,EMP00318,,46.0,16.0,Manager,,800000,
319,EMP00319,M,37.0,2.0,QA,,800000,emp319@mail.com
320,EMP00320,Female,58.0,10.0,QA,,500000,
321,EMP00321,F,99.0,13.0,QA,15/02/2024,,
322,EMP00322,,20.0,11.0,HR,2025-07-01,,INVALID
323,EMP00323,male,22.0,10.0,Engineer,,500000,
324,EMP00324,male,99.0,16.0,HR,,350000,
325,EMP00325,F,32.0,8.0,HR,,350000,
326,EMP00326,F,33.0,9.0,QA,2023-01-15,,
327,EMP00327,male,25.0,18.0,HR,2023-01-15,500000,
328,EMP00328,male,53.0,9.0,QA,2025-07-01,,INVALID
329,EMP00329,Female,33.0,7.0,Analyst,15/02/2024,6 LPA,
330,EMP00330,M,56.0,19.0,HR,,-10000,INVALID
331,EMP00331,Female,22.0,16.0,HR,2023-01-15,800000,
332,EMP00332,Male,29.0,11.0,QA,2023-01-15,800000,
333,EMP00333,male,58.0,1.0,Analyst,2023-01-15,500000,
334,EMP00334,male,56.0,7.0,HR,2025-07-01,,emp334@mail.com
335,EMP00335,F,57.0,20.0,Engineer,2025-07-01,350000,
336,EMP00336,Female,31.0,13.0,Analyst,2023-01-15,350000,emp336@mail.com
337,EMP00337,male,43.0,15.0,Manager,2023-01-15,-10000,
338,EMP00338,Male,25.0,9.0,HR,,500000,emp338@mail.com
339,EMP00339,,52.0,13.0,Engineer,,500000,
340,EMP00340,Female,34.0,6.0,Analyst,2025-07-01,800000,emp340@mail.com
341,EMP00341,male,21.0,2.0,HR,,6 LPA,
342,EMP00342,Male,26.0,5.0,HR,2023-01-15,500000,
343,EMP00343,male,57.0,15.0,Intern,2023-01-15,,
344,EMP00344,M,36.0,13.0,Analyst,2025-07-01,,
345,EMP00345,Female,48.0,8.0,Engineer,2023-01-15,,INVALID
346,EMP00346,Male,30.0,8.0,Analyst,,800000,INVALID
347,EMP00347,F,26.0,13.0,Analyst,2023-01-15,,
348,EMP00348,M,34.0,16.0,Analyst,2025-07-01,500000,
349,EMP00349,Female,23.0,6.0,Intern,,-10000,INVALID
350,EMP00350,F,29.0,9.0,Manager,,500000,INVALID
351,EMP00351,Male,37.0,19.0,HR,2025-07-01,500000,
352,EMP00352,F,26.0,11.0,Manager,,350000,INVALID
353,EMP00353,male,23.0,99.0,Intern,15/02/2024,-10000,
354,EMP00354,M,27.0,9.0,Engineer,2025-07-01,,
355,EMP00355,Female,35.0,4.0,Manager,2025-07-01,,INVALID
356,EMP00356,Male,38.0,5.0,Intern,2023-01-15,,
357,EMP00357,male,28.0,15.0,Analyst,,800000,INVALID
358,EMP00358,M,47.0,2.0,Manager,15/02/2024,800000,INVALID
359,EMP00359,Female,31.0,17.0,Engineer,15/02/2024,500000,emp359@mail.com
360,EMP00360,Male,58.0,16.0,HR,15/02/2024,500000,INVALID
361,EMP00361,male,-2.0,99.0,Engineer,,800000,INVALID
362,EMP00362,Male,24.0,17.0,Manager,2023-01-15,-10000,
363,EMP00363,M,38.0,99.0,Manager,2023-01-15,350000,
364,EMP00364,F,28.0,,HR,15/02/2024,500000,
365,EMP00365,Male,30.0,12.0,QA,,350000,
366,EMP00366,male,48.0,17.0,Analyst,2023-01-15,800000,INVALID
367,EMP00367,M,44.0,19.0,Analyst,2025-07-01,350000,
368,EMP00368,F,52.0,1.0,QA,,500000,emp368@mail.com
369,EMP00369,Female,25.0,8.0,QA,15/02/2024,500000,emp369@mail.com
370,EMP00370,M,36.0,18.0,Analyst,2023-01-15,350000,INVALID
371,EMP00371,M,21.0,20.0,Intern,,,INVALID
372,EMP00372,,48.0,4.0,HR,2023-01-15,6 LPA,INVALID
373,EMP00373,Male,37.0,4.0,Manager,,-10000,
374,EMP00374,Male,27.0,4.0,Manager,15/02/2024,-10000,INVALID
375,EMP00375,Female,29.0,,QA,,6 LPA,
376,EMP00376,Female,21.0,99.0,Manager,,-10000,emp376@mail.com
377,EMP00377,F,23.0,12.0,HR,,500000,
378,EMP00378,,47.0,19.0,HR,,-10000,emp378@mail.com
379,EMP00379,M,53.0,5.0,Intern,2025-07-01,500000,
380,EMP00380,,60.0,1.0,HR,2023-01-15,-10000,INVALID
381,EMP00381,Male,40.0,14.0,Engineer,,6 LPA,emp381@mail.com
382,EMP00382,Female,28.0,14.0,Manager,,6 LPA,emp382@mail.com
383,EMP00383,Male,22.0,99.0,QA,2025-07-01,6 LPA,
384,EMP00384,,54.0,2.0,QA,2023-01-15,800000,emp384@mail.com
385,EMP00385,male,20.0,14.0,Engineer,2023-01-15,800000,emp385@mail.com
386,EMP00386,M,42.0,99.0,Engineer,2023-01-15,350000,
387,EMP00387,Male,49.0,19.0,QA,15/02/2024,,emp387@mail.com
388,EMP00388,male,28.0,10.0,Manager,,800000,
389,EMP00389,Female,25.0,18.0,HR,,-10000,INVALID
390,EMP00390,,44.0,7.0,QA,2025-07-01,,
391,EMP00391,male,50.0,16.0,HR,2023-01-15,500000,
392,EMP00392,Female,32.0,17.0,QA,,-10000,
393,EMP00393,Male,42.0,6.0,Engineer,2025-07-01,-10000,
394,EMP00394,F,37.0,10.0,Engineer,2025-07-01,350000,emp394@mail.com
395,EMP00395,Female,55.0,3.0,QA,2025-07-01,,emp395@mail.com
396,EMP00396,male,44.0,15.0,HR,2023-01-15,-10000,INVALID
397,EMP00397,,29.0,14.0,HR,2025-07-01,500000,INVALID
398,EMP00398,male,59.0,9.0,QA,2023-01-15,6 LPA,
399,EMP00399,M,60.0,99.0,Intern,15/02/2024,,emp399@mail.com
400,EMP00400,Male,46.0,18.0,QA,2023-01-15,,
401,EMP00401,male,29.0,14.0,HR,,-10000,emp401@mail.com
402,EMP00402,F,48.0,15.0,HR,2025-07-01,800000,
403,EMP00403,F,53.0,18.0,QA,,6 LPA,
404,EMP00404,Male,51.0,13.0,Manager,2025-07-01,500000,
405,EMP00405,Female,47.0,19.0,Manager,,500000,emp405@mail.com
406,EMP00406,M,40.0,20.0,Engineer,2025-07-01,500000,
407,EMP00407,Male,21.0,2.0,HR,,,
408,EMP00408,male,39.0,18.0,QA,,-10000,
409,EMP00409,F,49.0,12.0,Analyst,,6 LPA,
410,EMP00410,F,20.0,,Analyst,,500000,emp410@mail.com
411,EMP00411,F,43.0,17.0,Manager,,-10000,INVALID
412,EMP00412,Female,46.0,16.0,Manager,,-10000,
413,EMP00413,,53.0,3.0,Engineer,2025-07-01,800000,
414,EMP00414,Male,39.0,17.0,Engineer,2023-01-15,6 LPA,
415,EMP00415,,41.0,17.0,Manager,15/02/2024,-10000,
416,EMP00416,male,33.0,17.0,Engineer,,500000,emp416@mail.com
417,EMP00417,,56.0,20.0,Analyst,2025-07-01,-10000,emp417@mail.com
418,EMP00418,,46.0,1.0,Analyst,2025-07-01,6 LPA,emp418@mail.com
419,EMP00419,M,45.0,4.0,QA,2023-01-15,6 LPA,emp419@mail.com
420,EMP00420,Female,31.0,16.0,QA,,800000,INVALID
421,EMP00421,male,32.0,14.0,QA,2023-01-15,500000,INVALID
422,EMP00422,male,52.0,4.0,Analyst,2023-01-15,350000,INVALID
423,EMP00423,male,51.0,15.0,QA,,350000,emp423@mail.com
424,EMP00424,,57.0,11.0,Engineer,15/02/2024,800000,
425,EMP00425,Female,22.0,9.0,Intern,2023-01-15,-10000,emp425@mail.com
426,EMP00426,M,32.0,15.0,QA,,350000,emp426@mail.com
427,EMP00427,Female,45.0,19.0,Analyst,,350000,INVALID
428,EMP00428,Female,34.0,2.0,Engineer,,500000,
429,EMP00429,Male,49.0,10.0,Manager,,800000,
430,EMP00430,Male,35.0,,Manager,,500000,
431,EMP00431,M,45.0,16.0,Analyst,15/02/2024,350000,INVALID
432,EMP00432,Female,42.0,13.0,Engineer,2023-01-15,800000,
433,EMP00433,male,43.0,4.0,HR,,,
434,EMP00434,F,,3.0,Analyst,,800000,INVALID
435,EMP00435,F,32.0,15.0,HR,2025-07-01,500000,
436,EMP00436,Male,37.0,,Analyst,2025-07-01,500000,INVALID
437,EMP00437,,28.0,3.0,Engineer,2025-07-01,-10000,INVALID
438,EMP00438,male,48.0,15.0,Engineer,15/02/2024,800000,
439,EMP00439,Female,45.0,13.0,Intern,,500000,
440,EMP00440,F,52.0,7.0,Engineer,,6 LPA,INVALID
441,EMP00441,,36.0,20.0,Manager,,800000,INVALID
442,EMP00442,F,58.0,17.0,Engineer,15/02/2024,350000,emp442@mail.com
443,EMP00443,male,37.0,13.0,Analyst,,500000,
444,EMP00444,Male,44.0,3.0,Intern,15/02/2024,500000,
445,EMP00445,Female,-2.0,4.0,Analyst,,800000,
446,EMP00446,Female,24.0,10.0,Analyst,15/02/2024,800000,INVALID
447,EMP00447,,45.0,10.0,HR,,,INVALID
448,EMP00448,M,31.0,1.0,HR,2025-07-01,,emp448@mail.com
449,EMP00449,,49.0,8.0,Manager,2025-07-01,6 LPA,emp449@mail.com
450,EMP00450,Female,38.0,4.0,HR,,6 LPA,INVALID
451,EMP00451,,99.0,2.0,Manager,2023-01-15,-10000,INVALID
452,EMP00452,F,32.0,10.0,Engineer,,6 LPA,emp452@mail.com
453,EMP00453,male,39.0,99.0,Intern,15/02/2024,-10000,INVALID
454,EMP00454,male,51.0,17.0,HR,,6 LPA,
455,EMP00455,Male,27.0,99.0,HR,2023-01-15,-10000,emp455@mail.com
456,EMP00456,Female,99.0,4.0,Analyst,2025-07-01,500000,
457,EMP00457,,25.0,14.0,Intern,,6 LPA,INVALID
458,EMP00458,M,53.0,3.0,HR,,,
459,EMP00459,,52.0,99.0,Intern,,-10000,emp459@mail.com
460,EMP00460,,33.0,14.0,Intern,,500000,
461,EMP00461,Female,22.0,18.0,HR,15/02/2024,-10000,INVALID
462,EMP00462,,35.0,18.0,HR,15/02/2024,350000,INVALID
463,EMP00463,M,42.0,14.0,Analyst,15/02/2024,6 LPA,
464,EMP00464,Female,28.0,,Intern,,6 LPA,
465,EMP00465,Female,35.0,1.0,QA,,500000,
466,EMP00466,,39.0,5.0,Intern,15/02/2024,-10000,INVALID
467,EMP00467,M,60.0,4.0,QA,,500000,INVALID
468,EMP00468,male,49.0,13.0,Engineer,2023-01-15,6 LPA,
469,EMP00469,Male,43.0,16.0,Engineer,2023-01-15,350000,
470,EMP00470,M,32.0,4.0,Intern,2025-07-01,,emp470@mail.com
471,EMP00471,Female,40.0,15.0,Manager,,800000,
472,EMP00472,Female,55.0,3.0,Analyst,2023-01-15,,
473,EMP00473,Male,41.0,19.0,HR,2023-01-15,6 LPA,
474,EMP00474,F,51.0,7.0,QA,2025-07-01,350000,
475,EMP00475,Male,,10.0,Intern,,6 LPA,
476,EMP00476,,35.0,3.0,Engineer,2023-01-15,350000,
477,EMP00477,Female,38.0,12.0,Engineer,,6 LPA,INVALID
478,EMP00478,Male,39.0,20.0,HR,,500000,
479,EMP00479,M,34.0,12.0,Engineer,,800000,
480,EMP00480,Female,23.0,2.0,Analyst,,6 LPA,
481,EMP00481,Male,33.0,16.0,Manager,,6 LPA,INVALID
482,EMP00482,M,58.0,19.0,Intern,2023-01-15,500000,INVALID
483,EMP00483,Female,28.0,15.0,Intern,,350000,emp483@mail.com
484,EMP00484,F,50.0,7.0,Engineer,2025-07-01,350000,emp484@mail.com
485,EMP00485,male,52.0,14.0,Engineer,2025-07-01,350000,emp485@mail.com
486,EMP00486,male,46.0,11.0,Analyst,,350000,INVALID
487,EMP00487,,30.0,13.0,HR,2023-01-15,,
488,EMP00488,male,32.0,16.0,Analyst,,800000,
489,EMP00489,F,54.0,99.0,Engineer,,-10000,emp489@mail.com
490,EMP00490,Male,99.0,11.0,QA,2025-07-01,-10000,
491,EMP00491,M,50.0,,Intern,15/02/2024,800000,
492,EMP00492,male,60.0,1.0,Engineer,15/02/2024,6 LPA,
493,EMP00493,,25.0,5.0,Intern,,800000,
494,EMP00494,M,53.0,8.0,QA,,,
495,EMP00495,Male,34.0,6.0,Engineer,,6 LPA,emp495@mail.com
496,EMP00496,Female,36.0,99.0,Analyst,15/02/2024,-10000,
497,EMP00497,,51.0,8.0,QA,,500000,emp497@mail.com
498,EMP00498,,52.0,19.0,QA,2023-01-15,,emp498@mail.com
499,EMP00499,F,28.0,17.0,QA,,6 LPA,emp499@mail.com
500,EMP00500,,52.0,4.0,Manager,,-10000,INVALID
501,EMP00501,Female,56.0,16.0,Analyst,15/02/2024,800000,emp501@mail.com
502,EMP00502,F,35.0,2.0,HR,2023-01-15,350000,INVALID
503,EMP00503,F,39.0,4.0,Intern,15/02/2024,,emp503@mail.com
504,EMP00504,male,32.0,19.0,Analyst,2025-07-01,500000,
505,EMP00505,,41.0,,Analyst,2025-07-01,350000,INVALID
506,EMP00506,M,52.0,17.0,HR,,350000,
507,EMP00507,Male,42.0,18.0,HR,,350000,emp507@mail.com
508,EMP00508,,35.0,9.0,HR,15/02/2024,6 LPA,
509,EMP00509,Male,57.0,15.0,Analyst,2023-01-15,,emp509@mail.com
510,EMP00510,Male,36.0,6.0,Engineer,,800000,
511,EMP00511,Female,57.0,9.0,QA,2025-07-01,,emp511@mail.com
512,EMP00512,Male,41.0,5.0,Manager,,,emp512@mail.com
513,EMP00513,Male,24.0,6.0,QA,,,
514,EMP00514,Female,48.0,13.0,Engineer,,-10000,emp514@mail.com
515,EMP00515,M,41.0,17.0,Engineer,2025-07-01,500000,emp515@mail.com
516,EMP00516,Female,30.0,12.0,Intern,,800000,
517,EMP00517,F,42.0,11.0,Analyst,2025-07-01,-10000,
518,EMP00518,M,34.0,1.0,Engineer,,-10000,emp518@mail.com
519,EMP00519,,29.0,,Engineer,2025-07-01,,
520,EMP00520,Male,52.0,9.0,HR,,-10000,INVALID
521,EMP00521,,22.0,18.0,Analyst,15/02/2024,,emp521@mail.com
522,EMP00522,M,38.0,8.0,Engineer,2023-01-15,800000,
523,EMP00523,,43.0,17.0,Intern,15/02/2024,800000,
524,EMP00524,M,23.0,11.0,Intern,2025-07-01,,
525,EMP00525,Female,35.0,12.0,Engineer,15/02/2024,500000,emp525@mail.com
526,EMP00526,,49.0,13.0,Manager,,-10000,
527,EMP00527,Female,57.0,3.0,Engineer,2025-07-01,6 LPA,
528,EMP00528,M,56.0,18.0,Intern,2025-07-01,350000,INVALID
529,EMP00529,male,25.0,19.0,Engineer,2025-07-01,-10000,
530,EMP00530,F,42.0,14.0,Intern,2023-01-15,,
531,EMP00531,Female,37.0,9.0,QA,2023-01-15,500000,
532,EMP00532,Female,21.0,7.0,Analyst,,,INVALID
533,EMP00533,male,38.0,17.0,Intern,2023-01-15,500000,INVALID
534,EMP00534,,23.0,5.0,QA,2023-01-15,350000,emp534@mail.com
535,EMP00535,male,41.0,5.0,Analyst,15/02/2024,800000,emp535@mail.com
536,EMP00536,,40.0,1.0,Engineer,2025-07-01,800000,emp536@mail.com
537,EMP00537,,51.0,13.0,QA,2025-07-01,500000,emp537@mail.com
538,EMP00538,F,22.0,3.0,Intern,,800000,
539,EMP00539,male,45.0,9.0,Manager,2023-01-15,350000,
540,EMP00540,male,,11.0,Analyst,,-10000,
541,EMP00541,Female,25.0,1.0,Engineer,15/02/2024,500000,emp541@mail.com
542,EMP00542,M,43.0,14.0,HR,,6 LPA,INVALID
543,EMP00543,,58.0,19.0,HR,15/02/2024,6 LPA,
544,EMP00544,,50.0,2.0,Intern,2025-07-01,6 LPA,
545,EMP00545,male,37.0,12.0,QA,,800000,INVALID
546,EMP00546,M,20.0,18.0,Manager,2023-01-15,6 LPA,
547,EMP00547,Female,60.0,8.0,Manager,2023-01-15,350000,INVALID
548,EMP00548,Male,23.0,18.0,QA,15/02/2024,-10000,INVALID
549,EMP00549,M,58.0,12.0,Intern,15/02/2024,500000,INVALID
550,EMP00550,male,21.0,12.0,Intern,15/02/2024,,
551,EMP00551,Female,60.0,12.0,Manager,,500000,
552,EMP00552,Male,26.0,,Intern,2023-01-15,350000,
553,EMP00553,,42.0,2.0,Engineer,,,
554,EMP00554,F,-2.0,99.0,Engineer,2023-01-15,800000,emp554@mail.com
555,EMP00555,M,47.0,8.0,Engineer,2025-07-01,500000,
556,EMP00556,F,,9.0,HR,,500000,INVALID
557,EMP00557,F,37.0,5.0,HR,2025-07-01,350000,
558,EMP00558,Male,51.0,8.0,Engineer,2025-07-01,6 LPA,
559,EMP00559,Female,57.0,2.0,Engineer,2025-07-01,350000,
560,EMP00560,Female,47.0,5.0,HR,2023-01-15,350000,INVALID
561,EMP00561,Male,28.0,10.0,Engineer,,6 LPA,
562,EMP00562,Male,30.0,15.0,Intern,,350000,
563,EMP00563,M,,,Intern,,800000,emp563@mail.com
564,EMP00564,male,35.0,7.0,Intern,2023-01-15,350000,INVALID
565,EMP00565,male,58.0,8.0,QA,,6 LPA,emp565@mail.com
566,EMP00566,,21.0,2.0,HR,2023-01-15,350000,emp566@mail.com
567,EMP00567,F,28.0,17.0,Manager,2023-01-15,500000,INVALID
568,EMP00568,,54.0,5.0,Intern,,-10000,emp568@mail.com
569,EMP00569,male,42.0,16.0,Analyst,2025-07-01,500000,INVALID
570,EMP00570,,24.0,9.0,Intern,15/02/2024,350000,
571,EMP00571,M,24.0,2.0,Engineer,,350000,
572,EMP00572,male,43.0,9.0,Analyst,2025-07-01,6 LPA,emp572@mail.com
573,EMP00573,,49.0,18.0,HR,,800000,
574,EMP00574,,37.0,13.0,Manager,2025-07-01,-10000,
575,EMP00575,F,29.0,13.0,Manager,,500000,emp575@mail.com
576,EMP00576,Female,58.0,17.0,HR,,6 LPA,
577,EMP00577,Female,32.0,,Analyst,2023-01-15,-10000,emp577@mail.com
578,EMP00578,,23.0,13.0,Intern,,800000,
579,EMP00579,male,-2.0,11.0,Manager,,350000,
580,EMP00580,,,16.0,QA,2025-07-01,-10000,
581,EMP00581,Female,60.0,13.0,HR,2023-01-15,,
582,EMP00582,male,-2.0,,HR,2023-01-15,6 LPA,INVALID
583,EMP00583,male,36.0,9.0,Manager,2025-07-01,-10000,
584,EMP00584,male,34.0,5.0,Analyst,,800000,INVALID
585,EMP00585,male,30.0,12.0,Engineer,15/02/2024,500000,
586,EMP00586,Female,60.0,99.0,Analyst,2025-07-01,,
587,EMP00587,F,27.0,14.0,Engineer,2025-07-01,,emp587@mail.com
588,EMP00588,M,42.0,,QA,,800000,
589,EMP00589,,25.0,9.0,Manager,2025-07-01,,emp589@mail.com
590,EMP00590,F,60.0,16.0,Intern,15/02/2024,-10000,INVALID
591,EMP00591,Male,99.0,5.0,HR,,-10000,INVALID
592,EMP00592,male,43.0,17.0,HR,,800000,emp592@mail.com
593,EMP00593,male,32.0,1.0,QA,2025-07-01,350000,INVALID
594,EMP00594,M,54.0,9.0,HR,2025-07-01,500000,
595,EMP00595,F,25.0,17.0,Intern,,350000,INVALID
596,EMP00596,Female,47.0,10.0,QA,2025-07-01,350000,
597,EMP00597,F,43.0,2.0,Intern,2025-07-01,,
598,EMP00598,,58.0,9.0,HR,15/02/2024,,INVALID
599,EMP00599,male,32.0,19.0,HR,2023-01-15,6 LPA,INVALID
600,EMP00600,M,24.0,3.0,Manager,,,
601,EMP00601,F,,1.0,Analyst,,-10000,
602,EMP00602,F,47.0,14.0,Manager,15/02/2024,350000,
603,EMP00603,F,51.0,5.0,QA,2023-01-15,6 LPA,INVALID
604,EMP00604,,32.0,13.0,QA,2023-01-15,6 LPA,
605,EMP00605,male,41.0,13.0,Manager,2023-01-15,350000,INVALID
606,EMP00606,Male,56.0,1.0,Analyst,,350000,INVALID
607,EMP00607,male,49.0,2.0,Intern,15/02/2024,6 LPA,
608,EMP00608,F,23.0,18.0,Intern,,-10000,INVALID
609,EMP00609,F,23.0,99.0,Engineer,2025-07-01,800000,INVALID
610,EMP00610,male,20.0,6.0,QA,2025-07-01,-10000,
611,EMP00611,Male,40.0,13.0,HR,2025-07-01,-10000,
612,EMP00612,male,46.0,,Analyst,2025-07-01,800000,INVALID
613,EMP00613,F,47.0,18.0,HR,2025-07-01,500000,INVALID
614,EMP00614,Male,33.0,18.0,Intern,2025-07-01,,
615,EMP00615,,57.0,5.0,HR,2025-07-01,500000,
616,EMP00616,,55.0,,Analyst,2025-07-01,350000,emp616@mail.com
617,EMP00617,F,56.0,11.0,Analyst,2025-07-01,500000,
618,EMP00618,M,32.0,7.0,QA,,,
619,EMP00619,,48.0,7.0,Engineer,2023-01-15,500000,
620,EMP00620,,27.0,2.0,Engineer,2023-01-15,-10000,
621,EMP00621,Female,20.0,18.0,Intern,15/02/2024,,INVALID
622,EMP00622,,99.0,10.0,Engineer,,500000,INVALID
623,EMP00623,,33.0,17.0,Analyst,,350000,INVALID
624,EMP00624,Male,23.0,14.0,Engineer,2025-07-01,6 LPA,
625,EMP00625,,47.0,5.0,Analyst,15/02/2024,350000,INVALID
626,EMP00626,F,38.0,8.0,QA,2025-07-01,6 LPA,INVALID
627,EMP00627,M,36.0,11.0,QA,15/02/2024,500000,INVALID
628,EMP00628,F,22.0,11.0,Manager,15/02/2024,6 LPA,
629,EMP00629,Female,,18.0,Intern,2023-01-15,500000,
630,EMP00630,Female,31.0,14.0,HR,,350000,emp630@mail.com
631,EMP00631,M,27.0,,Engineer,,-10000,emp631@mail.com
632,EMP00632,M,51.0,12.0,Analyst,,350000,INVALID
633,EMP00633,F,37.0,10.0,QA,,-10000,emp633@mail.com
634,EMP00634,Female,28.0,16.0,HR,15/02/2024,-10000,
635,EMP00635,Male,57.0,20.0,Analyst,2023-01-15,800000,INVALID
636,EMP00636,Female,-2.0,10.0,Analyst,15/02/2024,800000,
637,EMP00637,F,50.0,8.0,HR,2025-07-01,500000,emp637@mail.com
638,EMP00638,M,24.0,18.0,Manager,2023-01-15,6 LPA,emp638@mail.com
639,EMP00639,Female,58.0,13.0,Manager,2023-01-15,350000,emp639@mail.com
640,EMP00640,male,57.0,4.0,Manager,15/02/2024,,
641,EMP00641,Male,43.0,,Intern,15/02/2024,800000,INVALID
642,EMP00642,,25.0,11.0,Analyst,,800000,INVALID
643,EMP00643,M,26.0,4.0,Engineer,2023-01-15,500000,
644,EMP00644,M,54.0,18.0,Analyst,2025-07-01,,INVALID
645,EMP00645,Female,56.0,18.0,Analyst,,800000,
646,EMP00646,Female,38.0,13.0,QA,15/02/2024,500000,INVALID
647,EMP00647,,54.0,17.0,Engineer,2023-01-15,350000,emp647@mail.com
648,EMP00648,Male,51.0,19.0,Engineer,15/02/2024,350000,INVALID
649,EMP00649,Female,36.0,1.0,Manager,,-10000,emp649@mail.com
650,EMP00650,M,56.0,4.0,Analyst,,500000,INVALID
651,EMP00651,Female,58.0,17.0,Intern,2023-01-15,500000,emp651@mail.com
652,EMP00652,male,41.0,4.0,Analyst,15/02/2024,-10000,INVALID
653,EMP00653,M,41.0,3.0,Manager,,500000,emp653@mail.com
654,EMP00654,M,46.0,14.0,Analyst,2023-01-15,500000,INVALID
655,EMP00655,,52.0,,Engineer,15/02/2024,800000,INVALID
656,EMP00656,Female,32.0,8.0,Intern,2025-07-01,6 LPA,emp656@mail.com
657,EMP00657,Male,50.0,2.0,Manager,,800000,emp657@mail.com
658,EMP00658,male,60.0,3.0,Engineer,2023-01-15,800000,
659,EMP00659,Male,,12.0,QA,15/02/2024,,
660,EMP00660,Female,36.0,10.0,Analyst,,6 LPA,INVALID
661,EMP00661,F,44.0,99.0,QA,2025-07-01,6 LPA,emp661@mail.com
662,EMP00662,Male,36.0,8.0,Engineer,15/02/2024,-10000,
663,EMP00663,male,35.0,16.0,QA,2023-01-15,,
664,EMP00664,,99.0,11.0,Manager,,350000,INVALID
665,EMP00665,,99.0,11.0,Intern,,,
666,EMP00666,Male,39.0,16.0,QA,2023-01-15,350000,
667,EMP00667,F,46.0,20.0,HR,,500000,
668,EMP00668,male,33.0,3.0,HR,,,emp668@mail.com
669,EMP00669,M,41.0,3.0,HR,15/02/2024,6 LPA,
670,EMP00670,F,-2.0,18.0,Engineer,2023-01-15,500000,emp670@mail.com
671,EMP00671,F,31.0,13.0,HR,2025-07-01,500000,
672,EMP00672,Female,34.0,12.0,QA,,800000,
673,EMP00673,M,52.0,20.0,Engineer,15/02/2024,,emp673@mail.com
674,EMP00674,Male,31.0,4.0,Engineer,,-10000,
675,EMP00675,,42.0,,Analyst,,6 LPA,
676,EMP00676,Female,36.0,,Manager,2023-01-15,-10000,
677,EMP00677,F,37.0,10.0,HR,2025-07-01,6 LPA,
678,EMP00678,male,99.0,2.0,Intern,,,
679,EMP00679,,21.0,2.0,Intern,2023-01-15,-10000,
680,EMP00680,F,39.0,17.0,Engineer,,6 LPA,
681,EMP00681,Male,40.0,16.0,Engineer,2023-01-15,800000,INVALID
682,EMP00682,Female,57.0,19.0,QA,2023-01-15,,INVALID
683,EMP00683,,57.0,99.0,HR,15/02/2024,800000,emp683@mail.com
684,EMP00684,F,55.0,14.0,Intern,2023-01-15,6 LPA,
685,EMP00685,F,43.0,9.0,HR,15/02/2024,-10000,
686,EMP00686,Male,54.0,12.0,Engineer,15/02/2024,-10000,emp686@mail.com
687,EMP00687,Female,39.0,17.0,Engineer,2025-07-01,350000,
688,EMP00688,F,43.0,6.0,HR,2025-07-01,,INVALID
689,EMP00689,male,40.0,15.0,Manager,2023-01-15,6 LPA,
690,EMP00690,M,45.0,11.0,Manager,,800000,emp690@mail.com
691,EMP00691,Female,59.0,15.0,QA,,6 LPA,INVALID
692,EMP00692,M,22.0,5.0,HR,,,
693,EMP00693,Male,37.0,13.0,HR,,-10000,
694,EMP00694,,27.0,9.0,Manager,2023-01-15,350000,
695,EMP00695,M,58.0,12.0,HR,15/02/2024,350000,emp695@mail.com
696,EMP00696,male,99.0,14.0,Intern,2023-01-15,800000,INVALID
697,EMP00697,,31.0,99.0,Intern,2023-01-15,,
698,EMP00698,,41.0,13.0,Manager,,800000,
699,EMP00699,Female,29.0,18.0,Intern,,,
700,EMP00700,Female,33.0,11.0,Intern,2023-01-15,,emp700@mail.com
701,EMP00701,male,20.0,19.0,Intern,15/02/2024,-10000,
702,EMP00702,F,33.0,19.0,Intern,2025-07-01,6 LPA,INVALID
703,EMP00703,Female,34.0,,Engineer,,350000,
704,EMP00704,Male,,13.0,HR,15/02/2024,6 LPA,
705,EMP00705,male,37.0,3.0,QA,,-10000,
706,EMP00706,male,33.0,8.0,HR,2023-01-15,800000,emp706@mail.com
707,EMP00707,M,21.0,17.0,Analyst,2023-01-15,800000,INVALID
708,EMP00708,Male,49.0,99.0,Engineer,,800000,emp708@mail.com
709,EMP00709,F,57.0,18.0,QA,2023-01-15,350000,
710,EMP00710,Male,50.0,8.0,HR,2025-07-01,800000,INVALID
711,EMP00711,Female,55.0,7.0,HR,,-10000,emp711@mail.com
712,EMP00712,Female,31.0,1.0,QA,2025-07-01,,
713,EMP00713,Male,60.0,9.0,Intern,2023-01-15,-10000,emp713@mail.com
714,EMP00714,F,44.0,17.0,QA,,500000,emp714@mail.com
715,EMP00715,M,54.0,11.0,Intern,2025-07-01,350000,
716,EMP00716,male,28.0,14.0,Manager,,,INVALID
717,EMP00717,M,59.0,7.0,Analyst,,500000,
718,EMP00718,Female,24.0,17.0,Analyst,,500000,INVALID
719,EMP00719,M,32.0,18.0,Intern,2025-07-01,6 LPA,emp719@mail.com
720,EMP00720,,59.0,1.0,Analyst,2025-07-01,500000,
721,EMP00721,Male,,99.0,QA,2025-07-01,-10000,
722,EMP00722,,30.0,19.0,Intern,2025-07-01,800000,
723,EMP00723,Male,22.0,6.0,Intern,2025-07-01,,emp723@mail.com
724,EMP00724,,49.0,4.0,HR,2023-01-15,500000,
725,EMP00725,F,51.0,3.0,HR,2025-07-01,,INVALID
726,EMP00726,Male,53.0,19.0,HR,,,INVALID
727,EMP00727,M,36.0,,Analyst,15/02/2024,6 LPA,
728,EMP00728,male,47.0,13.0,Engineer,,500000,INVALID
729,EMP00729,Male,27.0,7.0,Intern,,-10000,
730,EMP00730,Male,20.0,3.0,Manager,2023-01-15,500000,emp730@mail.com
731,EMP00731,M,41.0,20.0,QA,,,INVALID
732,EMP00732,Male,35.0,7.0,HR,,350000,emp732@mail.com
733,EMP00733,male,28.0,7.0,Manager,,-10000,
734,EMP00734,Male,56.0,2.0,Manager,15/02/2024,,INVALID
735,EMP00735,,,16.0,Intern,,-10000,INVALID
736,EMP00736,Male,51.0,20.0,Manager,2023-01-15,6 LPA,INVALID
737,EMP00737,Female,20.0,13.0,QA,15/02/2024,6 LPA,emp737@mail.com
738,EMP00738,Female,26.0,7.0,Analyst,2023-01-15,,emp738@mail.com
739,EMP00739,F,35.0,8.0,Intern,2023-01-15,-10000,
740,EMP00740,M,22.0,5.0,Manager,2023-01-15,,emp740@mail.com
741,EMP00741,,26.0,6.0,Engineer,,500000,
742,EMP00742,Male,52.0,13.0,Analyst,2023-01-15,350000,emp742@mail.com
743,EMP00743,male,55.0,20.0,QA,,-10000,emp743@mail.com
744,EMP00744,,23.0,,QA,,800000,
745,EMP00745,F,-2.0,1.0,QA,15/02/2024,350000,INVALID
746,EMP00746,male,49.0,7.0,Analyst,15/02/2024,6 LPA,
747,EMP00747,Male,59.0,3.0,QA,,800000,emp747@mail.com
748,EMP00748,Male,35.0,4.0,Analyst,2025-07-01,800000,
749,EMP00749,M,38.0,5.0,Manager,,-10000,
750,EMP00750,Female,20.0,3.0,Analyst,2023-01-15,350000,INVALID
751,EMP00751,male,44.0,15.0,Manager,,-10000,INVALID
752,EMP00752,,25.0,1.0,Analyst,2023-01-15,6 LPA,INVALID
753,EMP00753,F,23.0,6.0,QA,2025-07-01,,
754,EMP00754,,28.0,9.0,HR,2025-07-01,350000,
755,EMP00755,F,26.0,6.0,Manager,15/02/2024,6 LPA,
756,EMP00756,male,40.0,9.0,Engineer,2023-01-15,,emp756@mail.com
757,EMP00757,M,34.0,18.0,HR,2025-07-01,350000,INVALID
758,EMP00758,M,25.0,18.0,Engineer,2023-01-15,350000,
759,EMP00759,F,60.0,11.0,HR,2023-01-15,-10000,emp759@mail.com
760,EMP00760,F,30.0,7.0,QA,2023-01-15,6 LPA,INVALID
761,EMP00761,F,53.0,99.0,Analyst,15/02/2024,500000,
762,EMP00762,Male,36.0,14.0,Intern,2023-01-15,500000,
763,EMP00763,male,99.0,6.0,Intern,2025-07-01,,INVALID
764,EMP00764,M,36.0,1.0,Analyst,15/02/2024,6 LPA,
765,EMP00765,male,,99.0,Intern,,500000,emp765@mail.com
766,EMP00766,male,24.0,13.0,HR,2023-01-15,350000,emp766@mail.com
767,EMP00767,male,20.0,3.0,HR,2023-01-15,500000,emp767@mail.com
768,EMP00768,,51.0,99.0,QA,2025-07-01,,INVALID
769,EMP00769,Male,36.0,10.0,Manager,,6 LPA,INVALID
770,EMP00770,F,26.0,15.0,HR,2025-07-01,500000,emp770@mail.com
771,EMP00771,F,34.0,4.0,Engineer,2025-07-01,6 LPA,
772,EMP00772,M,59.0,1.0,Engineer,2023-01-15,350000,INVALID
773,EMP00773,,-2.0,19.0,HR,2025-07-01,500000,emp773@mail.com
774,EMP00774,Female,50.0,4.0,Analyst,,800000,emp774@mail.com
775,EMP00775,male,57.0,8.0,Analyst,2023-01-15,800000,emp775@mail.com
776,EMP00776,M,28.0,12.0,HR,,6 LPA,INVALID
777,EMP00777,Female,43.0,9.0,HR,2025-07-01,500000,emp777@mail.com
778,EMP00778,Female,30.0,10.0,Manager,2023-01-15,500000,INVALID
779,EMP00779,Female,44.0,12.0,Engineer,,800000,emp779@mail.com
780,EMP00780,Male,26.0,,Manager,2025-07-01,500000,
781,EMP00781,Male,50.0,15.0,Manager,2023-01-15,350000,
782,EMP00782,male,51.0,3.0,Manager,2023-01-15,,
783,EMP00783,Female,34.0,14.0,Manager,2023-01-15,350000,INVALID
784,EMP00784,Male,37.0,12.0,Manager,,500000,
785,EMP00785,male,23.0,3.0,QA,15/02/2024,,INVALID
786,EMP00786,male,59.0,13.0,Analyst,2023-01-15,,emp786@mail.com
787,EMP00787,Female,53.0,6.0,QA,2025-07-01,500000,emp787@mail.com
788,EMP00788,Male,50.0,9.0,Manager,,6 LPA,INVALID
789,EMP00789,Male,48.0,99.0,HR,2023-01-15,500000,
790,EMP00790,,43.0,3.0,Analyst,,,
791,EMP00791,Female,52.0,1.0,Intern,,350000,
792,EMP00792,,22.0,18.0,Intern,15/02/2024,,INVALID
793,EMP00793,,43.0,5.0,Manager,2025-07-01,6 LPA,emp793@mail.com
794,EMP00794,M,-2.0,99.0,Engineer,15/02/2024,350000,
795,EMP00795,,25.0,15.0,Engineer,2023-01-15,800000,
796,EMP00796,Female,32.0,10.0,Intern,2025-07-01,-10000,INVALID
797,EMP00797,Male,45.0,1.0,Intern,15/02/2024,350000,
798,EMP00798,F,34.0,3.0,Manager,2025-07-01,-10000,
799,EMP00799,,33.0,20.0,Engineer,15/02/2024,,INVALID
800,EMP00800,M,49.0,9.0,Engineer,2025-07-01,350000,
801,EMP00801,Female,41.0,14.0,Intern,2023-01-15,-10000,
802,EMP00802,Female,35.0,1.0,Engineer,,800000,
803,EMP00803,F,55.0,18.0,Intern,,500000,
804,EMP00804,Female,55.0,4.0,HR,,500000,INVALID
805,EMP00805,male,28.0,19.0,HR,2023-01-15,500000,INVALID
806,EMP00806,F,30.0,3.0,QA,,,
807,EMP00807,male,-2.0,8.0,Engineer,2025-07-01,6 LPA,
808,EMP00808,Male,23.0,14.0,Analyst,2023-01-15,800000,emp808@mail.com
809,EMP00809,M,31.0,5.0,Manager,2023-01-15,-10000,
810,EMP00810,M,-2.0,99.0,Intern,,-10000,emp810@mail.com
811,EMP00811,F,35.0,16.0,Intern,,-10000,
812,EMP00812,male,55.0,7.0,Manager,2023-01-15,-10000,
813,EMP00813,male,44.0,6.0,Intern,2025-07-01,6 LPA,INVALID
814,EMP00814,F,43.0,17.0,HR,2023-01-15,6 LPA,emp814@mail.com
815,EMP00815,male,99.0,16.0,Engineer,2025-07-01,350000,
816,EMP00816,F,41.0,,Intern,15/02/2024,,
817,EMP00817,Female,47.0,3.0,Engineer,,,
818,EMP00818,Female,34.0,12.0,Intern,2025-07-01,,
819,EMP00819,M,28.0,8.0,Intern,15/02/2024,800000,emp819@mail.com
820,EMP00820,Male,52.0,5.0,Manager,,,emp820@mail.com
821,EMP00821,F,57.0,15.0,HR,,-10000,
822,EMP00822,M,47.0,11.0,Engineer,,6 LPA,emp822@mail.com
823,EMP00823,,99.0,6.0,Manager,2025-07-01,350000,
824,EMP00824,male,,7.0,Intern,15/02/2024,6 LPA,INVALID
825,EMP00825,M,39.0,99.0,HR,15/02/2024,350000,
826,EMP00826,,57.0,2.0,Engineer,2023-01-15,-10000,
827,EMP00827,,55.0,9.0,Analyst,2023-01-15,350000,INVALID
828,EMP00828,Male,35.0,1.0,Engineer,15/02/2024,500000,
829,EMP00829,,35.0,1.0,Analyst,2023-01-15,350000,emp829@mail.com
830,EMP00830,Female,29.0,16.0,HR,2023-01-15,-10000,
831,EMP00831,M,38.0,14.0,Intern,,800000,
832,EMP00832,Male,25.0,9.0,Engineer,2025-07-01,350000,emp832@mail.com
833,EMP00833,male,23.0,9.0,Engineer,2025-07-01,800000,
834,EMP00834,Female,32.0,20.0,QA,2023-01-15,500000,
835,EMP00835,F,38.0,1.0,Engineer,2025-07-01,350000,
836,EMP00836,Male,24.0,19.0,Engineer,15/02/2024,6 LPA,
837,EMP00837,F,34.0,20.0,Analyst,,-10000,
838,EMP00838,Female,20.0,7.0,QA,15/02/2024,350000,
839,EMP00839,Female,36.0,17.0,Manager,,-10000,
840,EMP00840,,23.0,1.0,Engineer,2023-01-15,500000,
841,EMP00841,Female,60.0,15.0,QA,15/02/2024,500000,INVALID
842,EMP00842,M,-2.0,9.0,Engineer,15/02/2024,350000,INVALID
843,EMP00843,F,41.0,,Intern,2025-07-01,,
844,EMP00844,male,39.0,2.0,QA,2025-07-01,350000,
845,EMP00845,Male,40.0,17.0,Engineer,15/02/2024,500000,INVALID
846,EMP00846,F,21.0,7.0,HR,2023-01-15,-10000,
847,EMP00847,,50.0,17.0,HR,2023-01-15,350000,emp847@mail.com
848,EMP00848,male,44.0,14.0,Manager,2023-01-15,800000,INVALID
849,EMP00849,F,40.0,16.0,Intern,,6 LPA,
850,EMP00850,male,48.0,11.0,QA,2023-01-15,350000,
851,EMP00851,Male,60.0,9.0,Engineer,2023-01-15,-10000,INVALID
852,EMP00852,Male,49.0,,QA,2023-01-15,800000,emp852@mail.com
853,EMP00853,,41.0,14.0,QA,2023-01-15,500000,
854,EMP00854,,26.0,2.0,Analyst,2025-07-01,6 LPA,INVALID
855,EMP00855,male,26.0,3.0,HR,15/02/2024,-10000,
856,EMP00856,Female,35.0,6.0,Manager,,6 LPA,
857,EMP00857,M,27.0,8.0,Manager,,350000,emp857@mail.com
858,EMP00858,M,44.0,16.0,Engineer,15/02/2024,-10000,
859,EMP00859,F,45.0,7.0,Intern,15/02/2024,6 LPA,INVALID
860,EMP00860,F,26.0,17.0,HR,15/02/2024,350000,
861,EMP00861,male,50.0,5.0,QA,2025-07-01,800000,INVALID
862,EMP00862,,41.0,,Engineer,,350000,emp862@mail.com
863,EMP00863,Female,56.0,12.0,Analyst,2025-07-01,-10000,emp863@mail.com
864,EMP00864,Male,40.0,8.0,HR,2025-07-01,800000,
865,EMP00865,M,59.0,12.0,Manager,,800000,emp865@mail.com
866,EMP00866,Female,20.0,,Manager,,500000,emp866@mail.com
867,EMP00867,,30.0,5.0,HR,2025-07-01,-10000,
868,EMP00868,F,47.0,10.0,Engineer,15/02/2024,-10000,
869,EMP00869,,23.0,12.0,Engineer,2025-07-01,500000,emp869@mail.com
870,EMP00870,male,49.0,11.0,Manager,,6 LPA,INVALID
871,EMP00871,,41.0,12.0,Engineer,2023-01-15,350000,emp871@mail.com
872,EMP00872,M,21.0,1.0,Engineer,2025-07-01,350000,emp872@mail.com
873,EMP00873,F,23.0,7.0,Manager,,800000,
874,EMP00874,F,39.0,99.0,Intern,,,
875,EMP00875,M,39.0,12.0,QA,2023-01-15,-10000,emp875@mail.com
876,EMP00876,F,48.0,14.0,Analyst,15/02/2024,500000,INVALID
877,EMP00877,M,54.0,12.0,Intern,2023-01-15,6 LPA,emp877@mail.com
878,EMP00878,F,57.0,19.0,Manager,2023-01-15,6 LPA,INVALID
879,EMP00879,F,25.0,6.0,QA,2025-07-01,-10000,
880,EMP00880,Male,34.0,20.0,Analyst,15/02/2024,800000,
881,EMP00881,Female,44.0,99.0,Intern,2023-01-15,,INVALID
882,EMP00882,M,39.0,11.0,QA,15/02/2024,,emp882@mail.com
883,EMP00883,,29.0,20.0,Manager,,500000,INVALID
884,EMP00884,Male,,18.0,Analyst,,800000,emp884@mail.com
885,EMP00885,Male,33.0,17.0,Analyst,,6 LPA,INVALID
886,EMP00886,male,49.0,5.0,QA,15/02/2024,500000,INVALID
887,EMP00887,,48.0,1.0,Manager,15/02/2024,-10000,
888,EMP00888,male,37.0,8.0,Manager,15/02/2024,-10000,
889,EMP00889,Male,25.0,1.0,HR,15/02/2024,6 LPA,INVALID
890,EMP00890,male,36.0,8.0,QA,15/02/2024,500000,INVALID
891,EMP00891,Female,57.0,4.0,Intern,,6 LPA,INVALID
892,EMP00892,M,47.0,17.0,Analyst,,350000,
893,EMP00893,Male,24.0,18.0,Intern,,500000,
894,EMP00894,F,30.0,99.0,Engineer,,800000,
895,EMP00895,,35.0,7.0,Engineer,15/02/2024,,
896,EMP00896,male,47.0,10.0,HR,15/02/2024,6 LPA,INVALID
897,EMP00897,F,25.0,5.0,Engineer,,800000,emp897@mail.com
898,EMP00898,male,38.0,6.0,Manager,,,
899,EMP00899,F,37.0,16.0,QA,15/02/2024,,INVALID
900,EMP00900,male,30.0,8.0,Analyst,2025-07-01,6 LPA,
901,EMP00901,Male,45.0,4.0,HR,,800000,
902,EMP00902,,45.0,99.0,Engineer,,-10000,emp902@mail.com
903,EMP00903,Male,50.0,12.0,QA,,,
904,EMP00904,Female,55.0,99.0,Intern,2023-01-15,6 LPA,INVALID
905,EMP00905,,43.0,,Manager,2025-07-01,-10000,INVALID
906,EMP00906,M,30.0,18.0,QA,,6 LPA,INVALID
907,EMP00907,M,27.0,5.0,Analyst,,800000,
908,EMP00908,F,51.0,9.0,HR,,350000,
909,EMP00909,male,54.0,11.0,Intern,,350000,
910,EMP00910,M,44.0,20.0,QA,,800000,emp910@mail.com
911,EMP00911,M,44.0,3.0,HR,,350000,
912,EMP00912,M,38.0,16.0,Engineer,,350000,emp912@mail.com
913,EMP00913,Female,33.0,2.0,Intern,15/02/2024,500000,
914,EMP00914,Female,34.0,2.0,Manager,2025-07-01,350000,emp914@mail.com
915,EMP00915,Female,55.0,18.0,Analyst,15/02/2024,,INVALID
916,EMP00916,Male,51.0,13.0,Manager,2023-01-15,6 LPA,INVALID
917,EMP00917,male,28.0,10.0,Analyst,2023-01-15,350000,INVALID
918,EMP00918,Male,22.0,1.0,HR,15/02/2024,350000,
919,EMP00919,Female,26.0,6.0,Engineer,,800000,INVALID
920,EMP00920,M,27.0,14.0,HR,,,
921,EMP00921,F,34.0,16.0,Analyst,15/02/2024,500000,INVALID
922,EMP00922,Female,42.0,99.0,Intern,2023-01-15,,emp922@mail.com
923,EMP00923,F,55.0,19.0,Analyst,,,emp923@mail.com
924,EMP00924,male,60.0,11.0,Intern,,-10000,INVALID
925,EMP00925,Male,55.0,17.0,Engineer,,500000,
926,EMP00926,Female,,1.0,QA,,350000,
927,EMP00927,F,-2.0,7.0,QA,,6 LPA,
928,EMP00928,M,50.0,19.0,QA,15/02/2024,800000,
929,EMP00929,Female,37.0,7.0,Intern,,350000,
930,EMP00930,M,,18.0,HR,,800000,INVALID
931,EMP00931,male,54.0,16.0,HR,2023-01-15,,emp931@mail.com
932,EMP00932,Female,47.0,3.0,QA,,800000,
933,EMP00933,,20.0,3.0,QA,15/02/2024,350000,
934,EMP00934,M,27.0,20.0,Manager,,6 LPA,
935,EMP00935,Male,48.0,99.0,HR,2023-01-15,350000,
936,EMP00936,,39.0,7.0,Analyst,2025-07-01,800000,
937,EMP00937,Female,52.0,17.0,QA,,-10000,
938,EMP00938,F,,11.0,Manager,,350000,emp938@mail.com
939,EMP00939,,29.0,,HR,2023-01-15,-10000,INVALID
940,EMP00940,M,60.0,13.0,Engineer,2025-07-01,-10000,emp940@mail.com
941,EMP00941,F,50.0,1.0,Analyst,2023-01-15,350000,INVALID
942,EMP00942,F,58.0,16.0,Intern,2023-01-15,6 LPA,
943,EMP00943,M,58.0,6.0,Engineer,2023-01-15,6 LPA,INVALID
944,EMP00944,male,36.0,11.0,Engineer,15/02/2024,500000,
945,EMP00945,Female,36.0,9.0,Analyst,15/02/2024,500000,
946,EMP00946,Male,60.0,13.0,QA,,,INVALID
947,EMP00947,Male,46.0,16.0,HR,2023-01-15,6 LPA,
948,EMP00948,Female,,15.0,Manager,,500000,
949,EMP00949,Female,53.0,,Analyst,,800000,
950,EMP00950,Female,28.0,16.0,Manager,,800000,
951,EMP00951,Male,55.0,16.0,QA,2025-07-01,500000,
952,EMP00952,Male,43.0,13.0,Analyst,15/02/2024,,
953,EMP00953,M,44.0,19.0,QA,15/02/2024,800000,emp953@mail.com
954,EMP00954,M,33.0,15.0,Analyst,2025-07-01,,
955,EMP00955,male,99.0,12.0,Manager,15/02/2024,-10000,INVALID
956,EMP00956,M,32.0,20.0,Engineer,2025-07-01,800000,INVALID
957,EMP00957,,57.0,3.0,Manager,2023-01-15,500000,emp957@mail.com
958,EMP00958,Female,52.0,17.0,Intern,2023-01-15,500000,emp958@mail.com
959,EMP00959,,38.0,4.0,Engineer,,6 LPA,emp959@mail.com
960,EMP00960,M,23.0,14.0,Analyst,2025-07-01,800000,emp960@mail.com
961,EMP00961,male,46.0,12.0,Intern,,-10000,INVALID
962,EMP00962,Male,56.0,7.0,Engineer,15/02/2024,350000,INVALID
963,EMP00963,Male,37.0,19.0,Intern,,800000,
964,EMP00964,F,21.0,3.0,QA,,350000,
965,EMP00965,male,29.0,14.0,HR,2023-01-15,350000,emp965@mail.com
966,EMP00966,F,59.0,18.0,Intern,,500000,
967,EMP00967,,43.0,18.0,Engineer,2025-07-01,800000,
968,EMP00968,male,29.0,6.0,Engineer,15/02/2024,500000,emp968@mail.com
969,EMP00969,male,27.0,6.0,HR,,-10000,emp969@mail.com
970,EMP00970,male,51.0,14.0,Manager,,350000,emp970@mail.com
971,EMP00971,Female,47.0,5.0,Engineer,2023-01-15,500000,
972,EMP00972,Female,25.0,16.0,QA,,,
973,EMP00973,F,22.0,8.0,Intern,2023-01-15,,INVALID
974,EMP00974,Male,58.0,6.0,Engineer,2023-01-15,800000,emp974@mail.com
975,EMP00975,M,25.0,11.0,Intern,2023-01-15,,
976,EMP00976,Male,52.0,15.0,Engineer,15/02/2024,500000,
977,EMP00977,F,40.0,4.0,Intern,,,INVALID
978,EMP00978,male,22.0,16.0,Analyst,15/02/2024,6 LPA,emp978@mail.com
979,EMP00979,M,52.0,2.0,HR,2023-01-15,350000,INVALID
980,EMP00980,male,45.0,6.0,Engineer,15/02/2024,,
981,EMP00981,,49.0,3.0,Engineer,,350000,INVALID
982,EMP00982,,45.0,4.0,Engineer,,350000,
983,EMP00983,M,41.0,8.0,HR,2025-07-01,500000,emp983@mail.com
984,EMP00984,F,46.0,14.0,Analyst,15/02/2024,350000,emp984@mail.com
985,EMP00985,Male,54.0,7.0,HR,2023-01-15,,
986,EMP00986,M,32.0,4.0,Intern,,-10000,
987,EMP00987,M,24.0,19.0,Manager,15/02/2024,500000,emp987@mail.com
988,EMP00988,F,47.0,5.0,Intern,2023-01-15,6 LPA,INVALID
989,EMP00989,male,22.0,3.0,Analyst,2025-07-01,500000,emp989@mail.com
990,EMP00990,Female,57.0,9.0,HR,15/02/2024,6 LPA,
991,EMP00991,F,37.0,6.0,Manager,,500000,emp991@mail.com
992,EMP00992,Female,25.0,18.0,Intern,,500000,INVALID
993,EMP00993,,36.0,4.0,Analyst,,350000,INVALID
994,EMP00994,Male,29.0,2.0,HR,2023-01-15,800000,
995,EMP00995,,55.0,19.0,Manager,,-10000,INVALID
996,EMP00996,M,53.0,7.0,Manager,2025-07-01,500000,
997,EMP00997,M,52.0,18.0,QA,15/02/2024,-10000,
998,EMP00998,,52.0,5.0,QA,2023-01-15,,
999,EMP00999,,58.0,6.0,Analyst,,800000,
1000,EMP01000,Male,60.0,15.0,HR,,,INVALID
1001,EMP01001,,52.0,18.0,Manager,,800000,
1002,EMP01002,F,22.0,9.0,Manager,2025-07-01,6 LPA,INVALID
1003,EMP01003,,48.0,12.0,Intern,2025-07-01,,
1004,EMP01004,Male,43.0,99.0,Engineer,15/02/2024,,
1005,EMP01005,,43.0,1.0,HR,,350000,
1006,EMP01006,M,46.0,2.0,Manager,,-10000,
1007,EMP01007,Female,41.0,11.0,Manager,2023-01-15,6 LPA,INVALID
1008,EMP01008,F,26.0,12.0,Engineer,2025-07-01,,emp1008@mail.com
1009,EMP01009,,28.0,11.0,Manager,,800000,
1010,EMP01010,Female,40.0,5.0,Intern,15/02/2024,6 LPA,INVALID
1011,EMP01011,M,37.0,2.0,Intern,15/02/2024,800000,emp1011@mail.com
1012,EMP01012,Female,23.0,14.0,Manager,15/02/2024,500000,
1013,EMP01013,male,27.0,4.0,HR,,-10000,
1014,EMP01014,male,36.0,1.0,Manager,,500000,
1015,EMP01015,Male,43.0,4.0,HR,2025-07-01,500000,emp1015@mail.com
1016,EMP01016,male,32.0,7.0,Analyst,,6 LPA,INVALID
1017,EMP01017,M,26.0,7.0,Intern,15/02/2024,500000,
1018,EMP01018,male,56.0,11.0,Analyst,2023-01-15,-10000,
1019,EMP01019,male,,20.0,Analyst,,,emp1019@mail.com
1020,EMP01020,Female,33.0,15.0,HR,,800000,emp1020@mail.com
1021,EMP01021,Female,27.0,11.0,Manager,15/02/2024,6 LPA,
1022,EMP01022,Female,41.0,19.0,Engineer,,6 LPA,emp1022@mail.com
1023,EMP01023,male,55.0,10.0,HR,,6 LPA,
1024,EMP01024,F,20.0,2.0,Intern,,,INVALID
1025,EMP01025,male,59.0,6.0,QA,,-10000,
1026,EMP01026,Female,26.0,9.0,Intern,,350000,
1027,EMP01027,F,33.0,1.0,Analyst,2023-01-15,350000,INVALID
1028,EMP01028,M,20.0,14.0,Manager,,,
1029,EMP01029,,42.0,17.0,HR,15/02/2024,350000,
1030,EMP01030,Male,43.0,10.0,QA,15/02/2024,500000,
1031,EMP01031,M,41.0,20.0,QA,,-10000,
1032,EMP01032,M,25.0,20.0,Intern,2025-07-01,350000,
1033,EMP01033,,54.0,99.0,HR,15/02/2024,800000,emp1033@mail.com
1034,EMP01034,M,30.0,14.0,Analyst,2025-07-01,500000,
1035,EMP01035,Male,30.0,,Engineer,,,
1036,EMP01036,F,36.0,8.0,Engineer,,500000,
1037,EMP01037,,23.0,1.0,Manager,15/02/2024,800000,
1038,EMP01038,,22.0,16.0,QA,,500000,INVALID
1039,EMP01039,Male,,6.0,Intern,15/02/2024,800000,INVALID
1040,EMP01040,,59.0,6.0,Intern,,800000,
1041,EMP01041,male,54.0,5.0,Intern,,6 LPA,emp1041@mail.com
1042,EMP01042,Female,37.0,10.0,HR,15/02/2024,-10000,INVALID
1043,EMP01043,,48.0,11.0,QA,15/02/2024,800000,
1044,EMP01044,F,55.0,6.0,Analyst,2023-01-15,350000,emp1044@mail.com
1045,EMP01045,male,52.0,5.0,HR,2023-01-15,500000,emp1045@mail.com
1046,EMP01046,Male,59.0,8.0,Manager,2023-01-15,6 LPA,
1047,EMP01047,male,35.0,6.0,Engineer,2025-07-01,6 LPA,
1048,EMP01048,male,21.0,5.0,HR,2025-07-01,350000,emp1048@mail.com
1049,EMP01049,Male,59.0,4.0,Analyst,15/02/2024,6 LPA,
1050,EMP01050,,37.0,10.0,Intern,2023-01-15,500000,
1051,EMP01051,male,37.0,18.0,Analyst,2023-01-15,6 LPA,
1052,EMP01052,Female,39.0,3.0,Intern,,,INVALID
1053,EMP01053,F,54.0,15.0,Manager,,500000,INVALID
1054,EMP01054,M,37.0,17.0,Engineer,15/02/2024,6 LPA,
1055,EMP01055,F,22.0,8.0,Analyst,15/02/2024,,
1056,EMP01056,F,52.0,12.0,QA,,350000,
1057,EMP01057,F,33.0,6.0,HR,,6 LPA,
1058,EMP01058,Female,53.0,5.0,Manager,15/02/2024,,INVALID
1059,EMP01059,Female,,8.0,HR,,350000,
1060,EMP01060,M,42.0,99.0,Analyst,,800000,
1061,EMP01061,male,57.0,7.0,HR,,350000,
1062,EMP01062,M,28.0,18.0,QA,,-10000,INVALID
1063,EMP01063,,30.0,10.0,Intern,2023-01-15,6 LPA,
1064,EMP01064,F,47.0,,Intern,,500000,emp1064@mail.com
1065,EMP01065,Female,46.0,6.0,QA,15/02/2024,800000,INVALID
1066,EMP01066,,47.0,13.0,HR,15/02/2024,350000,INVALID
1067,EMP01067,,56.0,7.0,Engineer,,-10000,INVALID
1068,EMP01068,F,,17.0,Manager,2023-01-15,350000,INVALID
1069,EMP01069,F,22.0,99.0,QA,2023-01-15,-10000,
1070,EMP01070,Female,39.0,99.0,Intern,,500000,INVALID
1071,EMP01071,,42.0,12.0,Analyst,,350000,INVALID
1072,EMP01072,,39.0,5.0,HR,,6 LPA,emp1072@mail.com
1073,EMP01073,Male,56.0,2.0,Engineer,15/02/2024,500000,emp1073@mail.com
1074,EMP01074,M,36.0,3.0,HR,,500000,
1075,EMP01075,Male,39.0,15.0,Engineer,2025-07-01,500000,
1076,EMP01076,Male,34.0,1.0,Analyst,2025-07-01,6 LPA,emp1076@mail.com
1077,EMP01077,F,51.0,1.0,Engineer,15/02/2024,800000,emp1077@mail.com
1078,EMP01078,M,44.0,14.0,Intern,,,INVALID
1079,EMP01079,M,46.0,3.0,QA,,6 LPA,
1080,EMP01080,,47.0,19.0,QA,,800000,INVALID
1081,EMP01081,F,46.0,7.0,Intern,2023-01-15,-10000,INVALID
1082,EMP01082,F,56.0,8.0,QA,,350000,emp1082@mail.com
1083,EMP01083,,43.0,14.0,Analyst,2023-01-15,800000,
1084,EMP01084,,30.0,7.0,Manager,15/02/2024,800000,
1085,EMP01085,,60.0,7.0,Engineer,,6 LPA,emp1085@mail.com
1086,EMP01086,,38.0,1.0,Manager,,6 LPA,
1087,EMP01087,male,58.0,8.0,HR,2023-01-15,500000,emp1087@mail.com
1088,EMP01088,,25.0,10.0,Analyst,2025-07-01,800000,INVALID
1089,EMP01089,Male,25.0,99.0,Analyst,2025-07-01,350000,
1090,EMP01090,,31.0,20.0,Manager,,6 LPA,
1091,EMP01091,Male,27.0,17.0,Manager,2025-07-01,,
1092,EMP01092,F,26.0,14.0,Engineer,,500000,
1093,EMP01093,F,,13.0,Manager,,-10000,
1094,EMP01094,Male,57.0,2.0,Intern,,800000,INVALID
1095,EMP01095,Female,48.0,13.0,QA,2025-07-01,800000,INVALID
1096,EMP01096,male,53.0,6.0,Manager,15/02/2024,800000,INVALID
1097,EMP01097,Male,55.0,1.0,Manager,2023-01-15,350000,
1098,EMP01098,,39.0,19.0,Manager,2023-01-15,350000,emp1098@mail.com
1099,EMP01099,F,39.0,17.0,Intern,2023-01-15,,
1100,EMP01100,Female,50.0,3.0,Analyst,2023-01-15,500000,INVALID
1101,EMP01101,,25.0,3.0,QA,15/02/2024,-10000,emp1101@mail.com
1102,EMP01102,Female,38.0,14.0,Manager,2025-07-01,-10000,INVALID
1103,EMP01103,M,23.0,19.0,Intern,2023-01-15,-10000,
1104,EMP01104,M,58.0,2.0,Analyst,2023-01-15,,emp1104@mail.com
1105,EMP01105,male,33.0,19.0,Intern,2025-07-01,6 LPA,
1106,EMP01106,M,31.0,19.0,Manager,2023-01-15,800000,
1107,EMP01107,male,40.0,10.0,QA,2025-07-01,6 LPA,emp1107@mail.com
1108,EMP01108,Male,53.0,16.0,HR,15/02/2024,800000,emp1108@mail.com
1109,EMP01109,M,52.0,17.0,HR,2025-07-01,800000,INVALID
1110,EMP01110,F,52.0,9.0,QA,,500000,
1111,EMP01111,F,36.0,20.0,Engineer,15/02/2024,-10000,INVALID
1112,EMP01112,male,20.0,3.0,HR,15/02/2024,800000,
1113,EMP01113,,59.0,7.0,Manager,,500000,emp1113@mail.com
1114,EMP01114,M,-2.0,4.0,Engineer,,6 LPA,
1115,EMP01115,Male,32.0,13.0,Manager,,500000,
1116,EMP01116,,55.0,99.0,HR,,6 LPA,
1117,EMP01117,male,45.0,7.0,Manager,15/02/2024,-10000,
1118,EMP01118,male,49.0,2.0,Analyst,15/02/2024,6 LPA,emp1118@mail.com
1119,EMP01119,,55.0,6.0,HR,2025-07-01,,
1120,EMP01120,M,39.0,20.0,HR,15/02/2024,-10000,INVALID
1121,EMP01121,Female,25.0,5.0,QA,,500000,
1122,EMP01122,M,26.0,17.0,Engineer,15/02/2024,6 LPA,INVALID
1123,EMP01123,M,38.0,10.0,Analyst,2025-07-01,500000,
1124,EMP01124,Male,47.0,8.0,Manager,,350000,
1125,EMP01125,,44.0,1.0,Analyst,15/02/2024,,
1126,EMP01126,Female,21.0,19.0,Analyst,,6 LPA,
1127,EMP01127,male,-2.0,17.0,Analyst,15/02/2024,,
1128,EMP01128,Female,23.0,12.0,QA,2023-01-15,350000,emp1128@mail.com
1129,EMP01129,,57.0,16.0,QA,15/02/2024,,INVALID
1130,EMP01130,male,49.0,9.0,HR,,500000,INVALID
1131,EMP01131,Male,56.0,,Intern,2025-07-01,-10000,
1132,EMP01132,Female,38.0,19.0,Intern,2025-07-01,350000,
1133,EMP01133,male,26.0,2.0,HR,2025-07-01,6 LPA,
1134,EMP01134,,37.0,14.0,QA,,,
1135,EMP01135,F,56.0,11.0,Analyst,,500000,emp1135@mail.com
1136,EMP01136,Female,99.0,,Intern,15/02/2024,500000,INVALID
1137,EMP01137,Female,51.0,,HR,15/02/2024,800000,
1138,EMP01138,F,22.0,99.0,Engineer,2023-01-15,500000,
1139,EMP01139,Male,24.0,15.0,Analyst,2023-01-15,,
1140,EMP01140,male,25.0,14.0,Engineer,15/02/2024,350000,
1141,EMP01141,Female,41.0,10.0,Intern,,,
1142,EMP01142,Male,,17.0,Analyst,2025-07-01,350000,
1143,EMP01143,Female,34.0,11.0,Analyst,2023-01-15,350000,emp1143@mail.com
1144,EMP01144,F,51.0,16.0,HR,2023-01-15,-10000,
1145,EMP01145,male,40.0,1.0,Manager,2025-07-01,,emp1145@mail.com
1146,EMP01146,F,54.0,17.0,Manager,2023-01-15,,emp1146@mail.com
1147,EMP01147,F,-2.0,4.0,Manager,,-10000,emp1147@mail.com
1148,EMP01148,Male,58.0,16.0,HR,2023-01-15,-10000,
1149,EMP01149,,58.0,9.0,Intern,2023-01-15,,INVALID
1150,EMP01150,M,56.0,15.0,Manager,2023-01-15,800000,emp1150@mail.com
1151,EMP01151,M,39.0,18.0,Engineer,,,emp1151@mail.com
1152,EMP01152,F,49.0,18.0,Intern,,500000,
1153,EMP01153,M,60.0,18.0,Analyst,2025-07-01,6 LPA,emp1153@mail.com
1154,EMP01154,Female,40.0,2.0,Engineer,2023-01-15,6 LPA,INVALID
1155,EMP01155,M,35.0,13.0,Engineer,,-10000,
1156,EMP01156,male,57.0,5.0,Analyst,15/02/2024,,
1157,EMP01157,M,29.0,15.0,Engineer,,800000,
1158,EMP01158,Male,53.0,9.0,Manager,2023-01-15,350000,INVALID
1159,EMP01159,Male,45.0,18.0,Intern,2023-01-15,800000,
1160,EMP01160,Male,29.0,13.0,Engineer,2025-07-01,-10000,emp1160@mail.com
1161,EMP01161,male,27.0,15.0,QA,15/02/2024,,emp1161@mail.com
1162,EMP01162,Female,29.0,10.0,Engineer,2023-01-15,350000,
1163,EMP01163,Male,31.0,15.0,Intern,,800000,INVALID
1164,EMP01164,Female,40.0,,Manager,15/02/2024,6 LPA,
1165,EMP01165,M,36.0,20.0,QA,15/02/2024,500000,
1166,EMP01166,Female,35.0,1.0,Intern,2023-01-15,500000,
1167,EMP01167,Male,39.0,11.0,Analyst,2025-07-01,6 LPA,
1168,EMP01168,male,30.0,15.0,Analyst,2023-01-15,800000,
1169,EMP01169,Female,30.0,7.0,Analyst,2023-01-15,350000,
1170,EMP01170,Male,28.0,8.0,Manager,2023-01-15,,
1171,EMP01171,Male,21.0,13.0,HR,15/02/2024,500000,
1172,EMP01172,,42.0,15.0,QA,2025-07-01,6 LPA,INVALID
1173,EMP01173,F,24.0,10.0,Manager,2025-07-01,800000,emp1173@mail.com
1174,EMP01174,Female,47.0,11.0,Manager,2025-07-01,500000,
1175,EMP01175,M,44.0,20.0,Analyst,2023-01-15,,emp1175@mail.com
1176,EMP01176,male,48.0,14.0,HR,,800000,
1177,EMP01177,Male,34.0,17.0,Intern,15/02/2024,-10000,
1178,EMP01178,Female,20.0,16.0,Manager,2025-07-01,,emp1178@mail.com
1179,EMP01179,male,60.0,3.0,Manager,15/02/2024,800000,
1180,EMP01180,male,28.0,10.0,HR,,,
1181,EMP01181,male,50.0,20.0,QA,15/02/2024,500000,
1182,EMP01182,,52.0,1.0,Manager,2023-01-15,800000,
1183,EMP01183,M,33.0,14.0,Analyst,,,INVALID
1184,EMP01184,,99.0,3.0,Analyst,15/02/2024,800000,
1185,EMP01185,Female,46.0,12.0,QA,,6 LPA,
1186,EMP01186,M,44.0,4.0,Engineer,2023-01-15,800000,emp1186@mail.com
1187,EMP01187,male,48.0,14.0,Intern,2025-07-01,-10000,
1188,EMP01188,,30.0,8.0,Intern,,-10000,
1189,EMP01189,M,36.0,13.0,HR,,6 LPA,
1190,EMP01190,Male,51.0,19.0,QA,15/02/2024,6 LPA,emp1190@mail.com
1191,EMP01191,Female,23.0,12.0,HR,2023-01-15,500000,INVALID
1192,EMP01192,F,39.0,15.0,QA,,-10000,emp1192@mail.com
1193,EMP01193,Male,24.0,6.0,Intern,15/02/2024,6 LPA,emp1193@mail.com
1194,EMP01194,F,29.0,17.0,Intern,2025-07-01,800000,emp1194@mail.com
1195,EMP01195,Female,55.0,11.0,Intern,,500000,emp1195@mail.com
1196,EMP01196,Male,25.0,16.0,HR,2023-01-15,6 LPA,
1197,EMP01197,,37.0,12.0,Manager,15/02/2024,800000,INVALID
1198,EMP01198,F,31.0,6.0,Manager,2025-07-01,500000,
1199,EMP01199,male,24.0,7.0,HR,2025-07-01,6 LPA,
1200,EMP01200,male,35.0,99.0,Analyst,,800000,
1201,EMP01201,Female,59.0,11.0,Analyst,2023-01-15,,
1202,EMP01202,,43.0,10.0,Manager,15/02/2024,-10000,INVALID
1203,EMP01203,M,33.0,99.0,HR,,,
1204,EMP01204,,44.0,3.0,Analyst,,350000,
1205,EMP01205,,,11.0,Manager,15/02/2024,,INVALID
1206,EMP01206,F,22.0,16.0,Engineer,2025-07-01,,emp1206@mail.com
1207,EMP01207,,36.0,10.0,Intern,15/02/2024,6 LPA,
1208,EMP01208,,59.0,,Engineer,2025-07-01,-10000,
1209,EMP01209,male,31.0,7.0,HR,,800000,emp1209@mail.com
1210,EMP01210,Male,38.0,12.0,Intern,15/02/2024,-10000,INVALID
1211,EMP01211,Female,46.0,10.0,Analyst,2025-07-01,-10000,INVALID
1212,EMP01212,Male,39.0,9.0,QA,,800000,
1213,EMP01213,M,99.0,18.0,HR,2025-07-01,6 LPA,emp1213@mail.com
1214,EMP01214,Female,41.0,8.0,HR,15/02/2024,,
1215,EMP01215,M,21.0,99.0,HR,2025-07-01,350000,
1216,EMP01216,Female,33.0,12.0,Analyst,2025-07-01,800000,emp1216@mail.com
1217,EMP01217,male,31.0,14.0,HR,2023-01-15,-10000,
1218,EMP01218,F,39.0,12.0,QA,,6 LPA,emp1218@mail.com
1219,EMP01219,M,46.0,20.0,HR,,500000,
1220,EMP01220,F,41.0,5.0,Engineer,2025-07-01,-10000,emp1220@mail.com
1221,EMP01221,Female,35.0,8.0,Analyst,15/02/2024,6 LPA,INVALID
1222,EMP01222,Female,54.0,,Manager,2025-07-01,,
1223,EMP01223,,23.0,7.0,Intern,15/02/2024,,
1224,EMP01224,Female,22.0,11.0,Analyst,2023-01-15,800000,
1225,EMP01225,Male,51.0,5.0,QA,,500000,emp1225@mail.com
1226,EMP01226,male,59.0,5.0,Manager,15/02/2024,800000,INVALID
1227,EMP01227,male,41.0,16.0,Analyst,,800000,
1228,EMP01228,Female,42.0,1.0,Manager,,500000,INVALID
1229,EMP01229,male,52.0,4.0,Intern,,6 LPA,INVALID
1230,EMP01230,male,26.0,11.0,Engineer,2023-01-15,500000,
1231,EMP01231,M,99.0,3.0,Manager,2023-01-15,-10000,emp1231@mail.com
1232,EMP01232,M,60.0,13.0,Manager,,800000,
1233,EMP01233,M,54.0,1.0,Engineer,,500000,emp1233@mail.com
1234,EMP01234,Female,42.0,,QA,,500000,emp1234@mail.com
1235,EMP01235,,25.0,17.0,Intern,2023-01-15,-10000,INVALID
1236,EMP01236,Male,53.0,16.0,Manager,,6 LPA,
1237,EMP01237,M,21.0,14.0,QA,2025-07-01,-10000,emp1237@mail.com
1238,EMP01238,M,28.0,15.0,Engineer,15/02/2024,500000,INVALID
1239,EMP01239,Male,60.0,,Intern,,800000,INVALID
1240,EMP01240,F,46.0,12.0,Analyst,,,emp1240@mail.com
1241,EMP01241,male,26.0,16.0,QA,2023-01-15,,INVALID
1242,EMP01242,F,51.0,6.0,Engineer,,,INVALID
1243,EMP01243,male,46.0,9.0,HR,2023-01-15,500000,emp1243@mail.com
1244,EMP01244,F,,12.0,QA,2023-01-15,-10000,INVALID
1245,EMP01245,male,33.0,5.0,Analyst,2023-01-15,800000,INVALID
1246,EMP01246,M,34.0,4.0,Analyst,,500000,emp1246@mail.com
1247,EMP01247,Male,50.0,16.0,Intern,15/02/2024,,
1248,EMP01248,,60.0,7.0,Engineer,,6 LPA,
1249,EMP01249,F,30.0,2.0,HR,,500000,
1250,EMP01250,Male,33.0,15.0,Analyst,2023-01-15,6 LPA,
1251,EMP01251,,53.0,17.0,QA,,500000,emp1251@mail.com
1252,EMP01252,,37.0,19.0,Analyst,,-10000,
1253,EMP01253,male,23.0,5.0,HR,,6 LPA,
1254,EMP01254,Male,47.0,8.0,QA,,800000,
1255,EMP01255,Female,47.0,9.0,HR,2025-07-01,-10000,emp1255@mail.com
1256,EMP01256,F,21.0,11.0,Intern,2023-01-15,,
1257,EMP01257,F,31.0,19.0,Analyst,2025-07-01,350000,INVALID
1258,EMP01258,male,20.0,5.0,Analyst,2025-07-01,,
1259,EMP01259,Male,35.0,,Engineer,,800000,
1260,EMP01260,F,44.0,4.0,Engineer,15/02/2024,800000,emp1260@mail.com
1261,EMP01261,M,57.0,15.0,Engineer,2023-01-15,,INVALID
1262,EMP01262,Male,48.0,,QA,,-10000,INVALID
1263,EMP01263,Male,57.0,1.0,Manager,,500000,emp1263@mail.com
1264,EMP01264,male,34.0,15.0,HR,15/02/2024,-10000,
1265,EMP01265,Male,48.0,20.0,Engineer,,800000,emp1265@mail.com
1266,EMP01266,M,58.0,1.0,Analyst,2025-07-01,,INVALID
1267,EMP01267,,52.0,11.0,Analyst,,350000,
1268,EMP01268,male,33.0,6.0,HR,,-10000,INVALID
1269,EMP01269,male,37.0,9.0,QA,2025-07-01,,INVALID
1270,EMP01270,M,36.0,15.0,Engineer,,500000,INVALID
1271,EMP01271,F,28.0,7.0,Intern,2025-07-01,500000,
1272,EMP01272,M,45.0,16.0,Manager,15/02/2024,800000,emp1272@mail.com
1273,EMP01273,F,,9.0,Engineer,,800000,INVALID
1274,EMP01274,F,37.0,5.0,Engineer,2025-07-01,6 LPA,
1275,EMP01275,male,53.0,20.0,Engineer,15/02/2024,500000,
1276,EMP01276,,54.0,9.0,Analyst,,500000,emp1276@mail.com
1277,EMP01277,M,25.0,7.0,Analyst,2025-07-01,-10000,
1278,EMP01278,M,58.0,8.0,HR,2025-07-01,800000,emp1278@mail.com
1279,EMP01279,,56.0,99.0,Intern,2023-01-15,-10000,emp1279@mail.com
1280,EMP01280,Male,30.0,19.0,HR,,350000,
1281,EMP01281,Female,35.0,16.0,QA,2025-07-01,,emp1281@mail.com
1282,EMP01282,M,36.0,4.0,Manager,2025-07-01,-10000,
1283,EMP01283,,26.0,7.0,QA,2025-07-01,800000,
1284,EMP01284,M,59.0,3.0,Engineer,2023-01-15,350000,
1285,EMP01285,M,56.0,6.0,Intern,,800000,
1286,EMP01286,Female,60.0,6.0,Intern,,-10000,
1287,EMP01287,Female,56.0,4.0,QA,15/02/2024,350000,INVALID
1288,EMP01288,M,52.0,17.0,Manager,15/02/2024,-10000,
1289,EMP01289,male,49.0,6.0,Analyst,2025-07-01,350000,emp1289@mail.com
1290,EMP01290,,40.0,5.0,Analyst,,350000,INVALID
1291,EMP01291,Female,39.0,10.0,Intern,2023-01-15,-10000,INVALID
1292,EMP01292,F,,5.0,QA,2025-07-01,800000,INVALID
1293,EMP01293,Female,48.0,6.0,Manager,,500000,INVALID
1294,EMP01294,M,44.0,5.0,QA,2025-07-01,-10000,INVALID
1295,EMP01295,F,43.0,3.0,QA,2025-07-01,-10000,
1296,EMP01296,,26.0,18.0,QA,,350000,
1297,EMP01297,male,26.0,5.0,HR,2025-07-01,,emp1297@mail.com
1298,EMP01298,male,26.0,4.0,Engineer,,800000,
1299,EMP01299,Male,29.0,9.0,Intern,2023-01-15,800000,
1300,EMP01300,M,,5.0,Manager,,6 LPA,emp1300@mail.com
1301,EMP01301,M,39.0,11.0,Intern,,350000,
1302,EMP01302,Male,42.0,17.0,Manager,2025-07-01,-10000,
1303,EMP01303,F,37.0,5.0,Analyst,2025-07-01,6 LPA,emp1303@mail.com
1304,EMP01304,,32.0,,Manager,2023-01-15,350000,
1305,EMP01305,male,54.0,6.0,Manager,,-10000,emp1305@mail.com
1306,EMP01306,Female,35.0,4.0,Intern,15/02/2024,6 LPA,
1307,EMP01307,,59.0,1.0,Engineer,2023-01-15,500000,emp1307@mail.com
1308,EMP01308,,35.0,5.0,Manager,,500000,INVALID
1309,EMP01309,male,56.0,13.0,Manager,2025-07-01,350000,INVALID
1310,EMP01310,,40.0,10.0,QA,,350000,
1311,EMP01311,F,28.0,,QA,,500000,
1312,EMP01312,,20.0,16.0,QA,,500000,emp1312@mail.com
1313,EMP01313,M,50.0,13.0,HR,,350000,
1314,EMP01314,Male,27.0,16.0,Analyst,2023-01-15,-10000,
1315,EMP01315,M,34.0,9.0,Intern,,6 LPA,emp1315@mail.com
1316,EMP01316,F,54.0,18.0,Manager,,800000,
1317,EMP01317,F,33.0,14.0,Analyst,,350000,
1318,EMP01318,,28.0,18.0,Manager,15/02/2024,500000,INVALID
1319,EMP01319,Female,34.0,11.0,Analyst,,800000,
1320,EMP01320,Male,20.0,17.0,Manager,2025-07-01,6 LPA,
1321,EMP01321,male,39.0,19.0,Intern,15/02/2024,,
1322,EMP01322,F,38.0,13.0,Analyst,2023-01-15,,
1323,EMP01323,Female,60.0,17.0,Analyst,,500000,INVALID
1324,EMP01324,M,43.0,20.0,QA,2023-01-15,800000,emp1324@mail.com
1325,EMP01325,male,42.0,12.0,Manager,,350000,
1326,EMP01326,M,41.0,10.0,Engineer,15/02/2024,350000,emp1326@mail.com
1327,EMP01327,F,54.0,11.0,Engineer,,350000,emp1327@mail.com
1328,EMP01328,M,33.0,14.0,QA,2025-07-01,800000,
1329,EMP01329,male,21.0,3.0,QA,2025-07-01,6 LPA,
1330,EMP01330,Male,56.0,18.0,Intern,,-10000,
1331,EMP01331,Male,42.0,14.0,Analyst,2025-07-01,800000,emp1331@mail.com
1332,EMP01332,M,23.0,19.0,Analyst,15/02/2024,-10000,
1333,EMP01333,Male,58.0,11.0,Analyst,,6 LPA,
1334,EMP01334,M,26.0,5.0,Analyst,,,INVALID
1335,EMP01335,Female,54.0,9.0,QA,2025-07-01,6 LPA,
1336,EMP01336,,36.0,14.0,QA,,-10000,INVALID
1337,EMP01337,Male,21.0,18.0,QA,,350000,INVALID
1338,EMP01338,F,41.0,6.0,Manager,,-10000,
1339,EMP01339,F,32.0,1.0,Intern,2023-01-15,6 LPA,INVALID
1340,EMP01340,Female,36.0,15.0,QA,15/02/2024,6 LPA,emp1340@mail.com
1341,EMP01341,Male,58.0,12.0,HR,2023-01-15,350000,
1342,EMP01342,M,35.0,8.0,QA,2023-01-15,,INVALID
1343,EMP01343,Male,60.0,8.0,Analyst,15/02/2024,500000,emp1343@mail.com
1344,EMP01344,F,57.0,4.0,HR,,800000,
1345,EMP01345,Female,45.0,16.0,Intern,15/02/2024,800000,
1346,EMP01346,F,31.0,18.0,Analyst,2023-01-15,,
1347,EMP01347,Male,24.0,8.0,Intern,2025-07-01,500000,emp1347@mail.com
1348,EMP01348,male,99.0,14.0,Manager,,,INVALID
1349,EMP01349,male,47.0,16.0,Engineer,,800000,emp1349@mail.com
1350,EMP01350,male,55.0,6.0,HR,2025-07-01,500000,INVALID
1351,EMP01351,Female,48.0,13.0,QA,,,INVALID
1352,EMP01352,Female,34.0,12.0,HR,2023-01-15,350000,
1353,EMP01353,Male,50.0,6.0,Intern,,6 LPA,
1354,EMP01354,Male,45.0,3.0,QA,2023-01-15,-10000,
1355,EMP01355,Female,21.0,17.0,Intern,15/02/2024,500000,
1356,EMP01356,F,40.0,7.0,HR,,500000,
1357,EMP01357,Female,20.0,8.0,HR,,350000,emp1357@mail.com
1358,EMP01358,,39.0,1.0,QA,2023-01-15,350000,
1359,EMP01359,male,46.0,15.0,HR,2023-01-15,6 LPA,
1360,EMP01360,Female,57.0,2.0,Engineer,,800000,
1361,EMP01361,male,49.0,1.0,HR,2025-07-01,800000,emp1361@mail.com
1362,EMP01362,Male,24.0,15.0,Analyst,,,emp1362@mail.com
1363,EMP01363,,50.0,3.0,Analyst,2025-07-01,350000,
1364,EMP01364,Male,54.0,99.0,QA,15/02/2024,,INVALID
1365,EMP01365,Male,99.0,11.0,QA,2023-01-15,6 LPA,
1366,EMP01366,,56.0,19.0,Engineer,,6 LPA,emp1366@mail.com
1367,EMP01367,Male,31.0,8.0,Engineer,15/02/2024,800000,
1368,EMP01368,F,23.0,12.0,Manager,15/02/2024,-10000,
1369,EMP01369,Female,39.0,17.0,Analyst,15/02/2024,800000,
1370,EMP01370,Female,48.0,8.0,HR,2023-01-15,800000,
1371,EMP01371,male,34.0,14.0,QA,,350000,emp1371@mail.com
1372,EMP01372,Male,26.0,10.0,QA,2023-01-15,,emp1372@mail.com
1373,EMP01373,,25.0,20.0,Analyst,15/02/2024,350000,INVALID
1374,EMP01374,male,53.0,8.0,QA,,,
1375,EMP01375,Female,37.0,12.0,Engineer,2025-07-01,6 LPA,
1376,EMP01376,Female,48.0,9.0,QA,,350000,
1377,EMP01377,Female,54.0,8.0,Manager,2025-07-01,-10000,
1378,EMP01378,,20.0,18.0,Intern,15/02/2024,350000,emp1378@mail.com
1379,EMP01379,Female,-2.0,99.0,Engineer,2023-01-15,500000,
1380,EMP01380,Female,20.0,18.0,HR,2025-07-01,,INVALID
1381,EMP01381,F,20.0,9.0,Intern,15/02/2024,800000,INVALID
1382,EMP01382,F,36.0,12.0,HR,2025-07-01,500000,emp1382@mail.com
1383,EMP01383,male,39.0,20.0,Manager,2023-01-15,6 LPA,INVALID
1384,EMP01384,Male,50.0,15.0,Intern,15/02/2024,,INVALID
1385,EMP01385,Male,52.0,15.0,QA,2023-01-15,350000,
1386,EMP01386,Female,59.0,18.0,Intern,15/02/2024,6 LPA,
1387,EMP01387,male,24.0,,Analyst,15/02/2024,-10000,
1388,EMP01388,Male,27.0,6.0,Manager,2025-07-01,350000,INVALID
1389,EMP01389,male,44.0,9.0,Engineer,2025-07-01,,emp1389@mail.com
1390,EMP01390,,46.0,8.0,HR,,,emp1390@mail.com
1391,EMP01391,F,53.0,6.0,Engineer,15/02/2024,800000,INVALID
1392,EMP01392,,-2.0,99.0,Engineer,,6 LPA,INVALID
1393,EMP01393,F,54.0,6.0,Engineer,15/02/2024,500000,INVALID
1394,EMP01394,F,24.0,16.0,HR,2025-07-01,6 LPA,emp1394@mail.com
1395,EMP01395,Female,24.0,19.0,QA,2023-01-15,350000,emp1395@mail.com
1396,EMP01396,male,56.0,20.0,Analyst,2023-01-15,800000,INVALID
1397,EMP01397,male,46.0,17.0,HR,2025-07-01,6 LPA,
1398,EMP01398,male,47.0,18.0,QA,15/02/2024,6 LPA,emp1398@mail.com
1399,EMP01399,M,33.0,7.0,Engineer,,,
1400,EMP01400,Female,47.0,16.0,Engineer,2023-01-15,,
1401,EMP01401,F,37.0,10.0,Manager,2025-07-01,6 LPA,
1402,EMP01402,,22.0,15.0,Manager,2025-07-01,-10000,emp1402@mail.com
1403,EMP01403,,50.0,6.0,QA,2025-07-01,800000,emp1403@mail.com
1404,EMP01404,F,50.0,3.0,Analyst,15/02/2024,,
1405,EMP01405,M,50.0,17.0,HR,,800000,
1406,EMP01406,male,28.0,15.0,Analyst,,350000,
1407,EMP01407,M,29.0,12.0,HR,2025-07-01,6 LPA,
1408,EMP01408,F,58.0,1.0,Engineer,15/02/2024,500000,
1409,EMP01409,Female,45.0,11.0,Manager,15/02/2024,-10000,
1410,EMP01410,male,56.0,17.0,Analyst,,-10000,INVALID
1411,EMP01411,M,22.0,5.0,QA,,-10000,emp1411@mail.com
1412,EMP01412,,39.0,12.0,Manager,,800000,
1413,EMP01413,male,43.0,7.0,HR,,500000,INVALID
1414,EMP01414,F,37.0,6.0,Manager,,350000,INVALID
1415,EMP01415,F,24.0,14.0,QA,2025-07-01,350000,emp1415@mail.com
1416,EMP01416,Male,42.0,16.0,Engineer,,350000,
1417,EMP01417,M,36.0,5.0,Manager,15/02/2024,350000,INVALID
1418,EMP01418,,32.0,19.0,Manager,,500000,INVALID
1419,EMP01419,F,37.0,15.0,Analyst,2023-01-15,,
1420,EMP01420,,35.0,17.0,QA,2025-07-01,350000,
1421,EMP01421,male,23.0,9.0,Intern,15/02/2024,500000,INVALID
1422,EMP01422,male,52.0,19.0,Manager,15/02/2024,,emp1422@mail.com
1423,EMP01423,Female,33.0,18.0,HR,2025-07-01,800000,emp1423@mail.com
1424,EMP01424,M,49.0,3.0,Engineer,,800000,
1425,EMP01425,Female,36.0,4.0,Engineer,15/02/2024,-10000,INVALID
1426,EMP01426,F,30.0,4.0,HR,,800000,
1427,EMP01427,Female,31.0,5.0,HR,,350000,
1428,EMP01428,Male,24.0,3.0,Manager,15/02/2024,500000,emp1428@mail.com
1429,EMP01429,Female,35.0,2.0,HR,2023-01-15,6 LPA,emp1429@mail.com
1430,EMP01430,F,53.0,12.0,Analyst,2023-01-15,-10000,INVALID
1431,EMP01431,male,52.0,4.0,Manager,,6 LPA,
1432,EMP01432,M,25.0,11.0,Intern,2023-01-15,350000,
1433,EMP01433,Male,41.0,2.0,Engineer,2025-07-01,-10000,emp1433@mail.com
1434,EMP01434,M,42.0,4.0,Intern,,500000,
1435,EMP01435,Male,33.0,7.0,Intern,15/02/2024,350000,INVALID
1436,EMP01436,male,20.0,1.0,Analyst,15/02/2024,800000,
1437,EMP01437,Female,27.0,4.0,HR,15/02/2024,-10000,emp1437@mail.com
1438,EMP01438,Female,58.0,7.0,QA,,-10000,emp1438@mail.com
1439,EMP01439,Male,26.0,8.0,Engineer,2023-01-15,350000,emp1439@mail.com
1440,EMP01440,M,36.0,13.0,QA,,800000,
1441,EMP01441,Male,57.0,8.0,Analyst,,,emp1441@mail.com
1442,EMP01442,M,99.0,14.0,Manager,,,
1443,EMP01443,Female,23.0,19.0,HR,,,emp1443@mail.com
1444,EMP01444,,29.0,1.0,QA,2025-07-01,800000,
1445,EMP01445,F,60.0,3.0,HR,2023-01-15,800000,INVALID
1446,EMP01446,male,21.0,18.0,Engineer,,,INVALID
1447,EMP01447,M,41.0,9.0,Engineer,2025-07-01,6 LPA,
1448,EMP01448,Female,39.0,3.0,QA,,350000,emp1448@mail.com
1449,EMP01449,,39.0,11.0,QA,,800000,
1450,EMP01450,Female,44.0,12.0,Engineer,2023-01-15,6 LPA,
1451,EMP01451,male,26.0,4.0,Engineer,,800000,emp1451@mail.com
1452,EMP01452,M,60.0,99.0,QA,,,
1453,EMP01453,F,21.0,17.0,HR,2025-07-01,350000,
1454,EMP01454,Male,51.0,13.0,Analyst,2025-07-01,800000,INVALID
1455,EMP01455,Male,59.0,1.0,QA,,,
1456,EMP01456,Female,30.0,3.0,Manager,2023-01-15,800000,
1457,EMP01457,male,26.0,99.0,QA,,350000,emp1457@mail.com
1458,EMP01458,F,48.0,17.0,Analyst,,500000,emp1458@mail.com
1459,EMP01459,M,27.0,,Analyst,,500000,INVALID
1460,EMP01460,,,3.0,HR,,,
1461,EMP01461,,29.0,6.0,QA,2025-07-01,350000,emp1461@mail.com
1462,EMP01462,Male,55.0,20.0,Manager,2023-01-15,-10000,
1463,EMP01463,Female,41.0,5.0,Manager,2023-01-15,6 LPA,INVALID
1464,EMP01464,Female,26.0,3.0,QA,,,
1465,EMP01465,F,25.0,11.0,Intern,15/02/2024,-10000,INVALID
1466,EMP01466,F,54.0,11.0,HR,2025-07-01,6 LPA,INVALID
1467,EMP01467,F,56.0,9.0,Manager,2025-07-01,6 LPA,INVALID
1468,EMP01468,Female,30.0,10.0,Manager,2025-07-01,6 LPA,
1469,EMP01469,Male,37.0,16.0,Analyst,2025-07-01,6 LPA,
1470,EMP01470,Male,25.0,4.0,Manager,15/02/2024,800000,emp1470@mail.com
1471,EMP01471,,59.0,14.0,Manager,15/02/2024,-10000,INVALID
1472,EMP01472,Male,50.0,5.0,Intern,2025-07-01,800000,emp1472@mail.com
1473,EMP01473,male,52.0,15.0,Manager,15/02/2024,,emp1473@mail.com
1474,EMP01474,,42.0,13.0,Analyst,2025-07-01,-10000,emp1474@mail.com
1475,EMP01475,,43.0,6.0,Manager,15/02/2024,800000,
1476,EMP01476,Male,,6.0,QA,2025-07-01,800000,INVALID
1477,EMP01477,M,20.0,14.0,HR,2025-07-01,-10000,emp1477@mail.com
1478,EMP01478,male,99.0,9.0,Manager,,-10000,
1479,EMP01479,Male,23.0,12.0,Analyst,15/02/2024,-10000,emp1479@mail.com
1480,EMP01480,F,-2.0,9.0,Engineer,2023-01-15,800000,emp1480@mail.com
1481,EMP01481,male,41.0,9.0,QA,,500000,emp1481@mail.com
1482,EMP01482,Male,42.0,10.0,Analyst,,-10000,emp1482@mail.com
1483,EMP01483,F,35.0,12.0,HR,2023-01-15,6 LPA,INVALID
1484,EMP01484,Male,99.0,99.0,Engineer,,,
1485,EMP01485,male,43.0,17.0,HR,,800000,INVALID
1486,EMP01486,Male,55.0,99.0,Intern,,350000,
1487,EMP01487,Male,32.0,12.0,QA,,350000,INVALID
1488,EMP01488,male,60.0,7.0,Analyst,2025-07-01,-10000,INVALID
1489,EMP01489,Female,43.0,5.0,HR,15/02/2024,-10000,
1490,EMP01490,,-2.0,18.0,Engineer,2025-07-01,350000,
1491,EMP01491,F,32.0,10.0,Manager,,350000,emp1491@mail.com
1492,EMP01492,Male,49.0,11.0,Intern,2023-01-15,-10000,INVALID
1493,EMP01493,M,44.0,12.0,Analyst,,500000,
1494,EMP01494,male,49.0,18.0,HR,,6 LPA,
1495,EMP01495,Female,33.0,5.0,QA,,350000,
1496,EMP01496,F,22.0,2.0,Manager,15/02/2024,6 LPA,emp1496@mail.com
1497,EMP01497,,55.0,5.0,HR,,,emp1497@mail.com
1498,EMP01498,F,47.0,14.0,HR,,-10000,
1499,EMP01499,Male,52.0,7.0,Intern,15/02/2024,-10000,
1500,EMP01500,Female,42.0,2.0,HR,2025-07-01,500000,
1501,EMP01501,F,33.0,11.0,QA,,350000,
1502,EMP01502,,51.0,14.0,Intern,2025-07-01,800000,INVALID
1503,EMP01503,F,57.0,18.0,HR,,6 LPA,
1504,EMP01504,F,25.0,10.0,Analyst,,500000,
1505,EMP01505,Female,59.0,6.0,Intern,2025-07-01,500000,INVALID
1506,EMP01506,Female,31.0,15.0,Engineer,,800000,emp1506@mail.com
1507,EMP01507,Male,99.0,16.0,Manager,,6 LPA,
1508,EMP01508,,25.0,12.0,Manager,2025-07-01,350000,emp1508@mail.com
1509,EMP01509,Male,45.0,3.0,HR,2025-07-01,800000,
1510,EMP01510,Male,33.0,5.0,Analyst,,500000,
1511,EMP01511,F,30.0,14.0,Analyst,15/02/2024,500000,
1512,EMP01512,M,59.0,9.0,QA,2025-07-01,,INVALID
1513,EMP01513,F,57.0,5.0,Intern,,,
1514,EMP01514,Female,27.0,9.0,Manager,,-10000,
1515,EMP01515,male,,9.0,Analyst,2023-01-15,500000,INVALID
1516,EMP01516,male,40.0,2.0,Analyst,15/02/2024,,INVALID
1517,EMP01517,F,31.0,17.0,HR,15/02/2024,350000,INVALID
1518,EMP01518,Female,60.0,5.0,Analyst,,350000,
1519,EMP01519,M,27.0,17.0,Manager,2025-07-01,,emp1519@mail.com
1520,EMP01520,F,52.0,18.0,Analyst,,6 LPA,
1521,EMP01521,Male,38.0,6.0,Intern,,-10000,emp1521@mail.com
1522,EMP01522,male,-2.0,7.0,QA,2023-01-15,500000,INVALID
1523,EMP01523,male,52.0,1.0,Manager,2023-01-15,500000,INVALID
1524,EMP01524,,59.0,4.0,QA,,-10000,INVALID
1525,EMP01525,Male,46.0,16.0,Analyst,15/02/2024,,emp1525@mail.com
1526,EMP01526,Female,27.0,13.0,Analyst,,-10000,
1527,EMP01527,Female,22.0,15.0,Engineer,,6 LPA,
1528,EMP01528,male,25.0,14.0,QA,2025-07-01,,emp1528@mail.com
1529,EMP01529,F,43.0,17.0,QA,,-10000,INVALID
1530,EMP01530,M,51.0,2.0,Analyst,15/02/2024,800000,emp1530@mail.com
1531,EMP01531,,51.0,20.0,QA,,,
1532,EMP01532,F,,18.0,QA,15/02/2024,350000,emp1532@mail.com
1533,EMP01533,Female,49.0,20.0,Analyst,,500000,emp1533@mail.com
1534,EMP01534,Male,57.0,8.0,Analyst,15/02/2024,800000,
1535,EMP01535,male,21.0,18.0,HR,,350000,
1536,EMP01536,F,31.0,14.0,Engineer,2023-01-15,6 LPA,
1537,EMP01537,,25.0,18.0,Manager,2025-07-01,800000,emp1537@mail.com
1538,EMP01538,male,25.0,17.0,QA,,500000,
1539,EMP01539,,49.0,7.0,Manager,15/02/2024,,INVALID
1540,EMP01540,Female,41.0,20.0,QA,15/02/2024,,
1541,EMP01541,M,51.0,13.0,Analyst,,,INVALID
1542,EMP01542,F,47.0,16.0,HR,,350000,INVALID
1543,EMP01543,M,38.0,18.0,HR,15/02/2024,500000,emp1543@mail.com
1544,EMP01544,Male,33.0,12.0,Engineer,2023-01-15,-10000,INVALID
1545,EMP01545,Male,-2.0,9.0,QA,2025-07-01,500000,
1546,EMP01546,Female,48.0,18.0,Engineer,,350000,emp1546@mail.com
1547,EMP01547,,53.0,1.0,Intern,,350000,
1548,EMP01548,M,55.0,20.0,Engineer,,-10000,INVALID
1549,EMP01549,F,31.0,3.0,Intern,15/02/2024,350000,
1550,EMP01550,Male,38.0,15.0,QA,,6 LPA,emp1550@mail.com
1551,EMP01551,male,37.0,3.0,QA,,800000,
1552,EMP01552,Male,53.0,,Engineer,15/02/2024,,INVALID
1553,EMP01553,Male,40.0,99.0,HR,,350000,INVALID
1554,EMP01554,Female,24.0,2.0,Intern,2023-01-15,500000,INVALID
1555,EMP01555,M,20.0,4.0,Engineer,2025-07-01,800000,emp1555@mail.com
1556,EMP01556,male,50.0,5.0,HR,,6 LPA,emp1556@mail.com
1557,EMP01557,F,52.0,3.0,Engineer,,350000,INVALID
1558,EMP01558,male,-2.0,17.0,Engineer,15/02/2024,500000,
1559,EMP01559,Male,34.0,7.0,HR,,350000,
1560,EMP01560,Male,43.0,19.0,HR,2023-01-15,800000,
1561,EMP01561,male,42.0,99.0,Engineer,,-10000,
1562,EMP01562,Female,34.0,10.0,Analyst,15/02/2024,6 LPA,
1563,EMP01563,,25.0,11.0,Analyst,,-10000,
1564,EMP01564,male,24.0,17.0,Engineer,2025-07-01,-10000,
1565,EMP01565,F,33.0,6.0,Engineer,,-10000,
1566,EMP01566,,20.0,9.0,HR,,350000,emp1566@mail.com
1567,EMP01567,,53.0,16.0,Manager,2025-07-01,-10000,
1568,EMP01568,Male,30.0,16.0,Engineer,2025-07-01,800000,emp1568@mail.com
1569,EMP01569,F,21.0,3.0,HR,15/02/2024,350000,INVALID
1570,EMP01570,F,45.0,11.0,QA,15/02/2024,6 LPA,
1571,EMP01571,male,51.0,17.0,QA,,500000,
1572,EMP01572,F,30.0,11.0,Intern,2025-07-01,6 LPA,emp1572@mail.com
1573,EMP01573,male,60.0,19.0,Engineer,,350000,
1574,EMP01574,M,47.0,7.0,HR,,350000,emp1574@mail.com
1575,EMP01575,M,36.0,15.0,Engineer,2023-01-15,800000,
1576,EMP01576,Female,36.0,17.0,Manager,2025-07-01,-10000,
1577,EMP01577,,54.0,12.0,Intern,2023-01-15,350000,emp1577@mail.com
1578,EMP01578,Male,36.0,14.0,Analyst,2023-01-15,500000,INVALID
1579,EMP01579,,40.0,17.0,Analyst,2023-01-15,350000,INVALID
1580,EMP01580,,41.0,8.0,Engineer,2025-07-01,6 LPA,
1581,EMP01581,male,31.0,5.0,Analyst,15/02/2024,,emp1581@mail.com
1582,EMP01582,Male,55.0,2.0,Analyst,,6 LPA,INVALID
1583,EMP01583,M,28.0,12.0,Intern,2025-07-01,-10000,emp1583@mail.com
1584,EMP01584,male,54.0,13.0,QA,,800000,
1585,EMP01585,M,-2.0,14.0,HR,2023-01-15,500000,emp1585@mail.com
1586,EMP01586,M,58.0,12.0,Intern,2025-07-01,6 LPA,emp1586@mail.com
1587,EMP01587,Male,50.0,9.0,QA,,,
1588,EMP01588,F,28.0,18.0,QA,,800000,
1589,EMP01589,M,31.0,99.0,Analyst,,350000,INVALID
1590,EMP01590,Female,43.0,1.0,QA,2025-07-01,800000,
1591,EMP01591,F,24.0,8.0,Engineer,,350000,
1592,EMP01592,F,56.0,,Engineer,2023-01-15,-10000,
1593,EMP01593,Male,28.0,4.0,Intern,2023-01-15,-10000,emp1593@mail.com
1594,EMP01594,male,51.0,8.0,Intern,,800000,emp1594@mail.com
1595,EMP01595,F,25.0,16.0,Analyst,2023-01-15,800000,INVALID
1596,EMP01596,Female,22.0,19.0,Analyst,,6 LPA,INVALID
1597,EMP01597,,38.0,,Manager,15/02/2024,,
1598,EMP01598,Female,44.0,99.0,Intern,,500000,emp1598@mail.com
1599,EMP01599,M,59.0,17.0,Engineer,,-10000,
1600,EMP01600,,55.0,18.0,HR,2025-07-01,500000,INVALID
1601,EMP01601,F,20.0,13.0,QA,15/02/2024,500000,emp1601@mail.com
1602,EMP01602,F,52.0,15.0,Analyst,,350000,emp1602@mail.com
1603,EMP01603,,47.0,4.0,Intern,2025-07-01,,
1604,EMP01604,M,42.0,7.0,Manager,2025-07-01,,INVALID
1605,EMP01605,,39.0,12.0,QA,,800000,INVALID
1606,EMP01606,,38.0,13.0,QA,2023-01-15,800000,INVALID
1607,EMP01607,F,58.0,14.0,Manager,2025-07-01,800000,
1608,EMP01608,,46.0,13.0,QA,2025-07-01,500000,
1609,EMP01609,Female,20.0,2.0,Engineer,2025-07-01,800000,INVALID
1610,EMP01610,,50.0,16.0,Engineer,,500000,INVALID
1611,EMP01611,M,99.0,1.0,HR,2025-07-01,350000,INVALID
1612,EMP01612,,38.0,9.0,Engineer,,500000,emp1612@mail.com
1613,EMP01613,,21.0,18.0,Engineer,2023-01-15,350000,
1614,EMP01614,F,60.0,5.0,QA,,6 LPA,emp1614@mail.com
1615,EMP01615,Female,30.0,6.0,Engineer,15/02/2024,350000,emp1615@mail.com
1616,EMP01616,male,25.0,7.0,Engineer,15/02/2024,350000,emp1616@mail.com
1617,EMP01617,M,29.0,3.0,Engineer,15/02/2024,350000,
1618,EMP01618,male,39.0,4.0,Analyst,,800000,
1619,EMP01619,,22.0,2.0,Analyst,,6 LPA,INVALID
1620,EMP01620,male,32.0,13.0,HR,15/02/2024,6 LPA,emp1620@mail.com
1621,EMP01621,Female,28.0,2.0,QA,,6 LPA,
1622,EMP01622,Female,54.0,,Analyst,15/02/2024,800000,emp1622@mail.com
1623,EMP01623,F,60.0,12.0,Intern,,350000,INVALID
1624,EMP01624,male,43.0,17.0,Engineer,,6 LPA,
1625,EMP01625,F,22.0,7.0,QA,,,INVALID
1626,EMP01626,M,45.0,1.0,Engineer,2025-07-01,6 LPA,INVALID
1627,EMP01627,,49.0,8.0,QA,15/02/2024,350000,INVALID
1628,EMP01628,,26.0,13.0,Manager,15/02/2024,6 LPA,
1629,EMP01629,,25.0,12.0,Analyst,2023-01-15,-10000,INVALID
1630,EMP01630,F,39.0,,Engineer,,-10000,INVALID
1631,EMP01631,Female,57.0,19.0,QA,15/02/2024,500000,emp1631@mail.com
1632,EMP01632,M,-2.0,20.0,HR,,800000,
1633,EMP01633,Male,39.0,2.0,Analyst,2025-07-01,-10000,emp1633@mail.com
1634,EMP01634,M,46.0,,Analyst,2023-01-15,-10000,emp1634@mail.com
1635,EMP01635,,54.0,11.0,QA,15/02/2024,500000,INVALID
1636,EMP01636,Female,46.0,5.0,Intern,2025-07-01,-10000,INVALID
1637,EMP01637,F,47.0,,Analyst,2023-01-15,,emp1637@mail.com
1638,EMP01638,Male,27.0,5.0,Engineer,2023-01-15,800000,
1639,EMP01639,male,35.0,1.0,QA,2023-01-15,500000,INVALID
1640,EMP01640,F,22.0,3.0,QA,,6 LPA,
1641,EMP01641,Male,58.0,6.0,Analyst,2023-01-15,-10000,emp1641@mail.com
1642,EMP01642,F,27.0,8.0,QA,,800000,
1643,EMP01643,,21.0,20.0,Manager,2025-07-01,6 LPA,
1644,EMP01644,M,53.0,18.0,Manager,2023-01-15,-10000,
1645,EMP01645,Male,46.0,5.0,Analyst,,-10000,
1646,EMP01646,F,20.0,13.0,Analyst,15/02/2024,500000,INVALID
1647,EMP01647,Male,56.0,7.0,Engineer,2025-07-01,800000,emp1647@mail.com
1648,EMP01648,Male,25.0,4.0,HR,,350000,
1649,EMP01649,Male,22.0,7.0,Intern,2025-07-01,800000,INVALID
1650,EMP01650,Male,25.0,1.0,QA,,-10000,
1651,EMP01651,Female,56.0,12.0,Engineer,2025-07-01,500000,
1652,EMP01652,,48.0,14.0,Manager,,350000,INVALID
1653,EMP01653,Male,56.0,9.0,Engineer,,800000,
1654,EMP01654,male,48.0,16.0,Engineer,2023-01-15,-10000,
1655,EMP01655,Female,22.0,13.0,Intern,2025-07-01,800000,
1656,EMP01656,,54.0,5.0,QA,2025-07-01,,INVALID
1657,EMP01657,male,56.0,12.0,Engineer,,800000,
1658,EMP01658,male,41.0,2.0,QA,15/02/2024,500000,
1659,EMP01659,,23.0,3.0,Engineer,,6 LPA,INVALID
1660,EMP01660,F,43.0,2.0,QA,2025-07-01,500000,INVALID
1661,EMP01661,Female,60.0,11.0,Analyst,,6 LPA,emp1661@mail.com
1662,EMP01662,F,46.0,11.0,Analyst,2025-07-01,,
1663,EMP01663,M,32.0,11.0,Intern,15/02/2024,500000,
1664,EMP01664,F,43.0,16.0,Analyst,,500000,emp1664@mail.com
1665,EMP01665,,51.0,4.0,Manager,,6 LPA,
1666,EMP01666,male,51.0,3.0,Analyst,2025-07-01,-10000,INVALID
1667,EMP01667,male,22.0,14.0,Engineer,2025-07-01,,
1668,EMP01668,Female,28.0,9.0,HR,2025-07-01,-10000,
1669,EMP01669,Male,35.0,3.0,HR,2025-07-01,350000,INVALID
1670,EMP01670,,56.0,8.0,Analyst,,,INVALID
1671,EMP01671,Female,27.0,15.0,Engineer,,6 LPA,INVALID
1672,EMP01672,Male,38.0,5.0,Analyst,,350000,INVALID
1673,EMP01673,F,33.0,9.0,Engineer,2025-07-01,6 LPA,
1674,EMP01674,male,53.0,7.0,QA,2023-01-15,800000,emp1674@mail.com
1675,EMP01675,Male,51.0,4.0,Engineer,,6 LPA,INVALID
1676,EMP01676,F,21.0,2.0,Intern,2025-07-01,500000,
1677,EMP01677,M,42.0,4.0,HR,2025-07-01,350000,emp1677@mail.com
1678,EMP01678,,52.0,20.0,Engineer,2023-01-15,-10000,
1679,EMP01679,Female,29.0,3.0,QA,2025-07-01,,
1680,EMP01680,Male,20.0,18.0,Analyst,2025-07-01,,
1681,EMP01681,M,42.0,20.0,Intern,,,
1682,EMP01682,F,47.0,8.0,HR,2025-07-01,350000,
1683,EMP01683,M,-2.0,7.0,Engineer,2023-01-15,500000,
1684,EMP01684,Female,41.0,15.0,Analyst,2025-07-01,6 LPA,INVALID
1685,EMP01685,F,28.0,14.0,HR,,6 LPA,INVALID
1686,EMP01686,male,53.0,10.0,Analyst,2023-01-15,6 LPA,emp1686@mail.com
1687,EMP01687,F,48.0,1.0,Engineer,15/02/2024,350000,INVALID
1688,EMP01688,male,37.0,17.0,Engineer,15/02/2024,-10000,
1689,EMP01689,Male,51.0,2.0,Manager,,350000,
1690,EMP01690,,55.0,17.0,HR,,500000,INVALID
1691,EMP01691,,47.0,4.0,Engineer,2023-01-15,800000,
1692,EMP01692,F,45.0,2.0,QA,15/02/2024,6 LPA,emp1692@mail.com
1693,EMP01693,M,54.0,19.0,Analyst,2025-07-01,-10000,
1694,EMP01694,F,39.0,,Intern,2023-01-15,800000,INVALID
1695,EMP01695,male,60.0,16.0,Manager,2025-07-01,800000,
1696,EMP01696,F,59.0,99.0,Manager,15/02/2024,800000,INVALID
1697,EMP01697,male,26.0,5.0,Manager,2023-01-15,800000,
1698,EMP01698,,56.0,3.0,HR,15/02/2024,-10000,
1699,EMP01699,M,21.0,3.0,Engineer,2025-07-01,6 LPA,INVALID
1700,EMP01700,Female,34.0,16.0,Engineer,2025-07-01,-10000,
1701,EMP01701,,40.0,17.0,Engineer,2025-07-01,-10000,emp1701@mail.com
1702,EMP01702,F,-2.0,16.0,QA,2025-07-01,,
1703,EMP01703,,21.0,8.0,Manager,,350000,
1704,EMP01704,Female,48.0,19.0,Manager,,800000,emp1704@mail.com
1705,EMP01705,Female,49.0,7.0,Intern,2025-07-01,350000,
1706,EMP01706,M,45.0,20.0,HR,,800000,emp1706@mail.com
1707,EMP01707,male,22.0,12.0,QA,15/02/2024,,INVALID
1708,EMP01708,M,34.0,13.0,Engineer,,,
1709,EMP01709,male,99.0,17.0,Analyst,2023-01-15,350000,emp1709@mail.com
1710,EMP01710,F,39.0,16.0,Engineer,15/02/2024,,INVALID
1711,EMP01711,M,49.0,,Analyst,,6 LPA,INVALID
1712,EMP01712,F,59.0,5.0,Analyst,2025-07-01,500000,INVALID
1713,EMP01713,Female,22.0,3.0,Intern,,800000,emp1713@mail.com
1714,EMP01714,Male,39.0,11.0,HR,2023-01-15,800000,emp1714@mail.com
1715,EMP01715,,59.0,10.0,HR,,800000,INVALID
1716,EMP01716,F,43.0,8.0,Engineer,,-10000,
1717,EMP01717,F,39.0,5.0,Manager,15/02/2024,350000,
1718,EMP01718,M,47.0,12.0,HR,15/02/2024,6 LPA,
1719,EMP01719,Female,20.0,11.0,QA,2025-07-01,800000,emp1719@mail.com
1720,EMP01720,Female,22.0,10.0,Manager,2025-07-01,350000,
1721,EMP01721,Male,99.0,,HR,,350000,INVALID
1722,EMP01722,male,50.0,18.0,Engineer,,,
1723,EMP01723,F,56.0,16.0,Intern,,800000,INVALID
1724,EMP01724,F,99.0,,Manager,2023-01-15,6 LPA,emp1724@mail.com
1725,EMP01725,F,42.0,14.0,QA,,350000,
1726,EMP01726,male,24.0,19.0,Engineer,2025-07-01,6 LPA,
1727,EMP01727,,22.0,15.0,Manager,,350000,INVALID
1728,EMP01728,male,29.0,7.0,QA,,,
1729,EMP01729,F,49.0,14.0,Manager,15/02/2024,6 LPA,INVALID
1730,EMP01730,Female,22.0,13.0,QA,,-10000,
1731,EMP01731,M,58.0,,Engineer,2025-07-01,,emp1731@mail.com
1732,EMP01732,M,34.0,1.0,HR,2023-01-15,-10000,emp1732@mail.com
1733,EMP01733,,34.0,,Manager,,,
1734,EMP01734,F,35.0,12.0,Manager,2025-07-01,800000,
1735,EMP01735,Female,46.0,7.0,Intern,2023-01-15,500000,emp1735@mail.com
1736,EMP01736,male,52.0,99.0,QA,2025-07-01,500000,
1737,EMP01737,F,34.0,9.0,Analyst,,6 LPA,
1738,EMP01738,,60.0,,Engineer,2023-01-15,800000,
1739,EMP01739,Female,23.0,18.0,Analyst,2025-07-01,6 LPA,
1740,EMP01740,male,43.0,7.0,Intern,,500000,emp1740@mail.com
1741,EMP01741,male,24.0,18.0,Intern,,,
1742,EMP01742,Male,53.0,14.0,QA,,,
1743,EMP01743,Female,46.0,20.0,Engineer,2023-01-15,-10000,INVALID
1744,EMP01744,F,56.0,5.0,Manager,15/02/2024,800000,INVALID
1745,EMP01745,M,26.0,2.0,Analyst,2025-07-01,800000,
1746,EMP01746,male,99.0,6.0,Manager,2025-07-01,350000,
1747,EMP01747,Male,60.0,11.0,HR,,500000,
1748,EMP01748,Male,47.0,19.0,Manager,2023-01-15,500000,emp1748@mail.com
1749,EMP01749,M,-2.0,11.0,Analyst,2025-07-01,500000,emp1749@mail.com
1750,EMP01750,Female,45.0,14.0,Intern,2023-01-15,350000,
1751,EMP01751,Male,60.0,15.0,QA,2025-07-01,-10000,
1752,EMP01752,F,39.0,13.0,QA,,800000,
1753,EMP01753,M,47.0,13.0,Engineer,2023-01-15,800000,INVALID
1754,EMP01754,,50.0,8.0,HR,2023-01-15,-10000,INVALID
1755,EMP01755,Male,59.0,16.0,Intern,15/02/2024,500000,INVALID
1756,EMP01756,F,34.0,18.0,HR,2025-07-01,800000,
1757,EMP01757,F,32.0,15.0,Intern,,350000,
1758,EMP01758,male,32.0,10.0,QA,,-10000,emp1758@mail.com
1759,EMP01759,Female,60.0,17.0,Manager,,6 LPA,
1760,EMP01760,F,36.0,10.0,QA,2023-01-15,6 LPA,INVALID
1761,EMP01761,F,43.0,3.0,QA,2023-01-15,350000,emp1761@mail.com
1762,EMP01762,,50.0,15.0,Manager,2023-01-15,-10000,
1763,EMP01763,Female,54.0,19.0,Analyst,,6 LPA,emp1763@mail.com
1764,EMP01764,,36.0,15.0,QA,2023-01-15,-10000,emp1764@mail.com
1765,EMP01765,Female,32.0,15.0,Engineer,2023-01-15,350000,emp1765@mail.com
1766,EMP01766,,33.0,20.0,Intern,,350000,emp1766@mail.com
1767,EMP01767,M,30.0,,Intern,,500000,emp1767@mail.com
1768,EMP01768,Male,28.0,6.0,QA,2025-07-01,,
1769,EMP01769,F,52.0,1.0,QA,2025-07-01,800000,emp1769@mail.com
1770,EMP01770,Male,20.0,5.0,Manager,15/02/2024,,INVALID
1771,EMP01771,Male,52.0,11.0,QA,2023-01-15,350000,INVALID
1772,EMP01772,,99.0,16.0,Engineer,,6 LPA,emp1772@mail.com
1773,EMP01773,M,47.0,2.0,QA,,500000,
1774,EMP01774,Male,36.0,4.0,Analyst,2025-07-01,500000,INVALID
1775,EMP01775,Female,39.0,7.0,HR,15/02/2024,6 LPA,emp1775@mail.com
1776,EMP01776,F,53.0,4.0,Intern,2025-07-01,800000,
1777,EMP01777,Female,46.0,17.0,HR,,350000,
1778,EMP01778,Male,99.0,5.0,QA,2023-01-15,800000,
1779,EMP01779,F,27.0,11.0,QA,2025-07-01,350000,
1780,EMP01780,male,27.0,15.0,Intern,2023-01-15,6 LPA,
1781,EMP01781,Female,32.0,4.0,Manager,2023-01-15,800000,emp1781@mail.com
1782,EMP01782,M,44.0,14.0,Engineer,,350000,INVALID
1783,EMP01783,F,58.0,18.0,HR,,800000,emp1783@mail.com
1784,EMP01784,Male,-2.0,10.0,Intern,2023-01-15,6 LPA,INVALID
1785,EMP01785,,37.0,5.0,QA,2023-01-15,800000,INVALID
1786,EMP01786,,25.0,10.0,QA,2025-07-01,,
1787,EMP01787,male,52.0,15.0,Analyst,2025-07-01,6 LPA,
1788,EMP01788,male,39.0,7.0,Intern,,-10000,emp1788@mail.com
1789,EMP01789,Female,22.0,99.0,Manager,2023-01-15,500000,
1790,EMP01790,Female,44.0,1.0,Manager,2023-01-15,,emp1790@mail.com
1791,EMP01791,,58.0,3.0,QA,2023-01-15,6 LPA,emp1791@mail.com
1792,EMP01792,,-2.0,12.0,Engineer,,6 LPA,emp1792@mail.com
1793,EMP01793,Female,28.0,,Intern,2025-07-01,,
1794,EMP01794,,,3.0,QA,2025-07-01,,INVALID
1795,EMP01795,M,24.0,6.0,Intern,,500000,
1796,EMP01796,male,26.0,11.0,Intern,2023-01-15,500000,
1797,EMP01797,,26.0,5.0,Intern,,6 LPA,INVALID
1798,EMP01798,Female,60.0,17.0,QA,,-10000,INVALID
1799,EMP01799,male,50.0,13.0,QA,15/02/2024,800000,
1800,EMP01800,Male,57.0,16.0,QA,,,emp1800@mail.com
1801,EMP01801,Male,59.0,15.0,Intern,2025-07-01,,
1802,EMP01802,F,23.0,14.0,Analyst,,800000,INVALID
1803,EMP01803,M,29.0,3.0,HR,2025-07-01,800000,INVALID
1804,EMP01804,M,56.0,2.0,QA,15/02/2024,6 LPA,
1805,EMP01805,Female,45.0,2.0,QA,2023-01-15,800000,
1806,EMP01806,Female,55.0,17.0,QA,2025-07-01,350000,emp1806@mail.com
1807,EMP01807,M,24.0,12.0,Manager,2025-07-01,800000,emp1807@mail.com
1808,EMP01808,Female,49.0,9.0,Engineer,15/02/2024,800000,emp1808@mail.com
1809,EMP01809,M,57.0,15.0,Analyst,,350000,
1810,EMP01810,M,46.0,19.0,Intern,,,INVALID
1811,EMP01811,,99.0,19.0,Engineer,,350000,INVALID
1812,EMP01812,,29.0,9.0,Intern,2025-07-01,6 LPA,emp1812@mail.com
1813,EMP01813,,,,HR,2025-07-01,,
1814,EMP01814,male,36.0,14.0,Engineer,15/02/2024,500000,
1815,EMP01815,male,29.0,6.0,Engineer,2025-07-01,350000,emp1815@mail.com
1816,EMP01816,male,59.0,16.0,Manager,,6 LPA,emp1816@mail.com
1817,EMP01817,F,41.0,1.0,Engineer,,800000,INVALID
1818,EMP01818,Male,58.0,5.0,Manager,2025-07-01,6 LPA,
1819,EMP01819,Male,56.0,7.0,Manager,2025-07-01,,
1820,EMP01820,M,41.0,17.0,QA,2025-07-01,350000,
1821,EMP01821,male,-2.0,4.0,QA,2023-01-15,,
1822,EMP01822,male,45.0,15.0,Manager,2023-01-15,6 LPA,emp1822@mail.com
1823,EMP01823,Male,41.0,10.0,Engineer,15/02/2024,350000,
1824,EMP01824,Male,34.0,1.0,Engineer,,500000,emp1824@mail.com
1825,EMP01825,Female,20.0,19.0,HR,15/02/2024,800000,
1826,EMP01826,F,31.0,14.0,QA,15/02/2024,800000,
1827,EMP01827,F,52.0,8.0,Manager,2025-07-01,6 LPA,INVALID
1828,EMP01828,Male,31.0,12.0,QA,2023-01-15,500000,
1829,EMP01829,F,55.0,2.0,HR,2023-01-15,500000,INVALID
1830,EMP01830,Male,37.0,8.0,Analyst,,-10000,INVALID
1831,EMP01831,F,60.0,7.0,Intern,2025-07-01,350000,
1832,EMP01832,Female,24.0,20.0,Intern,2025-07-01,,
1833,EMP01833,M,56.0,19.0,Engineer,2025-07-01,500000,
1834,EMP01834,M,-2.0,99.0,Manager,,,emp1834@mail.com
1835,EMP01835,,41.0,16.0,Intern,2023-01-15,800000,
1836,EMP01836,Female,46.0,9.0,QA,,6 LPA,
1837,EMP01837,F,46.0,,Analyst,2025-07-01,500000,
1838,EMP01838,,48.0,16.0,Manager,,350000,INVALID
1839,EMP01839,Male,45.0,15.0,HR,,-10000,emp1839@mail.com
1840,EMP01840,M,45.0,19.0,QA,,350000,emp1840@mail.com
1841,EMP01841,Female,29.0,4.0,QA,2025-07-01,-10000,
1842,EMP01842,,49.0,10.0,Manager,15/02/2024,,emp1842@mail.com
1843,EMP01843,Male,47.0,4.0,Engineer,2023-01-15,800000,emp1843@mail.com
1844,EMP01844,M,51.0,12.0,Analyst,2023-01-15,-10000,emp1844@mail.com
1845,EMP01845,male,36.0,18.0,HR,2023-01-15,,
1846,EMP01846,,26.0,16.0,HR,2023-01-15,500000,
1847,EMP01847,Female,38.0,14.0,Manager,2023-01-15,350000,INVALID
1848,EMP01848,,27.0,7.0,Manager,2025-07-01,800000,emp1848@mail.com
1849,EMP01849,male,42.0,12.0,Intern,,,
1850,EMP01850,M,42.0,8.0,QA,,800000,INVALID
1851,EMP01851,F,52.0,12.0,QA,2025-07-01,6 LPA,INVALID
1852,EMP01852,F,54.0,15.0,HR,2025-07-01,-10000,INVALID
1853,EMP01853,male,44.0,11.0,Engineer,,350000,INVALID
1854,EMP01854,Female,56.0,13.0,QA,15/02/2024,500000,emp1854@mail.com
1855,EMP01855,,60.0,99.0,Intern,2023-01-15,800000,
1856,EMP01856,Female,53.0,11.0,HR,,6 LPA,emp1856@mail.com
1857,EMP01857,,23.0,13.0,HR,2023-01-15,,
1858,EMP01858,male,52.0,10.0,Analyst,2025-07-01,500000,
1859,EMP01859,male,60.0,15.0,Manager,15/02/2024,350000,
1860,EMP01860,F,36.0,14.0,QA,,800000,
1861,EMP01861,male,99.0,13.0,Manager,2023-01-15,350000,INVALID
1862,EMP01862,Male,48.0,16.0,Manager,,800000,emp1862@mail.com
1863,EMP01863,Male,20.0,16.0,Analyst,,800000,
1864,EMP01864,Male,56.0,17.0,Engineer,2025-07-01,6 LPA,INVALID
1865,EMP01865,F,25.0,10.0,Intern,2023-01-15,,
1866,EMP01866,Female,33.0,1.0,Intern,2025-07-01,800000,
1867,EMP01867,Female,21.0,,QA,2023-01-15,,
1868,EMP01868,Male,25.0,18.0,Analyst,2025-07-01,800000,
1869,EMP01869,F,58.0,6.0,Intern,2023-01-15,,emp1869@mail.com
1870,EMP01870,Male,31.0,13.0,Manager,,500000,
1871,EMP01871,,54.0,14.0,HR,15/02/2024,350000,INVALID
1872,EMP01872,Female,58.0,2.0,QA,2025-07-01,6 LPA,emp1872@mail.com
1873,EMP01873,male,22.0,11.0,Engineer,,,INVALID
1874,EMP01874,,26.0,8.0,Manager,,350000,
1875,EMP01875,Male,29.0,12.0,HR,15/02/2024,500000,
1876,EMP01876,Male,57.0,15.0,Engineer,15/02/2024,,emp1876@mail.com
1877,EMP01877,Female,99.0,3.0,Engineer,15/02/2024,350000,emp1877@mail.com
1878,EMP01878,male,60.0,3.0,Engineer,2025-07-01,-10000,
1879,EMP01879,Male,44.0,99.0,QA,15/02/2024,800000,emp1879@mail.com
1880,EMP01880,F,-2.0,99.0,Intern,,350000,
1881,EMP01881,M,44.0,2.0,Engineer,2025-07-01,-10000,
1882,EMP01882,male,29.0,99.0,Manager,15/02/2024,,
1883,EMP01883,M,36.0,14.0,Engineer,15/02/2024,800000,
1884,EMP01884,,34.0,10.0,Intern,2025-07-01,-10000,
1885,EMP01885,M,50.0,8.0,HR,2025-07-01,800000,INVALID
1886,EMP01886,F,21.0,,Manager,,6 LPA,INVALID
1887,EMP01887,,36.0,18.0,Manager,15/02/2024,350000,
1888,EMP01888,F,42.0,11.0,Engineer,,,emp1888@mail.com
1889,EMP01889,male,47.0,9.0,Engineer,15/02/2024,-10000,
1890,EMP01890,male,48.0,5.0,HR,,350000,
1891,EMP01891,male,54.0,2.0,Intern,2025-07-01,500000,
1892,EMP01892,F,41.0,18.0,Manager,,-10000,
1893,EMP01893,Female,29.0,11.0,HR,,800000,emp1893@mail.com
1894,EMP01894,F,49.0,17.0,Manager,15/02/2024,6 LPA,emp1894@mail.com
1895,EMP01895,Male,55.0,5.0,QA,,350000,
1896,EMP01896,male,47.0,11.0,Engineer,,,
1897,EMP01897,male,47.0,12.0,Engineer,,6 LPA,emp1897@mail.com
1898,EMP01898,,43.0,17.0,HR,,,INVALID
1899,EMP01899,F,49.0,19.0,Intern,,-10000,emp1899@mail.com
1900,EMP01900,,56.0,,Engineer,15/02/2024,800000,
1901,EMP01901,M,58.0,17.0,Analyst,2023-01-15,500000,INVALID
1902,EMP01902,M,39.0,18.0,Engineer,,500000,
1903,EMP01903,Male,31.0,8.0,Intern,2025-07-01,,emp1903@mail.com
1904,EMP01904,M,43.0,19.0,Engineer,15/02/2024,,INVALID
1905,EMP01905,,39.0,8.0,Intern,15/02/2024,500000,emp1905@mail.com
1906,EMP01906,male,55.0,6.0,QA,,500000,INVALID
1907,EMP01907,,33.0,20.0,Manager,2023-01-15,6 LPA,INVALID
1908,EMP01908,,40.0,14.0,Analyst,15/02/2024,-10000,
1909,EMP01909,F,32.0,18.0,Engineer,15/02/2024,,
1910,EMP01910,Female,38.0,8.0,Analyst,2023-01-15,,INVALID
1911,EMP01911,F,45.0,9.0,Manager,,,INVALID
1912,EMP01912,Female,21.0,4.0,HR,2025-07-01,800000,
1913,EMP01913,M,45.0,18.0,Engineer,15/02/2024,350000,
1914,EMP01914,,37.0,14.0,Engineer,15/02/2024,350000,INVALID
1915,EMP01915,Female,45.0,99.0,Intern,,-10000,
1916,EMP01916,Female,21.0,8.0,QA,,,
1917,EMP01917,Male,28.0,99.0,Engineer,15/02/2024,6 LPA,INVALID
1918,EMP01918,male,47.0,15.0,Analyst,15/02/2024,-10000,INVALID
1919,EMP01919,M,49.0,12.0,Analyst,,350000,
1920,EMP01920,M,46.0,6.0,Analyst,,,INVALID
1921,EMP01921,Male,29.0,12.0,Engineer,15/02/2024,500000,
1922,EMP01922,Female,21.0,6.0,Intern,,,
1923,EMP01923,,47.0,11.0,Analyst,15/02/2024,800000,INVALID
1924,EMP01924,M,37.0,2.0,Intern,15/02/2024,,INVALID
1925,EMP01925,M,37.0,8.0,QA,2023-01-15,-10000,emp1925@mail.com
1926,EMP01926,Female,46.0,9.0,Intern,2025-07-01,500000,emp1926@mail.com
1927,EMP01927,F,41.0,14.0,Engineer,,-10000,
1928,EMP01928,,26.0,3.0,Intern,,,
1929,EMP01929,F,35.0,99.0,Intern,,350000,
1930,EMP01930,male,57.0,99.0,Engineer,,-10000,emp1930@mail.com
1931,EMP01931,M,99.0,20.0,Analyst,,6 LPA,emp1931@mail.com
1932,EMP01932,Male,44.0,14.0,Engineer,,,
1933,EMP01933,M,58.0,14.0,Analyst,2023-01-15,-10000,
1934,EMP01934,M,55.0,10.0,Manager,15/02/2024,-10000,
1935,EMP01935,Male,46.0,19.0,QA,2025-07-01,800000,emp1935@mail.com
1936,EMP01936,male,47.0,20.0,QA,,500000,emp1936@mail.com
1937,EMP01937,F,59.0,7.0,Intern,15/02/2024,-10000,
1938,EMP01938,Female,40.0,17.0,QA,15/02/2024,,emp1938@mail.com
1939,EMP01939,F,29.0,8.0,QA,,-10000,INVALID
1940,EMP01940,Female,22.0,12.0,QA,2025-07-01,6 LPA,
1941,EMP01941,male,45.0,12.0,HR,,6 LPA,
1942,EMP01942,M,51.0,9.0,Manager,2025-07-01,350000,INVALID
1943,EMP01943,F,20.0,12.0,Intern,2023-01-15,350000,
1944,EMP01944,,55.0,2.0,Intern,2023-01-15,350000,emp1944@mail.com
1945,EMP01945,M,37.0,17.0,Analyst,15/02/2024,6 LPA,
1946,EMP01946,F,24.0,10.0,Manager,2023-01-15,350000,emp1946@mail.com
1947,EMP01947,male,99.0,15.0,Intern,,800000,
1948,EMP01948,Female,57.0,4.0,HR,15/02/2024,-10000,INVALID
1949,EMP01949,F,49.0,19.0,HR,,800000,
1950,EMP01950,M,30.0,12.0,HR,,800000,
1951,EMP01951,Female,24.0,19.0,Manager,2025-07-01,800000,emp1951@mail.com
1952,EMP01952,male,27.0,20.0,Manager,2025-07-01,350000,
1953,EMP01953,male,48.0,17.0,HR,2025-07-01,6 LPA,
1954,EMP01954,M,26.0,11.0,Engineer,2023-01-15,800000,INVALID
1955,EMP01955,male,45.0,11.0,Engineer,2025-07-01,-10000,emp1955@mail.com
1956,EMP01956,Male,59.0,18.0,Analyst,15/02/2024,-10000,
1957,EMP01957,Male,32.0,16.0,HR,,350000,
1958,EMP01958,Female,51.0,15.0,Engineer,2023-01-15,,
1959,EMP01959,Male,54.0,8.0,Manager,2023-01-15,500000,INVALID
1960,EMP01960,M,48.0,18.0,Engineer,2025-07-01,800000,emp1960@mail.com
1961,EMP01961,F,26.0,17.0,Engineer,,800000,
1962,EMP01962,male,58.0,13.0,Engineer,,,
1963,EMP01963,,40.0,12.0,Intern,,6 LPA,INVALID
1964,EMP01964,F,24.0,14.0,HR,2025-07-01,500000,emp1964@mail.com
1965,EMP01965,Male,55.0,2.0,Engineer,2025-07-01,800000,
1966,EMP01966,M,24.0,12.0,QA,,,
1967,EMP01967,Male,55.0,16.0,Intern,,6 LPA,
1968,EMP01968,Male,31.0,7.0,Engineer,2023-01-15,350000,
1969,EMP01969,Male,22.0,18.0,Manager,2023-01-15,-10000,emp1969@mail.com
1970,EMP01970,Female,52.0,15.0,HR,,350000,
1971,EMP01971,M,99.0,20.0,Analyst,,800000,INVALID
1972,EMP01972,,44.0,12.0,Engineer,2025-07-01,350000,
1973,EMP01973,Male,36.0,,Manager,2023-01-15,,
1974,EMP01974,F,40.0,,Intern,15/02/2024,,
1975,EMP01975,Male,34.0,7.0,HR,2023-01-15,-10000,
1976,EMP01976,male,59.0,5.0,Engineer,2023-01-15,500000,
1977,EMP01977,M,57.0,14.0,Manager,,350000,INVALID
1978,EMP01978,Male,33.0,20.0,QA,2023-01-15,-10000,emp1978@mail.com
1979,EMP01979,M,38.0,1.0,Manager,,-10000,
1980,EMP01980,,99.0,16.0,Manager,15/02/2024,800000,emp1980@mail.com
1981,EMP01981,,36.0,15.0,Intern,,-10000,emp1981@mail.com
1982,EMP01982,male,50.0,,HR,,,INVALID
1983,EMP01983,M,42.0,16.0,Intern,15/02/2024,-10000,
1984,EMP01984,M,31.0,99.0,Manager,,500000,
1985,EMP01985,Female,36.0,16.0,QA,,350000,emp1985@mail.com
1986,EMP01986,,32.0,8.0,Analyst,2023-01-15,500000,
1987,EMP01987,Male,99.0,17.0,Manager,2023-01-15,-10000,emp1987@mail.com
1988,EMP01988,male,22.0,5.0,Analyst,,-10000,
1989,EMP01989,,56.0,15.0,Intern,2025-07-01,800000,INVALID
1990,EMP01990,male,,20.0,Manager,2025-07-01,350000,
1991,EMP01991,M,34.0,14.0,Analyst,,500000,
1992,EMP01992,F,30.0,1.0,Analyst,15/02/2024,,INVALID
1993,EMP01993,Male,45.0,10.0,Manager,,800000,emp1993@mail.com
1994,EMP01994,Male,30.0,17.0,Manager,2025-07-01,500000,emp1994@mail.com
1995,EMP01995,Female,56.0,99.0,Intern,,-10000,emp1995@mail.com
1996,EMP01996,Female,39.0,8.0,QA,,-10000,INVALID
1997,EMP01997,M,24.0,6.0,HR,2025-07-01,800000,
1998,EMP01998,,29.0,1.0,Intern,2023-01-15,500000,emp1998@mail.com
1999,EMP01999,M,44.0,17.0,Engineer,2025-07-01,,
2000,EMP02000,F,52.0,18.0,Manager,,6 LPA,
2001,EMP02001,Male,37.0,10.0,QA,2025-07-01,6 LPA,INVALID
2002,EMP02002,Female,36.0,7.0,Analyst,2023-01-15,6 LPA,
2003,EMP02003,male,40.0,17.0,Engineer,,,INVALID
2004,EMP02004,M,35.0,12.0,Engineer,2025-07-01,6 LPA,
2005,EMP02005,Female,30.0,8.0,Manager,,350000,INVALID
2006,EMP02006,male,32.0,7.0,Manager,2023-01-15,350000,INVALID
2007,EMP02007,F,57.0,1.0,QA,15/02/2024,,
2008,EMP02008,M,56.0,6.0,QA,2025-07-01,500000,emp2008@mail.com
2009,EMP02009,Male,46.0,10.0,Manager,,500000,
2010,EMP02010,,40.0,8.0,Analyst,15/02/2024,,emp2010@mail.com
2011,EMP02011,male,25.0,11.0,HR,15/02/2024,,
2012,EMP02012,M,99.0,99.0,HR,2025-07-01,,INVALID
2013,EMP02013,male,58.0,4.0,HR,,800000,
2014,EMP02014,,53.0,15.0,Manager,,-10000,
2015,EMP02015,Female,39.0,17.0,Analyst,2025-07-01,6 LPA,
2016,EMP02016,F,,8.0,Analyst,2025-07-01,,
2017,EMP02017,Male,41.0,14.0,Analyst,,500000,emp2017@mail.com
2018,EMP02018,male,51.0,1.0,HR,2023-01-15,6 LPA,
2019,EMP02019,,44.0,20.0,Engineer,15/02/2024,500000,
2020,EMP02020,M,33.0,4.0,QA,2023-01-15,800000,emp2020@mail.com
2021,EMP02021,,46.0,5.0,Analyst,15/02/2024,,INVALID
2022,EMP02022,,50.0,8.0,Manager,,,
2023,EMP02023,male,33.0,15.0,Engineer,2025-07-01,6 LPA,INVALID
2024,EMP02024,M,34.0,4.0,QA,,6 LPA,
2025,EMP02025,M,45.0,13.0,QA,,6 LPA,
2026,EMP02026,,41.0,15.0,Manager,15/02/2024,500000,INVALID
2027,EMP02027,F,50.0,8.0,Intern,,350000,
2028,EMP02028,Male,31.0,18.0,QA,,800000,
2029,EMP02029,,25.0,20.0,Manager,2025-07-01,,emp2029@mail.com
2030,EMP02030,F,33.0,20.0,HR,15/02/2024,-10000,
2031,EMP02031,F,43.0,14.0,QA,,800000,
2032,EMP02032,,49.0,16.0,QA,,,
2033,EMP02033,Male,20.0,16.0,Manager,2025-07-01,-10000,INVALID
2034,EMP02034,Male,53.0,,Intern,,-10000,
2035,EMP02035,F,-2.0,20.0,Manager,15/02/2024,500000,emp2035@mail.com
2036,EMP02036,,56.0,18.0,Manager,2025-07-01,,
2037,EMP02037,M,35.0,8.0,Analyst,2025-07-01,350000,
2038,EMP02038,F,56.0,14.0,Manager,2023-01-15,500000,
2039,EMP02039,M,44.0,9.0,HR,2023-01-15,800000,emp2039@mail.com
2040,EMP02040,Male,99.0,18.0,Engineer,,6 LPA,
2041,EMP02041,Male,52.0,3.0,Analyst,2025-07-01,-10000,INVALID
2042,EMP02042,F,58.0,8.0,Engineer,2023-01-15,,emp2042@mail.com
2043,EMP02043,F,53.0,11.0,Engineer,2025-07-01,800000,
2044,EMP02044,M,32.0,10.0,HR,,6 LPA,emp2044@mail.com
2045,EMP02045,,59.0,6.0,QA,,,
2046,EMP02046,male,29.0,99.0,Intern,2023-01-15,350000,
2047,EMP02047,,29.0,18.0,Intern,2023-01-15,350000,
2048,EMP02048,M,41.0,19.0,Analyst,15/02/2024,350000,emp2048@mail.com
2049,EMP02049,F,48.0,,Analyst,,,INVALID
2050,EMP02050,Male,35.0,19.0,QA,,350000,
2051,EMP02051,Female,37.0,5.0,HR,2025-07-01,,
2052,EMP02052,F,39.0,,QA,2023-01-15,6 LPA,emp2052@mail.com
2053,EMP02053,M,60.0,14.0,Engineer,2023-01-15,-10000,INVALID
2054,EMP02054,M,23.0,6.0,Analyst,15/02/2024,350000,
2055,EMP02055,male,57.0,9.0,Intern,2025-07-01,800000,
2056,EMP02056,M,33.0,19.0,Manager,2023-01-15,-10000,emp2056@mail.com
2057,EMP02057,Female,44.0,18.0,HR,15/02/2024,-10000,
2058,EMP02058,Male,36.0,99.0,Engineer,2023-01-15,-10000,emp2058@mail.com
2059,EMP02059,F,55.0,14.0,HR,,800000,
2060,EMP02060,Male,53.0,13.0,HR,15/02/2024,-10000,
2061,EMP02061,M,25.0,16.0,HR,15/02/2024,,emp2061@mail.com
2062,EMP02062,Male,25.0,8.0,Analyst,,6 LPA,emp2062@mail.com
2063,EMP02063,Male,58.0,7.0,HR,,-10000,
2064,EMP02064,male,30.0,3.0,QA,2025-07-01,6 LPA,INVALID
2065,EMP02065,Female,46.0,8.0,QA,2023-01-15,350000,emp2065@mail.com
2066,EMP02066,Male,56.0,4.0,HR,2025-07-01,500000,emp2066@mail.com
2067,EMP02067,male,58.0,19.0,HR,,350000,
2068,EMP02068,Male,34.0,13.0,QA,,,INVALID
2069,EMP02069,,37.0,6.0,QA,,800000,emp2069@mail.com
2070,EMP02070,,29.0,15.0,Intern,15/02/2024,500000,
2071,EMP02071,M,24.0,3.0,Engineer,2025-07-01,350000,INVALID
2072,EMP02072,Female,41.0,99.0,HR,2025-07-01,500000,
2073,EMP02073,male,35.0,8.0,Engineer,,500000,INVALID
2074,EMP02074,F,59.0,20.0,Engineer,15/02/2024,,INVALID
2075,EMP02075,,43.0,12.0,Engineer,2025-07-01,-10000,INVALID
2076,EMP02076,Male,58.0,9.0,HR,,500000,emp2076@mail.com
2077,EMP02077,Male,,2.0,Engineer,15/02/2024,-10000,INVALID
2078,EMP02078,male,51.0,19.0,Engineer,2023-01-15,800000,
2079,EMP02079,,,3.0,Analyst,2025-07-01,500000,INVALID
2080,EMP02080,M,51.0,18.0,QA,,-10000,
2081,EMP02081,F,28.0,7.0,Intern,,-10000,emp2081@mail.com
2082,EMP02082,M,49.0,15.0,Intern,2025-07-01,800000,INVALID
2083,EMP02083,F,,1.0,Analyst,,,INVALID
2084,EMP02084,F,44.0,8.0,Engineer,2023-01-15,500000,
2085,EMP02085,,30.0,14.0,HR,2023-01-15,800000,INVALID
2086,EMP02086,M,30.0,15.0,HR,,,emp2086@mail.com
2087,EMP02087,M,33.0,14.0,Manager,15/02/2024,-10000,emp2087@mail.com
2088,EMP02088,,53.0,6.0,HR,,-10000,
2089,EMP02089,Male,41.0,12.0,QA,,500000,emp2089@mail.com
2090,EMP02090,Male,52.0,13.0,Manager,,6 LPA,INVALID
2091,EMP02091,male,60.0,16.0,Analyst,2023-01-15,500000,emp2091@mail.com
2092,EMP02092,M,53.0,14.0,Engineer,2025-07-01,800000,emp2092@mail.com
2093,EMP02093,Female,29.0,7.0,Intern,15/02/2024,,INVALID
2094,EMP02094,male,24.0,11.0,Analyst,2025-07-01,6 LPA,emp2094@mail.com
2095,EMP02095,Male,-2.0,5.0,Manager,2025-07-01,500000,
2096,EMP02096,male,,99.0,Intern,2025-07-01,350000,emp2096@mail.com
2097,EMP02097,Male,48.0,9.0,QA,,,INVALID
2098,EMP02098,,32.0,4.0,Intern,,6 LPA,INVALID
2099,EMP02099,Female,36.0,,Intern,,-10000,
2100,EMP02100,Female,20.0,,QA,2023-01-15,-10000,
2101,EMP02101,male,37.0,13.0,Intern,15/02/2024,-10000,INVALID
2102,EMP02102,Male,59.0,1.0,Intern,2023-01-15,800000,emp2102@mail.com
2103,EMP02103,,60.0,4.0,Analyst,2023-01-15,350000,
2104,EMP02104,Male,33.0,15.0,Engineer,2025-07-01,800000,INVALID
2105,EMP02105,Male,32.0,99.0,Engineer,,6 LPA,
2106,EMP02106,M,27.0,14.0,HR,15/02/2024,-10000,
2107,EMP02107,F,28.0,14.0,QA,2023-01-15,-10000,
2108,EMP02108,Male,44.0,15.0,Analyst,15/02/2024,-10000,
2109,EMP02109,F,20.0,8.0,QA,15/02/2024,-10000,emp2109@mail.com
2110,EMP02110,male,58.0,6.0,Intern,15/02/2024,,INVALID
2111,EMP02111,M,50.0,13.0,QA,,800000,INVALID
2112,EMP02112,Female,44.0,,QA,15/02/2024,800000,INVALID
2113,EMP02113,,60.0,11.0,Analyst,2023-01-15,6 LPA,INVALID
2114,EMP02114,male,41.0,9.0,HR,2023-01-15,800000,
2115,EMP02115,Male,35.0,6.0,Manager,,500000,
2116,EMP02116,M,28.0,19.0,HR,15/02/2024,,emp2116@mail.com
2117,EMP02117,Female,99.0,9.0,HR,,6 LPA,emp2117@mail.com
2118,EMP02118,Female,56.0,99.0,HR,2023-01-15,-10000,
2119,EMP02119,F,32.0,1.0,Intern,2023-01-15,800000,INVALID
2120,EMP02120,Male,,14.0,Analyst,15/02/2024,800000,emp2120@mail.com
2121,EMP02121,Female,28.0,18.0,HR,15/02/2024,800000,
2122,EMP02122,M,-2.0,6.0,Intern,,-10000,
2123,EMP02123,Female,54.0,19.0,QA,,500000,
2124,EMP02124,Male,34.0,9.0,Intern,2023-01-15,800000,
2125,EMP02125,male,22.0,11.0,HR,,350000,
2126,EMP02126,F,47.0,7.0,Manager,2023-01-15,6 LPA,emp2126@mail.com
2127,EMP02127,Male,55.0,6.0,HR,,6 LPA,emp2127@mail.com
2128,EMP02128,Male,33.0,14.0,Manager,2023-01-15,500000,emp2128@mail.com
2129,EMP02129,Female,57.0,5.0,QA,,350000,INVALID
2130,EMP02130,Female,43.0,16.0,Engineer,2025-07-01,350000,
2131,EMP02131,,60.0,6.0,HR,2023-01-15,6 LPA,INVALID
2132,EMP02132,M,47.0,20.0,Intern,2023-01-15,500000,INVALID
2133,EMP02133,Female,56.0,20.0,Intern,,6 LPA,emp2133@mail.com
2134,EMP02134,Female,51.0,1.0,Intern,2025-07-01,-10000,
2135,EMP02135,,41.0,7.0,Manager,,800000,emp2135@mail.com
2136,EMP02136,Female,59.0,,QA,,350000,emp2136@mail.com
2137,EMP02137,Female,,4.0,Analyst,2023-01-15,6 LPA,
2138,EMP02138,male,58.0,18.0,Engineer,2025-07-01,500000,emp2138@mail.com
2139,EMP02139,male,27.0,18.0,Manager,,800000,
2140,EMP02140,M,37.0,99.0,HR,15/02/2024,-10000,emp2140@mail.com
2141,EMP02141,Female,49.0,3.0,HR,15/02/2024,500000,emp2141@mail.com
2142,EMP02142,F,21.0,19.0,HR,2023-01-15,350000,emp2142@mail.com
2143,EMP02143,Male,33.0,12.0,HR,2023-01-15,6 LPA,INVALID
2144,EMP02144,male,25.0,11.0,Analyst,15/02/2024,800000,emp2144@mail.com
2145,EMP02145,,35.0,2.0,Engineer,15/02/2024,-10000,
2146,EMP02146,M,23.0,16.0,HR,,,
2147,EMP02147,,27.0,14.0,Engineer,15/02/2024,-10000,
2148,EMP02148,Male,38.0,17.0,HR,2025-07-01,,
2149,EMP02149,male,40.0,20.0,QA,,-10000,INVALID
2150,EMP02150,male,42.0,15.0,Engineer,,500000,INVALID
2151,EMP02151,,26.0,13.0,QA,2025-07-01,,
2152,EMP02152,male,31.0,8.0,Intern,2023-01-15,,
2153,EMP02153,Female,21.0,16.0,Manager,,-10000,
2154,EMP02154,Female,39.0,16.0,Analyst,2025-07-01,800000,INVALID
2155,EMP02155,male,42.0,8.0,Intern,2025-07-01,350000,emp2155@mail.com
2156,EMP02156,Female,25.0,1.0,QA,15/02/2024,500000,emp2156@mail.com
2157,EMP02157,M,57.0,99.0,Engineer,,350000,INVALID
2158,EMP02158,Male,36.0,9.0,Engineer,,6 LPA,
2159,EMP02159,Female,21.0,9.0,HR,15/02/2024,-10000,emp2159@mail.com
2160,EMP02160,F,41.0,4.0,Analyst,2023-01-15,-10000,INVALID
2161,EMP02161,F,31.0,2.0,HR,2025-07-01,500000,INVALID
2162,EMP02162,Female,37.0,9.0,Engineer,2025-07-01,-10000,
2163,EMP02163,M,58.0,19.0,HR,15/02/2024,,INVALID
2164,EMP02164,Female,52.0,13.0,Manager,2025-07-01,500000,emp2164@mail.com
2165,EMP02165,,21.0,99.0,Intern,,-10000,emp2165@mail.com
2166,EMP02166,Female,27.0,18.0,Manager,,800000,INVALID
2167,EMP02167,F,55.0,13.0,Manager,2023-01-15,350000,emp2167@mail.com
2168,EMP02168,M,20.0,8.0,Manager,2025-07-01,350000,
2169,EMP02169,,44.0,14.0,Analyst,15/02/2024,350000,
2170,EMP02170,male,45.0,9.0,Engineer,,6 LPA,emp2170@mail.com
2171,EMP02171,,45.0,8.0,Intern,2023-01-15,800000,
2172,EMP02172,F,40.0,3.0,Manager,15/02/2024,,INVALID
2173,EMP02173,Female,30.0,8.0,Engineer,2025-07-01,800000,
2174,EMP02174,F,55.0,13.0,Manager,2023-01-15,800000,
2175,EMP02175,male,27.0,2.0,Manager,,6 LPA,
2176,EMP02176,,50.0,16.0,QA,2023-01-15,350000,
2177,EMP02177,M,38.0,5.0,Manager,,800000,
2178,EMP02178,Female,58.0,18.0,Engineer,,6 LPA,emp2178@mail.com
2179,EMP02179,male,24.0,16.0,HR,,800000,
2180,EMP02180,F,49.0,3.0,Manager,2023-01-15,500000,INVALID
2181,EMP02181,Male,53.0,2.0,QA,,350000,
2182,EMP02182,Male,28.0,18.0,HR,,350000,
2183,EMP02183,,99.0,13.0,Analyst,2023-01-15,500000,
2184,EMP02184,Female,30.0,13.0,Intern,2025-07-01,500000,INVALID
2185,EMP02185,male,33.0,7.0,Engineer,,500000,INVALID
2186,EMP02186,male,29.0,99.0,Engineer,15/02/2024,500000,
2187,EMP02187,Male,35.0,15.0,Intern,15/02/2024,500000,
2188,EMP02188,M,47.0,14.0,Engineer,15/02/2024,800000,emp2188@mail.com
2189,EMP02189,M,25.0,16.0,Analyst,15/02/2024,6 LPA,
2190,EMP02190,Male,39.0,16.0,Engineer,,6 LPA,
2191,EMP02191,F,54.0,14.0,QA,2025-07-01,-10000,emp2191@mail.com
2192,EMP02192,M,30.0,6.0,Engineer,,500000,
2193,EMP02193,M,44.0,4.0,QA,15/02/2024,500000,emp2193@mail.com
2194,EMP02194,male,50.0,16.0,Intern,,800000,
2195,EMP02195,M,33.0,9.0,Analyst,15/02/2024,6 LPA,
2196,EMP02196,M,38.0,9.0,Analyst,15/02/2024,500000,
2197,EMP02197,F,34.0,2.0,Manager,15/02/2024,500000,INVALID
2198,EMP02198,Female,35.0,2.0,QA,,800000,
2199,EMP02199,Male,46.0,99.0,Intern,2025-07-01,500000,emp2199@mail.com
2200,EMP02200,F,21.0,7.0,QA,,-10000,INVALID
2201,EMP02201,Female,99.0,13.0,HR,15/02/2024,-10000,
2202,EMP02202,Female,42.0,16.0,Manager,15/02/2024,,
2203,EMP02203,Female,52.0,18.0,Engineer,,,INVALID
2204,EMP02204,,52.0,7.0,Engineer,,800000,
2205,EMP02205,M,48.0,13.0,Intern,,,
2206,EMP02206,M,43.0,,QA,15/02/2024,,
2207,EMP02207,F,36.0,7.0,HR,,350000,
2208,EMP02208,Male,29.0,19.0,HR,2025-07-01,500000,emp2208@mail.com
2209,EMP02209,F,57.0,13.0,QA,2023-01-15,,
2210,EMP02210,M,42.0,10.0,Engineer,,,INVALID
2211,EMP02211,M,37.0,,Analyst,,-10000,INVALID
2212,EMP02212,M,38.0,4.0,Engineer,15/02/2024,350000,
2213,EMP02213,,51.0,19.0,QA,15/02/2024,,INVALID
2214,EMP02214,M,22.0,19.0,QA,15/02/2024,6 LPA,
2215,EMP02215,,60.0,20.0,Manager,2025-07-01,800000,emp2215@mail.com
2216,EMP02216,M,20.0,9.0,Intern,2025-07-01,6 LPA,INVALID
2217,EMP02217,Male,22.0,1.0,Engineer,,-10000,
2218,EMP02218,M,99.0,13.0,Intern,,6 LPA,
2219,EMP02219,male,99.0,18.0,QA,15/02/2024,-10000,
2220,EMP02220,Female,99.0,4.0,Engineer,2023-01-15,-10000,
2221,EMP02221,Female,39.0,10.0,Analyst,2025-07-01,6 LPA,INVALID
2222,EMP02222,Male,58.0,12.0,Engineer,2023-01-15,-10000,emp2222@mail.com
2223,EMP02223,M,24.0,11.0,HR,15/02/2024,,
2224,EMP02224,male,43.0,6.0,HR,2025-07-01,350000,emp2224@mail.com
2225,EMP02225,F,21.0,20.0,QA,2023-01-15,,INVALID
2226,EMP02226,Female,31.0,3.0,Engineer,2023-01-15,-10000,INVALID
2227,EMP02227,,55.0,2.0,HR,15/02/2024,500000,INVALID
2228,EMP02228,Male,29.0,16.0,Analyst,,500000,
2229,EMP02229,Female,47.0,17.0,Engineer,2025-07-01,350000,INVALID
2230,EMP02230,F,44.0,18.0,HR,,350000,
2231,EMP02231,M,24.0,15.0,QA,15/02/2024,500000,
2232,EMP02232,F,,,QA,,500000,
2233,EMP02233,Male,26.0,12.0,Intern,15/02/2024,350000,
2234,EMP02234,male,30.0,17.0,Engineer,2023-01-15,-10000,INVALID
2235,EMP02235,M,52.0,1.0,Intern,2023-01-15,-10000,
2236,EMP02236,Female,32.0,10.0,Engineer,2023-01-15,-10000,
2237,EMP02237,M,55.0,7.0,Intern,2025-07-01,500000,INVALID
2238,EMP02238,male,58.0,5.0,QA,2023-01-15,350000,INVALID
2239,EMP02239,Male,27.0,8.0,HR,2025-07-01,,
2240,EMP02240,,32.0,14.0,Engineer,,800000,
2241,EMP02241,F,36.0,8.0,Analyst,,800000,
2242,EMP02242,,99.0,3.0,Manager,2023-01-15,,INVALID
2243,EMP02243,,35.0,18.0,QA,,,INVALID
2244,EMP02244,F,46.0,10.0,Manager,2023-01-15,,
2245,EMP02245,M,49.0,12.0,Engineer,,500000,
2246,EMP02246,F,56.0,1.0,QA,,6 LPA,
2247,EMP02247,Male,33.0,5.0,Engineer,,,
2248,EMP02248,Male,23.0,11.0,Analyst,2025-07-01,350000,INVALID
2249,EMP02249,male,28.0,8.0,Engineer,,800000,emp2249@mail.com
2250,EMP02250,Male,51.0,12.0,Intern,,6 LPA,INVALID
2251,EMP02251,,34.0,20.0,Manager,2025-07-01,,emp2251@mail.com
2252,EMP02252,Female,42.0,,QA,,500000,
2253,EMP02253,Male,20.0,99.0,Analyst,2023-01-15,-10000,INVALID
2254,EMP02254,F,47.0,20.0,Analyst,,800000,
2255,EMP02255,F,49.0,4.0,Engineer,,6 LPA,
2256,EMP02256,male,57.0,,HR,,6 LPA,emp2256@mail.com
2257,EMP02257,male,30.0,7.0,Intern,,350000,INVALID
2258,EMP02258,M,57.0,15.0,QA,15/02/2024,6 LPA,
2259,EMP02259,male,57.0,16.0,HR,,800000,
2260,EMP02260,,51.0,6.0,Intern,2025-07-01,6 LPA,
2261,EMP02261,male,58.0,4.0,Engineer,2023-01-15,800000,
2262,EMP02262,M,27.0,1.0,Analyst,,6 LPA,INVALID
2263,EMP02263,male,28.0,9.0,QA,,-10000,emp2263@mail.com
2264,EMP02264,M,52.0,5.0,Manager,2025-07-01,800000,emp2264@mail.com
2265,EMP02265,Male,32.0,8.0,Manager,,800000,INVALID
2266,EMP02266,Male,33.0,17.0,Intern,2025-07-01,800000,INVALID
2267,EMP02267,M,28.0,11.0,HR,,,
2268,EMP02268,Female,41.0,,Intern,2025-07-01,500000,
2269,EMP02269,Male,45.0,11.0,HR,2023-01-15,,INVALID
2270,EMP02270,male,49.0,99.0,Manager,15/02/2024,500000,INVALID
2271,EMP02271,male,-2.0,6.0,HR,,,
2272,EMP02272,Male,36.0,17.0,Analyst,2023-01-15,,INVALID
2273,EMP02273,male,37.0,6.0,Engineer,,-10000,
2274,EMP02274,male,36.0,6.0,Engineer,,350000,
2275,EMP02275,,44.0,19.0,Engineer,2023-01-15,,emp2275@mail.com
2276,EMP02276,male,32.0,5.0,HR,,500000,INVALID
2277,EMP02277,F,55.0,12.0,Analyst,,6 LPA,
2278,EMP02278,Male,27.0,8.0,Manager,,800000,emp2278@mail.com
2279,EMP02279,,23.0,17.0,Manager,,800000,
2280,EMP02280,Female,53.0,12.0,Engineer,,,
2281,EMP02281,Female,53.0,99.0,Manager,,800000,emp2281@mail.com
2282,EMP02282,Male,-2.0,7.0,QA,2025-07-01,,
2283,EMP02283,Male,24.0,14.0,Manager,2025-07-01,,emp2283@mail.com
2284,EMP02284,male,58.0,5.0,Intern,2025-07-01,,INVALID
2285,EMP02285,Male,33.0,17.0,Intern,2025-07-01,500000,
2286,EMP02286,Male,60.0,9.0,HR,,,emp2286@mail.com
2287,EMP02287,M,48.0,99.0,Engineer,,500000,INVALID
2288,EMP02288,male,,10.0,Intern,2023-01-15,-10000,
2289,EMP02289,Female,54.0,8.0,Manager,2025-07-01,800000,INVALID
2290,EMP02290,,56.0,12.0,HR,2025-07-01,-10000,emp2290@mail.com
2291,EMP02291,Male,39.0,4.0,Analyst,,,INVALID
2292,EMP02292,male,38.0,11.0,Analyst,,350000,
2293,EMP02293,M,21.0,18.0,Engineer,2023-01-15,350000,
2294,EMP02294,Male,54.0,8.0,QA,2023-01-15,500000,
2295,EMP02295,Male,44.0,20.0,QA,,800000,
2296,EMP02296,,37.0,15.0,Engineer,,350000,
2297,EMP02297,male,53.0,8.0,Engineer,,-10000,INVALID
2298,EMP02298,Male,39.0,11.0,Intern,2023-01-15,500000,INVALID
2299,EMP02299,Male,22.0,7.0,Engineer,15/02/2024,800000,
2300,EMP02300,Male,60.0,1.0,Analyst,2023-01-15,500000,
2301,EMP02301,Male,60.0,12.0,Manager,,800000,emp2301@mail.com
2302,EMP02302,Female,20.0,18.0,Manager,,350000,emp2302@mail.com
2303,EMP02303,,,99.0,QA,,500000,
2304,EMP02304,F,34.0,18.0,Intern,,,
2305,EMP02305,,20.0,7.0,HR,15/02/2024,-10000,emp2305@mail.com
2306,EMP02306,,23.0,1.0,Analyst,2023-01-15,-10000,INVALID
2307,EMP02307,Female,44.0,18.0,QA,15/02/2024,800000,INVALID
2308,EMP02308,male,36.0,1.0,Intern,,6 LPA,
2309,EMP02309,Male,50.0,19.0,QA,,-10000,emp2309@mail.com
2310,EMP02310,F,48.0,1.0,Engineer,2025-07-01,500000,
2311,EMP02311,male,20.0,,Manager,2025-07-01,350000,
2312,EMP02312,M,58.0,9.0,QA,2023-01-15,500000,
2313,EMP02313,,23.0,11.0,HR,,500000,
2314,EMP02314,male,38.0,3.0,QA,,-10000,INVALID
2315,EMP02315,F,56.0,14.0,Analyst,,-10000,
2316,EMP02316,,49.0,4.0,Intern,2025-07-01,500000,
2317,EMP02317,M,28.0,99.0,Analyst,,-10000,
2318,EMP02318,F,37.0,10.0,Intern,15/02/2024,500000,emp2318@mail.com
2319,EMP02319,,43.0,18.0,HR,,,emp2319@mail.com
2320,EMP02320,,43.0,99.0,QA,2023-01-15,6 LPA,INVALID
2321,EMP02321,,34.0,99.0,HR,2023-01-15,-10000,INVALID
2322,EMP02322,male,36.0,16.0,Analyst,,,
2323,EMP02323,male,52.0,4.0,Analyst,,-10000,
2324,EMP02324,Female,34.0,8.0,Manager,,500000,
2325,EMP02325,F,43.0,8.0,HR,2025-07-01,6 LPA,INVALID
2326,EMP02326,F,30.0,12.0,Engineer,2023-01-15,-10000,emp2326@mail.com
2327,EMP02327,M,26.0,12.0,Intern,,500000,
2328,EMP02328,F,47.0,15.0,Analyst,,6 LPA,INVALID
2329,EMP02329,male,34.0,8.0,HR,15/02/2024,-10000,INVALID
2330,EMP02330,M,40.0,9.0,Intern,15/02/2024,6 LPA,emp2330@mail.com
2331,EMP02331,Male,39.0,2.0,HR,2023-01-15,500000,INVALID
2332,EMP02332,M,-2.0,7.0,Manager,2023-01-15,500000,INVALID
2333,EMP02333,M,60.0,4.0,Engineer,15/02/2024,500000,INVALID
2334,EMP02334,,40.0,18.0,HR,,-10000,emp2334@mail.com
2335,EMP02335,Male,50.0,3.0,Analyst,2025-07-01,,INVALID
2336,EMP02336,male,31.0,15.0,Intern,,,
2337,EMP02337,F,60.0,7.0,QA,2025-07-01,800000,
2338,EMP02338,M,99.0,1.0,Analyst,15/02/2024,,
2339,EMP02339,,26.0,2.0,QA,,6 LPA,INVALID
2340,EMP02340,Female,40.0,6.0,Engineer,2023-01-15,,emp2340@mail.com
2341,EMP02341,Female,24.0,5.0,QA,2023-01-15,500000,
2342,EMP02342,,29.0,11.0,QA,2023-01-15,-10000,
2343,EMP02343,Male,44.0,3.0,Engineer,2023-01-15,500000,
2344,EMP02344,Female,43.0,11.0,QA,,6 LPA,
2345,EMP02345,male,50.0,3.0,QA,,,
2346,EMP02346,,39.0,14.0,Analyst,2025-07-01,500000,
2347,EMP02347,,25.0,18.0,Manager,2025-07-01,-10000,emp2347@mail.com
2348,EMP02348,F,50.0,4.0,HR,,-10000,
2349,EMP02349,F,39.0,17.0,QA,2023-01-15,350000,INVALID
2350,EMP02350,male,40.0,7.0,Engineer,,6 LPA,INVALID
2351,EMP02351,Male,29.0,8.0,Engineer,,800000,
2352,EMP02352,Male,41.0,6.0,Analyst,2025-07-01,350000,
2353,EMP02353,F,51.0,2.0,Manager,,-10000,
2354,EMP02354,F,24.0,1.0,Intern,2023-01-15,6 LPA,INVALID
2355,EMP02355,,60.0,5.0,Engineer,15/02/2024,,emp2355@mail.com
2356,EMP02356,F,60.0,6.0,QA,,800000,emp2356@mail.com
2357,EMP02357,male,40.0,11.0,QA,,-10000,INVALID
2358,EMP02358,Female,-2.0,4.0,Manager,15/02/2024,350000,
2359,EMP02359,Male,39.0,14.0,Analyst,,500000,
2360,EMP02360,Female,23.0,14.0,Engineer,,,emp2360@mail.com
2361,EMP02361,Female,22.0,18.0,Analyst,15/02/2024,,
2362,EMP02362,Female,60.0,,Analyst,,800000,INVALID
2363,EMP02363,Male,50.0,6.0,Engineer,15/02/2024,,
2364,EMP02364,Female,20.0,16.0,Analyst,2025-07-01,6 LPA,INVALID
2365,EMP02365,F,56.0,9.0,Manager,2025-07-01,350000,
2366,EMP02366,,50.0,7.0,HR,,-10000,
2367,EMP02367,M,31.0,4.0,Intern,15/02/2024,350000,INVALID
2368,EMP02368,,26.0,18.0,Analyst,2023-01-15,350000,
2369,EMP02369,Female,41.0,12.0,Intern,,800000,INVALID
2370,EMP02370,Female,50.0,8.0,Engineer,,800000,INVALID
2371,EMP02371,male,55.0,11.0,Intern,,800000,
2372,EMP02372,F,55.0,17.0,Engineer,15/02/2024,800000,emp2372@mail.com
2373,EMP02373,Female,45.0,20.0,QA,2023-01-15,,INVALID
2374,EMP02374,M,50.0,5.0,HR,,,INVALID
2375,EMP02375,M,29.0,12.0,QA,2025-07-01,350000,
2376,EMP02376,M,,18.0,Manager,2023-01-15,350000,
2377,EMP02377,male,32.0,15.0,HR,,6 LPA,
2378,EMP02378,,45.0,1.0,QA,15/02/2024,800000,
2379,EMP02379,F,,1.0,Intern,15/02/2024,6 LPA,emp2379@mail.com
2380,EMP02380,Male,41.0,2.0,Engineer,,6 LPA,INVALID
2381,EMP02381,male,29.0,18.0,HR,,800000,
2382,EMP02382,M,32.0,3.0,QA,,,INVALID
2383,EMP02383,Male,59.0,3.0,Engineer,,800000,INVALID
2384,EMP02384,male,36.0,,HR,,500000,INVALID
2385,EMP02385,F,58.0,19.0,Manager,2025-07-01,350000,
2386,EMP02386,,51.0,13.0,Analyst,,-10000,
2387,EMP02387,male,37.0,5.0,Analyst,2025-07-01,-10000,
2388,EMP02388,F,21.0,99.0,QA,2025-07-01,500000,
2389,EMP02389,Male,55.0,99.0,Intern,,6 LPA,
2390,EMP02390,M,50.0,13.0,QA,2025-07-01,-10000,INVALID
2391,EMP02391,male,60.0,7.0,Manager,2023-01-15,350000,
2392,EMP02392,Female,26.0,10.0,HR,,,emp2392@mail.com
2393,EMP02393,Male,27.0,3.0,Engineer,15/02/2024,-10000,emp2393@mail.com
2394,EMP02394,M,30.0,15.0,Intern,15/02/2024,500000,
2395,EMP02395,Male,26.0,17.0,Intern,2023-01-15,6 LPA,
2396,EMP02396,F,53.0,11.0,QA,2025-07-01,-10000,emp2396@mail.com
2397,EMP02397,Male,34.0,17.0,QA,2023-01-15,-10000,
2398,EMP02398,Female,47.0,12.0,Intern,,800000,INVALID
2399,EMP02399,,38.0,2.0,Intern,15/02/2024,500000,INVALID
2400,EMP02400,Female,24.0,8.0,Intern,2023-01-15,350000,INVALID
2401,EMP02401,male,99.0,,Analyst,2023-01-15,500000,emp2401@mail.com
2402,EMP02402,,21.0,20.0,Analyst,,6 LPA,emp2402@mail.com
2403,EMP02403,Male,51.0,5.0,Analyst,2023-01-15,,emp2403@mail.com
2404,EMP02404,M,32.0,6.0,QA,2023-01-15,350000,
2405,EMP02405,Female,,2.0,Engineer,15/02/2024,6 LPA,
2406,EMP02406,F,29.0,,Analyst,,6 LPA,emp2406@mail.com
2407,EMP02407,,99.0,14.0,QA,,,emp2407@mail.com
2408,EMP02408,M,54.0,18.0,HR,15/02/2024,350000,
2409,EMP02409,male,58.0,16.0,Manager,15/02/2024,350000,
2410,EMP02410,F,50.0,5.0,Engineer,2023-01-15,6 LPA,emp2410@mail.com
2411,EMP02411,Female,31.0,19.0,Analyst,2025-07-01,-10000,
2412,EMP02412,Male,99.0,2.0,Engineer,,500000,INVALID
2413,EMP02413,F,52.0,20.0,Engineer,,-10000,
2414,EMP02414,,35.0,5.0,QA,2023-01-15,,emp2414@mail.com
2415,EMP02415,Male,56.0,13.0,QA,,-10000,INVALID
2416,EMP02416,Female,21.0,19.0,Intern,,,
2417,EMP02417,M,23.0,7.0,Manager,2023-01-15,500000,INVALID
2418,EMP02418,F,32.0,99.0,Manager,,500000,INVALID
2419,EMP02419,M,59.0,10.0,Analyst,2025-07-01,6 LPA,
2420,EMP02420,male,26.0,16.0,QA,15/02/2024,6 LPA,
2421,EMP02421,Male,48.0,,Engineer,,500000,
2422,EMP02422,,23.0,10.0,Engineer,15/02/2024,6 LPA,
2423,EMP02423,M,,14.0,Analyst,,500000,emp2423@mail.com
2424,EMP02424,,46.0,11.0,Manager,,,
2425,EMP02425,F,59.0,8.0,Manager,,,
2426,EMP02426,Female,34.0,,Engineer,2025-07-01,6 LPA,
2427,EMP02427,M,53.0,13.0,Manager,2025-07-01,500000,INVALID
2428,EMP02428,F,35.0,2.0,Manager,,,
2429,EMP02429,F,99.0,13.0,Engineer,2025-07-01,350000,INVALID
2430,EMP02430,male,47.0,17.0,HR,2023-01-15,350000,emp2430@mail.com
2431,EMP02431,F,,2.0,Manager,,,
2432,EMP02432,,54.0,7.0,QA,15/02/2024,6 LPA,
2433,EMP02433,Male,-2.0,8.0,QA,2023-01-15,800000,INVALID
2434,EMP02434,F,39.0,16.0,Engineer,15/02/2024,800000,
2435,EMP02435,male,32.0,3.0,HR,,500000,
2436,EMP02436,male,55.0,6.0,QA,2025-07-01,,
2437,EMP02437,Female,-2.0,2.0,Intern,,6 LPA,
2438,EMP02438,M,56.0,99.0,Analyst,,-10000,INVALID
2439,EMP02439,F,21.0,9.0,Manager,,-10000,emp2439@mail.com
2440,EMP02440,F,43.0,7.0,Intern,,500000,
2441,EMP02441,M,23.0,5.0,Manager,2023-01-15,350000,
2442,EMP02442,M,30.0,17.0,Engineer,15/02/2024,500000,
2443,EMP02443,F,58.0,5.0,Analyst,,500000,emp2443@mail.com
2444,EMP02444,male,20.0,9.0,Engineer,15/02/2024,350000,
2445,EMP02445,male,31.0,1.0,Engineer,2023-01-15,350000,
2446,EMP02446,Male,-2.0,8.0,HR,15/02/2024,,INVALID
2447,EMP02447,male,43.0,3.0,Analyst,15/02/2024,800000,
2448,EMP02448,Female,39.0,2.0,HR,15/02/2024,350000,
2449,EMP02449,,44.0,18.0,Analyst,2025-07-01,6 LPA,INVALID
2450,EMP02450,F,58.0,15.0,Intern,2023-01-15,-10000,emp2450@mail.com
2451,EMP02451,Female,,9.0,Manager,,6 LPA,emp2451@mail.com
2452,EMP02452,,29.0,1.0,HR,2023-01-15,-10000,INVALID
2453,EMP02453,male,46.0,10.0,Intern,2025-07-01,800000,
2454,EMP02454,,30.0,13.0,Manager,,-10000,emp2454@mail.com
2455,EMP02455,Female,20.0,15.0,Intern,2025-07-01,-10000,INVALID
2456,EMP02456,M,23.0,1.0,Manager,2025-07-01,,
2457,EMP02457,,58.0,15.0,Intern,,6 LPA,
2458,EMP02458,M,32.0,18.0,Intern,,,emp2458@mail.com
2459,EMP02459,male,30.0,8.0,Manager,2023-01-15,-10000,
2460,EMP02460,M,38.0,3.0,Intern,,350000,INVALID
2461,EMP02461,male,30.0,8.0,Intern,15/02/2024,800000,INVALID
2462,EMP02462,Female,30.0,13.0,HR,15/02/2024,-10000,
2463,EMP02463,Male,40.0,11.0,Intern,2025-07-01,6 LPA,emp2463@mail.com
2464,EMP02464,,28.0,9.0,Manager,2025-07-01,800000,INVALID
2465,EMP02465,F,24.0,16.0,Analyst,,500000,INVALID
2466,EMP02466,Male,27.0,15.0,Engineer,15/02/2024,800000,emp2466@mail.com
2467,EMP02467,M,44.0,8.0,Intern,,350000,emp2467@mail.com
2468,EMP02468,male,54.0,12.0,Analyst,,500000,emp2468@mail.com
2469,EMP02469,Male,31.0,99.0,QA,,6 LPA,INVALID
2470,EMP02470,M,21.0,11.0,Intern,15/02/2024,350000,
2471,EMP02471,male,39.0,2.0,HR,15/02/2024,,emp2471@mail.com
2472,EMP02472,male,54.0,19.0,Analyst,15/02/2024,,INVALID
2473,EMP02473,Male,40.0,10.0,Analyst,2025-07-01,,emp2473@mail.com
2474,EMP02474,,21.0,2.0,Manager,2025-07-01,500000,emp2474@mail.com
2475,EMP02475,Male,46.0,11.0,Intern,,6 LPA,
2476,EMP02476,,30.0,3.0,Intern,2023-01-15,350000,
2477,EMP02477,M,55.0,18.0,Intern,15/02/2024,500000,emp2477@mail.com
2478,EMP02478,Male,58.0,16.0,Manager,15/02/2024,800000,
2479,EMP02479,M,40.0,12.0,Intern,2023-01-15,-10000,
2480,EMP02480,male,,20.0,Intern,,800000,INVALID
2481,EMP02481,Male,50.0,,QA,,6 LPA,INVALID
2482,EMP02482,,43.0,14.0,QA,,500000,INVALID
2483,EMP02483,,,16.0,Analyst,15/02/2024,350000,
2484,EMP02484,F,58.0,18.0,HR,2025-07-01,6 LPA,emp2484@mail.com
2485,EMP02485,F,20.0,3.0,Manager,15/02/2024,500000,INVALID
2486,EMP02486,male,38.0,18.0,Manager,2023-01-15,6 LPA,emp2486@mail.com
2487,EMP02487,M,41.0,15.0,Analyst,,800000,
2488,EMP02488,M,38.0,,Engineer,,,INVALID
2489,EMP02489,M,40.0,11.0,Analyst,,500000,
2490,EMP02490,M,20.0,4.0,QA,2023-01-15,500000,
2491,EMP02491,,38.0,8.0,Analyst,2025-07-01,,
2492,EMP02492,,30.0,9.0,Engineer,,800000,emp2492@mail.com
2493,EMP02493,,26.0,15.0,HR,15/02/2024,800000,INVALID
2494,EMP02494,F,50.0,12.0,QA,,6 LPA,emp2494@mail.com
2495,EMP02495,Male,35.0,18.0,Engineer,15/02/2024,-10000,
2496,EMP02496,Male,39.0,8.0,QA,15/02/2024,,
2497,EMP02497,male,39.0,17.0,Manager,,,emp2497@mail.com
2498,EMP02498,F,28.0,19.0,HR,2025-07-01,500000,INVALID
2499,EMP02499,Female,30.0,19.0,Intern,2023-01-15,6 LPA,INVALID
2500,EMP02500,Male,57.0,,QA,,800000,
2501,EMP02501,Male,31.0,6.0,HR,,500000,
2502,EMP02502,Female,41.0,20.0,HR,,6 LPA,
2503,EMP02503,,48.0,5.0,Manager,15/02/2024,800000,emp2503@mail.com
2504,EMP02504,,-2.0,12.0,Analyst,15/02/2024,500000,
2505,EMP02505,male,25.0,8.0,Manager,2023-01-15,350000,INVALID
2506,EMP02506,male,56.0,20.0,Intern,,500000,
2507,EMP02507,M,34.0,15.0,Analyst,2025-07-01,500000,
2508,EMP02508,M,32.0,17.0,Manager,2025-07-01,,
2509,EMP02509,Female,22.0,10.0,HR,2023-01-15,350000,
2510,EMP02510,M,50.0,3.0,Analyst,15/02/2024,,emp2510@mail.com
2511,EMP02511,M,59.0,18.0,Manager,,6 LPA,
2512,EMP02512,M,36.0,3.0,Intern,2025-07-01,500000,
2513,EMP02513,,51.0,13.0,Intern,,,emp2513@mail.com
2514,EMP02514,F,45.0,20.0,Engineer,2025-07-01,800000,INVALID
2515,EMP02515,F,58.0,18.0,Engineer,2023-01-15,-10000,
2516,EMP02516,Female,30.0,12.0,Analyst,2025-07-01,500000,INVALID
2517,EMP02517,M,37.0,19.0,Analyst,15/02/2024,6 LPA,emp2517@mail.com
2518,EMP02518,Male,58.0,14.0,Analyst,,800000,INVALID
2519,EMP02519,M,47.0,15.0,QA,15/02/2024,6 LPA,INVALID
2520,EMP02520,F,59.0,13.0,Engineer,15/02/2024,-10000,INVALID
2521,EMP02521,male,20.0,4.0,Analyst,,500000,
2522,EMP02522,M,21.0,9.0,Engineer,2023-01-15,350000,
2523,EMP02523,M,39.0,12.0,Intern,15/02/2024,-10000,INVALID
2524,EMP02524,F,43.0,11.0,HR,15/02/2024,-10000,
2525,EMP02525,F,22.0,5.0,HR,2025-07-01,-10000,
2526,EMP02526,Male,23.0,19.0,Engineer,2023-01-15,500000,INVALID
2527,EMP02527,M,53.0,11.0,Engineer,2025-07-01,6 LPA,emp2527@mail.com
2528,EMP02528,Male,24.0,5.0,HR,15/02/2024,500000,emp2528@mail.com
2529,EMP02529,,99.0,12.0,Engineer,2025-07-01,,emp2529@mail.com
2530,EMP02530,,34.0,13.0,Intern,,500000,
2531,EMP02531,M,99.0,12.0,Engineer,,,emp2531@mail.com
2532,EMP02532,Male,25.0,,Intern,,,INVALID
2533,EMP02533,M,57.0,10.0,Manager,,,INVALID
2534,EMP02534,male,43.0,10.0,Manager,15/02/2024,800000,INVALID
2535,EMP02535,M,29.0,5.0,Analyst,2025-07-01,350000,emp2535@mail.com
2536,EMP02536,M,49.0,12.0,HR,2023-01-15,350000,INVALID
2537,EMP02537,,49.0,12.0,HR,15/02/2024,,INVALID
2538,EMP02538,,54.0,10.0,Engineer,15/02/2024,,
2539,EMP02539,Female,24.0,18.0,Manager,,6 LPA,
2540,EMP02540,,44.0,3.0,Intern,2023-01-15,800000,emp2540@mail.com
2541,EMP02541,Male,31.0,16.0,Manager,,-10000,INVALID
2542,EMP02542,male,36.0,1.0,Manager,,800000,
2543,EMP02543,male,26.0,19.0,Engineer,15/02/2024,500000,emp2543@mail.com
2544,EMP02544,Male,23.0,10.0,Intern,2025-07-01,500000,emp2544@mail.com
2545,EMP02545,M,60.0,8.0,Manager,,-10000,emp2545@mail.com
2546,EMP02546,M,30.0,14.0,QA,,6 LPA,INVALID
2547,EMP02547,F,36.0,3.0,Analyst,2023-01-15,-10000,
2548,EMP02548,Female,47.0,19.0,Manager,15/02/2024,6 LPA,
2549,EMP02549,F,35.0,1.0,QA,2025-07-01,800000,
2550,EMP02550,M,27.0,9.0,HR,,350000,
2551,EMP02551,,36.0,13.0,Intern,,800000,
2552,EMP02552,M,25.0,10.0,Analyst,2023-01-15,-10000,emp2552@mail.com
2553,EMP02553,,54.0,2.0,QA,15/02/2024,800000,
2554,EMP02554,Male,46.0,12.0,Analyst,15/02/2024,6 LPA,
2555,EMP02555,Male,59.0,20.0,HR,,,INVALID
2556,EMP02556,Female,45.0,,HR,,,
2557,EMP02557,Female,52.0,10.0,Analyst,15/02/2024,800000,
2558,EMP02558,M,31.0,3.0,HR,2025-07-01,,
2559,EMP02559,Male,43.0,19.0,Intern,2025-07-01,800000,INVALID
2560,EMP02560,Male,22.0,16.0,Manager,,6 LPA,
2561,EMP02561,M,28.0,15.0,QA,15/02/2024,350000,INVALID
2562,EMP02562,male,53.0,16.0,HR,2023-01-15,,
2563,EMP02563,Male,20.0,15.0,Engineer,2025-07-01,,
2564,EMP02564,Female,44.0,20.0,Analyst,2023-01-15,350000,emp2564@mail.com
2565,EMP02565,,40.0,2.0,HR,15/02/2024,,
2566,EMP02566,,30.0,8.0,Intern,2023-01-15,500000,
2567,EMP02567,,26.0,5.0,HR,,-10000,
2568,EMP02568,,27.0,12.0,Intern,,800000,
2569,EMP02569,,40.0,10.0,Analyst,,-10000,INVALID
2570,EMP02570,Male,52.0,4.0,Analyst,15/02/2024,-10000,
2571,EMP02571,Female,22.0,8.0,HR,15/02/2024,-10000,
2572,EMP02572,M,20.0,10.0,QA,15/02/2024,6 LPA,
2573,EMP02573,M,23.0,11.0,Intern,15/02/2024,500000,
2574,EMP02574,Male,29.0,5.0,QA,,350000,INVALID
2575,EMP02575,Male,31.0,10.0,QA,,,
2576,EMP02576,,29.0,13.0,Analyst,,350000,INVALID
2577,EMP02577,Female,41.0,13.0,HR,15/02/2024,,
2578,EMP02578,,25.0,2.0,Engineer,,6 LPA,
2579,EMP02579,,,4.0,Intern,15/02/2024,6 LPA,INVALID
2580,EMP02580,Male,25.0,13.0,Manager,15/02/2024,-10000,
2581,EMP02581,Male,48.0,3.0,Engineer,,-10000,
2582,EMP02582,F,50.0,13.0,Intern,,6 LPA,INVALID
2583,EMP02583,F,55.0,6.0,Manager,2023-01-15,,INVALID
2584,EMP02584,F,32.0,3.0,QA,,,emp2584@mail.com
2585,EMP02585,male,56.0,6.0,Intern,2025-07-01,350000,INVALID
2586,EMP02586,,37.0,10.0,Manager,,350000,INVALID
2587,EMP02587,Male,59.0,17.0,QA,2023-01-15,500000,
2588,EMP02588,Male,26.0,19.0,Analyst,2023-01-15,,
2589,EMP02589,Male,46.0,2.0,HR,2025-07-01,,
2590,EMP02590,M,39.0,99.0,Analyst,,6 LPA,
2591,EMP02591,Male,21.0,12.0,HR,,,
2592,EMP02592,male,44.0,2.0,QA,2023-01-15,350000,INVALID
2593,EMP02593,Male,20.0,8.0,HR,15/02/2024,350000,emp2593@mail.com
2594,EMP02594,male,54.0,13.0,Engineer,15/02/2024,6 LPA,
2595,EMP02595,F,48.0,7.0,Manager,2023-01-15,,
2596,EMP02596,male,34.0,12.0,HR,,,emp2596@mail.com
2597,EMP02597,,24.0,5.0,Analyst,2025-07-01,500000,
2598,EMP02598,male,33.0,15.0,Manager,2025-07-01,,
2599,EMP02599,Male,45.0,99.0,QA,2025-07-01,500000,
2600,EMP02600,,99.0,99.0,Analyst,,800000,INVALID
2601,EMP02601,Male,37.0,14.0,Manager,2023-01-15,500000,
2602,EMP02602,Male,42.0,15.0,Manager,,800000,INVALID
2603,EMP02603,F,53.0,,Manager,2023-01-15,800000,INVALID
2604,EMP02604,F,35.0,7.0,HR,2025-07-01,6 LPA,INVALID
2605,EMP02605,Male,46.0,17.0,Engineer,15/02/2024,500000,emp2605@mail.com
2606,EMP02606,Male,39.0,11.0,HR,15/02/2024,350000,
2607,EMP02607,Female,57.0,8.0,Intern,,6 LPA,INVALID
2608,EMP02608,Female,42.0,20.0,QA,2025-07-01,,INVALID
2609,EMP02609,,32.0,4.0,Engineer,2025-07-01,,
2610,EMP02610,Male,34.0,2.0,Analyst,2025-07-01,6 LPA,emp2610@mail.com
2611,EMP02611,M,34.0,1.0,Intern,2023-01-15,6 LPA,emp2611@mail.com
2612,EMP02612,,36.0,6.0,Intern,2023-01-15,500000,
2613,EMP02613,male,45.0,18.0,HR,,350000,
2614,EMP02614,male,36.0,4.0,QA,15/02/2024,350000,
2615,EMP02615,F,46.0,7.0,Analyst,2025-07-01,,
2616,EMP02616,F,40.0,17.0,Engineer,2025-07-01,500000,
2617,EMP02617,,28.0,15.0,Analyst,,6 LPA,
2618,EMP02618,Male,30.0,19.0,Analyst,,500000,emp2618@mail.com
2619,EMP02619,Male,,15.0,HR,2023-01-15,500000,INVALID
2620,EMP02620,F,55.0,18.0,Intern,15/02/2024,800000,INVALID
2621,EMP02621,Female,46.0,2.0,Intern,15/02/2024,800000,emp2621@mail.com
2622,EMP02622,M,20.0,2.0,Analyst,2023-01-15,-10000,
2623,EMP02623,F,51.0,16.0,Analyst,2023-01-15,800000,INVALID
2624,EMP02624,,39.0,20.0,Engineer,,800000,
2625,EMP02625,,47.0,11.0,HR,,500000,emp2625@mail.com
2626,EMP02626,F,,99.0,Engineer,,350000,INVALID
2627,EMP02627,male,27.0,17.0,Analyst,2023-01-15,800000,INVALID
2628,EMP02628,male,31.0,8.0,Intern,,-10000,INVALID
2629,EMP02629,Male,48.0,19.0,QA,,6 LPA,
2630,EMP02630,,28.0,5.0,Intern,,-10000,INVALID
2631,EMP02631,,32.0,9.0,Manager,15/02/2024,,
2632,EMP02632,F,59.0,20.0,Engineer,,350000,
2633,EMP02633,male,26.0,10.0,Manager,15/02/2024,-10000,INVALID
2634,EMP02634,M,33.0,16.0,Analyst,2025-07-01,800000,
2635,EMP02635,Male,50.0,16.0,HR,2025-07-01,350000,INVALID
2636,EMP02636,F,50.0,15.0,QA,2025-07-01,350000,INVALID
2637,EMP02637,Female,51.0,1.0,Analyst,,6 LPA,INVALID
2638,EMP02638,F,36.0,6.0,Engineer,2023-01-15,6 LPA,
2639,EMP02639,male,54.0,7.0,Intern,,,emp2639@mail.com
2640,EMP02640,M,58.0,1.0,Analyst,2025-07-01,800000,
2641,EMP02641,Female,54.0,5.0,HR,2025-07-01,500000,
2642,EMP02642,Female,23.0,2.0,Manager,2023-01-15,500000,
2643,EMP02643,M,42.0,1.0,Manager,,6 LPA,
2644,EMP02644,M,40.0,9.0,Intern,,-10000,
2645,EMP02645,male,27.0,11.0,Manager,,-10000,
2646,EMP02646,F,51.0,3.0,Engineer,2023-01-15,-10000,
2647,EMP02647,M,20.0,16.0,Engineer,15/02/2024,6 LPA,INVALID
2648,EMP02648,Male,48.0,18.0,Analyst,2025-07-01,-10000,
2649,EMP02649,Male,49.0,12.0,Analyst,2025-07-01,6 LPA,INVALID
2650,EMP02650,M,43.0,5.0,HR,2025-07-01,500000,
2651,EMP02651,F,22.0,9.0,Analyst,,-10000,INVALID
2652,EMP02652,M,25.0,8.0,Engineer,2023-01-15,500000,
2653,EMP02653,M,48.0,18.0,QA,2023-01-15,-10000,INVALID
2654,EMP02654,,29.0,20.0,Manager,2025-07-01,500000,
2655,EMP02655,Male,44.0,14.0,Manager,,800000,
2656,EMP02656,male,28.0,99.0,HR,2025-07-01,,
2657,EMP02657,Male,43.0,19.0,Analyst,2025-07-01,,
2658,EMP02658,F,46.0,99.0,HR,,800000,emp2658@mail.com
2659,EMP02659,,23.0,99.0,Analyst,2025-07-01,500000,
2660,EMP02660,M,49.0,17.0,HR,2025-07-01,350000,
2661,EMP02661,Female,43.0,15.0,Analyst,2023-01-15,,
2662,EMP02662,F,37.0,10.0,HR,2025-07-01,-10000,emp2662@mail.com
2663,EMP02663,,54.0,14.0,Engineer,,-10000,
2664,EMP02664,,44.0,13.0,Analyst,,800000,emp2664@mail.com
2665,EMP02665,male,20.0,6.0,QA,,800000,emp2665@mail.com
2666,EMP02666,Female,31.0,16.0,HR,,6 LPA,emp2666@mail.com
2667,EMP02667,male,47.0,14.0,Analyst,,-10000,
2668,EMP02668,Male,54.0,1.0,Intern,15/02/2024,6 LPA,
2669,EMP02669,F,47.0,16.0,Manager,2025-07-01,-10000,
2670,EMP02670,Male,30.0,18.0,Intern,,-10000,
2671,EMP02671,F,27.0,10.0,QA,2025-07-01,500000,emp2671@mail.com
2672,EMP02672,,52.0,19.0,Analyst,15/02/2024,-10000,
2673,EMP02673,F,31.0,16.0,Intern,2023-01-15,800000,
2674,EMP02674,F,30.0,,Intern,,6 LPA,emp2674@mail.com
2675,EMP02675,Male,53.0,2.0,Intern,15/02/2024,800000,INVALID
2676,EMP02676,F,26.0,4.0,QA,,-10000,INVALID
2677,EMP02677,,41.0,12.0,Analyst,2023-01-15,350000,INVALID
2678,EMP02678,male,50.0,13.0,HR,2025-07-01,800000,
2679,EMP02679,male,45.0,18.0,HR,,-10000,
2680,EMP02680,male,31.0,12.0,QA,2023-01-15,350000,INVALID
2681,EMP02681,male,45.0,17.0,Manager,2023-01-15,6 LPA,INVALID
2682,EMP02682,F,50.0,99.0,Engineer,2023-01-15,500000,
2683,EMP02683,F,47.0,99.0,QA,15/02/2024,6 LPA,
2684,EMP02684,Female,23.0,5.0,Intern,2025-07-01,-10000,
2685,EMP02685,,45.0,8.0,HR,,500000,INVALID
2686,EMP02686,M,37.0,10.0,Analyst,2025-07-01,,
2687,EMP02687,Male,34.0,99.0,HR,,500000,
2688,EMP02688,Female,41.0,1.0,QA,2025-07-01,6 LPA,INVALID
2689,EMP02689,Female,49.0,2.0,Intern,2023-01-15,500000,
2690,EMP02690,M,54.0,18.0,Manager,2023-01-15,-10000,
2691,EMP02691,,27.0,10.0,QA,2023-01-15,6 LPA,
2692,EMP02692,Male,28.0,10.0,Manager,2023-01-15,500000,INVALID
2693,EMP02693,F,33.0,5.0,HR,2023-01-15,500000,
2694,EMP02694,Male,58.0,18.0,Intern,15/02/2024,,
2695,EMP02695,Female,25.0,99.0,Manager,,350000,
2696,EMP02696,,58.0,10.0,Manager,2023-01-15,,
2697,EMP02697,male,44.0,6.0,Analyst,,,emp2697@mail.com
2698,EMP02698,Female,30.0,5.0,Manager,2025-07-01,350000,
2699,EMP02699,Male,99.0,99.0,Engineer,,6 LPA,INVALID
2700,EMP02700,F,53.0,6.0,Intern,2023-01-15,350000,emp2700@mail.com
2701,EMP02701,Male,35.0,99.0,Manager,2023-01-15,800000,
2702,EMP02702,F,40.0,5.0,QA,,500000,INVALID
2703,EMP02703,F,-2.0,18.0,QA,,350000,
2704,EMP02704,male,52.0,8.0,HR,2025-07-01,800000,emp2704@mail.com
2705,EMP02705,M,37.0,19.0,Intern,,500000,INVALID
2706,EMP02706,Female,35.0,99.0,HR,2023-01-15,-10000,INVALID
2707,EMP02707,male,33.0,11.0,QA,2025-07-01,500000,emp2707@mail.com
2708,EMP02708,Male,49.0,8.0,QA,15/02/2024,500000,emp2708@mail.com
2709,EMP02709,Female,24.0,18.0,Analyst,15/02/2024,800000,emp2709@mail.com
2710,EMP02710,male,37.0,6.0,Engineer,15/02/2024,800000,INVALID
2711,EMP02711,M,39.0,8.0,HR,,-10000,
2712,EMP02712,M,42.0,1.0,QA,2025-07-01,-10000,INVALID
2713,EMP02713,M,46.0,20.0,QA,,350000,
2714,EMP02714,,39.0,14.0,Intern,2023-01-15,6 LPA,emp2714@mail.com
2715,EMP02715,Male,27.0,16.0,Manager,,,emp2715@mail.com
2716,EMP02716,Male,,,Analyst,2023-01-15,,INVALID
2717,EMP02717,Female,51.0,10.0,Intern,2023-01-15,-10000,
2718,EMP02718,Male,40.0,8.0,QA,2023-01-15,800000,emp2718@mail.com
2719,EMP02719,male,39.0,99.0,HR,15/02/2024,500000,
2720,EMP02720,M,40.0,7.0,HR,2023-01-15,500000,
2721,EMP02721,Male,20.0,8.0,Manager,2025-07-01,500000,
2722,EMP02722,male,30.0,18.0,Analyst,15/02/2024,6 LPA,INVALID
2723,EMP02723,male,55.0,14.0,HR,2025-07-01,500000,INVALID
2724,EMP02724,Female,51.0,1.0,HR,2023-01-15,-10000,
2725,EMP02725,Male,59.0,5.0,Manager,2023-01-15,500000,
2726,EMP02726,Female,33.0,5.0,Manager,,-10000,
2727,EMP02727,Male,38.0,12.0,HR,,350000,
2728,EMP02728,F,43.0,20.0,Engineer,2023-01-15,500000,INVALID
2729,EMP02729,Female,23.0,15.0,Intern,2025-07-01,800000,INVALID
2730,EMP02730,M,46.0,7.0,Engineer,,,
2731,EMP02731,Male,58.0,13.0,Intern,15/02/2024,800000,
2732,EMP02732,male,25.0,19.0,Intern,,,
2733,EMP02733,Female,40.0,19.0,HR,2023-01-15,350000,INVALID
2734,EMP02734,F,33.0,12.0,Engineer,15/02/2024,,
2735,EMP02735,M,32.0,99.0,QA,,800000,
2736,EMP02736,,24.0,12.0,Manager,,350000,emp2736@mail.com
2737,EMP02737,Male,26.0,16.0,Intern,2023-01-15,800000,INVALID
2738,EMP02738,Female,56.0,1.0,Analyst,15/02/2024,350000,
2739,EMP02739,F,32.0,11.0,Intern,,800000,
2740,EMP02740,male,56.0,11.0,Engineer,,500000,INVALID
2741,EMP02741,Male,42.0,20.0,Analyst,15/02/2024,-10000,emp2741@mail.com
2742,EMP02742,F,31.0,5.0,Analyst,2025-07-01,,
2743,EMP02743,,45.0,19.0,Manager,,,INVALID
2744,EMP02744,Male,32.0,14.0,QA,2025-07-01,800000,
2745,EMP02745,Female,33.0,1.0,Intern,2023-01-15,,
2746,EMP02746,Female,36.0,6.0,Manager,2025-07-01,-10000,
2747,EMP02747,male,53.0,9.0,Manager,,6 LPA,INVALID
2748,EMP02748,,43.0,6.0,Manager,2023-01-15,350000,
2749,EMP02749,,56.0,20.0,Manager,2025-07-01,6 LPA,emp2749@mail.com
2750,EMP02750,M,56.0,5.0,Engineer,,350000,
2751,EMP02751,M,24.0,11.0,Analyst,2023-01-15,6 LPA,INVALID
2752,EMP02752,Male,37.0,,HR,2023-01-15,,emp2752@mail.com
2753,EMP02753,male,54.0,6.0,Engineer,,350000,
2754,EMP02754,Male,50.0,8.0,Engineer,2023-01-15,6 LPA,INVALID
2755,EMP02755,F,52.0,8.0,QA,2023-01-15,350000,INVALID
2756,EMP02756,male,,8.0,Engineer,15/02/2024,6 LPA,
2757,EMP02757,M,51.0,17.0,Analyst,,800000,
2758,EMP02758,,48.0,14.0,Engineer,15/02/2024,,INVALID
2759,EMP02759,M,45.0,18.0,Analyst,2025-07-01,500000,INVALID
2760,EMP02760,male,32.0,14.0,Analyst,,800000,INVALID
2761,EMP02761,Male,45.0,14.0,Intern,,-10000,
2762,EMP02762,M,32.0,2.0,Intern,2023-01-15,6 LPA,emp2762@mail.com
2763,EMP02763,Female,47.0,6.0,Analyst,,500000,
2764,EMP02764,,23.0,12.0,Engineer,2023-01-15,,emp2764@mail.com
2765,EMP02765,M,41.0,18.0,QA,15/02/2024,6 LPA,INVALID
2766,EMP02766,,52.0,11.0,Analyst,15/02/2024,,INVALID
2767,EMP02767,F,34.0,11.0,Analyst,,500000,emp2767@mail.com
2768,EMP02768,male,31.0,13.0,Manager,,800000,INVALID
2769,EMP02769,Female,29.0,2.0,Analyst,,500000,emp2769@mail.com
2770,EMP02770,Female,26.0,99.0,Engineer,2025-07-01,-10000,emp2770@mail.com
2771,EMP02771,M,46.0,2.0,Analyst,15/02/2024,6 LPA,
2772,EMP02772,F,42.0,15.0,Analyst,2025-07-01,6 LPA,
2773,EMP02773,,55.0,3.0,QA,2025-07-01,-10000,
2774,EMP02774,M,39.0,17.0,Analyst,15/02/2024,800000,
2775,EMP02775,F,35.0,11.0,QA,15/02/2024,6 LPA,INVALID
2776,EMP02776,male,52.0,14.0,Manager,,800000,
2777,EMP02777,Female,30.0,4.0,Engineer,,500000,emp2777@mail.com
2778,EMP02778,Female,47.0,5.0,QA,15/02/2024,,
2779,EMP02779,M,36.0,20.0,Intern,2025-07-01,6 LPA,
2780,EMP02780,Male,42.0,15.0,HR,2025-07-01,800000,emp2780@mail.com
2781,EMP02781,Male,58.0,17.0,Intern,,350000,
2782,EMP02782,Male,47.0,18.0,Intern,15/02/2024,-10000,INVALID
2783,EMP02783,Male,49.0,13.0,Manager,15/02/2024,350000,emp2783@mail.com
2784,EMP02784,,58.0,5.0,Intern,,-10000,
2785,EMP02785,F,-2.0,12.0,QA,2023-01-15,,emp2785@mail.com
2786,EMP02786,Female,21.0,4.0,Manager,2025-07-01,-10000,
2787,EMP02787,male,36.0,13.0,Analyst,15/02/2024,800000,INVALID
2788,EMP02788,,25.0,4.0,Manager,15/02/2024,,
2789,EMP02789,F,28.0,10.0,Analyst,15/02/2024,6 LPA,emp2789@mail.com
2790,EMP02790,M,42.0,6.0,Engineer,,,
2791,EMP02791,F,20.0,11.0,Intern,15/02/2024,500000,
2792,EMP02792,,30.0,12.0,Engineer,,6 LPA,emp2792@mail.com
2793,EMP02793,M,29.0,17.0,Manager,15/02/2024,800000,INVALID
2794,EMP02794,male,43.0,6.0,Manager,,500000,
2795,EMP02795,M,41.0,10.0,QA,15/02/2024,-10000,emp2795@mail.com
2796,EMP02796,,41.0,19.0,Intern,2025-07-01,-10000,
2797,EMP02797,M,25.0,,Engineer,15/02/2024,6 LPA,
2798,EMP02798,M,57.0,3.0,Engineer,,6 LPA,
2799,EMP02799,M,,2.0,Engineer,2025-07-01,800000,
2800,EMP02800,Female,45.0,16.0,Intern,,-10000,
2801,EMP02801,,41.0,6.0,Engineer,15/02/2024,800000,emp2801@mail.com
2802,EMP02802,F,45.0,12.0,Intern,2025-07-01,350000,
2803,EMP02803,F,42.0,11.0,QA,15/02/2024,6 LPA,INVALID
2804,EMP02804,F,55.0,18.0,Manager,,,INVALID
2805,EMP02805,M,33.0,11.0,QA,15/02/2024,6 LPA,INVALID
2806,EMP02806,male,25.0,16.0,QA,,6 LPA,
2807,EMP02807,male,41.0,10.0,Intern,2025-07-01,-10000,
2808,EMP02808,,55.0,17.0,Intern,,-10000,
2809,EMP02809,male,58.0,19.0,Analyst,,,INVALID
2810,EMP02810,male,52.0,3.0,Manager,,800000,
2811,EMP02811,M,22.0,18.0,HR,,-10000,
2812,EMP02812,M,-2.0,99.0,QA,,-10000,
2813,EMP02813,Male,21.0,99.0,Analyst,2023-01-15,-10000,
2814,EMP02814,Female,26.0,11.0,QA,2023-01-15,6 LPA,INVALID
2815,EMP02815,M,41.0,12.0,Intern,2025-07-01,6 LPA,
2816,EMP02816,Male,55.0,9.0,Analyst,,800000,INVALID
2817,EMP02817,male,31.0,18.0,Manager,2025-07-01,500000,
2818,EMP02818,,27.0,12.0,Engineer,,800000,
2819,EMP02819,M,43.0,9.0,Intern,2025-07-01,-10000,
2820,EMP02820,,55.0,18.0,HR,2025-07-01,500000,
2821,EMP02821,M,23.0,6.0,Engineer,15/02/2024,6 LPA,
2822,EMP02822,,29.0,6.0,Engineer,15/02/2024,6 LPA,
2823,EMP02823,male,56.0,9.0,Manager,15/02/2024,,
2824,EMP02824,M,47.0,18.0,Manager,,500000,
2825,EMP02825,M,57.0,15.0,Analyst,2025-07-01,6 LPA,INVALID
2826,EMP02826,F,51.0,15.0,QA,,350000,
2827,EMP02827,M,33.0,15.0,Manager,2023-01-15,6 LPA,
2828,EMP02828,male,27.0,9.0,Intern,,500000,emp2828@mail.com
2829,EMP02829,,21.0,5.0,Engineer,2025-07-01,-10000,
2830,EMP02830,Female,48.0,,Intern,2025-07-01,350000,
2831,EMP02831,Male,42.0,4.0,Intern,,6 LPA,
2832,EMP02832,F,43.0,12.0,Intern,2023-01-15,,emp2832@mail.com
2833,EMP02833,male,41.0,14.0,Manager,2023-01-15,500000,
2834,EMP02834,,54.0,5.0,Analyst,2023-01-15,350000,emp2834@mail.com
2835,EMP02835,Female,-2.0,2.0,Engineer,,,INVALID
2836,EMP02836,Female,36.0,12.0,Manager,15/02/2024,,emp2836@mail.com
2837,EMP02837,M,29.0,19.0,Engineer,,,
2838,EMP02838,Male,32.0,99.0,QA,2025-07-01,,
2839,EMP02839,F,48.0,17.0,Manager,,350000,emp2839@mail.com
2840,EMP02840,Male,,9.0,Analyst,2023-01-15,-10000,
2841,EMP02841,M,25.0,16.0,Intern,2023-01-15,800000,INVALID
2842,EMP02842,,20.0,2.0,QA,2023-01-15,6 LPA,emp2842@mail.com
2843,EMP02843,male,48.0,1.0,HR,2023-01-15,800000,
2844,EMP02844,Male,30.0,9.0,Engineer,,,
2845,EMP02845,,41.0,1.0,Manager,15/02/2024,-10000,INVALID
2846,EMP02846,F,49.0,3.0,Analyst,,500000,
2847,EMP02847,Male,35.0,18.0,Intern,,6 LPA,
2848,EMP02848,male,22.0,8.0,QA,15/02/2024,350000,INVALID
2849,EMP02849,Female,47.0,6.0,Analyst,15/02/2024,,emp2849@mail.com
2850,EMP02850,M,21.0,15.0,Engineer,2025-07-01,800000,
2851,EMP02851,M,60.0,5.0,HR,,,
2852,EMP02852,Female,43.0,99.0,Manager,2023-01-15,800000,
2853,EMP02853,Male,59.0,19.0,Intern,2025-07-01,800000,INVALID
2854,EMP02854,Female,45.0,5.0,HR,,-10000,INVALID
2855,EMP02855,,41.0,20.0,Intern,,800000,INVALID
2856,EMP02856,male,25.0,99.0,Intern,,500000,INVALID
2857,EMP02857,Female,54.0,99.0,Analyst,,-10000,emp2857@mail.com
2858,EMP02858,Male,60.0,8.0,Manager,,,INVALID
2859,EMP02859,male,55.0,5.0,Manager,2025-07-01,,emp2859@mail.com
2860,EMP02860,Female,99.0,15.0,Engineer,,6 LPA,
2861,EMP02861,,34.0,5.0,Analyst,,800000,
2862,EMP02862,M,31.0,9.0,Engineer,,350000,emp2862@mail.com
2863,EMP02863,male,60.0,8.0,Analyst,2025-07-01,800000,
2864,EMP02864,Female,55.0,7.0,Analyst,2023-01-15,-10000,
2865,EMP02865,Male,30.0,15.0,Manager,,800000,
2866,EMP02866,male,39.0,10.0,Engineer,2025-07-01,500000,
2867,EMP02867,,49.0,14.0,Manager,2023-01-15,800000,
2868,EMP02868,F,22.0,2.0,Analyst,,350000,emp2868@mail.com
2869,EMP02869,,-2.0,5.0,HR,15/02/2024,800000,
2870,EMP02870,Female,60.0,9.0,Engineer,,,
2871,EMP02871,male,47.0,11.0,Manager,,-10000,INVALID
2872,EMP02872,male,99.0,11.0,Analyst,2023-01-15,6 LPA,
2873,EMP02873,Female,47.0,10.0,Engineer,2025-07-01,-10000,INVALID
2874,EMP02874,Female,,6.0,QA,15/02/2024,350000,emp2874@mail.com
2875,EMP02875,male,20.0,17.0,HR,2023-01-15,6 LPA,INVALID
2876,EMP02876,F,39.0,19.0,Intern,,6 LPA,INVALID
2877,EMP02877,F,30.0,12.0,Analyst,2025-07-01,-10000,emp2877@mail.com
2878,EMP02878,F,22.0,10.0,Engineer,2025-07-01,-10000,INVALID
2879,EMP02879,F,54.0,19.0,QA,,6 LPA,
2880,EMP02880,M,43.0,13.0,Engineer,,500000,
2881,EMP02881,F,53.0,6.0,Analyst,2023-01-15,-10000,emp2881@mail.com
2882,EMP02882,Female,28.0,10.0,Analyst,,350000,INVALID
2883,EMP02883,F,57.0,4.0,Manager,15/02/2024,6 LPA,
2884,EMP02884,M,23.0,14.0,QA,,-10000,
2885,EMP02885,Male,28.0,10.0,Manager,,350000,
2886,EMP02886,Male,-2.0,15.0,Analyst,,-10000,INVALID
2887,EMP02887,male,39.0,13.0,Manager,2025-07-01,6 LPA,
2888,EMP02888,M,37.0,14.0,Manager,,500000,emp2888@mail.com
2889,EMP02889,,54.0,6.0,QA,,500000,
2890,EMP02890,,44.0,17.0,QA,,-10000,
2891,EMP02891,M,20.0,6.0,Manager,2023-01-15,350000,
2892,EMP02892,Female,37.0,13.0,HR,15/02/2024,,
2893,EMP02893,Female,45.0,5.0,Intern,,500000,emp2893@mail.com
2894,EMP02894,Female,54.0,2.0,Analyst,,350000,INVALID
2895,EMP02895,M,55.0,16.0,Manager,2023-01-15,350000,emp2895@mail.com
2896,EMP02896,Female,20.0,99.0,QA,,-10000,INVALID
2897,EMP02897,,47.0,99.0,QA,2025-07-01,350000,
2898,EMP02898,F,26.0,16.0,Engineer,,,
2899,EMP02899,M,33.0,14.0,Analyst,2025-07-01,,
2900,EMP02900,M,57.0,18.0,Manager,,,emp2900@mail.com
2901,EMP02901,F,-2.0,7.0,QA,,,INVALID
2902,EMP02902,M,60.0,6.0,Analyst,2025-07-01,500000,
2903,EMP02903,Female,28.0,3.0,QA,15/02/2024,500000,emp2903@mail.com
2904,EMP02904,male,34.0,7.0,QA,15/02/2024,-10000,
2905,EMP02905,F,54.0,4.0,Intern,15/02/2024,800000,
2906,EMP02906,Female,-2.0,16.0,Analyst,,6 LPA,INVALID
2907,EMP02907,Male,44.0,19.0,Intern,2025-07-01,350000,INVALID
2908,EMP02908,Male,39.0,10.0,HR,2023-01-15,-10000,
2909,EMP02909,Female,23.0,,Analyst,,800000,emp2909@mail.com
2910,EMP02910,Female,25.0,4.0,QA,,,emp2910@mail.com
2911,EMP02911,Female,35.0,5.0,Manager,,6 LPA,emp2911@mail.com
2912,EMP02912,Female,44.0,11.0,QA,,350000,
2913,EMP02913,F,21.0,15.0,Intern,15/02/2024,350000,
2914,EMP02914,F,41.0,19.0,Manager,2023-01-15,6 LPA,emp2914@mail.com
2915,EMP02915,F,28.0,14.0,HR,,6 LPA,
2916,EMP02916,Female,20.0,18.0,Engineer,15/02/2024,500000,
2917,EMP02917,F,43.0,7.0,Analyst,15/02/2024,500000,
2918,EMP02918,M,57.0,13.0,QA,,500000,
2919,EMP02919,F,99.0,19.0,Engineer,,-10000,emp2919@mail.com
2920,EMP02920,M,26.0,1.0,QA,,800000,emp2920@mail.com
2921,EMP02921,,21.0,99.0,Intern,15/02/2024,500000,
2922,EMP02922,Male,28.0,8.0,Manager,,,INVALID
2923,EMP02923,M,53.0,16.0,HR,,350000,emp2923@mail.com
2924,EMP02924,F,23.0,3.0,Analyst,,800000,emp2924@mail.com
2925,EMP02925,F,55.0,15.0,QA,15/02/2024,350000,
2926,EMP02926,M,44.0,14.0,Intern,15/02/2024,500000,INVALID
2927,EMP02927,male,41.0,17.0,Manager,2025-07-01,800000,INVALID
2928,EMP02928,Male,24.0,2.0,QA,,6 LPA,INVALID
2929,EMP02929,Female,32.0,6.0,HR,15/02/2024,350000,
2930,EMP02930,Female,38.0,14.0,HR,,6 LPA,emp2930@mail.com
2931,EMP02931,M,53.0,3.0,Intern,2025-07-01,,emp2931@mail.com
2932,EMP02932,,58.0,13.0,QA,,6 LPA,
2933,EMP02933,F,50.0,14.0,QA,,800000,
2934,EMP02934,,55.0,4.0,Manager,15/02/2024,-10000,INVALID
2935,EMP02935,Male,37.0,17.0,Analyst,15/02/2024,-10000,
2936,EMP02936,,39.0,20.0,Manager,2025-07-01,6 LPA,
2937,EMP02937,Male,42.0,8.0,Analyst,,6 LPA,emp2937@mail.com
2938,EMP02938,Female,53.0,9.0,Intern,2023-01-15,500000,INVALID
2939,EMP02939,,55.0,12.0,Analyst,,,
2940,EMP02940,male,29.0,17.0,Manager,2025-07-01,-10000,
2941,EMP02941,,26.0,9.0,Manager,2023-01-15,-10000,
2942,EMP02942,F,32.0,14.0,HR,,6 LPA,
2943,EMP02943,male,41.0,17.0,Manager,,800000,emp2943@mail.com
2944,EMP02944,M,24.0,,QA,2025-07-01,-10000,
2945,EMP02945,F,54.0,3.0,Analyst,,500000,INVALID
2946,EMP02946,M,35.0,5.0,Engineer,,-10000,emp2946@mail.com
2947,EMP02947,M,54.0,12.0,Engineer,2025-07-01,6 LPA,emp2947@mail.com
2948,EMP02948,,35.0,20.0,Engineer,15/02/2024,,emp2948@mail.com
2949,EMP02949,F,32.0,7.0,Analyst,,-10000,
2950,EMP02950,F,51.0,7.0,Engineer,,-10000,INVALID
2951,EMP02951,F,23.0,4.0,Engineer,,,
2952,EMP02952,M,21.0,8.0,HR,15/02/2024,500000,INVALID
2953,EMP02953,Female,55.0,20.0,Analyst,,-10000,emp2953@mail.com
2954,EMP02954,male,43.0,12.0,Manager,,,INVALID
2955,EMP02955,F,44.0,12.0,HR,,6 LPA,INVALID
2956,EMP02956,male,-2.0,18.0,Manager,2023-01-15,800000,INVALID
2957,EMP02957,M,39.0,18.0,Engineer,,-10000,emp2957@mail.com
2958,EMP02958,Female,38.0,7.0,Engineer,,,INVALID
2959,EMP02959,F,60.0,9.0,Intern,2023-01-15,6 LPA,emp2959@mail.com
2960,EMP02960,male,49.0,16.0,HR,2023-01-15,-10000,emp2960@mail.com
2961,EMP02961,,58.0,1.0,Manager,2025-07-01,-10000,
2962,EMP02962,Male,46.0,10.0,Manager,15/02/2024,500000,INVALID
2963,EMP02963,Male,51.0,14.0,Engineer,2023-01-15,6 LPA,emp2963@mail.com
2964,EMP02964,Male,32.0,1.0,Intern,2025-07-01,500000,INVALID
2965,EMP02965,Female,37.0,9.0,Intern,,500000,
2966,EMP02966,Male,60.0,1.0,Engineer,2023-01-15,-10000,
2967,EMP02967,Female,56.0,15.0,QA,,500000,emp2967@mail.com
2968,EMP02968,F,56.0,4.0,Manager,2023-01-15,,
2969,EMP02969,F,32.0,6.0,Intern,2023-01-15,-10000,emp2969@mail.com
2970,EMP02970,M,51.0,10.0,Manager,,800000,
2971,EMP02971,M,26.0,5.0,HR,2023-01-15,-10000,
2972,EMP02972,Male,33.0,14.0,Engineer,2025-07-01,800000,emp2972@mail.com
2973,EMP02973,Male,47.0,11.0,Intern,15/02/2024,350000,INVALID
2974,EMP02974,Male,49.0,99.0,Intern,2025-07-01,,emp2974@mail.com
2975,EMP02975,male,49.0,3.0,Manager,15/02/2024,-10000,
2976,EMP02976,F,-2.0,10.0,QA,,-10000,INVALID
2977,EMP02977,F,45.0,8.0,HR,2023-01-15,800000,
2978,EMP02978,F,44.0,8.0,Intern,,-10000,emp2978@mail.com
2979,EMP02979,Male,53.0,2.0,HR,2025-07-01,500000,
2980,EMP02980,,25.0,18.0,Intern,,-10000,
2981,EMP02981,,33.0,6.0,Engineer,,800000,
2982,EMP02982,M,58.0,2.0,Intern,2025-07-01,-10000,
2983,EMP02983,male,55.0,1.0,Analyst,15/02/2024,350000,
2984,EMP02984,F,32.0,10.0,Engineer,2025-07-01,500000,INVALID
2985,EMP02985,Male,28.0,18.0,Analyst,,800000,emp2985@mail.com
2986,EMP02986,,,11.0,QA,15/02/2024,-10000,emp2986@mail.com
2987,EMP02987,Female,38.0,12.0,Analyst,2025-07-01,500000,
2988,EMP02988,,60.0,4.0,Engineer,15/02/2024,800000,
2989,EMP02989,Male,99.0,99.0,Analyst,2023-01-15,800000,emp2989@mail.com
2990,EMP02990,Male,48.0,18.0,Engineer,,500000,
2991,EMP02991,Male,42.0,4.0,HR,,800000,emp2991@mail.com
2992,EMP02992,Male,31.0,99.0,Engineer,,350000,emp2992@mail.com
2993,EMP02993,M,47.0,1.0,QA,,350000,INVALID
2994,EMP02994,F,46.0,9.0,QA,2023-01-15,6 LPA,
2995,EMP02995,,25.0,99.0,QA,,350000,emp2995@mail.com
2996,EMP02996,Female,-2.0,5.0,QA,15/02/2024,,INVALID
2997,EMP02997,F,34.0,14.0,Manager,2023-01-15,-10000,emp2997@mail.com
2998,EMP02998,Female,21.0,8.0,Intern,15/02/2024,,
2999,EMP02999,male,33.0,13.0,Intern,,-10000,emp2999@mail.com
3000,EMP03000,,99.0,1.0,QA,2025-07-01,500000,INVALID
3001,EMP03001,Female,99.0,8.0,HR,2025-07-01,,INVALID
3002,EMP03002,Female,37.0,11.0,Engineer,15/02/2024,800000,
3003,EMP03003,Male,32.0,14.0,HR,2023-01-15,-10000,emp3003@mail.com
3004,EMP03004,M,54.0,12.0,QA,2025-07-01,500000,emp3004@mail.com
3005,EMP03005,Female,32.0,15.0,Engineer,2025-07-01,350000,INVALID
3006,EMP03006,M,35.0,3.0,Intern,,800000,
3007,EMP03007,male,58.0,9.0,QA,15/02/2024,350000,INVALID
3008,EMP03008,Female,47.0,,QA,2025-07-01,800000,
3009,EMP03009,Male,52.0,99.0,QA,2023-01-15,,INVALID
3010,EMP03010,Male,51.0,18.0,HR,2023-01-15,,INVALID
3011,EMP03011,Female,30.0,6.0,Engineer,,6 LPA,
3012,EMP03012,M,51.0,4.0,HR,,500000,emp3012@mail.com
3013,EMP03013,male,38.0,19.0,HR,,6 LPA,
3014,EMP03014,Male,59.0,6.0,Intern,2025-07-01,-10000,
3015,EMP03015,Female,39.0,8.0,Manager,,6 LPA,
3016,EMP03016,F,20.0,15.0,Manager,,500000,
3017,EMP03017,male,36.0,10.0,QA,,6 LPA,
3018,EMP03018,F,31.0,7.0,Manager,2023-01-15,350000,
3019,EMP03019,M,50.0,7.0,HR,,6 LPA,INVALID
3020,EMP03020,male,34.0,3.0,QA,2023-01-15,6 LPA,
3021,EMP03021,M,21.0,20.0,HR,,-10000,
3022,EMP03022,male,41.0,6.0,QA,,350000,
3023,EMP03023,Female,47.0,3.0,Intern,,350000,
3024,EMP03024,F,33.0,4.0,QA,,,
3025,EMP03025,M,34.0,15.0,Manager,15/02/2024,350000,emp3025@mail.com
3026,EMP03026,male,20.0,1.0,Analyst,,800000,
3027,EMP03027,male,20.0,17.0,HR,,500000,emp3027@mail.com
3028,EMP03028,,49.0,16.0,Engineer,15/02/2024,800000,
3029,EMP03029,F,34.0,5.0,HR,2025-07-01,350000,emp3029@mail.com
3030,EMP03030,F,50.0,5.0,Analyst,2023-01-15,800000,
3031,EMP03031,male,44.0,10.0,Intern,,6 LPA,
3032,EMP03032,,-2.0,3.0,Intern,2023-01-15,6 LPA,INVALID
3033,EMP03033,Female,52.0,,Manager,,6 LPA,INVALID
3034,EMP03034,Male,21.0,6.0,Analyst,,-10000,emp3034@mail.com
3035,EMP03035,M,49.0,6.0,Analyst,,-10000,
3036,EMP03036,M,50.0,7.0,Intern,,800000,INVALID
3037,EMP03037,F,37.0,3.0,Manager,2023-01-15,800000,INVALID
3038,EMP03038,,39.0,18.0,Intern,2025-07-01,-10000,
3039,EMP03039,,59.0,12.0,Manager,,350000,
3040,EMP03040,F,37.0,4.0,QA,,800000,
3041,EMP03041,F,24.0,5.0,Intern,2023-01-15,,emp3041@mail.com
3042,EMP03042,male,40.0,12.0,HR,2025-07-01,500000,INVALID
3043,EMP03043,male,36.0,18.0,Intern,15/02/2024,-10000,
3044,EMP03044,Female,21.0,9.0,HR,,,INVALID
3045,EMP03045,Male,39.0,,HR,2023-01-15,6 LPA,
3046,EMP03046,male,30.0,11.0,Intern,,,
3047,EMP03047,M,99.0,3.0,Intern,,800000,
3048,EMP03048,male,24.0,8.0,HR,2025-07-01,6 LPA,
3049,EMP03049,male,33.0,99.0,HR,,6 LPA,
3050,EMP03050,,36.0,4.0,Engineer,,6 LPA,emp3050@mail.com
3051,EMP03051,M,27.0,5.0,Analyst,2025-07-01,,
3052,EMP03052,Male,54.0,11.0,Engineer,,,INVALID
3053,EMP03053,Male,25.0,17.0,Manager,2025-07-01,6 LPA,INVALID
3054,EMP03054,male,24.0,2.0,Engineer,2025-07-01,800000,
3055,EMP03055,Female,51.0,99.0,Intern,,800000,emp3055@mail.com
3056,EMP03056,M,55.0,7.0,Engineer,,350000,
3057,EMP03057,male,38.0,11.0,QA,,500000,INVALID
3058,EMP03058,F,60.0,12.0,QA,,500000,
3059,EMP03059,Male,22.0,13.0,HR,2025-07-01,6 LPA,INVALID
3060,EMP03060,F,44.0,3.0,HR,,6 LPA,
3061,EMP03061,Male,39.0,7.0,Manager,2025-07-01,6 LPA,
3062,EMP03062,F,54.0,18.0,Engineer,,800000,emp3062@mail.com
3063,EMP03063,male,40.0,12.0,QA,15/02/2024,500000,emp3063@mail.com
3064,EMP03064,male,50.0,5.0,QA,2025-07-01,6 LPA,INVALID
3065,EMP03065,M,33.0,2.0,Manager,15/02/2024,800000,
3066,EMP03066,Female,-2.0,9.0,HR,2025-07-01,-10000,
3067,EMP03067,M,59.0,6.0,Analyst,2025-07-01,6 LPA,
3068,EMP03068,F,57.0,14.0,Intern,,6 LPA,INVALID
3069,EMP03069,Female,50.0,13.0,Engineer,15/02/2024,350000,
3070,EMP03070,,43.0,99.0,Manager,,,INVALID
3071,EMP03071,F,33.0,2.0,QA,2023-01-15,350000,
3072,EMP03072,male,42.0,19.0,HR,2023-01-15,-10000,emp3072@mail.com
3073,EMP03073,Female,49.0,20.0,Intern,15/02/2024,350000,emp3073@mail.com
3074,EMP03074,M,51.0,,Analyst,,500000,
3075,EMP03075,M,44.0,15.0,QA,,800000,INVALID
3076,EMP03076,Female,37.0,19.0,Manager,,6 LPA,emp3076@mail.com
3077,EMP03077,M,30.0,,HR,2023-01-15,-10000,
3078,EMP03078,,52.0,16.0,Manager,2025-07-01,-10000,INVALID
3079,EMP03079,F,39.0,2.0,Manager,2025-07-01,500000,emp3079@mail.com
3080,EMP03080,Female,41.0,99.0,Manager,2025-07-01,6 LPA,
3081,EMP03081,Male,99.0,5.0,Engineer,2025-07-01,-10000,
3082,EMP03082,,37.0,8.0,Analyst,2023-01-15,6 LPA,INVALID
3083,EMP03083,,99.0,20.0,Analyst,2025-07-01,,emp3083@mail.com
3084,EMP03084,,47.0,19.0,QA,,6 LPA,INVALID
3085,EMP03085,,99.0,6.0,Analyst,15/02/2024,6 LPA,
3086,EMP03086,Male,50.0,15.0,Intern,15/02/2024,500000,emp3086@mail.com
3087,EMP03087,M,60.0,4.0,Intern,2025-07-01,,
3088,EMP03088,male,38.0,8.0,QA,,500000,
3089,EMP03089,Male,58.0,6.0,Analyst,,800000,
3090,EMP03090,F,39.0,2.0,Manager,,800000,
3091,EMP03091,Female,22.0,7.0,QA,15/02/2024,-10000,INVALID
3092,EMP03092,F,27.0,20.0,QA,2025-07-01,,
3093,EMP03093,F,35.0,14.0,Analyst,,800000,
3094,EMP03094,Female,46.0,4.0,Engineer,2025-07-01,500000,INVALID
3095,EMP03095,F,31.0,6.0,Manager,,6 LPA,emp3095@mail.com
3096,EMP03096,,23.0,17.0,Manager,2025-07-01,500000,
3097,EMP03097,F,30.0,11.0,QA,,350000,emp3097@mail.com
3098,EMP03098,,22.0,10.0,Manager,,6 LPA,
3099,EMP03099,M,39.0,99.0,HR,2025-07-01,6 LPA,INVALID
3100,EMP03100,male,46.0,,Manager,2025-07-01,350000,emp3100@mail.com
3101,EMP03101,F,43.0,12.0,Manager,,-10000,emp3101@mail.com
3102,EMP03102,Male,53.0,13.0,Manager,15/02/2024,-10000,emp3102@mail.com
3103,EMP03103,male,51.0,18.0,QA,,6 LPA,
3104,EMP03104,Male,,6.0,Intern,2025-07-01,800000,emp3104@mail.com
3105,EMP03105,,44.0,8.0,Engineer,2025-07-01,-10000,emp3105@mail.com
3106,EMP03106,Female,35.0,1.0,Engineer,2023-01-15,800000,
3107,EMP03107,Male,35.0,1.0,HR,15/02/2024,6 LPA,
3108,EMP03108,F,46.0,4.0,HR,,500000,INVALID
3109,EMP03109,Male,46.0,15.0,Manager,2023-01-15,6 LPA,emp3109@mail.com
3110,EMP03110,M,39.0,3.0,Analyst,2025-07-01,,
3111,EMP03111,male,36.0,7.0,Manager,,350000,
3112,EMP03112,,,18.0,HR,2023-01-15,6 LPA,
3113,EMP03113,Female,22.0,14.0,QA,2023-01-15,6 LPA,
3114,EMP03114,,22.0,17.0,HR,2023-01-15,6 LPA,
3115,EMP03115,M,21.0,8.0,QA,2025-07-01,-10000,emp3115@mail.com
3116,EMP03116,Male,31.0,5.0,HR,2023-01-15,-10000,INVALID
3117,EMP03117,Female,42.0,1.0,Manager,2023-01-15,-10000,
3118,EMP03118,Male,57.0,11.0,Analyst,2023-01-15,350000,emp3118@mail.com
3119,EMP03119,,46.0,11.0,Intern,,6 LPA,
3120,EMP03120,male,-2.0,16.0,Manager,,-10000,emp3120@mail.com
3121,EMP03121,Male,38.0,15.0,Analyst,,350000,emp3121@mail.com
3122,EMP03122,male,60.0,15.0,HR,15/02/2024,350000,INVALID
3123,EMP03123,Female,55.0,18.0,Engineer,,500000,
3124,EMP03124,F,51.0,4.0,Analyst,2025-07-01,-10000,emp3124@mail.com
3125,EMP03125,Male,28.0,2.0,Engineer,15/02/2024,500000,INVALID
3126,EMP03126,Female,33.0,13.0,Engineer,,800000,INVALID
3127,EMP03127,F,44.0,,Engineer,15/02/2024,6 LPA,INVALID
3128,EMP03128,,31.0,18.0,Manager,15/02/2024,350000,INVALID
3129,EMP03129,M,34.0,3.0,Engineer,2023-01-15,6 LPA,
3130,EMP03130,male,31.0,11.0,Manager,15/02/2024,500000,INVALID
3131,EMP03131,,38.0,7.0,Intern,2023-01-15,800000,
3132,EMP03132,male,34.0,20.0,Intern,15/02/2024,500000,
3133,EMP03133,F,46.0,17.0,Engineer,15/02/2024,6 LPA,emp3133@mail.com
3134,EMP03134,Female,42.0,13.0,Analyst,,800000,emp3134@mail.com
3135,EMP03135,,50.0,9.0,Manager,2025-07-01,800000,
3136,EMP03136,Male,36.0,2.0,Engineer,2023-01-15,800000,INVALID
3137,EMP03137,M,33.0,10.0,Engineer,2025-07-01,500000,INVALID
3138,EMP03138,Female,,10.0,Engineer,,-10000,emp3138@mail.com
3139,EMP03139,Male,53.0,16.0,Analyst,2023-01-15,350000,INVALID
3140,EMP03140,F,59.0,18.0,Intern,2025-07-01,,emp3140@mail.com
3141,EMP03141,Female,56.0,2.0,QA,2025-07-01,-10000,
3142,EMP03142,male,42.0,6.0,Manager,,800000,INVALID
3143,EMP03143,M,59.0,,HR,2025-07-01,,
3144,EMP03144,,39.0,7.0,Engineer,2023-01-15,500000,
3145,EMP03145,Male,45.0,15.0,Analyst,2025-07-01,350000,
3146,EMP03146,Male,46.0,14.0,Analyst,2025-07-01,800000,INVALID
3147,EMP03147,Male,99.0,10.0,Intern,,6 LPA,INVALID
3148,EMP03148,F,28.0,8.0,Engineer,2025-07-01,500000,
3149,EMP03149,Female,,1.0,QA,,-10000,
3150,EMP03150,Male,33.0,2.0,Manager,,,
3151,EMP03151,male,40.0,8.0,HR,2025-07-01,350000,emp3151@mail.com
3152,EMP03152,Male,44.0,,QA,15/02/2024,500000,
3153,EMP03153,,48.0,16.0,Analyst,15/02/2024,350000,
3154,EMP03154,male,47.0,6.0,QA,2025-07-01,-10000,
3155,EMP03155,,31.0,5.0,Manager,2025-07-01,-10000,emp3155@mail.com
3156,EMP03156,Male,34.0,13.0,Analyst,,6 LPA,emp3156@mail.com
3157,EMP03157,,36.0,6.0,Intern,15/02/2024,350000,INVALID
3158,EMP03158,Female,32.0,99.0,Intern,,,
3159,EMP03159,F,40.0,15.0,HR,15/02/2024,,emp3159@mail.com
3160,EMP03160,M,30.0,5.0,QA,,6 LPA,
3161,EMP03161,Female,31.0,9.0,QA,2023-01-15,6 LPA,INVALID
3162,EMP03162,M,27.0,,Engineer,15/02/2024,,
3163,EMP03163,male,38.0,18.0,Analyst,,800000,INVALID
3164,EMP03164,F,27.0,9.0,Intern,,6 LPA,
3165,EMP03165,M,28.0,16.0,Engineer,,,
3166,EMP03166,Male,42.0,1.0,Intern,2023-01-15,6 LPA,
3167,EMP03167,F,46.0,2.0,Manager,2025-07-01,-10000,emp3167@mail.com
3168,EMP03168,,33.0,14.0,Engineer,,350000,
3169,EMP03169,Male,99.0,,Intern,2023-01-15,6 LPA,INVALID
3170,EMP03170,male,44.0,,HR,2023-01-15,,INVALID
3171,EMP03171,Male,54.0,14.0,Intern,2025-07-01,,emp3171@mail.com
3172,EMP03172,F,36.0,18.0,QA,15/02/2024,-10000,INVALID
3173,EMP03173,Male,45.0,17.0,Intern,,-10000,
3174,EMP03174,M,45.0,3.0,Intern,15/02/2024,6 LPA,
3175,EMP03175,F,49.0,5.0,Manager,15/02/2024,,emp3175@mail.com
3176,EMP03176,M,58.0,14.0,Intern,,500000,INVALID
3177,EMP03177,Female,47.0,99.0,HR,,,INVALID
3178,EMP03178,Male,55.0,,Intern,,6 LPA,
3179,EMP03179,Male,43.0,16.0,Manager,,,emp3179@mail.com
3180,EMP03180,Male,47.0,12.0,HR,,,
3181,EMP03181,Female,50.0,18.0,Engineer,2023-01-15,6 LPA,
3182,EMP03182,M,39.0,9.0,HR,15/02/2024,800000,INVALID
3183,EMP03183,M,37.0,,Analyst,15/02/2024,,
3184,EMP03184,Male,57.0,10.0,HR,,6 LPA,
3185,EMP03185,male,38.0,4.0,Manager,15/02/2024,500000,INVALID
3186,EMP03186,Female,-2.0,19.0,Intern,2023-01-15,350000,
3187,EMP03187,M,38.0,1.0,QA,,800000,emp3187@mail.com
3188,EMP03188,M,50.0,7.0,QA,2023-01-15,-10000,INVALID
3189,EMP03189,Male,25.0,,Intern,,500000,
3190,EMP03190,M,24.0,6.0,QA,,,INVALID
3191,EMP03191,M,56.0,17.0,Intern,2025-07-01,800000,INVALID
3192,EMP03192,Female,,6.0,Engineer,,800000,INVALID
3193,EMP03193,,34.0,13.0,HR,2025-07-01,800000,INVALID
3194,EMP03194,male,48.0,14.0,QA,2023-01-15,-10000,
3195,EMP03195,F,43.0,2.0,Engineer,2025-07-01,500000,INVALID
3196,EMP03196,M,24.0,13.0,QA,2023-01-15,6 LPA,
3197,EMP03197,M,28.0,20.0,Intern,,350000,INVALID
3198,EMP03198,Female,32.0,5.0,Intern,2023-01-15,500000,emp3198@mail.com
3199,EMP03199,Female,60.0,6.0,Manager,2025-07-01,800000,INVALID
3200,EMP03200,M,50.0,17.0,HR,,800000,INVALID
3201,EMP03201,Female,44.0,19.0,Manager,,500000,
3202,EMP03202,M,49.0,20.0,Manager,15/02/2024,800000,
3203,EMP03203,F,46.0,11.0,Analyst,2025-07-01,-10000,emp3203@mail.com
3204,EMP03204,male,45.0,19.0,Manager,2025-07-01,350000,INVALID
3205,EMP03205,male,41.0,20.0,Manager,15/02/2024,350000,INVALID
3206,EMP03206,Male,54.0,7.0,Analyst,,500000,INVALID
3207,EMP03207,F,44.0,6.0,Intern,,500000,emp3207@mail.com
3208,EMP03208,male,32.0,14.0,Engineer,,500000,INVALID
3209,EMP03209,M,,1.0,Manager,2025-07-01,800000,
3210,EMP03210,Male,55.0,1.0,QA,2025-07-01,6 LPA,emp3210@mail.com
3211,EMP03211,,45.0,1.0,Engineer,,-10000,
3212,EMP03212,M,29.0,17.0,Intern,2023-01-15,500000,
3213,EMP03213,Female,30.0,3.0,Intern,15/02/2024,800000,INVALID
3214,EMP03214,Male,58.0,10.0,HR,2025-07-01,,
3215,EMP03215,F,39.0,12.0,QA,,350000,
3216,EMP03216,Male,45.0,2.0,HR,,800000,
3217,EMP03217,M,36.0,3.0,HR,,,
3218,EMP03218,M,58.0,5.0,Engineer,15/02/2024,800000,INVALID
3219,EMP03219,male,47.0,,HR,,-10000,INVALID
3220,EMP03220,Female,53.0,6.0,QA,,800000,INVALID
3221,EMP03221,,,99.0,Analyst,15/02/2024,500000,INVALID
3222,EMP03222,,21.0,19.0,Analyst,2025-07-01,350000,emp3222@mail.com
3223,EMP03223,M,36.0,9.0,Intern,,800000,emp3223@mail.com
3224,EMP03224,,56.0,14.0,Intern,,6 LPA,
3225,EMP03225,Male,35.0,99.0,Manager,2023-01-15,800000,emp3225@mail.com
3226,EMP03226,male,-2.0,,HR,15/02/2024,-10000,emp3226@mail.com
3227,EMP03227,F,35.0,15.0,Intern,2023-01-15,-10000,emp3227@mail.com
3228,EMP03228,M,32.0,7.0,HR,2025-07-01,350000,
3229,EMP03229,Female,41.0,,HR,2023-01-15,-10000,
3230,EMP03230,,45.0,9.0,HR,,350000,INVALID
3231,EMP03231,F,42.0,99.0,Analyst,15/02/2024,800000,emp3231@mail.com
3232,EMP03232,Female,26.0,9.0,HR,,350000,INVALID
3233,EMP03233,Female,53.0,7.0,Intern,2025-07-01,,INVALID
3234,EMP03234,Male,59.0,19.0,QA,,-10000,INVALID
3235,EMP03235,male,23.0,17.0,Intern,15/02/2024,800000,
3236,EMP03236,Female,32.0,8.0,QA,2025-07-01,800000,emp3236@mail.com
3237,EMP03237,M,36.0,1.0,QA,,800000,
3238,EMP03238,F,46.0,9.0,QA,15/02/2024,800000,
3239,EMP03239,M,39.0,5.0,Engineer,15/02/2024,6 LPA,
3240,EMP03240,Male,49.0,99.0,Engineer,,500000,
3241,EMP03241,Female,45.0,15.0,Analyst,15/02/2024,350000,
3242,EMP03242,,99.0,2.0,HR,2025-07-01,,
3243,EMP03243,M,37.0,8.0,Manager,,800000,emp3243@mail.com
3244,EMP03244,Female,34.0,17.0,HR,2025-07-01,500000,
3245,EMP03245,Male,46.0,16.0,HR,,350000,emp3245@mail.com
3246,EMP03246,,46.0,,Manager,,500000,
3247,EMP03247,,55.0,9.0,QA,15/02/2024,6 LPA,
3248,EMP03248,M,,17.0,Analyst,2023-01-15,500000,emp3248@mail.com
3249,EMP03249,male,21.0,2.0,Manager,2023-01-15,6 LPA,INVALID
3250,EMP03250,Female,51.0,5.0,Engineer,2025-07-01,500000,emp3250@mail.com
3251,EMP03251,M,30.0,12.0,Intern,2023-01-15,-10000,
3252,EMP03252,M,44.0,5.0,Engineer,,800000,emp3252@mail.com
3253,EMP03253,Female,53.0,11.0,HR,,-10000,
3254,EMP03254,F,42.0,18.0,Manager,2025-07-01,800000,
3255,EMP03255,F,28.0,99.0,Manager,15/02/2024,,emp3255@mail.com
3256,EMP03256,M,31.0,17.0,Manager,2025-07-01,6 LPA,
3257,EMP03257,male,31.0,18.0,Manager,2025-07-01,350000,INVALID
3258,EMP03258,,47.0,9.0,Manager,2023-01-15,,emp3258@mail.com
3259,EMP03259,male,34.0,12.0,Intern,2025-07-01,6 LPA,emp3259@mail.com
3260,EMP03260,male,44.0,11.0,Analyst,,350000,emp3260@mail.com
3261,EMP03261,M,51.0,6.0,QA,,,
3262,EMP03262,,50.0,12.0,Manager,15/02/2024,500000,
3263,EMP03263,Female,39.0,8.0,QA,15/02/2024,,
3264,EMP03264,Female,-2.0,1.0,Manager,,-10000,
3265,EMP03265,Male,22.0,17.0,Manager,15/02/2024,6 LPA,
3266,EMP03266,Female,51.0,6.0,QA,,800000,INVALID
3267,EMP03267,male,23.0,15.0,Analyst,,-10000,emp3267@mail.com
3268,EMP03268,male,21.0,9.0,Analyst,,800000,
3269,EMP03269,Male,36.0,20.0,Engineer,,6 LPA,
3270,EMP03270,,27.0,99.0,Manager,,350000,INVALID
3271,EMP03271,,60.0,19.0,Engineer,15/02/2024,800000,emp3271@mail.com
3272,EMP03272,,27.0,20.0,Intern,2025-07-01,6 LPA,emp3272@mail.com
3273,EMP03273,Male,,9.0,Manager,15/02/2024,6 LPA,
3274,EMP03274,Female,54.0,1.0,HR,2023-01-15,6 LPA,
3275,EMP03275,F,57.0,2.0,HR,2023-01-15,-10000,INVALID
3276,EMP03276,,54.0,2.0,Analyst,,6 LPA,emp3276@mail.com
3277,EMP03277,Female,50.0,13.0,HR,2023-01-15,6 LPA,
3278,EMP03278,Male,60.0,16.0,Analyst,,-10000,
3279,EMP03279,Female,34.0,9.0,HR,15/02/2024,800000,
3280,EMP03280,Female,33.0,9.0,Analyst,15/02/2024,350000,
3281,EMP03281,M,55.0,8.0,Intern,,350000,INVALID
3282,EMP03282,Male,34.0,16.0,QA,,,emp3282@mail.com
3283,EMP03283,,54.0,14.0,QA,,6 LPA,emp3283@mail.com
3284,EMP03284,Male,43.0,,Analyst,15/02/2024,6 LPA,emp3284@mail.com
3285,EMP03285,Male,52.0,16.0,Engineer,,-10000,INVALID
3286,EMP03286,F,54.0,6.0,Manager,2023-01-15,800000,
3287,EMP03287,male,38.0,,Engineer,2023-01-15,,emp3287@mail.com
3288,EMP03288,,43.0,2.0,HR,,800000,INVALID
3289,EMP03289,M,59.0,7.0,HR,15/02/2024,,INVALID
3290,EMP03290,Female,46.0,5.0,QA,2023-01-15,800000,
3291,EMP03291,,44.0,,Analyst,,500000,
3292,EMP03292,F,48.0,15.0,QA,,6 LPA,
3293,EMP03293,Female,42.0,11.0,Intern,2023-01-15,-10000,INVALID
3294,EMP03294,F,52.0,,Intern,2025-07-01,350000,emp3294@mail.com
3295,EMP03295,M,55.0,3.0,HR,2023-01-15,-10000,emp3295@mail.com
3296,EMP03296,Female,43.0,3.0,QA,2025-07-01,,INVALID
3297,EMP03297,Male,54.0,9.0,QA,,6 LPA,emp3297@mail.com
3298,EMP03298,,20.0,15.0,QA,,350000,emp3298@mail.com
3299,EMP03299,F,53.0,5.0,Engineer,15/02/2024,500000,
3300,EMP03300,Female,58.0,14.0,HR,2023-01-15,800000,INVALID
3301,EMP03301,M,46.0,20.0,Analyst,2025-07-01,6 LPA,
3302,EMP03302,Male,42.0,14.0,Intern,,-10000,
3303,EMP03303,F,35.0,1.0,QA,,6 LPA,
3304,EMP03304,M,-2.0,7.0,Intern,2025-07-01,6 LPA,
3305,EMP03305,male,46.0,5.0,QA,15/02/2024,,INVALID
3306,EMP03306,Male,58.0,16.0,Manager,15/02/2024,350000,INVALID
3307,EMP03307,F,29.0,,Intern,,350000,INVALID
3308,EMP03308,F,20.0,14.0,HR,2023-01-15,6 LPA,
3309,EMP03309,M,51.0,9.0,Manager,,-10000,
3310,EMP03310,F,47.0,20.0,Analyst,,6 LPA,
3311,EMP03311,M,24.0,12.0,Intern,,500000,INVALID
3312,EMP03312,F,58.0,,Analyst,2023-01-15,6 LPA,INVALID
3313,EMP03313,Female,59.0,6.0,QA,2025-07-01,800000,
3314,EMP03314,Female,37.0,99.0,QA,,-10000,
3315,EMP03315,male,59.0,7.0,HR,2023-01-15,-10000,emp3315@mail.com
3316,EMP03316,M,51.0,3.0,HR,,-10000,
3317,EMP03317,male,27.0,3.0,HR,2025-07-01,6 LPA,emp3317@mail.com
3318,EMP03318,male,27.0,7.0,Manager,,-10000,INVALID
3319,EMP03319,,60.0,,HR,,6 LPA,
3320,EMP03320,Male,23.0,99.0,Intern,2025-07-01,350000,
3321,EMP03321,F,49.0,13.0,Manager,2023-01-15,-10000,INVALID
3322,EMP03322,,42.0,1.0,QA,,350000,
3323,EMP03323,F,25.0,19.0,HR,2025-07-01,6 LPA,INVALID
3324,EMP03324,Female,43.0,14.0,QA,,,emp3324@mail.com
3325,EMP03325,Male,56.0,2.0,Engineer,,350000,
3326,EMP03326,Female,26.0,12.0,Analyst,,6 LPA,
3327,EMP03327,male,,16.0,QA,2025-07-01,350000,INVALID
3328,EMP03328,Male,46.0,17.0,Engineer,,-10000,INVALID
3329,EMP03329,Female,53.0,,Manager,2025-07-01,350000,
3330,EMP03330,F,27.0,3.0,Analyst,,-10000,INVALID
3331,EMP03331,F,39.0,6.0,Manager,,800000,emp3331@mail.com
3332,EMP03332,Male,30.0,13.0,HR,,350000,
3333,EMP03333,Male,39.0,8.0,Manager,,-10000,
3334,EMP03334,Female,31.0,1.0,Analyst,15/02/2024,500000,INVALID
3335,EMP03335,Female,27.0,,QA,,350000,emp3335@mail.com
3336,EMP03336,M,59.0,18.0,HR,2025-07-01,6 LPA,INVALID
3337,EMP03337,M,43.0,99.0,Manager,,,emp3337@mail.com
3338,EMP03338,Male,54.0,8.0,Intern,2025-07-01,-10000,
3339,EMP03339,F,51.0,19.0,HR,2023-01-15,800000,
3340,EMP03340,male,60.0,3.0,Intern,,6 LPA,emp3340@mail.com
3341,EMP03341,Male,42.0,3.0,Intern,15/02/2024,6 LPA,
3342,EMP03342,M,56.0,12.0,Manager,2025-07-01,6 LPA,INVALID
3343,EMP03343,F,39.0,17.0,Analyst,2023-01-15,800000,
3344,EMP03344,Female,22.0,17.0,Intern,,,
3345,EMP03345,F,,13.0,Intern,,,INVALID
3346,EMP03346,Male,39.0,19.0,Intern,2023-01-15,350000,
3347,EMP03347,Male,53.0,8.0,Analyst,,800000,
3348,EMP03348,F,33.0,2.0,Manager,,-10000,INVALID
3349,EMP03349,male,33.0,4.0,QA,,350000,INVALID
3350,EMP03350,Female,22.0,10.0,QA,2023-01-15,,
3351,EMP03351,Male,38.0,17.0,QA,15/02/2024,500000,
3352,EMP03352,F,50.0,16.0,Intern,2025-07-01,6 LPA,INVALID
3353,EMP03353,F,49.0,6.0,Engineer,,,
3354,EMP03354,Female,31.0,17.0,Manager,2025-07-01,350000,INVALID
3355,EMP03355,Female,55.0,6.0,QA,,6 LPA,emp3355@mail.com
3356,EMP03356,,48.0,9.0,HR,15/02/2024,500000,emp3356@mail.com
3357,EMP03357,F,,14.0,HR,2025-07-01,800000,INVALID
3358,EMP03358,Female,51.0,5.0,Analyst,15/02/2024,6 LPA,INVALID
3359,EMP03359,male,29.0,13.0,HR,2025-07-01,500000,
3360,EMP03360,male,20.0,6.0,Intern,2023-01-15,6 LPA,INVALID
3361,EMP03361,,38.0,5.0,Analyst,,6 LPA,
3362,EMP03362,F,47.0,6.0,Manager,2025-07-01,-10000,
3363,EMP03363,male,52.0,1.0,HR,2025-07-01,6 LPA,
3364,EMP03364,Male,48.0,13.0,Analyst,,,INVALID
3365,EMP03365,F,31.0,,QA,,500000,emp3365@mail.com
3366,EMP03366,Male,28.0,20.0,Manager,15/02/2024,,
3367,EMP03367,male,99.0,,Manager,15/02/2024,350000,
3368,EMP03368,male,45.0,10.0,Engineer,15/02/2024,6 LPA,
3369,EMP03369,F,46.0,10.0,QA,,500000,
3370,EMP03370,F,52.0,10.0,Engineer,2023-01-15,800000,INVALID
3371,EMP03371,male,24.0,12.0,Engineer,15/02/2024,350000,
3372,EMP03372,F,46.0,9.0,QA,2025-07-01,500000,
3373,EMP03373,male,24.0,20.0,HR,2023-01-15,,emp3373@mail.com
3374,EMP03374,male,36.0,6.0,Manager,,-10000,
3375,EMP03375,M,47.0,11.0,Manager,,500000,
3376,EMP03376,Female,36.0,13.0,Manager,,800000,INVALID
3377,EMP03377,,29.0,10.0,Intern,15/02/2024,800000,emp3377@mail.com
3378,EMP03378,F,99.0,15.0,Intern,,500000,emp3378@mail.com
3379,EMP03379,Male,60.0,3.0,Intern,2025-07-01,500000,emp3379@mail.com
3380,EMP03380,F,24.0,3.0,Intern,15/02/2024,350000,INVALID
3381,EMP03381,Male,35.0,7.0,Engineer,,800000,
3382,EMP03382,,27.0,20.0,Manager,2025-07-01,500000,INVALID
3383,EMP03383,Female,44.0,3.0,Analyst,2025-07-01,800000,emp3383@mail.com
3384,EMP03384,male,47.0,16.0,HR,2025-07-01,350000,
3385,EMP03385,Female,44.0,7.0,Intern,2025-07-01,,INVALID
3386,EMP03386,Male,28.0,15.0,HR,,500000,emp3386@mail.com
3387,EMP03387,Male,39.0,19.0,HR,,6 LPA,INVALID
3388,EMP03388,M,42.0,9.0,Engineer,2023-01-15,800000,
3389,EMP03389,M,50.0,16.0,QA,15/02/2024,-10000,emp3389@mail.com
3390,EMP03390,M,56.0,17.0,QA,15/02/2024,800000,
3391,EMP03391,Female,30.0,18.0,Manager,2025-07-01,500000,INVALID
3392,EMP03392,,,16.0,Analyst,,500000,INVALID
3393,EMP03393,male,56.0,15.0,HR,,,
3394,EMP03394,M,55.0,12.0,Analyst,,350000,
3395,EMP03395,M,27.0,10.0,Analyst,15/02/2024,6 LPA,INVALID
3396,EMP03396,,20.0,6.0,Engineer,,500000,emp3396@mail.com
3397,EMP03397,Male,21.0,13.0,QA,15/02/2024,-10000,
3398,EMP03398,M,99.0,2.0,Engineer,2025-07-01,800000,emp3398@mail.com
3399,EMP03399,Female,50.0,1.0,Engineer,2023-01-15,-10000,INVALID
3400,EMP03400,male,46.0,2.0,Analyst,,350000,emp3400@mail.com
3401,EMP03401,F,38.0,19.0,QA,2023-01-15,-10000,INVALID
3402,EMP03402,Female,29.0,7.0,Intern,,-10000,INVALID
3403,EMP03403,Male,51.0,12.0,QA,2023-01-15,,
3404,EMP03404,Male,45.0,8.0,Manager,,,
3405,EMP03405,Female,45.0,10.0,HR,2023-01-15,800000,
3406,EMP03406,F,57.0,5.0,Manager,15/02/2024,-10000,emp3406@mail.com
3407,EMP03407,F,53.0,12.0,QA,,800000,
3408,EMP03408,male,50.0,10.0,QA,15/02/2024,800000,
3409,EMP03409,Male,-2.0,11.0,HR,,-10000,
3410,EMP03410,male,23.0,10.0,HR,2023-01-15,500000,
3411,EMP03411,,42.0,1.0,QA,,6 LPA,INVALID
3412,EMP03412,M,60.0,9.0,QA,2023-01-15,500000,
3413,EMP03413,Female,46.0,17.0,Engineer,2025-07-01,6 LPA,
3414,EMP03414,male,28.0,10.0,Intern,,350000,INVALID
3415,EMP03415,Female,41.0,10.0,Intern,,500000,emp3415@mail.com
3416,EMP03416,Female,33.0,8.0,Intern,15/02/2024,,INVALID
3417,EMP03417,F,55.0,8.0,Manager,,500000,
3418,EMP03418,F,41.0,15.0,Analyst,,800000,
3419,EMP03419,,26.0,11.0,Intern,,500000,
3420,EMP03420,Male,29.0,1.0,HR,15/02/2024,6 LPA,INVALID
3421,EMP03421,Male,53.0,14.0,Analyst,15/02/2024,350000,
3422,EMP03422,Male,20.0,13.0,Intern,,6 LPA,INVALID
3423,EMP03423,male,27.0,99.0,QA,15/02/2024,800000,
3424,EMP03424,Female,-2.0,3.0,Manager,2025-07-01,350000,
3425,EMP03425,Female,-2.0,17.0,QA,15/02/2024,-10000,emp3425@mail.com
3426,EMP03426,,21.0,18.0,Analyst,2023-01-15,6 LPA,emp3426@mail.com
3427,EMP03427,Female,51.0,20.0,Analyst,2025-07-01,500000,emp3427@mail.com
3428,EMP03428,F,,2.0,Analyst,15/02/2024,500000,INVALID
3429,EMP03429,M,99.0,1.0,QA,,6 LPA,
3430,EMP03430,M,59.0,4.0,Engineer,2023-01-15,6 LPA,emp3430@mail.com
3431,EMP03431,M,21.0,14.0,HR,2025-07-01,6 LPA,emp3431@mail.com
3432,EMP03432,Male,59.0,12.0,Engineer,,6 LPA,INVALID
3433,EMP03433,Female,38.0,4.0,Analyst,15/02/2024,350000,emp3433@mail.com
3434,EMP03434,F,50.0,20.0,Analyst,,6 LPA,
3435,EMP03435,Male,50.0,18.0,Engineer,2025-07-01,350000,emp3435@mail.com
3436,EMP03436,F,37.0,5.0,Manager,2023-01-15,800000,
3437,EMP03437,male,34.0,13.0,Intern,15/02/2024,350000,
3438,EMP03438,,54.0,18.0,Intern,2023-01-15,,
3439,EMP03439,Male,41.0,20.0,Intern,2023-01-15,-10000,
3440,EMP03440,,29.0,13.0,Analyst,,350000,INVALID
3441,EMP03441,Female,24.0,1.0,Manager,2025-07-01,-10000,INVALID
3442,EMP03442,F,22.0,3.0,Analyst,2025-07-01,,
3443,EMP03443,,25.0,8.0,QA,2023-01-15,6 LPA,
3444,EMP03444,,26.0,99.0,Manager,2023-01-15,6 LPA,INVALID
3445,EMP03445,,50.0,9.0,QA,15/02/2024,350000,INVALID
3446,EMP03446,M,39.0,6.0,QA,2023-01-15,350000,
3447,EMP03447,male,40.0,17.0,Intern,2023-01-15,6 LPA,INVALID
3448,EMP03448,,48.0,8.0,Analyst,15/02/2024,-10000,emp3448@mail.com
3449,EMP03449,,41.0,9.0,Analyst,2023-01-15,-10000,INVALID
3450,EMP03450,M,60.0,7.0,Manager,2023-01-15,800000,
3451,EMP03451,,49.0,11.0,Manager,,800000,emp3451@mail.com
3452,EMP03452,Male,33.0,17.0,Engineer,15/02/2024,6 LPA,INVALID
3453,EMP03453,Male,40.0,13.0,HR,,500000,emp3453@mail.com
3454,EMP03454,M,33.0,5.0,HR,2025-07-01,800000,
3455,EMP03455,M,58.0,6.0,Manager,,350000,INVALID
3456,EMP03456,F,32.0,20.0,Manager,,6 LPA,
3457,EMP03457,Female,51.0,8.0,Analyst,,800000,
3458,EMP03458,male,36.0,4.0,Intern,,350000,emp3458@mail.com
3459,EMP03459,F,57.0,3.0,QA,2025-07-01,6 LPA,
3460,EMP03460,Male,47.0,99.0,QA,2023-01-15,350000,INVALID
3461,EMP03461,Female,40.0,6.0,HR,2023-01-15,350000,
3462,EMP03462,M,32.0,99.0,QA,,800000,emp3462@mail.com
3463,EMP03463,male,,1.0,Analyst,2023-01-15,800000,INVALID
3464,EMP03464,male,58.0,16.0,Engineer,,350000,
3465,EMP03465,male,40.0,20.0,Analyst,2025-07-01,,INVALID
3466,EMP03466,male,,20.0,Analyst,,-10000,
3467,EMP03467,Male,40.0,17.0,HR,,350000,
3468,EMP03468,F,38.0,8.0,QA,,,emp3468@mail.com
3469,EMP03469,,21.0,17.0,Intern,2023-01-15,500000,
3470,EMP03470,Female,53.0,16.0,HR,2023-01-15,800000,INVALID
3471,EMP03471,Male,25.0,1.0,Intern,2023-01-15,500000,emp3471@mail.com
3472,EMP03472,F,41.0,9.0,Analyst,2025-07-01,350000,INVALID
3473,EMP03473,M,32.0,18.0,Intern,15/02/2024,500000,
3474,EMP03474,,35.0,16.0,Analyst,15/02/2024,,INVALID
3475,EMP03475,M,55.0,,HR,2025-07-01,-10000,emp3475@mail.com
3476,EMP03476,male,38.0,4.0,HR,,350000,
3477,EMP03477,male,39.0,10.0,QA,2025-07-01,-10000,
3478,EMP03478,,31.0,3.0,QA,2025-07-01,-10000,emp3478@mail.com
3479,EMP03479,F,38.0,16.0,HR,2023-01-15,800000,emp3479@mail.com
3480,EMP03480,F,-2.0,6.0,QA,2023-01-15,800000,
3481,EMP03481,F,41.0,10.0,Intern,15/02/2024,800000,
3482,EMP03482,F,58.0,5.0,QA,,,emp3482@mail.com
3483,EMP03483,F,48.0,5.0,Engineer,,350000,emp3483@mail.com
3484,EMP03484,Male,23.0,11.0,QA,,6 LPA,
3485,EMP03485,M,57.0,5.0,Manager,15/02/2024,800000,emp3485@mail.com
3486,EMP03486,M,35.0,15.0,Analyst,,,
3487,EMP03487,,29.0,2.0,QA,,350000,
3488,EMP03488,Female,48.0,7.0,Intern,,350000,INVALID
3489,EMP03489,Female,-2.0,10.0,Manager,2023-01-15,6 LPA,INVALID
3490,EMP03490,F,58.0,18.0,Intern,2023-01-15,350000,
3491,EMP03491,M,,6.0,HR,,-10000,
3492,EMP03492,male,60.0,2.0,Manager,2025-07-01,,INVALID
3493,EMP03493,,44.0,99.0,HR,2023-01-15,,emp3493@mail.com
3494,EMP03494,F,25.0,4.0,Manager,2023-01-15,500000,INVALID
3495,EMP03495,Male,21.0,9.0,HR,2023-01-15,,INVALID
3496,EMP03496,F,49.0,3.0,QA,2025-07-01,6 LPA,INVALID
3497,EMP03497,male,43.0,19.0,Engineer,2025-07-01,-10000,
3498,EMP03498,F,50.0,7.0,HR,,,INVALID
3499,EMP03499,Male,42.0,19.0,Manager,,350000,
3500,EMP03500,Female,45.0,2.0,Intern,2025-07-01,-10000,emp3500@mail.com
3501,EMP03501,Female,30.0,14.0,HR,2023-01-15,6 LPA,emp3501@mail.com
3502,EMP03502,,21.0,15.0,Engineer,2023-01-15,800000,
3503,EMP03503,F,21.0,,Intern,2023-01-15,800000,
3504,EMP03504,,38.0,16.0,QA,,500000,INVALID
3505,EMP03505,Male,60.0,19.0,Analyst,,350000,INVALID
3506,EMP03506,F,51.0,7.0,HR,,500000,
3507,EMP03507,M,25.0,3.0,QA,,350000,
3508,EMP03508,,50.0,17.0,Manager,15/02/2024,350000,
3509,EMP03509,Male,41.0,99.0,Analyst,,350000,
3510,EMP03510,male,54.0,13.0,Intern,15/02/2024,500000,emp3510@mail.com
3511,EMP03511,F,,8.0,QA,,500000,
3512,EMP03512,Female,29.0,16.0,Engineer,2023-01-15,-10000,INVALID
3513,EMP03513,Male,44.0,10.0,Intern,,-10000,
3514,EMP03514,F,37.0,3.0,HR,15/02/2024,350000,INVALID
3515,EMP03515,M,28.0,13.0,Analyst,,800000,
3516,EMP03516,,31.0,16.0,QA,2023-01-15,6 LPA,emp3516@mail.com
3517,EMP03517,male,56.0,20.0,QA,2023-01-15,500000,
3518,EMP03518,Female,28.0,9.0,Intern,15/02/2024,6 LPA,
3519,EMP03519,Female,59.0,,Manager,,350000,emp3519@mail.com
3520,EMP03520,M,57.0,12.0,Engineer,2023-01-15,500000,emp3520@mail.com
3521,EMP03521,Male,58.0,9.0,Analyst,2025-07-01,,
3522,EMP03522,F,55.0,7.0,Analyst,2025-07-01,350000,emp3522@mail.com
3523,EMP03523,male,-2.0,,Intern,2025-07-01,6 LPA,
3524,EMP03524,F,33.0,14.0,Analyst,,,
3525,EMP03525,Male,40.0,14.0,Manager,,,
3526,EMP03526,F,99.0,,Engineer,2025-07-01,350000,
3527,EMP03527,Female,55.0,1.0,Engineer,2025-07-01,800000,INVALID
3528,EMP03528,Male,32.0,16.0,Engineer,2025-07-01,6 LPA,INVALID
3529,EMP03529,Male,22.0,10.0,Analyst,2025-07-01,350000,
3530,EMP03530,Male,31.0,19.0,Manager,15/02/2024,800000,INVALID
3531,EMP03531,Female,36.0,3.0,Engineer,2025-07-01,800000,INVALID
3532,EMP03532,,40.0,15.0,HR,2023-01-15,,emp3532@mail.com
3533,EMP03533,,46.0,,Analyst,2023-01-15,-10000,
3534,EMP03534,Male,37.0,5.0,Intern,2023-01-15,6 LPA,INVALID
3535,EMP03535,male,21.0,20.0,HR,2025-07-01,-10000,
3536,EMP03536,,28.0,6.0,Analyst,2025-07-01,800000,INVALID
3537,EMP03537,,38.0,12.0,Analyst,2023-01-15,800000,INVALID
3538,EMP03538,male,48.0,9.0,HR,,350000,INVALID
3539,EMP03539,male,,13.0,Manager,2025-07-01,350000,
3540,EMP03540,Male,24.0,6.0,QA,15/02/2024,6 LPA,emp3540@mail.com
3541,EMP03541,,44.0,10.0,Intern,2023-01-15,-10000,
3542,EMP03542,,53.0,11.0,HR,15/02/2024,350000,
3543,EMP03543,M,45.0,2.0,Engineer,2025-07-01,-10000,
3544,EMP03544,M,21.0,16.0,Intern,15/02/2024,-10000,
3545,EMP03545,Female,56.0,15.0,Engineer,2023-01-15,500000,emp3545@mail.com
3546,EMP03546,male,35.0,12.0,Analyst,,-10000,INVALID
3547,EMP03547,F,99.0,17.0,Analyst,15/02/2024,800000,
3548,EMP03548,M,34.0,,HR,,-10000,
3549,EMP03549,Male,36.0,5.0,Analyst,,500000,
3550,EMP03550,Male,40.0,10.0,HR,,350000,
3551,EMP03551,Female,24.0,16.0,HR,2025-07-01,-10000,
3552,EMP03552,Female,44.0,13.0,Engineer,2023-01-15,500000,
3553,EMP03553,Male,20.0,17.0,Intern,15/02/2024,800000,INVALID
3554,EMP03554,male,39.0,6.0,Manager,2023-01-15,,
3555,EMP03555,M,-2.0,99.0,Intern,15/02/2024,-10000,
3556,EMP03556,,57.0,18.0,QA,15/02/2024,350000,emp3556@mail.com
3557,EMP03557,F,50.0,18.0,Manager,2023-01-15,500000,
3558,EMP03558,M,58.0,14.0,Manager,2023-01-15,-10000,INVALID
3559,EMP03559,Male,20.0,5.0,Analyst,15/02/2024,350000,
3560,EMP03560,,32.0,19.0,Intern,2025-07-01,800000,
3561,EMP03561,Male,39.0,10.0,Intern,2025-07-01,500000,
3562,EMP03562,male,49.0,11.0,Manager,,-10000,emp3562@mail.com
3563,EMP03563,Female,57.0,15.0,Analyst,,350000,INVALID
3564,EMP03564,F,50.0,8.0,Engineer,2023-01-15,,INVALID
3565,EMP03565,M,23.0,16.0,Manager,,350000,
3566,EMP03566,M,24.0,15.0,Manager,2025-07-01,6 LPA,
3567,EMP03567,F,27.0,15.0,Engineer,2023-01-15,-10000,
3568,EMP03568,,40.0,9.0,Intern,,350000,emp3568@mail.com
3569,EMP03569,Male,44.0,18.0,Analyst,2023-01-15,-10000,INVALID
3570,EMP03570,M,-2.0,8.0,QA,,500000,emp3570@mail.com
3571,EMP03571,,40.0,17.0,Manager,,-10000,INVALID
3572,EMP03572,M,47.0,11.0,Engineer,,-10000,emp3572@mail.com
3573,EMP03573,M,53.0,10.0,QA,,-10000,INVALID
3574,EMP03574,male,41.0,4.0,QA,,6 LPA,emp3574@mail.com
3575,EMP03575,M,21.0,3.0,HR,,800000,INVALID
3576,EMP03576,M,57.0,8.0,QA,15/02/2024,800000,INVALID
3577,EMP03577,male,55.0,99.0,Engineer,,350000,INVALID
3578,EMP03578,,,2.0,HR,2023-01-15,,INVALID
3579,EMP03579,Female,22.0,,Engineer,2023-01-15,500000,
3580,EMP03580,M,21.0,14.0,Manager,15/02/2024,-10000,emp3580@mail.com
3581,EMP03581,male,41.0,6.0,Intern,2025-07-01,350000,INVALID
3582,EMP03582,,37.0,4.0,Analyst,,,
3583,EMP03583,F,38.0,14.0,HR,,800000,INVALID
3584,EMP03584,,56.0,15.0,QA,15/02/2024,800000,
3585,EMP03585,Female,20.0,12.0,Intern,2023-01-15,,
3586,EMP03586,Female,21.0,13.0,HR,2023-01-15,-10000,emp3586@mail.com
3587,EMP03587,male,37.0,,Analyst,2025-07-01,-10000,emp3587@mail.com
3588,EMP03588,,55.0,4.0,Engineer,,6 LPA,INVALID
3589,EMP03589,Male,45.0,19.0,QA,2023-01-15,350000,emp3589@mail.com
3590,EMP03590,Female,53.0,13.0,Engineer,2025-07-01,,emp3590@mail.com
3591,EMP03591,,34.0,18.0,QA,,350000,emp3591@mail.com
3592,EMP03592,F,40.0,1.0,Intern,,6 LPA,
3593,EMP03593,Male,57.0,15.0,HR,,500000,INVALID
3594,EMP03594,F,45.0,7.0,Engineer,2025-07-01,,
3595,EMP03595,F,34.0,2.0,Engineer,2023-01-15,500000,INVALID
3596,EMP03596,F,31.0,19.0,QA,15/02/2024,350000,
3597,EMP03597,Male,32.0,5.0,Intern,2023-01-15,350000,
3598,EMP03598,M,50.0,9.0,HR,15/02/2024,6 LPA,emp3598@mail.com
3599,EMP03599,Male,41.0,14.0,Engineer,2025-07-01,350000,INVALID
3600,EMP03600,male,-2.0,1.0,Intern,15/02/2024,,
3601,EMP03601,Male,22.0,16.0,Engineer,2025-07-01,800000,INVALID
3602,EMP03602,Female,32.0,19.0,Manager,,,
3603,EMP03603,F,39.0,1.0,Engineer,,800000,INVALID
3604,EMP03604,F,57.0,19.0,Engineer,2023-01-15,-10000,
3605,EMP03605,Male,44.0,16.0,Analyst,15/02/2024,350000,
3606,EMP03606,,49.0,20.0,Manager,,6 LPA,emp3606@mail.com
3607,EMP03607,Female,33.0,3.0,QA,,,emp3607@mail.com
3608,EMP03608,Male,55.0,5.0,Manager,,350000,INVALID
3609,EMP03609,male,53.0,13.0,Manager,,,INVALID
3610,EMP03610,,22.0,2.0,QA,,-10000,INVALID
3611,EMP03611,M,46.0,10.0,Manager,2023-01-15,,INVALID
3612,EMP03612,Male,38.0,17.0,Manager,2023-01-15,350000,INVALID
3613,EMP03613,F,39.0,3.0,Analyst,,500000,
3614,EMP03614,Female,50.0,17.0,QA,2023-01-15,6 LPA,emp3614@mail.com
3615,EMP03615,F,51.0,3.0,HR,,350000,
3616,EMP03616,Female,47.0,16.0,HR,2025-07-01,,
3617,EMP03617,,29.0,2.0,Intern,2023-01-15,6 LPA,emp3617@mail.com
3618,EMP03618,male,38.0,2.0,HR,15/02/2024,,
3619,EMP03619,Female,44.0,16.0,Engineer,2023-01-15,800000,
3620,EMP03620,,47.0,12.0,Engineer,2023-01-15,800000,
3621,EMP03621,,54.0,10.0,Engineer,2023-01-15,500000,
3622,EMP03622,Male,31.0,4.0,Analyst,15/02/2024,-10000,
3623,EMP03623,Male,56.0,1.0,HR,2023-01-15,500000,INVALID
3624,EMP03624,Female,46.0,18.0,Analyst,15/02/2024,800000,INVALID
3625,EMP03625,,23.0,13.0,Engineer,2025-07-01,500000,
3626,EMP03626,male,50.0,14.0,Manager,15/02/2024,500000,emp3626@mail.com
3627,EMP03627,F,32.0,3.0,HR,,800000,
3628,EMP03628,F,34.0,99.0,Manager,,800000,emp3628@mail.com
3629,EMP03629,M,45.0,11.0,Manager,15/02/2024,6 LPA,INVALID
3630,EMP03630,Female,21.0,20.0,Intern,,-10000,
3631,EMP03631,Female,56.0,20.0,Engineer,2025-07-01,800000,
3632,EMP03632,M,34.0,9.0,QA,2023-01-15,-10000,
3633,EMP03633,Female,32.0,3.0,HR,,500000,
3634,EMP03634,,25.0,,QA,2025-07-01,,
3635,EMP03635,Male,37.0,16.0,Analyst,,350000,INVALID
3636,EMP03636,F,52.0,4.0,Engineer,,-10000,INVALID
3637,EMP03637,Male,48.0,2.0,Engineer,15/02/2024,,INVALID
3638,EMP03638,F,33.0,8.0,QA,15/02/2024,-10000,
3639,EMP03639,,48.0,1.0,Manager,15/02/2024,800000,
3640,EMP03640,,52.0,7.0,Analyst,,500000,
3641,EMP03641,,56.0,99.0,Analyst,2025-07-01,-10000,emp3641@mail.com
3642,EMP03642,male,46.0,99.0,Intern,,350000,
3643,EMP03643,Male,37.0,99.0,QA,2025-07-01,6 LPA,INVALID
3644,EMP03644,Male,99.0,9.0,Intern,,-10000,
3645,EMP03645,,47.0,5.0,Engineer,2025-07-01,,INVALID
3646,EMP03646,Female,56.0,7.0,Manager,2023-01-15,800000,
3647,EMP03647,,22.0,6.0,Engineer,2025-07-01,-10000,
3648,EMP03648,male,55.0,8.0,Manager,2023-01-15,350000,emp3648@mail.com
3649,EMP03649,Male,41.0,5.0,HR,,,INVALID
3650,EMP03650,M,38.0,1.0,QA,2023-01-15,-10000,emp3650@mail.com
3651,EMP03651,Female,21.0,3.0,HR,2023-01-15,,
3652,EMP03652,Male,41.0,18.0,QA,,6 LPA,emp3652@mail.com
3653,EMP03653,Female,57.0,15.0,QA,2025-07-01,-10000,
3654,EMP03654,male,22.0,16.0,Engineer,15/02/2024,500000,
3655,EMP03655,,25.0,16.0,Engineer,,500000,
3656,EMP03656,M,43.0,11.0,Intern,2025-07-01,500000,
3657,EMP03657,M,32.0,15.0,Analyst,2023-01-15,,INVALID
3658,EMP03658,Male,26.0,15.0,Manager,15/02/2024,-10000,
3659,EMP03659,M,28.0,6.0,Engineer,2023-01-15,-10000,INVALID
3660,EMP03660,,29.0,3.0,HR,,-10000,INVALID
3661,EMP03661,,38.0,18.0,Engineer,2025-07-01,350000,
3662,EMP03662,M,29.0,1.0,Analyst,15/02/2024,,
3663,EMP03663,Female,34.0,18.0,Analyst,,500000,
3664,EMP03664,male,27.0,2.0,Engineer,,350000,
3665,EMP03665,F,26.0,6.0,Analyst,2025-07-01,-10000,
3666,EMP03666,male,54.0,5.0,QA,2023-01-15,500000,
3667,EMP03667,,25.0,17.0,QA,,500000,
3668,EMP03668,Female,47.0,4.0,QA,,6 LPA,
3669,EMP03669,Female,20.0,18.0,Manager,,6 LPA,INVALID
3670,EMP03670,male,24.0,5.0,Engineer,,6 LPA,emp3670@mail.com
3671,EMP03671,Male,33.0,3.0,Intern,,800000,INVALID
3672,EMP03672,Male,41.0,15.0,Intern,15/02/2024,500000,INVALID
3673,EMP03673,M,22.0,1.0,HR,15/02/2024,-10000,INVALID
3674,EMP03674,Female,59.0,3.0,Analyst,2023-01-15,500000,
3675,EMP03675,Female,22.0,1.0,Manager,2023-01-15,,
3676,EMP03676,,53.0,,QA,15/02/2024,800000,
3677,EMP03677,F,59.0,20.0,Manager,,,
3678,EMP03678,M,58.0,14.0,HR,2025-07-01,500000,
3679,EMP03679,M,49.0,2.0,Manager,,,
3680,EMP03680,,39.0,7.0,Engineer,2023-01-15,,
3681,EMP03681,Female,56.0,4.0,Intern,2025-07-01,6 LPA,
3682,EMP03682,F,34.0,20.0,HR,2023-01-15,500000,emp3682@mail.com
3683,EMP03683,,38.0,1.0,QA,2023-01-15,,
3684,EMP03684,,22.0,7.0,QA,2023-01-15,350000,emp3684@mail.com
3685,EMP03685,Male,50.0,19.0,QA,15/02/2024,350000,emp3685@mail.com
3686,EMP03686,,48.0,16.0,Engineer,2023-01-15,-10000,
3687,EMP03687,Male,49.0,2.0,QA,2023-01-15,800000,
3688,EMP03688,male,42.0,17.0,Manager,2025-07-01,6 LPA,
3689,EMP03689,F,21.0,17.0,Intern,2023-01-15,-10000,
3690,EMP03690,male,47.0,6.0,Intern,,,
3691,EMP03691,F,99.0,3.0,Manager,2025-07-01,800000,emp3691@mail.com
3692,EMP03692,M,34.0,17.0,QA,15/02/2024,6 LPA,
3693,EMP03693,male,25.0,17.0,QA,,800000,
3694,EMP03694,,53.0,6.0,Engineer,2023-01-15,-10000,emp3694@mail.com
3695,EMP03695,F,40.0,19.0,Manager,2025-07-01,6 LPA,INVALID
3696,EMP03696,F,38.0,8.0,Engineer,,350000,emp3696@mail.com
3697,EMP03697,M,32.0,4.0,Manager,,500000,INVALID
3698,EMP03698,Female,28.0,1.0,Manager,2025-07-01,-10000,emp3698@mail.com
3699,EMP03699,Female,53.0,11.0,HR,15/02/2024,800000,
3700,EMP03700,Male,59.0,8.0,QA,2025-07-01,350000,
3701,EMP03701,M,47.0,13.0,Analyst,15/02/2024,800000,
3702,EMP03702,Female,22.0,99.0,QA,,800000,
3703,EMP03703,,27.0,15.0,Engineer,2025-07-01,500000,
3704,EMP03704,F,41.0,10.0,HR,,800000,
3705,EMP03705,F,23.0,4.0,Manager,2023-01-15,350000,emp3705@mail.com
3706,EMP03706,M,58.0,14.0,Analyst,2023-01-15,6 LPA,INVALID
3707,EMP03707,,22.0,12.0,Manager,2025-07-01,800000,INVALID
3708,EMP03708,Male,20.0,10.0,QA,2025-07-01,800000,
3709,EMP03709,male,53.0,14.0,Manager,15/02/2024,350000,INVALID
3710,EMP03710,F,26.0,4.0,Engineer,2025-07-01,,INVALID
3711,EMP03711,Female,33.0,14.0,Intern,2025-07-01,800000,
3712,EMP03712,M,49.0,14.0,HR,,6 LPA,INVALID
3713,EMP03713,male,27.0,6.0,HR,,500000,
3714,EMP03714,F,29.0,16.0,Intern,,350000,emp3714@mail.com
3715,EMP03715,male,53.0,15.0,Analyst,2025-07-01,350000,emp3715@mail.com
3716,EMP03716,F,29.0,4.0,Intern,2023-01-15,6 LPA,
3717,EMP03717,,21.0,19.0,Manager,2025-07-01,800000,
3718,EMP03718,F,20.0,20.0,Engineer,2023-01-15,,emp3718@mail.com
3719,EMP03719,,46.0,18.0,Manager,15/02/2024,500000,
3720,EMP03720,male,-2.0,20.0,Manager,2025-07-01,6 LPA,emp3720@mail.com
3721,EMP03721,Female,49.0,12.0,Analyst,,6 LPA,INVALID
3722,EMP03722,male,58.0,4.0,Engineer,,500000,emp3722@mail.com
3723,EMP03723,M,47.0,16.0,Engineer,2025-07-01,350000,emp3723@mail.com
3724,EMP03724,male,36.0,3.0,HR,,,INVALID
3725,EMP03725,,45.0,5.0,HR,,6 LPA,emp3725@mail.com
3726,EMP03726,,25.0,13.0,Analyst,,800000,emp3726@mail.com
3727,EMP03727,male,25.0,13.0,HR,,350000,
3728,EMP03728,,-2.0,19.0,Engineer,2023-01-15,500000,INVALID
3729,EMP03729,Female,52.0,15.0,QA,15/02/2024,350000,emp3729@mail.com
3730,EMP03730,Female,43.0,9.0,Analyst,,350000,
3731,EMP03731,male,20.0,9.0,Analyst,2025-07-01,800000,
3732,EMP03732,,47.0,15.0,QA,2025-07-01,500000,INVALID
3733,EMP03733,,99.0,16.0,QA,,350000,emp3733@mail.com
3734,EMP03734,male,43.0,7.0,Analyst,2023-01-15,500000,
3735,EMP03735,,45.0,99.0,Manager,,800000,emp3735@mail.com
3736,EMP03736,F,38.0,16.0,HR,,-10000,
3737,EMP03737,Male,38.0,1.0,HR,2023-01-15,350000,emp3737@mail.com
3738,EMP03738,M,38.0,2.0,Intern,,800000,emp3738@mail.com
3739,EMP03739,male,36.0,19.0,HR,,-10000,INVALID
3740,EMP03740,male,58.0,15.0,Analyst,2025-07-01,-10000,emp3740@mail.com
3741,EMP03741,,50.0,5.0,QA,2023-01-15,500000,
3742,EMP03742,Male,58.0,11.0,QA,15/02/2024,,
3743,EMP03743,Female,22.0,12.0,Manager,,500000,
3744,EMP03744,male,60.0,10.0,Engineer,,500000,
3745,EMP03745,Male,56.0,2.0,Intern,2023-01-15,350000,INVALID
3746,EMP03746,F,48.0,99.0,Analyst,15/02/2024,500000,
3747,EMP03747,Male,58.0,,Manager,2025-07-01,6 LPA,emp3747@mail.com
3748,EMP03748,male,23.0,2.0,Intern,,6 LPA,emp3748@mail.com
3749,EMP03749,,34.0,3.0,Manager,,-10000,
3750,EMP03750,Female,21.0,7.0,QA,,350000,
3751,EMP03751,,22.0,7.0,Engineer,2023-01-15,6 LPA,INVALID
3752,EMP03752,male,46.0,13.0,QA,,500000,INVALID
3753,EMP03753,Female,99.0,99.0,QA,,500000,emp3753@mail.com
3754,EMP03754,Female,28.0,2.0,QA,2025-07-01,500000,
3755,EMP03755,,54.0,19.0,Engineer,15/02/2024,500000,emp3755@mail.com
3756,EMP03756,male,37.0,14.0,Manager,,,emp3756@mail.com
3757,EMP03757,Female,39.0,5.0,Engineer,,350000,
3758,EMP03758,male,33.0,17.0,HR,2025-07-01,6 LPA,
3759,EMP03759,M,30.0,99.0,Engineer,2023-01-15,6 LPA,INVALID
3760,EMP03760,M,99.0,6.0,Manager,,6 LPA,emp3760@mail.com
3761,EMP03761,F,27.0,11.0,Engineer,2025-07-01,800000,emp3761@mail.com
3762,EMP03762,F,59.0,8.0,Analyst,,500000,INVALID
3763,EMP03763,F,20.0,12.0,Analyst,,6 LPA,emp3763@mail.com
3764,EMP03764,F,34.0,13.0,QA,,,emp3764@mail.com
3765,EMP03765,male,49.0,99.0,Engineer,,-10000,emp3765@mail.com
3766,EMP03766,M,49.0,7.0,Intern,,-10000,INVALID
3767,EMP03767,Female,47.0,14.0,Manager,2025-07-01,-10000,
3768,EMP03768,Male,42.0,1.0,QA,2023-01-15,500000,INVALID
3769,EMP03769,M,59.0,8.0,Analyst,2023-01-15,350000,emp3769@mail.com
3770,EMP03770,Male,55.0,,Intern,15/02/2024,6 LPA,emp3770@mail.com
3771,EMP03771,M,99.0,12.0,Analyst,2025-07-01,800000,
3772,EMP03772,male,59.0,,Intern,,-10000,INVALID
3773,EMP03773,,25.0,16.0,QA,2023-01-15,800000,emp3773@mail.com
3774,EMP03774,male,59.0,13.0,Intern,15/02/2024,-10000,
3775,EMP03775,M,39.0,4.0,Manager,2023-01-15,,
3776,EMP03776,M,36.0,6.0,Manager,,350000,emp3776@mail.com
3777,EMP03777,,36.0,16.0,QA,,800000,INVALID
3778,EMP03778,F,55.0,17.0,HR,2023-01-15,-10000,INVALID
3779,EMP03779,male,34.0,1.0,Engineer,2025-07-01,500000,
3780,EMP03780,male,45.0,18.0,QA,,,
3781,EMP03781,M,36.0,4.0,Analyst,,-10000,emp3781@mail.com
3782,EMP03782,,23.0,11.0,HR,,6 LPA,INVALID
3783,EMP03783,Female,40.0,10.0,Manager,,500000,INVALID
3784,EMP03784,Female,38.0,9.0,Manager,2023-01-15,800000,INVALID
3785,EMP03785,M,33.0,13.0,Manager,2023-01-15,6 LPA,
3786,EMP03786,Male,50.0,8.0,Analyst,2023-01-15,-10000,emp3786@mail.com
3787,EMP03787,F,44.0,9.0,Manager,2025-07-01,500000,INVALID
3788,EMP03788,F,49.0,17.0,HR,2025-07-01,500000,
3789,EMP03789,F,46.0,,Manager,,350000,INVALID
3790,EMP03790,Male,47.0,6.0,Manager,2023-01-15,,
3791,EMP03791,Male,53.0,4.0,Analyst,2023-01-15,,
3792,EMP03792,,60.0,3.0,Engineer,2023-01-15,350000,INVALID
3793,EMP03793,Female,29.0,4.0,Engineer,15/02/2024,-10000,
3794,EMP03794,M,43.0,99.0,Manager,15/02/2024,6 LPA,emp3794@mail.com
3795,EMP03795,,57.0,19.0,QA,15/02/2024,350000,emp3795@mail.com
3796,EMP03796,,20.0,20.0,Engineer,2025-07-01,-10000,
3797,EMP03797,M,59.0,9.0,QA,15/02/2024,-10000,INVALID
3798,EMP03798,Male,58.0,5.0,HR,15/02/2024,,
3799,EMP03799,male,28.0,2.0,Manager,2025-07-01,6 LPA,
3800,EMP03800,male,99.0,8.0,Manager,,-10000,emp3800@mail.com
3801,EMP03801,,54.0,14.0,Analyst,2025-07-01,800000,emp3801@mail.com
3802,EMP03802,Male,53.0,4.0,Engineer,,350000,INVALID
3803,EMP03803,M,48.0,,Engineer,,6 LPA,
3804,EMP03804,Male,46.0,15.0,Analyst,15/02/2024,-10000,emp3804@mail.com
3805,EMP03805,M,-2.0,7.0,Manager,2023-01-15,6 LPA,emp3805@mail.com
3806,EMP03806,,28.0,3.0,Engineer,2023-01-15,6 LPA,emp3806@mail.com
3807,EMP03807,,43.0,15.0,Intern,,350000,emp3807@mail.com
3808,EMP03808,Female,28.0,13.0,Analyst,,800000,
3809,EMP03809,,32.0,12.0,Manager,2025-07-01,350000,emp3809@mail.com
3810,EMP03810,M,24.0,6.0,Analyst,2023-01-15,-10000,
3811,EMP03811,M,50.0,99.0,Engineer,,6 LPA,
3812,EMP03812,Female,31.0,17.0,Intern,,800000,emp3812@mail.com
3813,EMP03813,Female,33.0,12.0,Manager,2023-01-15,6 LPA,INVALID
3814,EMP03814,F,57.0,99.0,HR,2023-01-15,6 LPA,emp3814@mail.com
3815,EMP03815,Male,56.0,20.0,QA,,500000,emp3815@mail.com
3816,EMP03816,F,49.0,15.0,HR,2025-07-01,-10000,
3817,EMP03817,,57.0,12.0,HR,,-10000,
3818,EMP03818,Male,49.0,6.0,HR,2023-01-15,350000,
3819,EMP03819,M,33.0,8.0,Intern,2023-01-15,350000,emp3819@mail.com
3820,EMP03820,male,39.0,13.0,Analyst,,,
3821,EMP03821,male,29.0,1.0,HR,,-10000,
3822,EMP03822,,52.0,9.0,Intern,,500000,emp3822@mail.com
3823,EMP03823,Male,52.0,5.0,Manager,15/02/2024,,
3824,EMP03824,M,55.0,14.0,Manager,,500000,INVALID
3825,EMP03825,Male,32.0,99.0,Intern,2023-01-15,6 LPA,
3826,EMP03826,Female,50.0,2.0,Manager,2023-01-15,,INVALID
3827,EMP03827,Female,22.0,99.0,Intern,,800000,emp3827@mail.com
3828,EMP03828,Female,35.0,,QA,,350000,INVALID
3829,EMP03829,,46.0,10.0,Manager,15/02/2024,350000,INVALID
3830,EMP03830,male,36.0,18.0,QA,2025-07-01,350000,
3831,EMP03831,Female,51.0,4.0,Engineer,,-10000,emp3831@mail.com
3832,EMP03832,Male,58.0,14.0,HR,,350000,emp3832@mail.com
3833,EMP03833,male,41.0,12.0,HR,,500000,
3834,EMP03834,male,33.0,5.0,Analyst,2023-01-15,6 LPA,
3835,EMP03835,Female,36.0,,HR,15/02/2024,800000,
3836,EMP03836,M,,1.0,Intern,15/02/2024,800000,
3837,EMP03837,male,27.0,5.0,Intern,,500000,emp3837@mail.com
3838,EMP03838,,25.0,8.0,Engineer,,350000,emp3838@mail.com
3839,EMP03839,,30.0,99.0,QA,2023-01-15,350000,INVALID
3840,EMP03840,F,39.0,13.0,Engineer,2025-07-01,6 LPA,emp3840@mail.com
3841,EMP03841,,37.0,11.0,Intern,,350000,
3842,EMP03842,M,48.0,16.0,Intern,2023-01-15,6 LPA,
3843,EMP03843,F,52.0,14.0,Analyst,2023-01-15,-10000,emp3843@mail.com
3844,EMP03844,Female,54.0,18.0,Intern,,800000,
3845,EMP03845,Female,50.0,16.0,HR,2023-01-15,500000,
3846,EMP03846,male,21.0,12.0,Manager,2023-01-15,-10000,
3847,EMP03847,Female,41.0,3.0,Intern,,800000,emp3847@mail.com
3848,EMP03848,M,44.0,13.0,Manager,,6 LPA,
3849,EMP03849,,28.0,17.0,Manager,2023-01-15,,
3850,EMP03850,,39.0,9.0,Manager,,500000,INVALID
3851,EMP03851,Female,42.0,12.0,Engineer,2025-07-01,,emp3851@mail.com
3852,EMP03852,Female,47.0,15.0,Manager,2023-01-15,500000,INVALID
3853,EMP03853,,42.0,12.0,QA,2023-01-15,800000,INVALID
3854,EMP03854,M,27.0,99.0,HR,2023-01-15,350000,emp3854@mail.com
3855,EMP03855,,44.0,20.0,Intern,,350000,emp3855@mail.com
3856,EMP03856,male,53.0,,Engineer,2025-07-01,,
3857,EMP03857,Male,26.0,11.0,Analyst,15/02/2024,350000,emp3857@mail.com
3858,EMP03858,male,39.0,17.0,Intern,,500000,INVALID
3859,EMP03859,F,37.0,4.0,QA,2023-01-15,6 LPA,INVALID
3860,EMP03860,F,59.0,15.0,HR,15/02/2024,-10000,INVALID
3861,EMP03861,M,51.0,4.0,Manager,,6 LPA,
3862,EMP03862,Male,36.0,6.0,Manager,2023-01-15,-10000,
3863,EMP03863,Female,40.0,5.0,Engineer,2025-07-01,-10000,
3864,EMP03864,male,24.0,3.0,QA,,6 LPA,
3865,EMP03865,M,55.0,,QA,15/02/2024,350000,
3866,EMP03866,F,52.0,14.0,Engineer,2025-07-01,350000,
3867,EMP03867,Female,24.0,2.0,Analyst,2025-07-01,,INVALID
3868,EMP03868,Male,54.0,6.0,Engineer,2025-07-01,,INVALID
3869,EMP03869,,,4.0,Analyst,15/02/2024,,INVALID
3870,EMP03870,Female,54.0,99.0,Intern,2023-01-15,800000,emp3870@mail.com
3871,EMP03871,Male,26.0,12.0,Analyst,15/02/2024,800000,
3872,EMP03872,F,39.0,12.0,Manager,,6 LPA,
3873,EMP03873,,21.0,3.0,QA,,,emp3873@mail.com
3874,EMP03874,Female,26.0,,Intern,15/02/2024,,INVALID
3875,EMP03875,Female,30.0,4.0,Analyst,15/02/2024,350000,INVALID
3876,EMP03876,Male,56.0,19.0,QA,,-10000,INVALID
3877,EMP03877,male,50.0,99.0,Manager,,500000,
3878,EMP03878,,50.0,,Engineer,,350000,emp3878@mail.com
3879,EMP03879,F,54.0,8.0,Manager,2023-01-15,800000,
3880,EMP03880,,43.0,11.0,Intern,,-10000,emp3880@mail.com
3881,EMP03881,M,28.0,1.0,HR,2023-01-15,6 LPA,
3882,EMP03882,Male,23.0,10.0,Manager,,350000,
3883,EMP03883,Female,37.0,7.0,Analyst,,350000,
3884,EMP03884,Female,31.0,6.0,Manager,2023-01-15,6 LPA,
3885,EMP03885,,53.0,17.0,Manager,2023-01-15,,INVALID
3886,EMP03886,,24.0,5.0,HR,,,
3887,EMP03887,Male,59.0,9.0,HR,2023-01-15,350000,emp3887@mail.com
3888,EMP03888,F,43.0,5.0,Intern,2025-07-01,500000,emp3888@mail.com
3889,EMP03889,F,42.0,17.0,Engineer,,,INVALID
3890,EMP03890,Female,99.0,18.0,Analyst,2025-07-01,,INVALID
3891,EMP03891,male,30.0,,Manager,2023-01-15,800000,INVALID
3892,EMP03892,M,31.0,17.0,Manager,2023-01-15,,
3893,EMP03893,,39.0,3.0,Analyst,,350000,INVALID
3894,EMP03894,male,41.0,,HR,15/02/2024,800000,
3895,EMP03895,Female,22.0,10.0,Intern,,350000,INVALID
3896,EMP03896,,39.0,8.0,Manager,,350000,
3897,EMP03897,,56.0,17.0,HR,,800000,
3898,EMP03898,Female,37.0,14.0,QA,15/02/2024,350000,INVALID
3899,EMP03899,F,49.0,19.0,Manager,,-10000,
3900,EMP03900,male,33.0,99.0,HR,15/02/2024,800000,
3901,EMP03901,Male,37.0,6.0,Analyst,,-10000,
3902,EMP03902,Female,31.0,7.0,Manager,,-10000,
3903,EMP03903,male,56.0,10.0,QA,2023-01-15,-10000,
3904,EMP03904,M,49.0,6.0,Manager,,-10000,
3905,EMP03905,Male,20.0,99.0,QA,15/02/2024,6 LPA,
3906,EMP03906,M,45.0,14.0,Analyst,2023-01-15,-10000,
3907,EMP03907,,20.0,17.0,Engineer,2023-01-15,,emp3907@mail.com
3908,EMP03908,Female,48.0,20.0,HR,,500000,
3909,EMP03909,M,,20.0,Engineer,,,INVALID
3910,EMP03910,Female,-2.0,17.0,QA,,500000,
3911,EMP03911,Male,37.0,1.0,HR,2023-01-15,,
3912,EMP03912,F,53.0,16.0,QA,15/02/2024,,INVALID
3913,EMP03913,male,35.0,1.0,QA,,350000,emp3913@mail.com
3914,EMP03914,,25.0,11.0,HR,2023-01-15,-10000,
3915,EMP03915,male,32.0,6.0,Engineer,,,emp3915@mail.com
3916,EMP03916,,55.0,11.0,Manager,,6 LPA,
3917,EMP03917,,99.0,1.0,QA,2025-07-01,6 LPA,emp3917@mail.com
3918,EMP03918,male,40.0,4.0,Manager,,6 LPA,
3919,EMP03919,,49.0,,Analyst,2025-07-01,350000,
3920,EMP03920,Male,57.0,12.0,Intern,,800000,
3921,EMP03921,M,52.0,19.0,QA,,-10000,
3922,EMP03922,Female,25.0,15.0,Manager,2025-07-01,-10000,emp3922@mail.com
3923,EMP03923,Female,42.0,18.0,Engineer,,-10000,
3924,EMP03924,,48.0,5.0,Analyst,2023-01-15,6 LPA,
3925,EMP03925,M,-2.0,11.0,HR,15/02/2024,800000,
3926,EMP03926,M,99.0,20.0,Engineer,15/02/2024,350000,
3927,EMP03927,Female,43.0,3.0,Manager,2023-01-15,,
3928,EMP03928,male,58.0,20.0,HR,2023-01-15,6 LPA,INVALID
3929,EMP03929,M,41.0,8.0,Intern,2025-07-01,800000,
3930,EMP03930,Male,47.0,10.0,HR,,-10000,INVALID
3931,EMP03931,,35.0,2.0,Analyst,,350000,INVALID
3932,EMP03932,,32.0,19.0,Manager,,-10000,
3933,EMP03933,M,23.0,6.0,Intern,2025-07-01,,
3934,EMP03934,M,34.0,18.0,QA,,800000,
3935,EMP03935,male,39.0,7.0,QA,2023-01-15,-10000,
3936,EMP03936,,32.0,11.0,QA,2023-01-15,800000,INVALID
3937,EMP03937,,-2.0,1.0,HR,2025-07-01,350000,
3938,EMP03938,male,46.0,10.0,Engineer,,350000,
3939,EMP03939,F,38.0,15.0,QA,2025-07-01,6 LPA,
3940,EMP03940,M,57.0,12.0,Intern,,500000,
3941,EMP03941,,54.0,4.0,Manager,2025-07-01,800000,
3942,EMP03942,male,21.0,14.0,Engineer,2025-07-01,,emp3942@mail.com
3943,EMP03943,Female,28.0,17.0,Intern,2023-01-15,350000,
3944,EMP03944,Female,60.0,18.0,HR,2023-01-15,500000,INVALID
3945,EMP03945,Male,48.0,6.0,HR,,,
3946,EMP03946,Male,39.0,14.0,QA,,6 LPA,emp3946@mail.com
3947,EMP03947,M,24.0,5.0,Manager,2025-07-01,-10000,emp3947@mail.com
3948,EMP03948,Male,36.0,2.0,Analyst,2023-01-15,-10000,INVALID
3949,EMP03949,Male,59.0,6.0,Analyst,2025-07-01,350000,
3950,EMP03950,male,40.0,14.0,QA,2023-01-15,6 LPA,emp3950@mail.com
3951,EMP03951,male,-2.0,3.0,Analyst,,,INVALID
3952,EMP03952,,45.0,7.0,QA,15/02/2024,800000,
3953,EMP03953,,21.0,,Intern,2023-01-15,-10000,
3954,EMP03954,F,28.0,13.0,Intern,2025-07-01,500000,
3955,EMP03955,male,24.0,3.0,HR,,800000,
3956,EMP03956,male,59.0,13.0,Analyst,2023-01-15,6 LPA,
3957,EMP03957,,52.0,10.0,Analyst,2025-07-01,6 LPA,
3958,EMP03958,Male,,12.0,QA,2025-07-01,350000,
3959,EMP03959,M,25.0,6.0,Manager,,6 LPA,
3960,EMP03960,,39.0,18.0,Analyst,,350000,INVALID
3961,EMP03961,Female,,2.0,Engineer,2023-01-15,6 LPA,emp3961@mail.com
3962,EMP03962,,25.0,19.0,QA,2025-07-01,500000,emp3962@mail.com
3963,EMP03963,Male,36.0,12.0,Intern,2025-07-01,-10000,
3964,EMP03964,Male,36.0,6.0,Intern,2025-07-01,800000,
3965,EMP03965,,47.0,5.0,HR,2025-07-01,6 LPA,
3966,EMP03966,male,40.0,17.0,Intern,,500000,
3967,EMP03967,male,33.0,,HR,,6 LPA,INVALID
3968,EMP03968,F,24.0,13.0,Manager,2023-01-15,-10000,
3969,EMP03969,,-2.0,3.0,HR,,6 LPA,
3970,EMP03970,,42.0,3.0,QA,,-10000,
3971,EMP03971,Female,39.0,3.0,Engineer,15/02/2024,350000,
3972,EMP03972,Female,51.0,19.0,Analyst,2023-01-15,,INVALID
3973,EMP03973,male,27.0,1.0,Engineer,15/02/2024,500000,INVALID
3974,EMP03974,Male,46.0,2.0,QA,2025-07-01,-10000,
3975,EMP03975,male,54.0,4.0,Intern,2025-07-01,,
3976,EMP03976,F,26.0,18.0,Engineer,,500000,
3977,EMP03977,male,58.0,5.0,Analyst,,-10000,INVALID
3978,EMP03978,M,35.0,2.0,Manager,15/02/2024,,
3979,EMP03979,Male,,15.0,Manager,2023-01-15,800000,INVALID
3980,EMP03980,Female,22.0,3.0,HR,,500000,emp3980@mail.com
3981,EMP03981,male,24.0,12.0,HR,2023-01-15,6 LPA,
3982,EMP03982,Male,50.0,3.0,HR,15/02/2024,6 LPA,INVALID
3983,EMP03983,Female,52.0,16.0,Engineer,,,emp3983@mail.com
3984,EMP03984,male,55.0,17.0,Engineer,,350000,emp3984@mail.com
3985,EMP03985,,37.0,14.0,Manager,,6 LPA,
3986,EMP03986,M,50.0,16.0,Manager,2023-01-15,350000,INVALID
3987,EMP03987,male,37.0,11.0,HR,,,INVALID
3988,EMP03988,male,37.0,4.0,Manager,2023-01-15,800000,
3989,EMP03989,,45.0,10.0,Analyst,15/02/2024,350000,
3990,EMP03990,Female,48.0,11.0,Analyst,,350000,
3991,EMP03991,F,25.0,13.0,Analyst,2025-07-01,-10000,INVALID
3992,EMP03992,,36.0,3.0,Engineer,2023-01-15,800000,INVALID
3993,EMP03993,Male,39.0,4.0,Analyst,15/02/2024,800000,
3994,EMP03994,,54.0,19.0,Analyst,15/02/2024,350000,
3995,EMP03995,F,53.0,10.0,Manager,2023-01-15,,
3996,EMP03996,,-2.0,11.0,QA,,500000,INVALID
3997,EMP03997,Female,21.0,13.0,HR,,,INVALID
3998,EMP03998,,22.0,10.0,QA,,350000,
3999,EMP03999,Male,37.0,2.0,Engineer,2025-07-01,500000,
4000,EMP04000,F,28.0,4.0,Engineer,2023-01-15,-10000,
4001,EMP04001,male,38.0,14.0,QA,15/02/2024,,
4002,EMP04002,F,60.0,15.0,Analyst,2023-01-15,-10000,
4003,EMP04003,M,,9.0,Intern,15/02/2024,,emp4003@mail.com
4004,EMP04004,F,36.0,12.0,HR,2025-07-01,-10000,
4005,EMP04005,M,57.0,16.0,Engineer,,,
4006,EMP04006,Female,49.0,12.0,QA,,500000,emp4006@mail.com
4007,EMP04007,male,53.0,18.0,Engineer,,350000,INVALID
4008,EMP04008,Male,35.0,5.0,Engineer,15/02/2024,6 LPA,
4009,EMP04009,male,56.0,7.0,QA,2023-01-15,800000,emp4009@mail.com
4010,EMP04010,Male,54.0,9.0,Manager,15/02/2024,350000,
4011,EMP04011,Female,31.0,15.0,Engineer,2023-01-15,800000,emp4011@mail.com
4012,EMP04012,F,38.0,1.0,Manager,2025-07-01,500000,emp4012@mail.com
4013,EMP04013,F,46.0,1.0,HR,2025-07-01,,emp4013@mail.com
4014,EMP04014,Male,99.0,13.0,Manager,2025-07-01,500000,emp4014@mail.com
4015,EMP04015,Female,45.0,1.0,Intern,,800000,
4016,EMP04016,M,29.0,13.0,HR,,-10000,emp4016@mail.com
4017,EMP04017,,22.0,19.0,HR,,350000,INVALID
4018,EMP04018,Female,36.0,7.0,Manager,,,emp4018@mail.com
4019,EMP04019,M,53.0,4.0,HR,2025-07-01,800000,emp4019@mail.com
4020,EMP04020,Female,44.0,11.0,Manager,15/02/2024,500000,emp4020@mail.com
4021,EMP04021,Male,40.0,8.0,Manager,2025-07-01,800000,
4022,EMP04022,Female,44.0,17.0,Manager,,-10000,emp4022@mail.com
4023,EMP04023,male,49.0,4.0,QA,15/02/2024,6 LPA,emp4023@mail.com
4024,EMP04024,,99.0,10.0,HR,,-10000,emp4024@mail.com
4025,EMP04025,M,28.0,10.0,Engineer,,,INVALID
4026,EMP04026,,39.0,11.0,Engineer,2025-07-01,500000,
4027,EMP04027,Male,28.0,11.0,Engineer,2023-01-15,6 LPA,emp4027@mail.com
4028,EMP04028,Male,25.0,18.0,HR,,,
4029,EMP04029,Male,35.0,10.0,Intern,15/02/2024,,emp4029@mail.com
4030,EMP04030,F,43.0,16.0,Analyst,,500000,
4031,EMP04031,Male,30.0,,Analyst,,,
4032,EMP04032,F,54.0,18.0,Engineer,,500000,
4033,EMP04033,male,41.0,12.0,Intern,,-10000,INVALID
4034,EMP04034,Male,49.0,3.0,HR,2025-07-01,-10000,emp4034@mail.com
4035,EMP04035,,44.0,1.0,QA,2025-07-01,,
4036,EMP04036,male,-2.0,17.0,QA,2023-01-15,,INVALID
4037,EMP04037,M,33.0,9.0,QA,2023-01-15,350000,INVALID
4038,EMP04038,F,33.0,11.0,Intern,15/02/2024,500000,INVALID
4039,EMP04039,F,37.0,2.0,Manager,,,
4040,EMP04040,Female,45.0,2.0,QA,,-10000,
4041,EMP04041,F,30.0,19.0,Intern,2025-07-01,500000,
4042,EMP04042,Male,50.0,,Analyst,2023-01-15,,
4043,EMP04043,M,52.0,12.0,Intern,2025-07-01,350000,
4044,EMP04044,F,,12.0,QA,2025-07-01,-10000,
4045,EMP04045,male,57.0,8.0,Analyst,15/02/2024,800000,emp4045@mail.com
4046,EMP04046,,40.0,7.0,Manager,,350000,
4047,EMP04047,M,23.0,99.0,HR,2023-01-15,-10000,emp4047@mail.com
4048,EMP04048,Male,27.0,9.0,Manager,,800000,emp4048@mail.com
4049,EMP04049,F,30.0,18.0,Manager,,350000,
4050,EMP04050,F,20.0,4.0,Manager,15/02/2024,,INVALID
4051,EMP04051,Male,45.0,18.0,QA,2025-07-01,-10000,
4052,EMP04052,Male,,12.0,QA,,500000,INVALID
4053,EMP04053,,37.0,9.0,Engineer,,6 LPA,INVALID
4054,EMP04054,Female,38.0,7.0,QA,2023-01-15,800000,emp4054@mail.com
4055,EMP04055,,20.0,9.0,Engineer,2023-01-15,800000,INVALID
4056,EMP04056,male,28.0,17.0,HR,2025-07-01,,
4057,EMP04057,F,60.0,99.0,QA,,,
4058,EMP04058,F,47.0,1.0,HR,2023-01-15,6 LPA,INVALID
4059,EMP04059,M,37.0,99.0,HR,2023-01-15,500000,INVALID
4060,EMP04060,Female,41.0,8.0,Intern,,800000,
4061,EMP04061,male,51.0,12.0,Engineer,2025-07-01,,
4062,EMP04062,Male,99.0,,Analyst,,350000,
4063,EMP04063,,56.0,6.0,QA,2025-07-01,800000,
4064,EMP04064,Female,47.0,99.0,QA,,-10000,INVALID
4065,EMP04065,Female,55.0,8.0,Manager,,500000,
4066,EMP04066,,34.0,20.0,Analyst,15/02/2024,,
4067,EMP04067,Female,,3.0,QA,2025-07-01,350000,
4068,EMP04068,Female,21.0,4.0,Analyst,2023-01-15,,INVALID
4069,EMP04069,Female,38.0,9.0,Intern,,350000,INVALID
4070,EMP04070,male,99.0,7.0,Manager,,-10000,INVALID
4071,EMP04071,male,60.0,10.0,Manager,2023-01-15,350000,
4072,EMP04072,,24.0,16.0,Manager,,,
4073,EMP04073,Female,57.0,15.0,Engineer,2025-07-01,350000,INVALID
4074,EMP04074,Male,29.0,15.0,QA,,500000,INVALID
4075,EMP04075,Male,28.0,7.0,Engineer,2023-01-15,-10000,emp4075@mail.com
4076,EMP04076,male,56.0,15.0,Intern,2025-07-01,800000,INVALID
4077,EMP04077,Male,48.0,15.0,Engineer,2025-07-01,,INVALID
4078,EMP04078,F,26.0,,QA,15/02/2024,800000,emp4078@mail.com
4079,EMP04079,,54.0,13.0,Intern,,6 LPA,
4080,EMP04080,,31.0,,Manager,15/02/2024,,
4081,EMP04081,M,35.0,16.0,Engineer,2025-07-01,-10000,INVALID
4082,EMP04082,male,28.0,4.0,QA,2025-07-01,,emp4082@mail.com
4083,EMP04083,M,43.0,99.0,QA,,,
4084,EMP04084,Female,50.0,11.0,Engineer,,350000,
4085,EMP04085,F,30.0,6.0,Intern,15/02/2024,350000,INVALID
4086,EMP04086,male,25.0,12.0,Intern,,-10000,
4087,EMP04087,,27.0,11.0,Analyst,,800000,
4088,EMP04088,Female,22.0,,Manager,15/02/2024,6 LPA,
4089,EMP04089,male,57.0,13.0,Engineer,2025-07-01,6 LPA,
4090,EMP04090,,21.0,15.0,Engineer,,,
4091,EMP04091,Female,28.0,11.0,QA,,6 LPA,emp4091@mail.com
4092,EMP04092,male,21.0,2.0,Intern,2025-07-01,350000,emp4092@mail.com
4093,EMP04093,,31.0,8.0,Intern,,-10000,INVALID
4094,EMP04094,F,54.0,6.0,Intern,2023-01-15,500000,emp4094@mail.com
4095,EMP04095,M,37.0,9.0,QA,15/02/2024,,INVALID
4096,EMP04096,Male,34.0,99.0,Intern,15/02/2024,800000,
4097,EMP04097,Female,44.0,7.0,Engineer,2025-07-01,350000,INVALID
4098,EMP04098,M,30.0,,Intern,2023-01-15,6 LPA,INVALID
4099,EMP04099,F,49.0,8.0,HR,,6 LPA,INVALID
4100,EMP04100,,50.0,3.0,Manager,2025-07-01,500000,INVALID
4101,EMP04101,male,45.0,12.0,HR,2023-01-15,6 LPA,emp4101@mail.com
4102,EMP04102,Female,20.0,19.0,Engineer,2023-01-15,-10000,emp4102@mail.com
4103,EMP04103,,,7.0,Engineer,2023-01-15,,
4104,EMP04104,Female,56.0,9.0,Analyst,,500000,
4105,EMP04105,Male,59.0,5.0,QA,2025-07-01,350000,
4106,EMP04106,,57.0,6.0,Manager,,6 LPA,
4107,EMP04107,Female,35.0,20.0,HR,,800000,
4108,EMP04108,male,59.0,6.0,HR,,6 LPA,INVALID
4109,EMP04109,Male,60.0,2.0,Intern,2025-07-01,-10000,INVALID
4110,EMP04110,M,27.0,18.0,HR,15/02/2024,6 LPA,
4111,EMP04111,Female,36.0,17.0,Analyst,,800000,
4112,EMP04112,male,52.0,20.0,Analyst,,350000,
4113,EMP04113,F,48.0,13.0,HR,,800000,emp4113@mail.com
4114,EMP04114,Female,49.0,1.0,Manager,2023-01-15,500000,emp4114@mail.com
4115,EMP04115,M,28.0,,HR,,800000,
4116,EMP04116,M,36.0,,Manager,,,INVALID
4117,EMP04117,F,54.0,17.0,Analyst,2025-07-01,,
4118,EMP04118,,37.0,8.0,Manager,,6 LPA,
4119,EMP04119,Female,30.0,,Engineer,2023-01-15,800000,
4120,EMP04120,M,46.0,99.0,HR,2023-01-15,-10000,
4121,EMP04121,F,53.0,8.0,HR,2025-07-01,500000,
4122,EMP04122,Male,26.0,2.0,HR,2023-01-15,500000,
4123,EMP04123,Female,23.0,12.0,QA,2025-07-01,350000,INVALID
4124,EMP04124,,,20.0,QA,,-10000,
4125,EMP04125,M,44.0,14.0,Intern,15/02/2024,800000,
4126,EMP04126,male,60.0,7.0,Manager,,500000,emp4126@mail.com
4127,EMP04127,,36.0,,Engineer,,800000,
4128,EMP04128,Female,59.0,12.0,Manager,,350000,emp4128@mail.com
4129,EMP04129,,-2.0,16.0,Analyst,2025-07-01,350000,
4130,EMP04130,F,50.0,13.0,Manager,2023-01-15,350000,
4131,EMP04131,Male,52.0,13.0,HR,,500000,INVALID
4132,EMP04132,male,54.0,10.0,Analyst,15/02/2024,350000,
4133,EMP04133,male,38.0,3.0,HR,2023-01-15,6 LPA,
4134,EMP04134,M,99.0,3.0,HR,15/02/2024,,
4135,EMP04135,M,51.0,12.0,Analyst,,,
4136,EMP04136,Female,28.0,16.0,Analyst,2023-01-15,500000,INVALID
4137,EMP04137,male,49.0,6.0,Manager,,800000,
4138,EMP04138,Male,24.0,2.0,Manager,2023-01-15,500000,emp4138@mail.com
4139,EMP04139,,41.0,12.0,HR,2025-07-01,800000,emp4139@mail.com
4140,EMP04140,Male,51.0,20.0,Analyst,,800000,INVALID
4141,EMP04141,male,24.0,3.0,Manager,2025-07-01,,
4142,EMP04142,male,-2.0,14.0,Analyst,2023-01-15,,
4143,EMP04143,Female,21.0,7.0,Engineer,2025-07-01,800000,
4144,EMP04144,Female,55.0,20.0,QA,,,
4145,EMP04145,F,46.0,9.0,Analyst,15/02/2024,,
4146,EMP04146,M,37.0,1.0,Intern,15/02/2024,800000,INVALID
4147,EMP04147,M,38.0,8.0,Manager,,,INVALID
4148,EMP04148,F,59.0,6.0,Intern,2023-01-15,350000,emp4148@mail.com
4149,EMP04149,,21.0,16.0,Manager,,500000,
4150,EMP04150,,45.0,99.0,Analyst,15/02/2024,-10000,
4151,EMP04151,M,51.0,9.0,QA,,500000,emp4151@mail.com
4152,EMP04152,M,60.0,99.0,Engineer,,350000,INVALID
4153,EMP04153,M,34.0,2.0,Intern,2023-01-15,350000,emp4153@mail.com
4154,EMP04154,F,20.0,17.0,QA,2023-01-15,6 LPA,
4155,EMP04155,Male,29.0,14.0,Manager,15/02/2024,500000,
4156,EMP04156,Female,55.0,15.0,Engineer,,500000,
4157,EMP04157,F,53.0,12.0,Manager,2023-01-15,6 LPA,
4158,EMP04158,Female,50.0,9.0,Engineer,2025-07-01,-10000,
4159,EMP04159,Female,29.0,7.0,Intern,15/02/2024,800000,emp4159@mail.com
4160,EMP04160,Male,50.0,6.0,HR,15/02/2024,6 LPA,
4161,EMP04161,M,47.0,5.0,Analyst,,,INVALID
4162,EMP04162,male,59.0,13.0,Engineer,2025-07-01,350000,
4163,EMP04163,Female,42.0,6.0,Analyst,2025-07-01,800000,
4164,EMP04164,male,60.0,,HR,2025-07-01,800000,
4165,EMP04165,,22.0,12.0,HR,15/02/2024,800000,
4166,EMP04166,Female,46.0,16.0,Engineer,2023-01-15,500000,INVALID
4167,EMP04167,,21.0,18.0,Analyst,2023-01-15,500000,emp4167@mail.com
4168,EMP04168,M,56.0,7.0,Analyst,,500000,
4169,EMP04169,Male,23.0,,QA,2023-01-15,-10000,
4170,EMP04170,male,45.0,,HR,,500000,
4171,EMP04171,male,25.0,1.0,Intern,2025-07-01,350000,emp4171@mail.com
4172,EMP04172,M,49.0,20.0,Intern,15/02/2024,800000,emp4172@mail.com
4173,EMP04173,F,23.0,8.0,HR,2025-07-01,,emp4173@mail.com
4174,EMP04174,male,99.0,3.0,Intern,2025-07-01,,emp4174@mail.com
4175,EMP04175,,40.0,9.0,Intern,2025-07-01,800000,
4176,EMP04176,Female,26.0,17.0,Manager,2023-01-15,-10000,
4177,EMP04177,male,33.0,,HR,,6 LPA,
4178,EMP04178,Female,49.0,11.0,Analyst,2025-07-01,350000,INVALID
4179,EMP04179,F,20.0,,HR,,-10000,
4180,EMP04180,male,28.0,2.0,HR,2023-01-15,-10000,
4181,EMP04181,M,57.0,8.0,HR,15/02/2024,6 LPA,INVALID
4182,EMP04182,Female,32.0,19.0,Manager,,-10000,INVALID
4183,EMP04183,M,26.0,8.0,QA,,500000,INVALID
4184,EMP04184,,,14.0,HR,15/02/2024,,INVALID
4185,EMP04185,F,46.0,9.0,Manager,,350000,emp4185@mail.com
4186,EMP04186,F,52.0,16.0,QA,15/02/2024,6 LPA,INVALID
4187,EMP04187,Male,-2.0,1.0,QA,,-10000,emp4187@mail.com
4188,EMP04188,Female,44.0,12.0,HR,,,INVALID
4189,EMP04189,,38.0,14.0,HR,2025-07-01,350000,emp4189@mail.com
4190,EMP04190,,20.0,18.0,Manager,,800000,INVALID
4191,EMP04191,,45.0,3.0,Analyst,2023-01-15,6 LPA,INVALID
4192,EMP04192,male,58.0,,HR,,6 LPA,emp4192@mail.com
4193,EMP04193,F,99.0,8.0,Manager,2025-07-01,350000,
4194,EMP04194,F,55.0,1.0,Engineer,15/02/2024,6 LPA,
4195,EMP04195,Male,41.0,5.0,Engineer,2023-01-15,500000,
4196,EMP04196,Female,48.0,13.0,Analyst,,350000,
4197,EMP04197,Female,28.0,16.0,QA,2023-01-15,800000,INVALID
4198,EMP04198,Male,53.0,12.0,Engineer,15/02/2024,-10000,emp4198@mail.com
4199,EMP04199,male,38.0,13.0,Manager,2025-07-01,800000,
4200,EMP04200,M,20.0,13.0,Analyst,2025-07-01,800000,
4201,EMP04201,male,56.0,17.0,Intern,2025-07-01,6 LPA,emp4201@mail.com
4202,EMP04202,,45.0,5.0,HR,15/02/2024,-10000,
4203,EMP04203,M,43.0,12.0,Engineer,,500000,INVALID
4204,EMP04204,,33.0,1.0,Engineer,,-10000,emp4204@mail.com
4205,EMP04205,M,55.0,1.0,Analyst,15/02/2024,,emp4205@mail.com
4206,EMP04206,,26.0,18.0,Analyst,2023-01-15,,emp4206@mail.com
4207,EMP04207,Female,22.0,4.0,Intern,,500000,
4208,EMP04208,M,39.0,15.0,Analyst,15/02/2024,500000,
4209,EMP04209,male,24.0,,Intern,,500000,INVALID
4210,EMP04210,male,50.0,12.0,Manager,,800000,
4211,EMP04211,,54.0,11.0,Analyst,2023-01-15,350000,INVALID
4212,EMP04212,F,55.0,20.0,Manager,2023-01-15,500000,emp4212@mail.com
4213,EMP04213,Male,-2.0,14.0,Manager,2025-07-01,,emp4213@mail.com
4214,EMP04214,Female,54.0,16.0,Intern,,350000,
4215,EMP04215,Male,-2.0,9.0,QA,,350000,INVALID
4216,EMP04216,Female,22.0,5.0,Analyst,15/02/2024,-10000,INVALID
4217,EMP04217,male,49.0,2.0,Analyst,2023-01-15,800000,
4218,EMP04218,,57.0,19.0,Intern,,-10000,INVALID
4219,EMP04219,M,49.0,17.0,Engineer,15/02/2024,500000,INVALID
4220,EMP04220,male,31.0,1.0,HR,15/02/2024,6 LPA,INVALID
4221,EMP04221,,59.0,4.0,Analyst,2023-01-15,350000,
4222,EMP04222,F,25.0,16.0,Manager,2025-07-01,800000,INVALID
4223,EMP04223,,44.0,20.0,QA,,500000,
4224,EMP04224,male,,9.0,HR,,-10000,emp4224@mail.com
4225,EMP04225,Male,44.0,19.0,Manager,15/02/2024,350000,emp4225@mail.com
4226,EMP04226,,59.0,1.0,Analyst,15/02/2024,-10000,
4227,EMP04227,,34.0,8.0,Intern,2023-01-15,800000,
4228,EMP04228,male,30.0,19.0,Analyst,2025-07-01,,
4229,EMP04229,male,,99.0,Intern,,800000,
4230,EMP04230,Female,30.0,2.0,Analyst,2025-07-01,,INVALID
4231,EMP04231,Female,31.0,19.0,Analyst,,500000,
4232,EMP04232,M,54.0,12.0,Manager,15/02/2024,,INVALID
4233,EMP04233,M,41.0,7.0,HR,,-10000,emp4233@mail.com
4234,EMP04234,male,39.0,5.0,Intern,2023-01-15,500000,INVALID
4235,EMP04235,male,56.0,99.0,Analyst,15/02/2024,,emp4235@mail.com
4236,EMP04236,Female,57.0,9.0,QA,,500000,emp4236@mail.com
4237,EMP04237,,42.0,16.0,Intern,2025-07-01,,
4238,EMP04238,,44.0,9.0,HR,,6 LPA,INVALID
4239,EMP04239,F,40.0,17.0,HR,15/02/2024,350000,emp4239@mail.com
4240,EMP04240,F,58.0,20.0,Engineer,15/02/2024,500000,
4241,EMP04241,Male,30.0,9.0,Engineer,,800000,
4242,EMP04242,Female,43.0,20.0,Analyst,15/02/2024,800000,INVALID
4243,EMP04243,F,20.0,6.0,Analyst,2023-01-15,800000,
4244,EMP04244,M,52.0,17.0,Analyst,,350000,
4245,EMP04245,Male,40.0,14.0,Manager,,6 LPA,INVALID
4246,EMP04246,Male,53.0,3.0,HR,2025-07-01,350000,INVALID
4247,EMP04247,F,24.0,1.0,HR,2023-01-15,-10000,
4248,EMP04248,Female,45.0,2.0,Intern,,-10000,
4249,EMP04249,,33.0,13.0,Engineer,,,emp4249@mail.com
4250,EMP04250,F,23.0,1.0,HR,15/02/2024,,emp4250@mail.com
4251,EMP04251,Male,21.0,3.0,QA,15/02/2024,-10000,
4252,EMP04252,Male,55.0,13.0,Manager,,6 LPA,emp4252@mail.com
4253,EMP04253,M,48.0,12.0,QA,2025-07-01,350000,
4254,EMP04254,male,37.0,11.0,Manager,2023-01-15,800000,INVALID
4255,EMP04255,Female,33.0,,QA,15/02/2024,,
4256,EMP04256,,33.0,16.0,Intern,15/02/2024,6 LPA,
4257,EMP04257,M,42.0,99.0,QA,2023-01-15,,
4258,EMP04258,Female,24.0,99.0,Analyst,2025-07-01,800000,emp4258@mail.com
4259,EMP04259,M,22.0,16.0,Intern,,6 LPA,
4260,EMP04260,M,25.0,6.0,HR,,,
4261,EMP04261,,31.0,2.0,Analyst,,,emp4261@mail.com
4262,EMP04262,F,57.0,18.0,HR,,6 LPA,
4263,EMP04263,F,37.0,18.0,HR,2025-07-01,,emp4263@mail.com
4264,EMP04264,F,34.0,15.0,Analyst,15/02/2024,6 LPA,INVALID
4265,EMP04265,M,31.0,8.0,Engineer,,800000,
4266,EMP04266,Female,50.0,1.0,Analyst,,-10000,emp4266@mail.com
4267,EMP04267,M,44.0,6.0,QA,2025-07-01,350000,
4268,EMP04268,Female,28.0,13.0,Manager,,350000,
4269,EMP04269,Male,20.0,20.0,Analyst,2023-01-15,6 LPA,INVALID
4270,EMP04270,F,42.0,9.0,Manager,,6 LPA,
4271,EMP04271,F,35.0,19.0,Intern,2023-01-15,6 LPA,INVALID
4272,EMP04272,Female,27.0,13.0,Manager,2025-07-01,6 LPA,emp4272@mail.com
4273,EMP04273,Female,50.0,20.0,Analyst,,,
4274,EMP04274,male,57.0,17.0,HR,2023-01-15,800000,INVALID
4275,EMP04275,Male,27.0,18.0,Engineer,,-10000,INVALID
4276,EMP04276,,-2.0,10.0,Analyst,15/02/2024,350000,
4277,EMP04277,Male,31.0,17.0,QA,,6 LPA,
4278,EMP04278,Male,60.0,15.0,HR,15/02/2024,-10000,emp4278@mail.com
4279,EMP04279,,54.0,12.0,Manager,15/02/2024,800000,emp4279@mail.com
4280,EMP04280,F,31.0,19.0,QA,2025-07-01,-10000,INVALID
4281,EMP04281,,36.0,8.0,QA,2023-01-15,500000,
4282,EMP04282,Female,50.0,6.0,Analyst,2025-07-01,500000,
4283,EMP04283,Female,41.0,7.0,Intern,2025-07-01,350000,
4284,EMP04284,male,30.0,8.0,Engineer,,800000,
4285,EMP04285,male,37.0,5.0,Analyst,2023-01-15,6 LPA,emp4285@mail.com
4286,EMP04286,F,29.0,13.0,HR,2023-01-15,,
4287,EMP04287,male,43.0,5.0,Engineer,,-10000,
4288,EMP04288,Female,22.0,8.0,QA,15/02/2024,500000,emp4288@mail.com
4289,EMP04289,male,35.0,6.0,Intern,,500000,emp4289@mail.com
4290,EMP04290,Female,36.0,1.0,HR,2023-01-15,-10000,
4291,EMP04291,Male,49.0,4.0,Manager,15/02/2024,6 LPA,emp4291@mail.com
4292,EMP04292,Female,99.0,,Intern,2023-01-15,350000,emp4292@mail.com
4293,EMP04293,Male,39.0,11.0,QA,15/02/2024,800000,INVALID
4294,EMP04294,Female,99.0,9.0,Manager,15/02/2024,500000,INVALID
4295,EMP04295,Male,31.0,2.0,Intern,2023-01-15,800000,
4296,EMP04296,Female,50.0,20.0,Engineer,2023-01-15,800000,
4297,EMP04297,M,60.0,12.0,Analyst,2025-07-01,,
4298,EMP04298,Female,48.0,2.0,Engineer,2023-01-15,6 LPA,INVALID
4299,EMP04299,F,-2.0,2.0,Manager,,6 LPA,
4300,EMP04300,M,,13.0,Engineer,,800000,
4301,EMP04301,male,44.0,1.0,HR,15/02/2024,350000,
4302,EMP04302,male,34.0,8.0,Intern,15/02/2024,-10000,
4303,EMP04303,male,32.0,8.0,HR,,500000,
4304,EMP04304,F,23.0,2.0,Intern,,-10000,emp4304@mail.com
4305,EMP04305,,,18.0,Engineer,2023-01-15,500000,
4306,EMP04306,male,33.0,2.0,HR,2023-01-15,-10000,emp4306@mail.com
4307,EMP04307,M,55.0,11.0,Engineer,15/02/2024,350000,INVALID
4308,EMP04308,F,34.0,99.0,Intern,2025-07-01,500000,emp4308@mail.com
4309,EMP04309,male,-2.0,5.0,QA,2025-07-01,-10000,emp4309@mail.com
4310,EMP04310,F,,19.0,Analyst,,800000,
4311,EMP04311,Male,21.0,10.0,Analyst,,-10000,INVALID
4312,EMP04312,F,24.0,18.0,HR,15/02/2024,800000,INVALID
4313,EMP04313,Female,32.0,18.0,Manager,2023-01-15,6 LPA,emp4313@mail.com
4314,EMP04314,male,54.0,5.0,Manager,,6 LPA,
4315,EMP04315,Male,57.0,10.0,Analyst,2023-01-15,500000,INVALID
4316,EMP04316,M,34.0,13.0,Intern,,,INVALID
4317,EMP04317,F,28.0,15.0,HR,,,emp4317@mail.com
4318,EMP04318,,31.0,18.0,Manager,,,
4319,EMP04319,M,50.0,2.0,Intern,2025-07-01,6 LPA,INVALID
4320,EMP04320,Female,38.0,3.0,Intern,2025-07-01,6 LPA,INVALID
4321,EMP04321,M,33.0,13.0,Intern,15/02/2024,500000,emp4321@mail.com
4322,EMP04322,,-2.0,12.0,HR,2023-01-15,6 LPA,emp4322@mail.com
4323,EMP04323,Female,99.0,1.0,QA,2023-01-15,800000,
4324,EMP04324,Male,40.0,10.0,Manager,,6 LPA,
4325,EMP04325,Female,42.0,2.0,QA,,500000,
4326,EMP04326,M,47.0,20.0,Manager,,6 LPA,
4327,EMP04327,Female,55.0,4.0,QA,,-10000,INVALID
4328,EMP04328,male,20.0,19.0,QA,15/02/2024,-10000,
4329,EMP04329,Female,44.0,8.0,Manager,,,INVALID
4330,EMP04330,F,57.0,19.0,QA,2025-07-01,500000,emp4330@mail.com
4331,EMP04331,male,60.0,14.0,Manager,,800000,
4332,EMP04332,M,29.0,13.0,QA,,,
4333,EMP04333,F,30.0,3.0,Analyst,2023-01-15,500000,
4334,EMP04334,M,39.0,6.0,Manager,,,
4335,EMP04335,Female,22.0,99.0,QA,,,INVALID
4336,EMP04336,Male,-2.0,14.0,Engineer,,-10000,INVALID
4337,EMP04337,,50.0,6.0,Intern,,800000,emp4337@mail.com
4338,EMP04338,Female,35.0,20.0,Analyst,2025-07-01,500000,
4339,EMP04339,F,52.0,99.0,Analyst,15/02/2024,,INVALID
4340,EMP04340,Female,41.0,,HR,,-10000,emp4340@mail.com
4341,EMP04341,F,59.0,19.0,Engineer,15/02/2024,500000,
4342,EMP04342,Male,47.0,11.0,HR,2023-01-15,350000,
4343,EMP04343,male,40.0,19.0,Engineer,,500000,
4344,EMP04344,M,37.0,3.0,Engineer,,-10000,INVALID
4345,EMP04345,,38.0,2.0,Engineer,2023-01-15,-10000,
4346,EMP04346,Male,25.0,4.0,QA,2023-01-15,350000,
4347,EMP04347,M,58.0,,Intern,15/02/2024,6 LPA,
4348,EMP04348,male,30.0,12.0,QA,,350000,
4349,EMP04349,Male,49.0,12.0,Intern,,,emp4349@mail.com
4350,EMP04350,F,20.0,15.0,Intern,2025-07-01,-10000,
4351,EMP04351,,45.0,2.0,QA,,,INVALID
4352,EMP04352,,22.0,1.0,Engineer,15/02/2024,500000,INVALID
4353,EMP04353,F,24.0,19.0,HR,,350000,INVALID
4354,EMP04354,M,55.0,5.0,Manager,,-10000,
4355,EMP04355,male,32.0,12.0,Engineer,2025-07-01,500000,emp4355@mail.com
4356,EMP04356,male,26.0,6.0,Intern,15/02/2024,-10000,
4357,EMP04357,M,46.0,19.0,Manager,2025-07-01,6 LPA,INVALID
4358,EMP04358,male,53.0,99.0,Manager,2025-07-01,-10000,emp4358@mail.com
4359,EMP04359,male,23.0,13.0,Manager,15/02/2024,-10000,emp4359@mail.com
4360,EMP04360,male,59.0,9.0,Engineer,15/02/2024,6 LPA,
4361,EMP04361,M,22.0,3.0,Analyst,2023-01-15,-10000,emp4361@mail.com
4362,EMP04362,F,54.0,5.0,Analyst,2023-01-15,6 LPA,INVALID
4363,EMP04363,F,51.0,2.0,Analyst,,500000,INVALID
4364,EMP04364,Female,22.0,17.0,Intern,2025-07-01,-10000,
4365,EMP04365,,27.0,7.0,Engineer,,350000,emp4365@mail.com
4366,EMP04366,,46.0,13.0,Analyst,,-10000,
4367,EMP04367,Male,,2.0,HR,2025-07-01,,
4368,EMP04368,F,-2.0,9.0,HR,,350000,
4369,EMP04369,,34.0,11.0,Engineer,2023-01-15,-10000,
4370,EMP04370,M,43.0,8.0,HR,,6 LPA,
4371,EMP04371,M,58.0,18.0,Analyst,,800000,
4372,EMP04372,Female,22.0,12.0,Analyst,,-10000,
4373,EMP04373,F,53.0,,QA,,350000,
4374,EMP04374,Male,55.0,17.0,Intern,,,
4375,EMP04375,M,31.0,20.0,Manager,2023-01-15,6 LPA,
4376,EMP04376,Female,48.0,6.0,HR,,500000,
4377,EMP04377,Female,46.0,8.0,Analyst,15/02/2024,,
4378,EMP04378,F,55.0,10.0,Intern,,,
4379,EMP04379,Female,51.0,11.0,Engineer,2023-01-15,500000,
4380,EMP04380,Female,25.0,1.0,QA,,800000,emp4380@mail.com
4381,EMP04381,M,28.0,,Analyst,,350000,INVALID
4382,EMP04382,male,34.0,6.0,Analyst,2025-07-01,800000,
4383,EMP04383,male,31.0,5.0,Engineer,,6 LPA,
4384,EMP04384,F,24.0,2.0,Manager,,500000,
4385,EMP04385,Male,45.0,4.0,Manager,2023-01-15,-10000,
4386,EMP04386,male,41.0,18.0,Intern,2025-07-01,6 LPA,emp4386@mail.com
4387,EMP04387,Male,45.0,9.0,Intern,,-10000,INVALID
4388,EMP04388,male,47.0,18.0,Intern,2025-07-01,6 LPA,
4389,EMP04389,Male,38.0,13.0,QA,,350000,emp4389@mail.com
4390,EMP04390,M,49.0,1.0,QA,,350000,
4391,EMP04391,male,24.0,9.0,Manager,2025-07-01,500000,INVALID
4392,EMP04392,,99.0,1.0,Intern,,500000,
4393,EMP04393,M,55.0,16.0,Analyst,2023-01-15,500000,
4394,EMP04394,,38.0,8.0,Engineer,,350000,INVALID
4395,EMP04395,Male,44.0,20.0,Manager,2025-07-01,800000,emp4395@mail.com
4396,EMP04396,Female,47.0,9.0,Analyst,,6 LPA,INVALID
4397,EMP04397,Male,-2.0,11.0,Analyst,15/02/2024,-10000,emp4397@mail.com
4398,EMP04398,,99.0,8.0,Analyst,,500000,INVALID
4399,EMP04399,M,42.0,13.0,QA,2025-07-01,6 LPA,emp4399@mail.com
4400,EMP04400,Male,51.0,2.0,Manager,,350000,
4401,EMP04401,M,42.0,99.0,Manager,2023-01-15,800000,
4402,EMP04402,F,55.0,15.0,Engineer,2023-01-15,800000,
4403,EMP04403,F,49.0,17.0,HR,15/02/2024,350000,emp4403@mail.com
4404,EMP04404,F,46.0,8.0,Engineer,2023-01-15,350000,INVALID
4405,EMP04405,M,47.0,19.0,QA,,800000,emp4405@mail.com
4406,EMP04406,,24.0,5.0,Engineer,,500000,
4407,EMP04407,,21.0,9.0,Manager,15/02/2024,500000,
4408,EMP04408,F,31.0,19.0,Intern,2025-07-01,-10000,INVALID
4409,EMP04409,,46.0,7.0,Manager,,-10000,emp4409@mail.com
4410,EMP04410,Female,99.0,99.0,Manager,,500000,
4411,EMP04411,Female,52.0,15.0,QA,,-10000,INVALID
4412,EMP04412,male,48.0,16.0,Manager,2023-01-15,350000,
4413,EMP04413,Male,32.0,17.0,Manager,,800000,emp4413@mail.com
4414,EMP04414,Female,35.0,16.0,Manager,15/02/2024,,
4415,EMP04415,,37.0,5.0,Intern,15/02/2024,350000,
4416,EMP04416,male,38.0,4.0,Analyst,,-10000,INVALID
4417,EMP04417,Female,40.0,1.0,HR,2025-07-01,350000,
4418,EMP04418,male,27.0,17.0,HR,,-10000,emp4418@mail.com
4419,EMP04419,Male,49.0,7.0,Manager,2023-01-15,800000,
4420,EMP04420,M,56.0,9.0,Manager,2023-01-15,6 LPA,
4421,EMP04421,F,49.0,1.0,Analyst,2025-07-01,6 LPA,
4422,EMP04422,F,56.0,13.0,Engineer,,6 LPA,INVALID
4423,EMP04423,,56.0,15.0,Analyst,15/02/2024,-10000,emp4423@mail.com
4424,EMP04424,male,51.0,16.0,Engineer,2025-07-01,,
4425,EMP04425,male,32.0,6.0,Analyst,2025-07-01,800000,
4426,EMP04426,male,22.0,19.0,Analyst,,800000,
4427,EMP04427,male,57.0,4.0,QA,2023-01-15,,INVALID
4428,EMP04428,male,43.0,9.0,Engineer,,-10000,
4429,EMP04429,,45.0,1.0,QA,15/02/2024,6 LPA,
4430,EMP04430,male,35.0,5.0,HR,2025-07-01,,
4431,EMP04431,Male,57.0,14.0,Analyst,,6 LPA,
4432,EMP04432,,42.0,11.0,QA,,350000,emp4432@mail.com
4433,EMP04433,,36.0,3.0,HR,15/02/2024,500000,
4434,EMP04434,Male,53.0,14.0,Analyst,2025-07-01,6 LPA,
4435,EMP04435,Male,29.0,8.0,Engineer,,500000,emp4435@mail.com
4436,EMP04436,male,50.0,1.0,Engineer,,-10000,emp4436@mail.com
4437,EMP04437,M,,99.0,Engineer,,6 LPA,
4438,EMP04438,Female,27.0,4.0,HR,2025-07-01,6 LPA,
4439,EMP04439,Male,38.0,6.0,Manager,,800000,
4440,EMP04440,Male,-2.0,14.0,HR,2025-07-01,,
4441,EMP04441,male,26.0,4.0,Manager,,-10000,
4442,EMP04442,M,40.0,2.0,Engineer,2023-01-15,350000,
4443,EMP04443,,27.0,2.0,QA,,500000,INVALID
4444,EMP04444,F,,99.0,Engineer,,,
4445,EMP04445,male,26.0,9.0,QA,,350000,INVALID
4446,EMP04446,male,51.0,3.0,Engineer,2023-01-15,-10000,INVALID
4447,EMP04447,,55.0,1.0,Analyst,,6 LPA,
4448,EMP04448,Male,52.0,7.0,Analyst,15/02/2024,6 LPA,
4449,EMP04449,Female,24.0,11.0,HR,2025-07-01,800000,
4450,EMP04450,F,48.0,14.0,Analyst,2023-01-15,800000,INVALID
4451,EMP04451,,34.0,16.0,Intern,15/02/2024,350000,emp4451@mail.com
4452,EMP04452,Male,53.0,17.0,Intern,2023-01-15,6 LPA,
4453,EMP04453,male,,15.0,Intern,2025-07-01,350000,
4454,EMP04454,Female,49.0,11.0,Analyst,15/02/2024,,
4455,EMP04455,male,50.0,12.0,Engineer,2025-07-01,-10000,
4456,EMP04456,F,51.0,12.0,Analyst,2023-01-15,6 LPA,
4457,EMP04457,Female,60.0,15.0,Manager,2025-07-01,6 LPA,
4458,EMP04458,Male,59.0,10.0,Analyst,,350000,
4459,EMP04459,Male,59.0,13.0,Analyst,,800000,emp4459@mail.com
4460,EMP04460,M,27.0,18.0,QA,,,
4461,EMP04461,,47.0,99.0,QA,2025-07-01,6 LPA,
4462,EMP04462,F,52.0,14.0,Intern,15/02/2024,800000,INVALID
4463,EMP04463,Male,42.0,3.0,QA,2023-01-15,350000,
4464,EMP04464,,35.0,11.0,Intern,2025-07-01,500000,
4465,EMP04465,Female,40.0,9.0,HR,2025-07-01,6 LPA,
4466,EMP04466,Male,59.0,20.0,Intern,,500000,emp4466@mail.com
4467,EMP04467,male,39.0,12.0,QA,,6 LPA,
4468,EMP04468,,57.0,1.0,QA,2025-07-01,,
4469,EMP04469,male,30.0,4.0,HR,2023-01-15,500000,
4470,EMP04470,,40.0,3.0,HR,2025-07-01,350000,
4471,EMP04471,,27.0,9.0,HR,2025-07-01,,emp4471@mail.com
4472,EMP04472,M,46.0,20.0,QA,15/02/2024,6 LPA,
4473,EMP04473,Male,43.0,9.0,Intern,15/02/2024,350000,
4474,EMP04474,M,52.0,18.0,Analyst,,500000,
4475,EMP04475,male,50.0,18.0,Analyst,,500000,
4476,EMP04476,Male,21.0,19.0,Manager,2025-07-01,350000,INVALID
4477,EMP04477,Male,33.0,17.0,Analyst,2025-07-01,6 LPA,INVALID
4478,EMP04478,F,59.0,15.0,Analyst,15/02/2024,6 LPA,emp4478@mail.com
4479,EMP04479,male,50.0,2.0,Intern,15/02/2024,6 LPA,INVALID
4480,EMP04480,,38.0,12.0,QA,,500000,
4481,EMP04481,M,49.0,6.0,Manager,2025-07-01,500000,
4482,EMP04482,Female,53.0,3.0,Analyst,15/02/2024,800000,
4483,EMP04483,Male,42.0,3.0,Intern,2023-01-15,6 LPA,
4484,EMP04484,Female,34.0,5.0,QA,,,
4485,EMP04485,Male,43.0,13.0,QA,,350000,
4486,EMP04486,Female,44.0,4.0,Manager,,,emp4486@mail.com
4487,EMP04487,,36.0,20.0,Intern,2023-01-15,-10000,INVALID
4488,EMP04488,M,27.0,20.0,HR,2023-01-15,350000,emp4488@mail.com
4489,EMP04489,Male,40.0,14.0,QA,2023-01-15,,
4490,EMP04490,F,21.0,16.0,Engineer,,,emp4490@mail.com
4491,EMP04491,M,29.0,13.0,QA,,,INVALID
4492,EMP04492,M,36.0,8.0,Intern,2023-01-15,6 LPA,emp4492@mail.com
4493,EMP04493,Female,26.0,3.0,Intern,2023-01-15,,emp4493@mail.com
4494,EMP04494,Female,58.0,99.0,Analyst,,800000,emp4494@mail.com
4495,EMP04495,Male,54.0,7.0,Analyst,2023-01-15,500000,
4496,EMP04496,,32.0,13.0,Analyst,2023-01-15,-10000,
4497,EMP04497,Male,27.0,2.0,Manager,15/02/2024,500000,
4498,EMP04498,male,24.0,12.0,Engineer,2025-07-01,500000,emp4498@mail.com
4499,EMP04499,Female,20.0,99.0,Manager,2025-07-01,350000,
4500,EMP04500,Male,50.0,19.0,QA,,,emp4500@mail.com
4501,EMP04501,M,34.0,18.0,Analyst,2023-01-15,350000,emp4501@mail.com
4502,EMP04502,,27.0,5.0,Manager,2023-01-15,6 LPA,emp4502@mail.com
4503,EMP04503,,22.0,7.0,QA,,500000,
4504,EMP04504,M,46.0,2.0,QA,15/02/2024,-10000,INVALID
4505,EMP04505,M,42.0,17.0,Intern,15/02/2024,-10000,emp4505@mail.com
4506,EMP04506,,57.0,20.0,Engineer,2023-01-15,-10000,INVALID
4507,EMP04507,male,35.0,10.0,HR,,500000,
4508,EMP04508,F,52.0,12.0,Intern,15/02/2024,500000,emp4508@mail.com
4509,EMP04509,male,-2.0,17.0,Intern,15/02/2024,6 LPA,INVALID
4510,EMP04510,Female,,10.0,QA,,500000,
4511,EMP04511,F,43.0,16.0,HR,,,emp4511@mail.com
4512,EMP04512,male,48.0,10.0,Intern,15/02/2024,-10000,INVALID
4513,EMP04513,Female,39.0,3.0,Analyst,,-10000,INVALID
4514,EMP04514,,28.0,1.0,HR,,,INVALID
4515,EMP04515,F,28.0,7.0,Engineer,2023-01-15,,
4516,EMP04516,male,60.0,5.0,Engineer,2023-01-15,350000,emp4516@mail.com
4517,EMP04517,M,59.0,19.0,Manager,15/02/2024,-10000,
4518,EMP04518,male,52.0,13.0,Intern,15/02/2024,6 LPA,
4519,EMP04519,F,35.0,14.0,Engineer,2025-07-01,800000,
4520,EMP04520,Female,46.0,6.0,Intern,2023-01-15,-10000,
4521,EMP04521,F,33.0,16.0,Manager,15/02/2024,500000,INVALID
4522,EMP04522,,41.0,,HR,,500000,INVALID
4523,EMP04523,F,24.0,9.0,HR,2023-01-15,-10000,INVALID
4524,EMP04524,male,34.0,2.0,Intern,,-10000,
4525,EMP04525,F,43.0,9.0,Analyst,,800000,INVALID
4526,EMP04526,Male,56.0,13.0,Intern,2025-07-01,350000,
4527,EMP04527,male,45.0,5.0,Engineer,,6 LPA,emp4527@mail.com
4528,EMP04528,,28.0,7.0,HR,15/02/2024,350000,
4529,EMP04529,Male,24.0,17.0,Intern,,350000,
4530,EMP04530,M,60.0,17.0,Manager,,,emp4530@mail.com
4531,EMP04531,Male,26.0,2.0,HR,,,INVALID
4532,EMP04532,Male,46.0,4.0,HR,15/02/2024,-10000,
4533,EMP04533,F,37.0,13.0,Intern,,-10000,emp4533@mail.com
4534,EMP04534,M,23.0,17.0,HR,,800000,
4535,EMP04535,M,38.0,8.0,Engineer,,-10000,INVALID
4536,EMP04536,Male,39.0,19.0,HR,15/02/2024,800000,INVALID
4537,EMP04537,,20.0,19.0,Manager,2025-07-01,-10000,INVALID
4538,EMP04538,,25.0,19.0,Analyst,,6 LPA,emp4538@mail.com
4539,EMP04539,M,54.0,6.0,Engineer,2023-01-15,-10000,
4540,EMP04540,,35.0,3.0,Engineer,,-10000,
4541,EMP04541,Female,42.0,6.0,Engineer,2025-07-01,6 LPA,
4542,EMP04542,Female,33.0,8.0,Intern,,-10000,
4543,EMP04543,,24.0,20.0,Manager,,350000,
4544,EMP04544,Male,49.0,14.0,Manager,15/02/2024,350000,INVALID
4545,EMP04545,,52.0,15.0,Intern,2023-01-15,800000,
4546,EMP04546,Male,28.0,13.0,HR,2023-01-15,,emp4546@mail.com
4547,EMP04547,Male,23.0,12.0,Manager,,-10000,
4548,EMP04548,F,48.0,7.0,QA,2025-07-01,-10000,
4549,EMP04549,,37.0,4.0,Manager,,,
4550,EMP04550,male,36.0,1.0,Analyst,,-10000,emp4550@mail.com
4551,EMP04551,M,27.0,6.0,Intern,2023-01-15,500000,
4552,EMP04552,F,40.0,9.0,Intern,15/02/2024,800000,
4553,EMP04553,Female,33.0,99.0,Engineer,,350000,INVALID
4554,EMP04554,M,99.0,3.0,Engineer,2025-07-01,500000,
4555,EMP04555,,57.0,18.0,Analyst,,800000,emp4555@mail.com
4556,EMP04556,Male,48.0,14.0,Intern,,500000,
4557,EMP04557,male,42.0,1.0,Intern,2025-07-01,350000,
4558,EMP04558,Male,42.0,20.0,Engineer,,-10000,
4559,EMP04559,,20.0,20.0,Analyst,,-10000,INVALID
4560,EMP04560,Male,58.0,6.0,QA,,350000,INVALID
4561,EMP04561,Male,29.0,4.0,Intern,,,
4562,EMP04562,,27.0,16.0,HR,15/02/2024,6 LPA,emp4562@mail.com
4563,EMP04563,,,8.0,QA,,-10000,emp4563@mail.com
4564,EMP04564,Female,-2.0,,Manager,,350000,
4565,EMP04565,Male,28.0,2.0,QA,,,
4566,EMP04566,Female,45.0,19.0,Manager,,6 LPA,INVALID
4567,EMP04567,Male,58.0,18.0,QA,,,
4568,EMP04568,Female,44.0,7.0,Engineer,15/02/2024,800000,
4569,EMP04569,Female,31.0,11.0,Engineer,2025-07-01,,INVALID
4570,EMP04570,F,23.0,16.0,Analyst,,-10000,
4571,EMP04571,male,20.0,3.0,QA,15/02/2024,-10000,INVALID
4572,EMP04572,,48.0,17.0,Manager,15/02/2024,,
4573,EMP04573,Female,45.0,13.0,QA,2023-01-15,,
4574,EMP04574,male,27.0,14.0,QA,2023-01-15,-10000,
4575,EMP04575,Male,36.0,14.0,Engineer,2023-01-15,800000,
4576,EMP04576,M,33.0,17.0,Intern,,6 LPA,INVALID
4577,EMP04577,,29.0,19.0,Analyst,,,emp4577@mail.com
4578,EMP04578,Male,51.0,10.0,Intern,,-10000,emp4578@mail.com
4579,EMP04579,Male,38.0,8.0,Analyst,,800000,emp4579@mail.com
4580,EMP04580,F,22.0,4.0,QA,2023-01-15,,
4581,EMP04581,Male,26.0,5.0,Analyst,2023-01-15,800000,
4582,EMP04582,F,20.0,18.0,Intern,,800000,INVALID
4583,EMP04583,,51.0,9.0,QA,15/02/2024,,INVALID
4584,EMP04584,male,55.0,17.0,QA,2025-07-01,350000,INVALID
4585,EMP04585,,46.0,20.0,Manager,,500000,emp4585@mail.com
4586,EMP04586,M,43.0,14.0,HR,15/02/2024,800000,INVALID
4587,EMP04587,Female,59.0,1.0,Analyst,15/02/2024,800000,emp4587@mail.com
4588,EMP04588,F,45.0,10.0,Intern,2023-01-15,6 LPA,
4589,EMP04589,Male,20.0,10.0,QA,2023-01-15,6 LPA,
4590,EMP04590,M,56.0,19.0,Analyst,2025-07-01,,INVALID
4591,EMP04591,Female,27.0,19.0,Analyst,2023-01-15,-10000,emp4591@mail.com
4592,EMP04592,M,35.0,12.0,Engineer,15/02/2024,6 LPA,
4593,EMP04593,F,40.0,5.0,Manager,2025-07-01,-10000,
4594,EMP04594,Female,58.0,20.0,Intern,2023-01-15,800000,INVALID
4595,EMP04595,Male,48.0,15.0,Intern,15/02/2024,,INVALID
4596,EMP04596,Male,60.0,15.0,Analyst,15/02/2024,,INVALID
4597,EMP04597,male,50.0,10.0,Engineer,,6 LPA,
4598,EMP04598,Female,27.0,15.0,Manager,15/02/2024,6 LPA,
4599,EMP04599,F,50.0,11.0,Analyst,2023-01-15,800000,
4600,EMP04600,,20.0,14.0,QA,,-10000,INVALID
4601,EMP04601,F,22.0,4.0,QA,,800000,
4602,EMP04602,Female,-2.0,20.0,Intern,,800000,
4603,EMP04603,Female,21.0,7.0,Analyst,15/02/2024,500000,emp4603@mail.com
4604,EMP04604,,28.0,7.0,Manager,2025-07-01,350000,
4605,EMP04605,Female,49.0,7.0,Analyst,,-10000,
4606,EMP04606,,33.0,19.0,Intern,15/02/2024,350000,emp4606@mail.com
4607,EMP04607,M,27.0,3.0,HR,15/02/2024,6 LPA,
4608,EMP04608,F,57.0,12.0,HR,2025-07-01,-10000,
4609,EMP04609,M,24.0,12.0,Manager,2023-01-15,800000,
4610,EMP04610,M,48.0,5.0,Manager,,-10000,INVALID
4611,EMP04611,male,20.0,6.0,Engineer,,-10000,
4612,EMP04612,male,48.0,9.0,Manager,2023-01-15,500000,
4613,EMP04613,,50.0,10.0,QA,2025-07-01,6 LPA,
4614,EMP04614,,29.0,12.0,Manager,15/02/2024,500000,
4615,EMP04615,Male,,18.0,QA,,6 LPA,
4616,EMP04616,male,48.0,,Intern,,800000,INVALID
4617,EMP04617,male,58.0,8.0,QA,2025-07-01,-10000,INVALID
4618,EMP04618,F,46.0,4.0,Manager,2025-07-01,500000,emp4618@mail.com
4619,EMP04619,Male,99.0,8.0,Manager,15/02/2024,-10000,
4620,EMP04620,M,,,Engineer,,350000,
4621,EMP04621,M,46.0,15.0,Analyst,2023-01-15,500000,emp4621@mail.com
4622,EMP04622,male,52.0,12.0,Intern,,800000,emp4622@mail.com
4623,EMP04623,Male,21.0,99.0,Intern,,350000,INVALID
4624,EMP04624,Female,37.0,18.0,Intern,2025-07-01,-10000,emp4624@mail.com
4625,EMP04625,male,21.0,18.0,Engineer,15/02/2024,-10000,
4626,EMP04626,,25.0,5.0,HR,15/02/2024,,emp4626@mail.com
4627,EMP04627,M,-2.0,12.0,Intern,,800000,
4628,EMP04628,,44.0,17.0,Analyst,2023-01-15,-10000,
4629,EMP04629,F,32.0,,Manager,2025-07-01,-10000,emp4629@mail.com
4630,EMP04630,Male,39.0,16.0,HR,2025-07-01,800000,
4631,EMP04631,M,,4.0,Engineer,,6 LPA,INVALID
4632,EMP04632,F,44.0,2.0,Manager,2025-07-01,350000,emp4632@mail.com
4633,EMP04633,,26.0,5.0,Engineer,,500000,
4634,EMP04634,M,51.0,1.0,Engineer,15/02/2024,6 LPA,INVALID
4635,EMP04635,M,,4.0,Intern,2025-07-01,6 LPA,emp4635@mail.com
4636,EMP04636,,26.0,17.0,Engineer,,-10000,
4637,EMP04637,Female,35.0,13.0,QA,15/02/2024,350000,
4638,EMP04638,Female,55.0,4.0,Analyst,2023-01-15,,
4639,EMP04639,Male,38.0,18.0,QA,2025-07-01,-10000,
4640,EMP04640,Male,23.0,99.0,Analyst,,,INVALID
4641,EMP04641,male,26.0,4.0,Analyst,2023-01-15,800000,
4642,EMP04642,Female,54.0,2.0,Engineer,2025-07-01,-10000,emp4642@mail.com
4643,EMP04643,M,20.0,,Engineer,,500000,emp4643@mail.com
4644,EMP04644,,35.0,18.0,Engineer,,800000,emp4644@mail.com
4645,EMP04645,male,30.0,,Intern,,,emp4645@mail.com
4646,EMP04646,Female,49.0,2.0,Manager,,350000,emp4646@mail.com
4647,EMP04647,male,23.0,16.0,QA,2025-07-01,800000,
4648,EMP04648,male,47.0,8.0,Manager,,6 LPA,INVALID
4649,EMP04649,male,30.0,2.0,QA,2023-01-15,6 LPA,emp4649@mail.com
4650,EMP04650,,54.0,10.0,Engineer,2023-01-15,800000,
4651,EMP04651,,27.0,7.0,HR,2025-07-01,800000,
4652,EMP04652,F,60.0,2.0,Manager,2025-07-01,,INVALID
4653,EMP04653,Male,44.0,10.0,Intern,,,
4654,EMP04654,Male,45.0,12.0,Manager,2023-01-15,350000,
4655,EMP04655,M,41.0,2.0,Engineer,,-10000,
4656,EMP04656,,56.0,10.0,HR,15/02/2024,800000,INVALID
4657,EMP04657,M,35.0,20.0,Intern,,6 LPA,
4658,EMP04658,,54.0,2.0,QA,2025-07-01,800000,emp4658@mail.com
4659,EMP04659,M,44.0,20.0,Manager,15/02/2024,-10000,INVALID
4660,EMP04660,F,26.0,20.0,QA,,350000,
4661,EMP04661,male,46.0,8.0,Manager,2025-07-01,500000,
4662,EMP04662,Female,21.0,6.0,QA,2023-01-15,800000,
4663,EMP04663,,31.0,20.0,Engineer,,350000,INVALID
4664,EMP04664,Male,29.0,16.0,HR,,6 LPA,
4665,EMP04665,male,22.0,2.0,Engineer,,,emp4665@mail.com
4666,EMP04666,,60.0,16.0,Manager,,6 LPA,
4667,EMP04667,F,37.0,20.0,Engineer,2023-01-15,350000,emp4667@mail.com
4668,EMP04668,Male,49.0,13.0,Manager,15/02/2024,6 LPA,INVALID
4669,EMP04669,M,37.0,9.0,HR,,,emp4669@mail.com
4670,EMP04670,M,47.0,19.0,HR,15/02/2024,500000,INVALID
4671,EMP04671,male,36.0,6.0,Analyst,,6 LPA,
4672,EMP04672,Male,35.0,8.0,Manager,15/02/2024,,emp4672@mail.com
4673,EMP04673,Male,38.0,15.0,Analyst,2025-07-01,800000,emp4673@mail.com
4674,EMP04674,M,52.0,6.0,Intern,2025-07-01,500000,emp4674@mail.com
4675,EMP04675,M,25.0,17.0,QA,2023-01-15,-10000,
4676,EMP04676,M,53.0,15.0,Analyst,15/02/2024,,emp4676@mail.com
4677,EMP04677,,25.0,12.0,Analyst,2025-07-01,,
4678,EMP04678,M,52.0,13.0,Engineer,2025-07-01,-10000,emp4678@mail.com
4679,EMP04679,F,-2.0,1.0,Engineer,2025-07-01,,
4680,EMP04680,male,33.0,6.0,Intern,,6 LPA,
4681,EMP04681,male,39.0,99.0,HR,2025-07-01,500000,INVALID
4682,EMP04682,Male,39.0,9.0,HR,,500000,INVALID
4683,EMP04683,male,51.0,9.0,HR,,350000,
4684,EMP04684,F,33.0,9.0,Analyst,,,
4685,EMP04685,male,54.0,1.0,Intern,15/02/2024,-10000,INVALID
4686,EMP04686,Female,31.0,3.0,Analyst,2023-01-15,-10000,
4687,EMP04687,Male,31.0,18.0,QA,2023-01-15,350000,emp4687@mail.com
4688,EMP04688,male,25.0,12.0,Engineer,,,
4689,EMP04689,F,24.0,20.0,HR,,-10000,
4690,EMP04690,,45.0,3.0,HR,15/02/2024,,INVALID
4691,EMP04691,F,32.0,17.0,QA,15/02/2024,,INVALID
4692,EMP04692,Female,29.0,8.0,Intern,15/02/2024,6 LPA,INVALID
4693,EMP04693,M,55.0,19.0,HR,2023-01-15,,
4694,EMP04694,M,30.0,16.0,Analyst,,500000,INVALID
4695,EMP04695,,57.0,9.0,QA,,-10000,
4696,EMP04696,,58.0,19.0,Manager,2025-07-01,500000,INVALID
4697,EMP04697,male,50.0,18.0,Analyst,,,INVALID
4698,EMP04698,Female,52.0,18.0,Analyst,,,
4699,EMP04699,M,33.0,99.0,Analyst,2023-01-15,-10000,
4700,EMP04700,Male,46.0,15.0,Engineer,2025-07-01,500000,
4701,EMP04701,F,40.0,13.0,Engineer,2025-07-01,6 LPA,
4702,EMP04702,Male,29.0,13.0,Analyst,15/02/2024,500000,emp4702@mail.com
4703,EMP04703,Male,26.0,7.0,QA,,6 LPA,emp4703@mail.com
4704,EMP04704,Female,33.0,3.0,Analyst,2025-07-01,,INVALID
4705,EMP04705,M,57.0,9.0,HR,2023-01-15,350000,
4706,EMP04706,M,,,HR,2023-01-15,-10000,INVALID
4707,EMP04707,F,33.0,15.0,Manager,15/02/2024,-10000,emp4707@mail.com
4708,EMP04708,Female,27.0,3.0,Engineer,2025-07-01,,INVALID
4709,EMP04709,Male,32.0,2.0,Engineer,15/02/2024,6 LPA,
4710,EMP04710,,,1.0,QA,15/02/2024,800000,
4711,EMP04711,male,24.0,13.0,Engineer,2023-01-15,,INVALID
4712,EMP04712,F,22.0,12.0,Engineer,2025-07-01,,
4713,EMP04713,F,22.0,13.0,QA,2023-01-15,6 LPA,INVALID
4714,EMP04714,F,34.0,3.0,QA,2025-07-01,-10000,
4715,EMP04715,,35.0,16.0,Intern,,-10000,
4716,EMP04716,male,31.0,6.0,Engineer,,350000,
4717,EMP04717,F,30.0,7.0,Manager,2023-01-15,-10000,INVALID
4718,EMP04718,Male,34.0,8.0,HR,15/02/2024,6 LPA,
4719,EMP04719,male,25.0,3.0,Intern,,350000,emp4719@mail.com
4720,EMP04720,Male,53.0,1.0,Analyst,2025-07-01,,emp4720@mail.com
4721,EMP04721,M,,12.0,Manager,,500000,
4722,EMP04722,Male,41.0,13.0,Analyst,,-10000,emp4722@mail.com
4723,EMP04723,F,47.0,99.0,Intern,,-10000,emp4723@mail.com
4724,EMP04724,,48.0,99.0,Analyst,,-10000,INVALID
4725,EMP04725,F,27.0,5.0,Engineer,15/02/2024,350000,INVALID
4726,EMP04726,F,30.0,2.0,Intern,,6 LPA,
4727,EMP04727,Male,49.0,7.0,QA,2023-01-15,-10000,
4728,EMP04728,F,22.0,16.0,HR,,-10000,INVALID
4729,EMP04729,,60.0,17.0,QA,15/02/2024,-10000,
4730,EMP04730,male,23.0,15.0,Intern,2025-07-01,500000,emp4730@mail.com
4731,EMP04731,Male,23.0,16.0,Manager,,500000,INVALID
4732,EMP04732,,44.0,6.0,Manager,2025-07-01,,
4733,EMP04733,F,34.0,20.0,QA,,350000,
4734,EMP04734,F,24.0,6.0,Analyst,15/02/2024,350000,
4735,EMP04735,M,52.0,16.0,Intern,15/02/2024,,emp4735@mail.com
4736,EMP04736,Female,50.0,17.0,QA,,,
4737,EMP04737,Male,22.0,6.0,Manager,2023-01-15,-10000,
4738,EMP04738,,46.0,7.0,Intern,,800000,
4739,EMP04739,,,10.0,QA,,500000,
4740,EMP04740,Female,,5.0,Intern,2023-01-15,350000,INVALID
4741,EMP04741,Female,-2.0,2.0,HR,,800000,emp4741@mail.com
4742,EMP04742,M,32.0,9.0,Analyst,,500000,
4743,EMP04743,Male,21.0,11.0,Manager,,350000,INVALID
4744,EMP04744,,48.0,18.0,Engineer,,500000,
4745,EMP04745,male,52.0,5.0,HR,,6 LPA,INVALID
4746,EMP04746,Male,27.0,20.0,QA,2025-07-01,6 LPA,
4747,EMP04747,Male,56.0,,QA,,800000,INVALID
4748,EMP04748,F,43.0,99.0,Analyst,,6 LPA,
4749,EMP04749,male,45.0,9.0,HR,15/02/2024,350000,INVALID
4750,EMP04750,F,38.0,16.0,Analyst,2023-01-15,-10000,INVALID
4751,EMP04751,male,57.0,6.0,Intern,,350000,emp4751@mail.com
4752,EMP04752,Male,28.0,3.0,Manager,2023-01-15,800000,INVALID
4753,EMP04753,M,55.0,16.0,Intern,,-10000,
4754,EMP04754,Male,31.0,5.0,Engineer,2023-01-15,-10000,INVALID
4755,EMP04755,male,40.0,1.0,QA,15/02/2024,500000,INVALID
4756,EMP04756,Female,,4.0,HR,,-10000,
4757,EMP04757,male,46.0,11.0,QA,2025-07-01,800000,emp4757@mail.com
4758,EMP04758,M,46.0,4.0,Manager,,-10000,
4759,EMP04759,Male,36.0,99.0,Analyst,2023-01-15,500000,
4760,EMP04760,Female,23.0,16.0,QA,2025-07-01,-10000,
4761,EMP04761,,46.0,9.0,Engineer,2023-01-15,800000,INVALID
4762,EMP04762,,52.0,18.0,Manager,,,
4763,EMP04763,M,58.0,10.0,Engineer,2025-07-01,-10000,INVALID
4764,EMP04764,M,28.0,2.0,QA,,6 LPA,
4765,EMP04765,,30.0,1.0,QA,15/02/2024,500000,
4766,EMP04766,Female,27.0,14.0,Manager,2025-07-01,-10000,
4767,EMP04767,Female,43.0,,Engineer,2025-07-01,350000,INVALID
4768,EMP04768,M,51.0,13.0,Intern,15/02/2024,500000,emp4768@mail.com
4769,EMP04769,Male,23.0,6.0,HR,,500000,INVALID
4770,EMP04770,Female,31.0,,QA,2025-07-01,350000,
4771,EMP04771,M,39.0,19.0,QA,2025-07-01,-10000,INVALID
4772,EMP04772,,99.0,5.0,Manager,,,emp4772@mail.com
4773,EMP04773,Female,52.0,8.0,Analyst,2023-01-15,350000,INVALID
4774,EMP04774,Male,25.0,18.0,Analyst,,800000,
4775,EMP04775,M,54.0,18.0,Engineer,,800000,INVALID
4776,EMP04776,F,39.0,4.0,Intern,,500000,emp4776@mail.com
4777,EMP04777,male,45.0,99.0,Engineer,,,
4778,EMP04778,Female,53.0,8.0,Intern,2023-01-15,500000,INVALID
4779,EMP04779,,21.0,3.0,QA,,350000,
4780,EMP04780,,52.0,99.0,Manager,2023-01-15,,
4781,EMP04781,,51.0,7.0,HR,2023-01-15,350000,INVALID
4782,EMP04782,male,30.0,15.0,Manager,2023-01-15,800000,
4783,EMP04783,male,,9.0,QA,2025-07-01,-10000,
4784,EMP04784,Female,53.0,13.0,Intern,2023-01-15,,
4785,EMP04785,M,40.0,9.0,QA,15/02/2024,,emp4785@mail.com
4786,EMP04786,Male,47.0,6.0,Engineer,,350000,
4787,EMP04787,F,44.0,12.0,QA,,350000,INVALID
4788,EMP04788,male,48.0,19.0,Analyst,2025-07-01,,INVALID
4789,EMP04789,Female,49.0,6.0,Analyst,2023-01-15,500000,emp4789@mail.com
4790,EMP04790,M,50.0,11.0,Intern,15/02/2024,500000,emp4790@mail.com
4791,EMP04791,F,55.0,7.0,QA,2023-01-15,350000,
4792,EMP04792,F,54.0,,Analyst,,,
4793,EMP04793,F,34.0,18.0,Manager,2025-07-01,800000,INVALID
4794,EMP04794,Female,20.0,15.0,Manager,15/02/2024,-10000,INVALID
4795,EMP04795,,37.0,14.0,HR,2023-01-15,,emp4795@mail.com
4796,EMP04796,Male,99.0,14.0,HR,15/02/2024,,
4797,EMP04797,Female,52.0,99.0,QA,,-10000,INVALID
4798,EMP04798,Female,-2.0,3.0,Intern,2025-07-01,800000,emp4798@mail.com
4799,EMP04799,M,49.0,8.0,Intern,2023-01-15,,
4800,EMP04800,F,50.0,11.0,Engineer,,-10000,
4801,EMP04801,Female,32.0,8.0,Intern,2023-01-15,6 LPA,INVALID
4802,EMP04802,,53.0,18.0,HR,2025-07-01,500000,
4803,EMP04803,Male,24.0,3.0,Intern,,800000,emp4803@mail.com
4804,EMP04804,F,28.0,13.0,Engineer,,800000,
4805,EMP04805,F,29.0,10.0,Engineer,2023-01-15,800000,emp4805@mail.com
4806,EMP04806,,36.0,17.0,Manager,,500000,
4807,EMP04807,,39.0,12.0,QA,2025-07-01,6 LPA,
4808,EMP04808,Male,24.0,13.0,QA,15/02/2024,800000,emp4808@mail.com
4809,EMP04809,F,32.0,,Engineer,2025-07-01,500000,
4810,EMP04810,Male,60.0,14.0,HR,2025-07-01,,
4811,EMP04811,male,35.0,,QA,,-10000,
4812,EMP04812,Female,37.0,8.0,Analyst,15/02/2024,500000,INVALID
4813,EMP04813,F,57.0,5.0,Analyst,2023-01-15,800000,emp4813@mail.com
4814,EMP04814,,,9.0,QA,,800000,
4815,EMP04815,M,35.0,13.0,QA,15/02/2024,350000,emp4815@mail.com
4816,EMP04816,F,32.0,99.0,Engineer,,-10000,emp4816@mail.com
4817,EMP04817,male,40.0,3.0,QA,15/02/2024,500000,emp4817@mail.com
4818,EMP04818,M,34.0,17.0,HR,,,
4819,EMP04819,,24.0,1.0,Manager,,,emp4819@mail.com
4820,EMP04820,male,37.0,11.0,Manager,2023-01-15,800000,INVALID
4821,EMP04821,F,35.0,12.0,QA,2023-01-15,-10000,
4822,EMP04822,male,34.0,5.0,HR,,-10000,INVALID
4823,EMP04823,F,41.0,3.0,Analyst,,-10000,
4824,EMP04824,,35.0,6.0,HR,,500000,emp4824@mail.com
4825,EMP04825,F,55.0,15.0,Analyst,2025-07-01,6 LPA,emp4825@mail.com
4826,EMP04826,,23.0,3.0,HR,,350000,emp4826@mail.com
4827,EMP04827,,31.0,,HR,,350000,emp4827@mail.com
4828,EMP04828,,58.0,18.0,Intern,2025-07-01,6 LPA,INVALID
4829,EMP04829,male,99.0,99.0,Analyst,15/02/2024,,
4830,EMP04830,Male,37.0,1.0,HR,2023-01-15,500000,emp4830@mail.com
4831,EMP04831,male,35.0,2.0,QA,2025-07-01,800000,
4832,EMP04832,male,56.0,19.0,Intern,,,INVALID
4833,EMP04833,M,34.0,8.0,Intern,2023-01-15,-10000,INVALID
4834,EMP04834,,38.0,12.0,Manager,,800000,
4835,EMP04835,M,58.0,9.0,QA,2025-07-01,6 LPA,
4836,EMP04836,F,,12.0,Analyst,15/02/2024,800000,
4837,EMP04837,male,36.0,3.0,Intern,,6 LPA,emp4837@mail.com
4838,EMP04838,,28.0,19.0,Manager,15/02/2024,350000,INVALID
4839,EMP04839,Female,50.0,8.0,HR,2023-01-15,500000,emp4839@mail.com
4840,EMP04840,,45.0,4.0,HR,2023-01-15,500000,INVALID
4841,EMP04841,,32.0,17.0,Analyst,,350000,
4842,EMP04842,male,22.0,3.0,Engineer,,6 LPA,
4843,EMP04843,F,50.0,5.0,HR,15/02/2024,6 LPA,INVALID
4844,EMP04844,F,25.0,18.0,Manager,15/02/2024,800000,
4845,EMP04845,Male,50.0,14.0,Engineer,2025-07-01,800000,
4846,EMP04846,F,43.0,4.0,HR,,6 LPA,emp4846@mail.com
4847,EMP04847,M,42.0,10.0,Analyst,,6 LPA,
4848,EMP04848,M,48.0,99.0,HR,2023-01-15,-10000,
4849,EMP04849,,57.0,18.0,Analyst,15/02/2024,6 LPA,emp4849@mail.com
4850,EMP04850,M,21.0,13.0,Engineer,,800000,INVALID
4851,EMP04851,Female,51.0,6.0,Manager,,350000,INVALID
4852,EMP04852,Male,44.0,17.0,Engineer,,500000,emp4852@mail.com
4853,EMP04853,F,36.0,15.0,Analyst,,800000,emp4853@mail.com
4854,EMP04854,M,57.0,6.0,Manager,,500000,
4855,EMP04855,M,21.0,5.0,HR,15/02/2024,-10000,INVALID
4856,EMP04856,F,21.0,3.0,Engineer,2023-01-15,500000,
4857,EMP04857,F,47.0,3.0,Manager,15/02/2024,350000,emp4857@mail.com
4858,EMP04858,Male,20.0,99.0,QA,2023-01-15,500000,
4859,EMP04859,M,52.0,4.0,Intern,15/02/2024,800000,
4860,EMP04860,Male,30.0,3.0,Engineer,2023-01-15,500000,emp4860@mail.com
4861,EMP04861,,21.0,19.0,HR,2025-07-01,350000,
4862,EMP04862,male,53.0,99.0,HR,,800000,emp4862@mail.com
4863,EMP04863,male,35.0,20.0,HR,15/02/2024,6 LPA,
4864,EMP04864,Male,20.0,15.0,Analyst,15/02/2024,350000,
4865,EMP04865,,49.0,12.0,QA,,-10000,INVALID
4866,EMP04866,Female,34.0,8.0,HR,,6 LPA,emp4866@mail.com
4867,EMP04867,F,39.0,19.0,HR,2023-01-15,6 LPA,
4868,EMP04868,,30.0,9.0,QA,,-10000,
4869,EMP04869,Male,23.0,17.0,Manager,2025-07-01,-10000,emp4869@mail.com
4870,EMP04870,F,47.0,10.0,Manager,,-10000,
4871,EMP04871,Male,53.0,19.0,HR,2025-07-01,-10000,INVALID
4872,EMP04872,F,-2.0,16.0,Intern,2025-07-01,500000,
4873,EMP04873,male,34.0,9.0,Analyst,15/02/2024,500000,INVALID
4874,EMP04874,Female,52.0,8.0,Manager,2023-01-15,800000,
4875,EMP04875,Male,23.0,,Engineer,,-10000,
4876,EMP04876,M,20.0,8.0,Engineer,15/02/2024,350000,INVALID
4877,EMP04877,,38.0,99.0,HR,,6 LPA,
4878,EMP04878,Male,48.0,5.0,QA,2023-01-15,350000,INVALID
4879,EMP04879,,,1.0,Intern,,,INVALID
4880,EMP04880,Female,38.0,17.0,Intern,15/02/2024,800000,emp4880@mail.com
4881,EMP04881,male,42.0,10.0,Engineer,2023-01-15,,emp4881@mail.com
4882,EMP04882,Male,21.0,5.0,HR,15/02/2024,-10000,
4883,EMP04883,Male,35.0,15.0,QA,,350000,INVALID
4884,EMP04884,M,25.0,14.0,QA,2023-01-15,6 LPA,
4885,EMP04885,M,53.0,13.0,Engineer,15/02/2024,-10000,INVALID
4886,EMP04886,Female,52.0,20.0,QA,,350000,INVALID
4887,EMP04887,M,40.0,2.0,Intern,,350000,INVALID
4888,EMP04888,,60.0,1.0,Analyst,,500000,
4889,EMP04889,F,44.0,,Engineer,2025-07-01,800000,
4890,EMP04890,Female,56.0,3.0,QA,2025-07-01,-10000,
4891,EMP04891,,21.0,10.0,Engineer,2025-07-01,-10000,emp4891@mail.com
4892,EMP04892,Female,47.0,9.0,QA,2025-07-01,350000,emp4892@mail.com
4893,EMP04893,M,44.0,20.0,QA,,350000,
4894,EMP04894,Male,40.0,15.0,Intern,15/02/2024,,emp4894@mail.com
4895,EMP04895,male,21.0,6.0,HR,15/02/2024,6 LPA,emp4895@mail.com
4896,EMP04896,male,39.0,7.0,Engineer,2023-01-15,500000,
4897,EMP04897,male,41.0,99.0,QA,2023-01-15,500000,
4898,EMP04898,,29.0,14.0,Manager,,500000,INVALID
4899,EMP04899,M,36.0,14.0,Manager,,500000,emp4899@mail.com
4900,EMP04900,Male,55.0,6.0,Intern,15/02/2024,6 LPA,
4901,EMP04901,,54.0,14.0,Engineer,,800000,
4902,EMP04902,M,58.0,8.0,Intern,2025-07-01,6 LPA,INVALID
4903,EMP04903,male,41.0,15.0,HR,15/02/2024,,emp4903@mail.com
4904,EMP04904,Male,33.0,3.0,Engineer,,500000,
4905,EMP04905,M,-2.0,13.0,Manager,,800000,
4906,EMP04906,Male,49.0,,QA,15/02/2024,6 LPA,
4907,EMP04907,Female,22.0,3.0,QA,2025-07-01,500000,
4908,EMP04908,Male,36.0,19.0,QA,2023-01-15,800000,emp4908@mail.com
4909,EMP04909,F,35.0,10.0,Manager,2025-07-01,500000,emp4909@mail.com
4910,EMP04910,,21.0,18.0,QA,,800000,
4911,EMP04911,F,46.0,,Manager,,6 LPA,
4912,EMP04912,male,27.0,8.0,Analyst,2023-01-15,800000,
4913,EMP04913,,41.0,20.0,Analyst,,-10000,
4914,EMP04914,,57.0,11.0,HR,2025-07-01,350000,
4915,EMP04915,Male,-2.0,5.0,Manager,15/02/2024,6 LPA,
4916,EMP04916,,42.0,2.0,Engineer,2025-07-01,-10000,
4917,EMP04917,F,43.0,6.0,HR,,350000,
4918,EMP04918,,42.0,13.0,Analyst,,500000,INVALID
4919,EMP04919,M,33.0,3.0,Manager,2025-07-01,6 LPA,emp4919@mail.com
4920,EMP04920,Female,38.0,9.0,Manager,15/02/2024,,
4921,EMP04921,male,59.0,17.0,Intern,2023-01-15,6 LPA,emp4921@mail.com
4922,EMP04922,Female,54.0,3.0,Analyst,15/02/2024,-10000,
4923,EMP04923,F,37.0,17.0,Intern,15/02/2024,,
4924,EMP04924,M,33.0,11.0,HR,,500000,
4925,EMP04925,F,24.0,2.0,Intern,15/02/2024,6 LPA,
4926,EMP04926,,38.0,16.0,Manager,,-10000,emp4926@mail.com
4927,EMP04927,Female,99.0,5.0,Intern,2023-01-15,6 LPA,INVALID
4928,EMP04928,M,48.0,15.0,Analyst,,350000,
4929,EMP04929,Male,99.0,1.0,Engineer,2025-07-01,500000,
4930,EMP04930,M,42.0,2.0,Intern,2025-07-01,-10000,emp4930@mail.com
4931,EMP04931,M,34.0,4.0,QA,15/02/2024,6 LPA,emp4931@mail.com
4932,EMP04932,M,41.0,3.0,Manager,,500000,INVALID
4933,EMP04933,,47.0,1.0,Analyst,2025-07-01,350000,INVALID
4934,EMP04934,male,27.0,5.0,QA,2023-01-15,-10000,emp4934@mail.com
4935,EMP04935,F,43.0,7.0,Intern,2025-07-01,,INVALID
4936,EMP04936,Male,52.0,10.0,HR,15/02/2024,800000,emp4936@mail.com
4937,EMP04937,,43.0,20.0,QA,2023-01-15,-10000,
4938,EMP04938,F,42.0,11.0,Manager,2025-07-01,6 LPA,INVALID
4939,EMP04939,F,38.0,13.0,Intern,15/02/2024,350000,INVALID
4940,EMP04940,Male,29.0,8.0,HR,2025-07-01,,
4941,EMP04941,M,-2.0,16.0,QA,2025-07-01,500000,
4942,EMP04942,male,99.0,15.0,Intern,,6 LPA,INVALID
4943,EMP04943,Male,39.0,2.0,Intern,15/02/2024,350000,
4944,EMP04944,M,50.0,16.0,Manager,,,
4945,EMP04945,M,23.0,7.0,Engineer,,6 LPA,
4946,EMP04946,Female,50.0,12.0,Manager,2023-01-15,800000,
4947,EMP04947,M,27.0,99.0,QA,,6 LPA,emp4947@mail.com
4948,EMP04948,,99.0,15.0,Analyst,2025-07-01,6 LPA,
4949,EMP04949,Female,40.0,3.0,HR,15/02/2024,350000,
4950,EMP04950,M,31.0,11.0,Intern,,-10000,emp4950@mail.com
4951,EMP04951,F,23.0,17.0,Analyst,15/02/2024,800000,
4952,EMP04952,Female,30.0,7.0,QA,2023-01-15,6 LPA,emp4952@mail.com
4953,EMP04953,Female,37.0,19.0,Analyst,,6 LPA,INVALID
4954,EMP04954,Female,41.0,10.0,HR,2023-01-15,-10000,
4955,EMP04955,F,44.0,17.0,Analyst,2025-07-01,350000,emp4955@mail.com
4956,EMP04956,Female,59.0,9.0,QA,15/02/2024,-10000,emp4956@mail.com
4957,EMP04957,male,33.0,19.0,Engineer,2025-07-01,-10000,
4958,EMP04958,F,42.0,5.0,Manager,,,
4959,EMP04959,M,37.0,1.0,Manager,,6 LPA,emp4959@mail.com
4960,EMP04960,,25.0,12.0,Manager,15/02/2024,350000,
4961,EMP04961,Female,36.0,16.0,HR,,800000,emp4961@mail.com
4962,EMP04962,Male,31.0,9.0,Manager,15/02/2024,6 LPA,
4963,EMP04963,Male,34.0,17.0,Engineer,2025-07-01,800000,emp4963@mail.com
4964,EMP04964,F,47.0,14.0,HR,2023-01-15,500000,emp4964@mail.com
4965,EMP04965,Female,24.0,16.0,Manager,2023-01-15,800000,
4966,EMP04966,Male,43.0,6.0,Intern,2025-07-01,350000,INVALID
4967,EMP04967,,48.0,6.0,Intern,,,INVALID
4968,EMP04968,M,21.0,19.0,Intern,15/02/2024,350000,
4969,EMP04969,F,51.0,17.0,Intern,,800000,
4970,EMP04970,F,60.0,11.0,Manager,2023-01-15,800000,emp4970@mail.com
4971,EMP04971,,24.0,8.0,Engineer,,-10000,INVALID
4972,EMP04972,Male,54.0,19.0,Engineer,,800000,
4973,EMP04973,Female,23.0,8.0,HR,15/02/2024,,INVALID
4974,EMP04974,male,59.0,7.0,Manager,,350000,
4975,EMP04975,Male,46.0,18.0,Analyst,2025-07-01,500000,emp4975@mail.com
4976,EMP04976,male,21.0,15.0,QA,2023-01-15,6 LPA,emp4976@mail.com
4977,EMP04977,Female,48.0,4.0,Manager,2025-07-01,500000,
4978,EMP04978,Male,50.0,9.0,Engineer,2023-01-15,6 LPA,
4979,EMP04979,M,28.0,10.0,QA,,-10000,INVALID
4980,EMP04980,Female,31.0,5.0,Intern,,350000,INVALID
4981,EMP04981,Male,60.0,19.0,Analyst,15/02/2024,800000,
4982,EMP04982,Female,29.0,7.0,Engineer,2025-07-01,-10000,INVALID
4983,EMP04983,F,47.0,3.0,QA,15/02/2024,,
4984,EMP04984,Female,22.0,1.0,HR,,800000,emp4984@mail.com
4985,EMP04985,M,42.0,5.0,QA,2025-07-01,-10000,INVALID
4986,EMP04986,male,36.0,3.0,Engineer,,-10000,emp4986@mail.com
4987,EMP04987,Male,-2.0,17.0,Manager,15/02/2024,,
4988,EMP04988,male,35.0,18.0,Engineer,,6 LPA,
4989,EMP04989,Male,20.0,1.0,Intern,,350000,emp4989@mail.com
4990,EMP04990,M,44.0,18.0,Analyst,15/02/2024,500000,
4991,EMP04991,M,48.0,15.0,Engineer,15/02/2024,6 LPA,
4992,EMP04992,male,35.0,20.0,Intern,15/02/2024,350000,emp4992@mail.com
4993,EMP04993,Female,24.0,19.0,Manager,15/02/2024,-10000,
4994,EMP04994,F,54.0,19.0,QA,2025-07-01,-10000,emp4994@mail.com
4995,EMP04995,,31.0,19.0,Manager,2023-01-15,500000,
4996,EMP04996,Male,33.0,5.0,Engineer,2025-07-01,,
4997,EMP04997,male,25.0,10.0,HR,,6 LPA,
4998,EMP04998,,29.0,20.0,Analyst,,350000,
4999,EMP04999,F,25.0,14.0,Analyst,15/02/2024,,INVALID
5000,EMP05000,M,,6.0,HR,2025-07-01,800000,
5001,EMP05001,M,34.0,9.0,Engineer,2025-07-01,6 LPA,
5002,EMP05002,Male,44.0,9.0,Intern,2025-07-01,500000,
5003,EMP05003,F,40.0,3.0,QA,15/02/2024,500000,
5004,EMP05004,male,56.0,7.0,HR,15/02/2024,6 LPA,
5005,EMP05005,Female,99.0,3.0,HR,2025-07-01,,
5006,EMP05006,F,31.0,15.0,HR,15/02/2024,-10000,
5007,EMP05007,F,53.0,17.0,Intern,,350000,
5008,EMP05008,M,56.0,12.0,QA,15/02/2024,800000,emp5008@mail.com
5009,EMP05009,,35.0,11.0,Intern,2023-01-15,-10000,
5010,EMP05010,Female,44.0,9.0,Manager,2023-01-15,-10000,emp5010@mail.com
5011,EMP05011,F,36.0,19.0,Manager,2023-01-15,,
5012,EMP05012,,42.0,20.0,Manager,2023-01-15,800000,INVALID
5013,EMP05013,Female,57.0,12.0,Analyst,2023-01-15,800000,emp5013@mail.com
5014,EMP05014,M,51.0,19.0,QA,15/02/2024,800000,emp5014@mail.com
5015,EMP05015,,25.0,20.0,Engineer,15/02/2024,,INVALID
5016,EMP05016,male,44.0,3.0,Engineer,2023-01-15,350000,
5017,EMP05017,Male,40.0,6.0,Manager,2025-07-01,,
5018,EMP05018,M,42.0,10.0,Engineer,2023-01-15,,
5019,EMP05019,F,31.0,10.0,QA,15/02/2024,,emp5019@mail.com
5020,EMP05020,Female,36.0,,Intern,2025-07-01,-10000,emp5020@mail.com
5021,EMP05021,male,53.0,2.0,QA,2023-01-15,350000,emp5021@mail.com
5022,EMP05022,F,20.0,15.0,Intern,,800000,
5023,EMP05023,F,54.0,5.0,Engineer,,-10000,INVALID
5024,EMP05024,M,36.0,5.0,Intern,,800000,
5025,EMP05025,F,20.0,7.0,Manager,15/02/2024,,
5026,EMP05026,Male,23.0,8.0,QA,2025-07-01,350000,
5027,EMP05027,male,99.0,6.0,QA,,350000,
5028,EMP05028,M,37.0,2.0,Analyst,,-10000,INVALID
5029,EMP05029,,30.0,9.0,Engineer,2023-01-15,,INVALID
5030,EMP05030,Female,31.0,4.0,HR,,6 LPA,
5031,EMP05031,,46.0,13.0,Manager,15/02/2024,350000,
5032,EMP05032,F,41.0,9.0,Engineer,,,
5033,EMP05033,M,20.0,3.0,QA,15/02/2024,-10000,emp5033@mail.com
5034,EMP05034,,59.0,14.0,Intern,15/02/2024,-10000,INVALID
5035,EMP05035,,55.0,15.0,Intern,15/02/2024,500000,
5036,EMP05036,F,24.0,4.0,Engineer,,6 LPA,emp5036@mail.com
5037,EMP05037,,50.0,13.0,QA,,6 LPA,emp5037@mail.com
5038,EMP05038,M,35.0,9.0,Intern,,350000,
5039,EMP05039,Female,50.0,14.0,Engineer,2023-01-15,6 LPA,
5040,EMP05040,male,32.0,4.0,QA,15/02/2024,,emp5040@mail.com
5041,EMP05041,Female,41.0,13.0,Manager,2025-07-01,500000,
5042,EMP05042,Female,27.0,2.0,Analyst,15/02/2024,500000,
5043,EMP05043,Male,31.0,18.0,HR,,,
5044,EMP05044,,29.0,15.0,Engineer,15/02/2024,,INVALID
5045,EMP05045,M,51.0,6.0,QA,,-10000,
5046,EMP05046,M,43.0,7.0,Manager,2023-01-15,800000,emp5046@mail.com
5047,EMP05047,M,99.0,12.0,QA,2025-07-01,6 LPA,INVALID
5048,EMP05048,Male,53.0,4.0,QA,15/02/2024,350000,emp5048@mail.com
5049,EMP05049,,52.0,3.0,QA,2025-07-01,500000,
5050,EMP05050,Female,20.0,13.0,Intern,,800000,INVALID
5051,EMP05051,,-2.0,3.0,Engineer,2025-07-01,,
5052,EMP05052,male,37.0,,Engineer,2023-01-15,500000,
5053,EMP05053,Male,45.0,7.0,Intern,,800000,
5054,EMP05054,male,,20.0,QA,15/02/2024,350000,
5055,EMP05055,M,21.0,17.0,QA,15/02/2024,800000,emp5055@mail.com
5056,EMP05056,male,59.0,4.0,Engineer,,-10000,
5057,EMP05057,Female,41.0,1.0,Engineer,2023-01-15,6 LPA,
5058,EMP05058,Male,-2.0,12.0,QA,15/02/2024,500000,
5059,EMP05059,male,25.0,18.0,HR,15/02/2024,-10000,INVALID
5060,EMP05060,male,99.0,15.0,HR,2023-01-15,6 LPA,
5061,EMP05061,M,33.0,17.0,Engineer,2025-07-01,350000,
5062,EMP05062,F,50.0,19.0,Engineer,2025-07-01,-10000,
5063,EMP05063,male,24.0,7.0,Engineer,,,INVALID
5064,EMP05064,male,59.0,,Engineer,2025-07-01,,
5065,EMP05065,M,34.0,18.0,Intern,2025-07-01,800000,
5066,EMP05066,Male,31.0,10.0,Engineer,2025-07-01,-10000,emp5066@mail.com
5067,EMP05067,M,36.0,18.0,Manager,,800000,
5068,EMP05068,F,27.0,11.0,HR,,800000,
5069,EMP05069,Female,99.0,8.0,Engineer,,800000,
5070,EMP05070,male,38.0,4.0,HR,,500000,
5071,EMP05071,Male,56.0,3.0,Intern,2025-07-01,350000,emp5071@mail.com
5072,EMP05072,Male,27.0,14.0,QA,,-10000,INVALID
5073,EMP05073,F,52.0,99.0,Engineer,,500000,emp5073@mail.com
5074,EMP05074,F,43.0,20.0,QA,15/02/2024,,
5075,EMP05075,male,51.0,12.0,Analyst,15/02/2024,-10000,emp5075@mail.com
5076,EMP05076,M,54.0,17.0,Manager,2025-07-01,-10000,
5077,EMP05077,F,24.0,18.0,Manager,2025-07-01,6 LPA,
5078,EMP05078,Female,35.0,99.0,Engineer,2025-07-01,,
5079,EMP05079,F,40.0,6.0,Manager,2025-07-01,800000,
5080,EMP05080,,34.0,2.0,HR,2025-07-01,800000,
5081,EMP05081,M,57.0,99.0,HR,,500000,emp5081@mail.com
5082,EMP05082,male,34.0,14.0,Analyst,15/02/2024,-10000,emp5082@mail.com
5083,EMP05083,F,26.0,8.0,QA,15/02/2024,350000,INVALID
5084,EMP05084,Male,31.0,5.0,HR,,350000,
5085,EMP05085,male,33.0,2.0,Intern,2025-07-01,,INVALID
5086,EMP05086,Female,34.0,7.0,Intern,15/02/2024,-10000,INVALID
5087,EMP05087,Male,-2.0,6.0,HR,15/02/2024,-10000,INVALID
5088,EMP05088,male,20.0,10.0,QA,2023-01-15,350000,emp5088@mail.com
5089,EMP05089,,58.0,10.0,QA,2025-07-01,800000,emp5089@mail.com
5090,EMP05090,M,50.0,1.0,QA,15/02/2024,,
5091,EMP05091,male,38.0,10.0,Manager,,6 LPA,
5092,EMP05092,Male,24.0,6.0,Analyst,,500000,
5093,EMP05093,M,53.0,10.0,Intern,2025-07-01,800000,
5094,EMP05094,M,20.0,4.0,Manager,,350000,
5095,EMP05095,male,24.0,8.0,HR,2023-01-15,6 LPA,emp5095@mail.com
5096,EMP05096,Male,54.0,17.0,Engineer,2025-07-01,500000,
5097,EMP05097,,31.0,99.0,Manager,2025-07-01,800000,INVALID
5098,EMP05098,Female,31.0,,QA,2023-01-15,-10000,
5099,EMP05099,Female,40.0,12.0,Intern,,350000,
5100,EMP05100,male,45.0,99.0,HR,2023-01-15,350000,
5101,EMP05101,F,48.0,17.0,Manager,15/02/2024,6 LPA,
5102,EMP05102,,40.0,13.0,QA,2025-07-01,350000,
5103,EMP05103,Female,20.0,1.0,QA,2023-01-15,800000,INVALID
5104,EMP05104,M,52.0,2.0,Engineer,15/02/2024,350000,INVALID
5105,EMP05105,,33.0,19.0,QA,15/02/2024,-10000,
5106,EMP05106,F,54.0,17.0,HR,,,
5107,EMP05107,Male,41.0,20.0,HR,,350000,emp5107@mail.com
5108,EMP05108,F,54.0,15.0,QA,,500000,
5109,EMP05109,,39.0,99.0,QA,,,
5110,EMP05110,male,-2.0,,HR,,500000,
5111,EMP05111,Male,52.0,7.0,QA,,350000,INVALID
5112,EMP05112,Female,99.0,,Analyst,2023-01-15,-10000,INVALID
5113,EMP05113,,29.0,3.0,Engineer,,,
5114,EMP05114,M,45.0,6.0,HR,2023-01-15,500000,
5115,EMP05115,M,21.0,11.0,Analyst,15/02/2024,350000,INVALID
5116,EMP05116,F,99.0,,Engineer,2023-01-15,350000,INVALID
5117,EMP05117,male,34.0,11.0,Analyst,2023-01-15,350000,
5118,EMP05118,Male,60.0,5.0,Analyst,,-10000,INVALID
5119,EMP05119,Male,58.0,1.0,Intern,,500000,
5120,EMP05120,F,29.0,2.0,Intern,,800000,emp5120@mail.com
5121,EMP05121,Male,50.0,15.0,QA,,-10000,emp5121@mail.com
5122,EMP05122,Female,21.0,17.0,Engineer,15/02/2024,350000,INVALID
5123,EMP05123,,56.0,14.0,Manager,,-10000,
5124,EMP05124,Male,44.0,2.0,Engineer,2023-01-15,500000,INVALID
5125,EMP05125,,34.0,1.0,QA,,,emp5125@mail.com
5126,EMP05126,male,58.0,11.0,Analyst,,800000,INVALID
5127,EMP05127,F,-2.0,2.0,Manager,,350000,emp5127@mail.com
5128,EMP05128,male,34.0,7.0,QA,15/02/2024,350000,emp5128@mail.com
5129,EMP05129,M,42.0,9.0,Intern,,350000,
5130,EMP05130,F,58.0,14.0,Analyst,2023-01-15,350000,
5131,EMP05131,,28.0,15.0,Manager,2025-07-01,500000,
5132,EMP05132,Male,44.0,20.0,Engineer,,-10000,emp5132@mail.com
5133,EMP05133,Female,-2.0,20.0,QA,2023-01-15,350000,emp5133@mail.com
5134,EMP05134,F,39.0,8.0,QA,,350000,emp5134@mail.com
5135,EMP05135,male,46.0,99.0,Engineer,,500000,INVALID
5136,EMP05136,male,50.0,7.0,HR,,-10000,
5137,EMP05137,Female,33.0,7.0,QA,15/02/2024,500000,
5138,EMP05138,F,54.0,4.0,Intern,15/02/2024,500000,
5139,EMP05139,,51.0,4.0,Intern,2025-07-01,500000,INVALID
5140,EMP05140,F,56.0,14.0,Analyst,15/02/2024,800000,
5141,EMP05141,M,48.0,,Engineer,,6 LPA,INVALID
5142,EMP05142,Female,29.0,6.0,Analyst,2025-07-01,800000,
5143,EMP05143,Male,34.0,,QA,15/02/2024,-10000,
5144,EMP05144,Male,51.0,13.0,Intern,2025-07-01,350000,
5145,EMP05145,Male,21.0,13.0,Manager,15/02/2024,350000,emp5145@mail.com
5146,EMP05146,F,60.0,99.0,Analyst,,350000,INVALID
5147,EMP05147,M,45.0,19.0,HR,2023-01-15,-10000,
5148,EMP05148,Male,35.0,14.0,Analyst,,-10000,
5149,EMP05149,,36.0,7.0,HR,15/02/2024,-10000,
5150,EMP05150,M,-2.0,4.0,Analyst,2023-01-15,6 LPA,INVALID
5151,EMP05151,F,54.0,3.0,Engineer,2023-01-15,800000,
5152,EMP05152,F,39.0,5.0,Engineer,2025-07-01,-10000,emp5152@mail.com
5153,EMP05153,Female,29.0,12.0,QA,2023-01-15,800000,
5154,EMP05154,F,50.0,2.0,HR,,800000,
5155,EMP05155,Male,27.0,,HR,,6 LPA,INVALID
5156,EMP05156,M,49.0,11.0,QA,15/02/2024,-10000,
5157,EMP05157,,44.0,14.0,Manager,15/02/2024,350000,
5158,EMP05158,,20.0,15.0,QA,,800000,
5159,EMP05159,M,31.0,18.0,QA,2023-01-15,800000,emp5159@mail.com
5160,EMP05160,F,26.0,18.0,QA,2023-01-15,,
5161,EMP05161,Female,-2.0,15.0,Analyst,,6 LPA,
5162,EMP05162,Female,45.0,10.0,QA,,,
5163,EMP05163,M,40.0,12.0,Engineer,2025-07-01,500000,emp5163@mail.com
5164,EMP05164,F,27.0,12.0,Analyst,2023-01-15,500000,
5165,EMP05165,M,58.0,5.0,Intern,,6 LPA,
5166,EMP05166,male,27.0,12.0,HR,,-10000,emp5166@mail.com
5167,EMP05167,Male,42.0,16.0,Engineer,2023-01-15,800000,
5168,EMP05168,M,55.0,14.0,QA,15/02/2024,500000,INVALID
5169,EMP05169,M,55.0,2.0,Manager,2025-07-01,6 LPA,
5170,EMP05170,male,56.0,9.0,Analyst,,6 LPA,emp5170@mail.com
5171,EMP05171,F,24.0,3.0,Manager,2025-07-01,500000,INVALID
5172,EMP05172,M,27.0,5.0,Manager,15/02/2024,350000,
5173,EMP05173,M,36.0,15.0,Analyst,2023-01-15,6 LPA,emp5173@mail.com
5174,EMP05174,M,40.0,14.0,Engineer,2025-07-01,500000,
5175,EMP05175,F,41.0,16.0,Engineer,,6 LPA,emp5175@mail.com
5176,EMP05176,Male,31.0,11.0,Intern,,,emp5176@mail.com
5177,EMP05177,Male,29.0,10.0,HR,2025-07-01,800000,
5178,EMP05178,Female,45.0,9.0,Engineer,2023-01-15,-10000,
5179,EMP05179,F,39.0,1.0,Analyst,,350000,INVALID
5180,EMP05180,F,46.0,5.0,Analyst,2025-07-01,-10000,
5181,EMP05181,Female,29.0,8.0,QA,2023-01-15,6 LPA,emp5181@mail.com
5182,EMP05182,F,28.0,13.0,Analyst,,500000,
5183,EMP05183,Female,25.0,11.0,HR,,800000,emp5183@mail.com
5184,EMP05184,male,32.0,4.0,Manager,2025-07-01,-10000,emp5184@mail.com
5185,EMP05185,male,59.0,12.0,Manager,2025-07-01,-10000,INVALID
5186,EMP05186,Male,36.0,8.0,QA,2023-01-15,350000,INVALID
5187,EMP05187,M,53.0,1.0,Engineer,2023-01-15,800000,INVALID
5188,EMP05188,M,23.0,3.0,Manager,2025-07-01,350000,
5189,EMP05189,F,27.0,14.0,Manager,2023-01-15,,
5190,EMP05190,Male,24.0,14.0,Analyst,2023-01-15,350000,
5191,EMP05191,male,29.0,8.0,Intern,,500000,emp5191@mail.com
5192,EMP05192,Male,52.0,11.0,Engineer,,350000,INVALID
5193,EMP05193,Male,38.0,6.0,Engineer,2025-07-01,800000,emp5193@mail.com
5194,EMP05194,M,37.0,99.0,Analyst,,,
5195,EMP05195,Female,25.0,1.0,Manager,,6 LPA,emp5195@mail.com
5196,EMP05196,,-2.0,15.0,Manager,15/02/2024,6 LPA,
5197,EMP05197,F,23.0,12.0,Engineer,2023-01-15,,
5198,EMP05198,Female,59.0,19.0,Manager,2023-01-15,350000,
5199,EMP05199,,57.0,20.0,Engineer,15/02/2024,,emp5199@mail.com
5200,EMP05200,Female,57.0,11.0,Engineer,,800000,INVALID
5201,EMP05201,M,31.0,2.0,Analyst,,6 LPA,INVALID
5202,EMP05202,F,26.0,3.0,Manager,15/02/2024,,INVALID
5203,EMP05203,Male,,3.0,Manager,2025-07-01,-10000,
5204,EMP05204,Male,99.0,16.0,HR,,,emp5204@mail.com
5205,EMP05205,F,57.0,2.0,Manager,15/02/2024,6 LPA,
5206,EMP05206,Male,41.0,12.0,HR,2023-01-15,6 LPA,INVALID
5207,EMP05207,Female,59.0,5.0,Engineer,,800000,
5208,EMP05208,Male,35.0,18.0,QA,,-10000,
5209,EMP05209,male,42.0,14.0,Intern,,350000,emp5209@mail.com
5210,EMP05210,male,24.0,15.0,Manager,2023-01-15,350000,
5211,EMP05211,male,49.0,19.0,Analyst,,350000,
5212,EMP05212,Male,54.0,17.0,Analyst,15/02/2024,6 LPA,
5213,EMP05213,M,50.0,17.0,QA,,800000,
5214,EMP05214,Female,49.0,6.0,HR,,,INVALID
5215,EMP05215,F,39.0,16.0,QA,15/02/2024,800000,
5216,EMP05216,,42.0,3.0,Manager,,800000,
5217,EMP05217,F,52.0,13.0,QA,2023-01-15,800000,
5218,EMP05218,Female,41.0,17.0,Manager,,-10000,emp5218@mail.com
5219,EMP05219,,38.0,16.0,Engineer,2023-01-15,,emp5219@mail.com
5220,EMP05220,F,35.0,12.0,HR,15/02/2024,-10000,
5221,EMP05221,M,54.0,7.0,Intern,,6 LPA,
5222,EMP05222,M,25.0,17.0,QA,2023-01-15,800000,
5223,EMP05223,Female,25.0,12.0,Engineer,2025-07-01,-10000,INVALID
5224,EMP05224,M,99.0,9.0,Analyst,,350000,INVALID
5225,EMP05225,M,24.0,10.0,HR,,6 LPA,
5226,EMP05226,,28.0,99.0,HR,,800000,emp5226@mail.com
5227,EMP05227,M,47.0,11.0,Manager,,500000,INVALID
5228,EMP05228,F,46.0,99.0,HR,,800000,INVALID
5229,EMP05229,Female,35.0,4.0,Engineer,15/02/2024,6 LPA,
5230,EMP05230,Female,60.0,3.0,QA,2025-07-01,350000,emp5230@mail.com
5231,EMP05231,F,38.0,7.0,Engineer,15/02/2024,6 LPA,
5232,EMP05232,F,42.0,1.0,Analyst,,350000,emp5232@mail.com
5233,EMP05233,male,48.0,3.0,Manager,,500000,
5234,EMP05234,M,30.0,11.0,Engineer,15/02/2024,500000,INVALID
5235,EMP05235,F,58.0,9.0,Engineer,2023-01-15,-10000,emp5235@mail.com
5236,EMP05236,Male,25.0,1.0,Analyst,,500000,
5237,EMP05237,male,35.0,3.0,HR,,6 LPA,emp5237@mail.com
5238,EMP05238,,40.0,15.0,Engineer,,350000,
5239,EMP05239,F,51.0,16.0,Engineer,,-10000,
5240,EMP05240,male,55.0,18.0,HR,,,
5241,EMP05241,Female,56.0,17.0,HR,,350000,emp5241@mail.com
5242,EMP05242,M,23.0,18.0,Manager,15/02/2024,-10000,
5243,EMP05243,Female,20.0,,HR,,500000,emp5243@mail.com
5244,EMP05244,M,41.0,,Analyst,2025-07-01,6 LPA,
5245,EMP05245,,60.0,12.0,QA,,6 LPA,
5246,EMP05246,F,27.0,3.0,HR,15/02/2024,800000,
5247,EMP05247,Female,52.0,20.0,Analyst,,350000,INVALID
5248,EMP05248,male,53.0,4.0,Intern,2023-01-15,800000,
5249,EMP05249,Female,35.0,9.0,Intern,2023-01-15,350000,
5250,EMP05250,F,46.0,12.0,QA,15/02/2024,-10000,INVALID
5251,EMP05251,M,36.0,4.0,QA,,-10000,emp5251@mail.com
5252,EMP05252,Male,34.0,2.0,Analyst,15/02/2024,350000,
5253,EMP05253,M,54.0,15.0,Engineer,,500000,INVALID
5254,EMP05254,Female,30.0,20.0,Intern,,800000,INVALID
5255,EMP05255,Female,24.0,9.0,HR,,350000,INVALID
5256,EMP05256,M,99.0,13.0,HR,,6 LPA,
5257,EMP05257,Male,59.0,9.0,HR,,,INVALID
5258,EMP05258,,23.0,9.0,Engineer,2025-07-01,500000,INVALID
5259,EMP05259,,26.0,6.0,Engineer,2025-07-01,800000,
5260,EMP05260,Male,30.0,3.0,QA,2023-01-15,800000,
5261,EMP05261,Male,59.0,6.0,Intern,,,emp5261@mail.com
5262,EMP05262,male,53.0,20.0,Manager,15/02/2024,6 LPA,
5263,EMP05263,male,59.0,11.0,Intern,2025-07-01,6 LPA,emp5263@mail.com
5264,EMP05264,Female,43.0,15.0,QA,2023-01-15,350000,
5265,EMP05265,M,33.0,6.0,Manager,,350000,
5266,EMP05266,,20.0,15.0,Engineer,2025-07-01,800000,INVALID
5267,EMP05267,Female,20.0,20.0,Engineer,2023-01-15,-10000,INVALID
5268,EMP05268,F,38.0,5.0,Analyst,,6 LPA,INVALID
5269,EMP05269,Male,,11.0,Manager,2025-07-01,,
5270,EMP05270,male,31.0,12.0,QA,15/02/2024,800000,
5271,EMP05271,Male,24.0,20.0,HR,2023-01-15,,
5272,EMP05272,F,23.0,4.0,Analyst,2023-01-15,500000,emp5272@mail.com
5273,EMP05273,,41.0,99.0,Intern,,800000,
5274,EMP05274,Male,25.0,20.0,HR,2023-01-15,800000,emp5274@mail.com
5275,EMP05275,Male,35.0,17.0,Intern,15/02/2024,,
5276,EMP05276,Female,59.0,16.0,QA,15/02/2024,800000,
5277,EMP05277,Female,48.0,10.0,Analyst,,500000,INVALID
5278,EMP05278,male,59.0,1.0,Intern,2023-01-15,350000,
5279,EMP05279,male,36.0,5.0,Manager,2025-07-01,-10000,INVALID
5280,EMP05280,male,37.0,17.0,QA,2023-01-15,6 LPA,
5281,EMP05281,,52.0,9.0,Manager,,,emp5281@mail.com
5282,EMP05282,male,21.0,2.0,HR,2025-07-01,6 LPA,emp5282@mail.com
5283,EMP05283,Female,56.0,7.0,QA,2023-01-15,,
5284,EMP05284,M,60.0,10.0,Analyst,,,
5285,EMP05285,F,60.0,,Engineer,15/02/2024,-10000,emp5285@mail.com
5286,EMP05286,Male,45.0,16.0,Intern,2023-01-15,-10000,
5287,EMP05287,,52.0,6.0,Analyst,15/02/2024,,INVALID
5288,EMP05288,male,43.0,20.0,Manager,,-10000,emp5288@mail.com
5289,EMP05289,male,40.0,12.0,Engineer,,500000,INVALID
5290,EMP05290,M,27.0,11.0,QA,,500000,emp5290@mail.com
5291,EMP05291,male,22.0,9.0,Engineer,2025-07-01,500000,
5292,EMP05292,Male,99.0,3.0,Manager,2025-07-01,,INVALID
5293,EMP05293,Male,46.0,8.0,Intern,2023-01-15,-10000,INVALID
5294,EMP05294,F,43.0,15.0,HR,,-10000,
5295,EMP05295,Male,56.0,17.0,Analyst,2023-01-15,,INVALID
5296,EMP05296,F,,10.0,Intern,,800000,emp5296@mail.com
5297,EMP05297,Female,20.0,20.0,Engineer,,800000,
5298,EMP05298,M,52.0,11.0,Manager,,,
5299,EMP05299,male,43.0,5.0,QA,15/02/2024,6 LPA,emp5299@mail.com
5300,EMP05300,M,20.0,12.0,HR,2023-01-15,350000,INVALID
5301,EMP05301,male,59.0,11.0,Intern,15/02/2024,,
5302,EMP05302,,38.0,2.0,Manager,,500000,
5303,EMP05303,male,51.0,14.0,Manager,2023-01-15,,
5304,EMP05304,Female,31.0,18.0,Analyst,,6 LPA,INVALID
5305,EMP05305,,56.0,20.0,QA,2025-07-01,500000,
5306,EMP05306,F,59.0,99.0,Analyst,,-10000,
5307,EMP05307,M,20.0,,HR,15/02/2024,,INVALID
5308,EMP05308,Female,21.0,15.0,Engineer,2023-01-15,-10000,emp5308@mail.com
5309,EMP05309,Female,24.0,19.0,Intern,,-10000,INVALID
5310,EMP05310,male,36.0,1.0,Intern,2023-01-15,500000,
5311,EMP05311,F,35.0,13.0,Intern,2023-01-15,500000,emp5311@mail.com
5312,EMP05312,Female,34.0,11.0,QA,2025-07-01,350000,
5313,EMP05313,Male,40.0,14.0,Analyst,15/02/2024,,
5314,EMP05314,Male,51.0,7.0,Engineer,2025-07-01,800000,
5315,EMP05315,F,37.0,10.0,Manager,,500000,
5316,EMP05316,male,48.0,17.0,Analyst,,-10000,
5317,EMP05317,F,54.0,14.0,HR,,,
5318,EMP05318,,42.0,19.0,Manager,15/02/2024,-10000,
5319,EMP05319,,56.0,12.0,Engineer,15/02/2024,,
5320,EMP05320,M,59.0,99.0,Engineer,15/02/2024,350000,INVALID
5321,EMP05321,,20.0,9.0,Intern,2025-07-01,350000,
5322,EMP05322,,54.0,8.0,Intern,2025-07-01,6 LPA,
5323,EMP05323,male,56.0,6.0,Engineer,15/02/2024,,
5324,EMP05324,Male,60.0,,Analyst,15/02/2024,350000,INVALID
5325,EMP05325,F,29.0,1.0,QA,,-10000,
5326,EMP05326,M,56.0,1.0,Manager,,6 LPA,INVALID
5327,EMP05327,,32.0,9.0,Manager,,800000,INVALID
5328,EMP05328,,-2.0,5.0,Manager,,,
5329,EMP05329,,48.0,99.0,Analyst,2025-07-01,6 LPA,
5330,EMP05330,F,52.0,9.0,Analyst,,350000,
5331,EMP05331,F,49.0,15.0,Intern,,500000,INVALID
5332,EMP05332,,32.0,3.0,HR,15/02/2024,,emp5332@mail.com
5333,EMP05333,Male,32.0,2.0,HR,2023-01-15,,
5334,EMP05334,Female,33.0,6.0,HR,2023-01-15,500000,INVALID
5335,EMP05335,,35.0,14.0,Engineer,15/02/2024,-10000,emp5335@mail.com
5336,EMP05336,male,24.0,15.0,QA,,-10000,
5337,EMP05337,F,26.0,8.0,QA,,6 LPA,INVALID
5338,EMP05338,Female,23.0,12.0,Manager,2025-07-01,-10000,
5339,EMP05339,male,47.0,6.0,Engineer,,6 LPA,
5340,EMP05340,,32.0,13.0,Manager,2023-01-15,-10000,
5341,EMP05341,Female,44.0,10.0,Intern,,-10000,emp5341@mail.com
5342,EMP05342,Male,22.0,18.0,Engineer,15/02/2024,,
5343,EMP05343,Female,31.0,7.0,Intern,15/02/2024,,INVALID
5344,EMP05344,,49.0,15.0,HR,,800000,emp5344@mail.com
5345,EMP05345,M,35.0,1.0,Analyst,15/02/2024,,emp5345@mail.com
5346,EMP05346,Female,32.0,3.0,Manager,,6 LPA,
5347,EMP05347,M,42.0,13.0,QA,,350000,
5348,EMP05348,Male,26.0,12.0,Analyst,15/02/2024,,
5349,EMP05349,Male,99.0,9.0,Analyst,2025-07-01,-10000,emp5349@mail.com
5350,EMP05350,Male,34.0,17.0,Analyst,2025-07-01,-10000,emp5350@mail.com
5351,EMP05351,male,99.0,3.0,QA,,800000,
5352,EMP05352,,34.0,7.0,Analyst,,-10000,INVALID
5353,EMP05353,Male,51.0,99.0,Analyst,2025-07-01,800000,
5354,EMP05354,M,31.0,6.0,QA,2023-01-15,500000,
5355,EMP05355,F,36.0,20.0,Intern,,,INVALID
5356,EMP05356,,52.0,20.0,Manager,,,INVALID
5357,EMP05357,Female,21.0,15.0,Intern,,800000,INVALID
5358,EMP05358,Female,57.0,17.0,Manager,,-10000,emp5358@mail.com
5359,EMP05359,Female,51.0,14.0,Intern,2023-01-15,6 LPA,INVALID
5360,EMP05360,Male,57.0,5.0,Engineer,,800000,
5361,EMP05361,M,,10.0,HR,15/02/2024,800000,
5362,EMP05362,Female,27.0,99.0,Intern,,,
5363,EMP05363,Female,41.0,12.0,Engineer,2023-01-15,6 LPA,
5364,EMP05364,F,34.0,9.0,Intern,2023-01-15,,INVALID
5365,EMP05365,,-2.0,20.0,Manager,2023-01-15,,emp5365@mail.com
5366,EMP05366,Male,32.0,9.0,Manager,15/02/2024,500000,emp5366@mail.com
5367,EMP05367,F,24.0,99.0,HR,15/02/2024,350000,emp5367@mail.com
5368,EMP05368,,30.0,2.0,Manager,,800000,emp5368@mail.com
5369,EMP05369,Male,40.0,7.0,QA,,-10000,emp5369@mail.com
5370,EMP05370,Female,41.0,5.0,HR,2023-01-15,350000,emp5370@mail.com
5371,EMP05371,male,47.0,12.0,HR,2023-01-15,500000,INVALID
5372,EMP05372,Male,40.0,10.0,QA,2025-07-01,-10000,
5373,EMP05373,F,28.0,6.0,Engineer,15/02/2024,350000,
5374,EMP05374,Male,47.0,2.0,QA,,500000,
5375,EMP05375,F,42.0,3.0,QA,15/02/2024,500000,
5376,EMP05376,male,25.0,4.0,Intern,2025-07-01,-10000,emp5376@mail.com
5377,EMP05377,F,21.0,11.0,Intern,,350000,INVALID
5378,EMP05378,male,51.0,8.0,Intern,,800000,emp5378@mail.com
5379,EMP05379,,22.0,9.0,Analyst,,350000,INVALID
5380,EMP05380,Female,-2.0,20.0,Engineer,2023-01-15,800000,INVALID
5381,EMP05381,F,50.0,18.0,Manager,,,INVALID
5382,EMP05382,,52.0,3.0,QA,2025-07-01,500000,
5383,EMP05383,Male,22.0,4.0,HR,15/02/2024,,INVALID
5384,EMP05384,M,43.0,3.0,Intern,2023-01-15,350000,emp5384@mail.com
5385,EMP05385,F,54.0,4.0,HR,,,
5386,EMP05386,Female,30.0,12.0,Engineer,2023-01-15,6 LPA,
5387,EMP05387,,60.0,19.0,HR,2023-01-15,500000,INVALID
5388,EMP05388,male,41.0,1.0,Manager,2023-01-15,6 LPA,
5389,EMP05389,Female,52.0,4.0,Engineer,2025-07-01,350000,
5390,EMP05390,male,58.0,16.0,QA,15/02/2024,-10000,
5391,EMP05391,M,22.0,12.0,HR,,350000,INVALID
5392,EMP05392,F,39.0,,QA,,,
5393,EMP05393,Male,27.0,16.0,Manager,2025-07-01,500000,
5394,EMP05394,Male,50.0,14.0,Analyst,2025-07-01,6 LPA,
5395,EMP05395,M,29.0,11.0,Manager,,,
5396,EMP05396,male,35.0,20.0,Analyst,15/02/2024,6 LPA,
5397,EMP05397,male,27.0,17.0,Analyst,2023-01-15,-10000,emp5397@mail.com
5398,EMP05398,,-2.0,20.0,Analyst,2023-01-15,350000,
5399,EMP05399,male,24.0,20.0,HR,15/02/2024,350000,INVALID
5400,EMP05400,Female,20.0,10.0,Analyst,15/02/2024,,emp5400@mail.com
5401,EMP05401,Male,46.0,18.0,QA,15/02/2024,800000,
5402,EMP05402,,42.0,18.0,Intern,15/02/2024,500000,emp5402@mail.com
5403,EMP05403,M,44.0,19.0,HR,2023-01-15,350000,
5404,EMP05404,M,35.0,1.0,Analyst,,800000,
5405,EMP05405,male,30.0,12.0,Intern,15/02/2024,6 LPA,INVALID
5406,EMP05406,,32.0,,Intern,2025-07-01,,INVALID
5407,EMP05407,F,,12.0,HR,2025-07-01,350000,INVALID
5408,EMP05408,Female,41.0,18.0,QA,,,INVALID
5409,EMP05409,Female,23.0,99.0,Manager,,-10000,emp5409@mail.com
5410,EMP05410,F,49.0,18.0,Analyst,2025-07-01,6 LPA,
5411,EMP05411,Female,57.0,17.0,QA,15/02/2024,6 LPA,
5412,EMP05412,F,34.0,9.0,HR,2023-01-15,350000,
5413,EMP05413,M,,2.0,HR,2023-01-15,,
5414,EMP05414,F,50.0,12.0,Analyst,,,INVALID
5415,EMP05415,male,51.0,8.0,Engineer,,6 LPA,
5416,EMP05416,male,39.0,19.0,Intern,,800000,INVALID
5417,EMP05417,M,32.0,6.0,Intern,2023-01-15,500000,emp5417@mail.com
5418,EMP05418,,38.0,99.0,Analyst,2025-07-01,350000,
5419,EMP05419,,27.0,7.0,Engineer,15/02/2024,-10000,
5420,EMP05420,Female,-2.0,6.0,HR,15/02/2024,350000,
5421,EMP05421,M,42.0,,Analyst,15/02/2024,6 LPA,INVALID
5422,EMP05422,Male,-2.0,17.0,Manager,,,
5423,EMP05423,Female,60.0,2.0,Engineer,15/02/2024,800000,
5424,EMP05424,Male,25.0,,Engineer,2025-07-01,800000,INVALID
5425,EMP05425,M,50.0,15.0,Manager,,,INVALID
5426,EMP05426,Male,45.0,9.0,Intern,15/02/2024,,
5427,EMP05427,Female,27.0,4.0,Engineer,,800000,emp5427@mail.com
5428,EMP05428,M,25.0,16.0,Analyst,2023-01-15,6 LPA,INVALID
5429,EMP05429,M,99.0,12.0,Manager,2025-07-01,800000,
5430,EMP05430,F,53.0,3.0,Manager,,800000,emp5430@mail.com
5431,EMP05431,Female,44.0,13.0,Analyst,,800000,
5432,EMP05432,Female,46.0,20.0,Manager,15/02/2024,500000,
5433,EMP05433,F,42.0,2.0,Manager,,,emp5433@mail.com
5434,EMP05434,male,25.0,12.0,Engineer,2023-01-15,800000,
5435,EMP05435,male,22.0,10.0,HR,2023-01-15,800000,INVALID
5436,EMP05436,M,46.0,12.0,HR,2025-07-01,6 LPA,
5437,EMP05437,Female,29.0,4.0,Manager,2023-01-15,800000,emp5437@mail.com
5438,EMP05438,,21.0,99.0,Engineer,2023-01-15,,
5439,EMP05439,Male,38.0,2.0,Intern,2023-01-15,-10000,emp5439@mail.com
5440,EMP05440,F,57.0,18.0,Intern,15/02/2024,800000,
5441,EMP05441,Female,37.0,5.0,Manager,2025-07-01,,INVALID
5442,EMP05442,M,23.0,12.0,HR,,500000,INVALID
5443,EMP05443,F,45.0,3.0,Intern,,-10000,INVALID
5444,EMP05444,Male,20.0,12.0,Intern,2025-07-01,6 LPA,
5445,EMP05445,Male,32.0,1.0,Analyst,2023-01-15,500000,INVALID
5446,EMP05446,M,41.0,14.0,Intern,,6 LPA,
5447,EMP05447,male,58.0,15.0,Manager,,-10000,
5448,EMP05448,Female,34.0,2.0,HR,,800000,emp5448@mail.com
5449,EMP05449,Male,35.0,14.0,QA,,-10000,INVALID
5450,EMP05450,F,32.0,5.0,Analyst,,350000,
5451,EMP05451,Female,23.0,19.0,QA,,,emp5451@mail.com
5452,EMP05452,Male,31.0,18.0,Intern,,,
5453,EMP05453,Male,55.0,7.0,HR,15/02/2024,6 LPA,INVALID
5454,EMP05454,F,29.0,19.0,Manager,2025-07-01,-10000,
5455,EMP05455,M,39.0,,Manager,15/02/2024,350000,emp5455@mail.com
5456,EMP05456,,44.0,8.0,QA,,,INVALID
5457,EMP05457,M,39.0,14.0,Manager,,-10000,INVALID
5458,EMP05458,,47.0,15.0,Engineer,15/02/2024,350000,INVALID
5459,EMP05459,F,32.0,11.0,Intern,2025-07-01,,emp5459@mail.com
5460,EMP05460,,27.0,11.0,Intern,2025-07-01,6 LPA,INVALID
5461,EMP05461,male,21.0,99.0,QA,,800000,emp5461@mail.com
5462,EMP05462,,,12.0,Manager,2023-01-15,6 LPA,
5463,EMP05463,M,51.0,4.0,Engineer,2023-01-15,500000,
5464,EMP05464,male,24.0,,Manager,,500000,
5465,EMP05465,F,29.0,8.0,QA,2025-07-01,800000,
5466,EMP05466,M,99.0,4.0,QA,2023-01-15,500000,
5467,EMP05467,F,59.0,18.0,Analyst,,-10000,
5468,EMP05468,M,34.0,7.0,Engineer,15/02/2024,,
5469,EMP05469,M,41.0,9.0,HR,2023-01-15,800000,
5470,EMP05470,male,32.0,6.0,Engineer,,800000,
5471,EMP05471,male,53.0,8.0,Intern,2023-01-15,800000,
5472,EMP05472,M,31.0,8.0,Engineer,15/02/2024,6 LPA,
5473,EMP05473,Male,42.0,14.0,HR,,500000,
5474,EMP05474,male,36.0,4.0,Analyst,,-10000,
5475,EMP05475,,41.0,4.0,Engineer,,-10000,INVALID
5476,EMP05476,,58.0,20.0,Engineer,15/02/2024,350000,
5477,EMP05477,Female,99.0,99.0,QA,2023-01-15,-10000,emp5477@mail.com
5478,EMP05478,Male,56.0,8.0,Engineer,,500000,
5479,EMP05479,M,53.0,10.0,HR,2025-07-01,,INVALID
5480,EMP05480,M,55.0,9.0,Manager,2023-01-15,800000,INVALID
5481,EMP05481,F,99.0,16.0,Manager,2025-07-01,,INVALID
5482,EMP05482,F,27.0,10.0,Analyst,2025-07-01,,
5483,EMP05483,F,21.0,9.0,Engineer,,800000,INVALID
5484,EMP05484,F,41.0,8.0,QA,,800000,INVALID
5485,EMP05485,M,52.0,3.0,Manager,15/02/2024,,
5486,EMP05486,M,50.0,7.0,HR,2023-01-15,500000,
5487,EMP05487,male,46.0,8.0,Manager,2025-07-01,350000,emp5487@mail.com
5488,EMP05488,male,51.0,11.0,Analyst,,6 LPA,
5489,EMP05489,,25.0,4.0,Engineer,,800000,
5490,EMP05490,Male,58.0,14.0,Intern,,350000,emp5490@mail.com
5491,EMP05491,,54.0,6.0,HR,2025-07-01,800000,INVALID
5492,EMP05492,F,26.0,99.0,HR,2023-01-15,6 LPA,emp5492@mail.com
5493,EMP05493,Female,31.0,99.0,Manager,2025-07-01,,
5494,EMP05494,Female,32.0,12.0,Engineer,2023-01-15,-10000,
5495,EMP05495,,40.0,1.0,Intern,15/02/2024,350000,emp5495@mail.com
5496,EMP05496,F,44.0,8.0,Engineer,2023-01-15,-10000,INVALID
5497,EMP05497,male,27.0,4.0,QA,,6 LPA,emp5497@mail.com
5498,EMP05498,M,35.0,18.0,Analyst,15/02/2024,500000,INVALID
5499,EMP05499,F,32.0,,HR,,-10000,
5500,EMP05500,Female,50.0,3.0,Manager,2025-07-01,-10000,emp5500@mail.com
5501,EMP05501,Male,55.0,9.0,HR,,500000,emp5501@mail.com
5502,EMP05502,Male,24.0,10.0,Manager,2025-07-01,-10000,
5503,EMP05503,M,28.0,8.0,Intern,2025-07-01,,emp5503@mail.com
5504,EMP05504,Female,52.0,15.0,Intern,2025-07-01,800000,emp5504@mail.com
5505,EMP05505,male,56.0,8.0,Engineer,15/02/2024,800000,emp5505@mail.com
5506,EMP05506,M,58.0,18.0,HR,,6 LPA,emp5506@mail.com
5507,EMP05507,,38.0,14.0,Manager,2023-01-15,-10000,emp5507@mail.com
5508,EMP05508,male,31.0,16.0,Manager,15/02/2024,500000,
5509,EMP05509,,21.0,20.0,Manager,,500000,INVALID
5510,EMP05510,M,24.0,13.0,Analyst,15/02/2024,-10000,INVALID
5511,EMP05511,,31.0,4.0,HR,,500000,emp5511@mail.com
5512,EMP05512,F,99.0,11.0,Intern,2023-01-15,-10000,INVALID
5513,EMP05513,male,51.0,14.0,QA,,800000,
5514,EMP05514,Female,56.0,15.0,Manager,2025-07-01,500000,
5515,EMP05515,male,53.0,16.0,QA,2023-01-15,800000,emp5515@mail.com
5516,EMP05516,F,25.0,1.0,QA,2023-01-15,350000,emp5516@mail.com
5517,EMP05517,F,38.0,18.0,Engineer,,6 LPA,INVALID
5518,EMP05518,male,57.0,9.0,Manager,,6 LPA,INVALID
5519,EMP05519,F,28.0,6.0,Analyst,2023-01-15,,emp5519@mail.com
5520,EMP05520,Male,35.0,11.0,Manager,15/02/2024,350000,
5521,EMP05521,,36.0,7.0,Analyst,,800000,
5522,EMP05522,Male,38.0,17.0,Engineer,2025-07-01,-10000,INVALID
5523,EMP05523,Female,56.0,12.0,QA,,-10000,emp5523@mail.com
5524,EMP05524,M,49.0,9.0,QA,,350000,
5525,EMP05525,F,31.0,20.0,Analyst,,,emp5525@mail.com
5526,EMP05526,Male,38.0,99.0,HR,15/02/2024,-10000,
5527,EMP05527,M,46.0,15.0,HR,,800000,
5528,EMP05528,M,36.0,16.0,Analyst,15/02/2024,6 LPA,
5529,EMP05529,F,24.0,7.0,HR,,-10000,
5530,EMP05530,Male,22.0,10.0,Analyst,2023-01-15,350000,INVALID
5531,EMP05531,F,47.0,,Analyst,,350000,INVALID
5532,EMP05532,Female,35.0,12.0,Intern,2025-07-01,6 LPA,emp5532@mail.com
5533,EMP05533,Male,27.0,,HR,2023-01-15,6 LPA,
5534,EMP05534,F,59.0,20.0,HR,,350000,
5535,EMP05535,Female,22.0,1.0,Engineer,,500000,emp5535@mail.com
5536,EMP05536,F,42.0,99.0,Manager,2025-07-01,6 LPA,emp5536@mail.com
5537,EMP05537,male,32.0,99.0,HR,,6 LPA,INVALID
5538,EMP05538,Female,21.0,17.0,Engineer,,-10000,emp5538@mail.com
5539,EMP05539,,99.0,16.0,Engineer,,6 LPA,
5540,EMP05540,Female,48.0,7.0,HR,2023-01-15,350000,INVALID
5541,EMP05541,,60.0,5.0,Manager,,800000,
5542,EMP05542,Female,99.0,19.0,Engineer,2023-01-15,-10000,
5543,EMP05543,Female,53.0,99.0,HR,2023-01-15,800000,
5544,EMP05544,male,22.0,19.0,Manager,2025-07-01,-10000,emp5544@mail.com
5545,EMP05545,,,11.0,QA,2025-07-01,6 LPA,emp5545@mail.com
5546,EMP05546,F,28.0,5.0,Manager,,-10000,
5547,EMP05547,male,41.0,,Intern,,350000,INVALID
5548,EMP05548,,28.0,13.0,HR,2023-01-15,-10000,emp5548@mail.com
5549,EMP05549,Male,52.0,2.0,Intern,,-10000,emp5549@mail.com
5550,EMP05550,Female,25.0,15.0,Analyst,2025-07-01,-10000,emp5550@mail.com
5551,EMP05551,F,32.0,13.0,QA,15/02/2024,800000,
5552,EMP05552,male,48.0,18.0,Manager,15/02/2024,800000,emp5552@mail.com
5553,EMP05553,Female,30.0,20.0,Analyst,15/02/2024,800000,
5554,EMP05554,Female,54.0,10.0,QA,2023-01-15,800000,
5555,EMP05555,F,22.0,13.0,Analyst,2023-01-15,800000,
5556,EMP05556,M,30.0,13.0,HR,,350000,
5557,EMP05557,M,57.0,11.0,HR,2025-07-01,500000,
5558,EMP05558,Male,37.0,1.0,HR,,,emp5558@mail.com
5559,EMP05559,M,,19.0,HR,,800000,
5560,EMP05560,,21.0,18.0,Analyst,2025-07-01,350000,INVALID
5561,EMP05561,Male,46.0,5.0,Manager,2025-07-01,800000,
5562,EMP05562,Female,47.0,99.0,HR,2023-01-15,350000,INVALID
5563,EMP05563,F,49.0,13.0,HR,15/02/2024,,INVALID
5564,EMP05564,M,56.0,,HR,,500000,
5565,EMP05565,,51.0,5.0,QA,,800000,
5566,EMP05566,,27.0,10.0,Engineer,,,
5567,EMP05567,Female,30.0,19.0,Engineer,15/02/2024,500000,
5568,EMP05568,M,32.0,10.0,Analyst,,350000,emp5568@mail.com
5569,EMP05569,M,27.0,18.0,HR,15/02/2024,6 LPA,
5570,EMP05570,M,54.0,18.0,Analyst,15/02/2024,350000,INVALID
5571,EMP05571,Female,52.0,10.0,Intern,2025-07-01,500000,emp5571@mail.com
5572,EMP05572,male,39.0,3.0,Engineer,2023-01-15,6 LPA,INVALID
5573,EMP05573,F,48.0,15.0,Intern,2023-01-15,500000,
5574,EMP05574,M,60.0,11.0,QA,2023-01-15,,
5575,EMP05575,male,33.0,8.0,Engineer,,800000,
5576,EMP05576,M,47.0,10.0,Analyst,,350000,INVALID
5577,EMP05577,M,21.0,6.0,Manager,,800000,
5578,EMP05578,,33.0,17.0,Analyst,,350000,
5579,EMP05579,,47.0,8.0,HR,,6 LPA,emp5579@mail.com
5580,EMP05580,male,38.0,10.0,Manager,,,emp5580@mail.com
5581,EMP05581,male,49.0,16.0,Intern,,-10000,
5582,EMP05582,male,50.0,9.0,Intern,2023-01-15,800000,INVALID
5583,EMP05583,Male,36.0,7.0,Analyst,,-10000,INVALID
5584,EMP05584,M,21.0,16.0,Analyst,2023-01-15,800000,
5585,EMP05585,male,46.0,2.0,Manager,2025-07-01,800000,
5586,EMP05586,Female,58.0,1.0,Analyst,2023-01-15,6 LPA,emp5586@mail.com
5587,EMP05587,F,57.0,13.0,Intern,2023-01-15,6 LPA,INVALID
5588,EMP05588,M,42.0,,HR,2025-07-01,6 LPA,
5589,EMP05589,male,51.0,4.0,Analyst,15/02/2024,800000,INVALID
5590,EMP05590,Female,59.0,4.0,Engineer,15/02/2024,350000,
5591,EMP05591,F,54.0,19.0,Manager,15/02/2024,,emp5591@mail.com
5592,EMP05592,M,25.0,18.0,Analyst,2023-01-15,350000,emp5592@mail.com
5593,EMP05593,F,55.0,,QA,2023-01-15,,
5594,EMP05594,M,34.0,12.0,Manager,,,
5595,EMP05595,Male,41.0,1.0,HR,15/02/2024,-10000,INVALID
5596,EMP05596,F,36.0,99.0,HR,,800000,
5597,EMP05597,Female,40.0,8.0,Analyst,2023-01-15,500000,
5598,EMP05598,F,27.0,,HR,,350000,emp5598@mail.com
5599,EMP05599,Male,58.0,15.0,Engineer,15/02/2024,500000,
5600,EMP05600,F,44.0,12.0,QA,2025-07-01,6 LPA,
5601,EMP05601,male,48.0,14.0,QA,2025-07-01,6 LPA,INVALID
5602,EMP05602,,33.0,15.0,Manager,,350000,
5603,EMP05603,Male,29.0,8.0,HR,,-10000,
5604,EMP05604,Female,50.0,10.0,Engineer,,800000,
5605,EMP05605,Female,32.0,1.0,QA,2025-07-01,500000,INVALID
5606,EMP05606,Male,59.0,17.0,QA,,-10000,INVALID
5607,EMP05607,Female,57.0,6.0,Manager,,,emp5607@mail.com
5608,EMP05608,F,22.0,12.0,Engineer,2025-07-01,,emp5608@mail.com
5609,EMP05609,Female,33.0,9.0,HR,,500000,
5610,EMP05610,Female,24.0,18.0,Engineer,2023-01-15,500000,
5611,EMP05611,Male,-2.0,13.0,Analyst,2023-01-15,,
5612,EMP05612,Female,,7.0,Manager,2025-07-01,-10000,
5613,EMP05613,male,36.0,3.0,Engineer,15/02/2024,350000,INVALID
5614,EMP05614,Male,53.0,13.0,QA,2025-07-01,,
5615,EMP05615,male,38.0,2.0,Intern,2025-07-01,,
5616,EMP05616,F,46.0,12.0,Analyst,15/02/2024,-10000,
5617,EMP05617,Male,56.0,4.0,QA,2023-01-15,-10000,emp5617@mail.com
5618,EMP05618,,36.0,16.0,Manager,2025-07-01,-10000,
5619,EMP05619,male,,6.0,Manager,2023-01-15,-10000,
5620,EMP05620,male,23.0,18.0,Manager,2025-07-01,500000,emp5620@mail.com
5621,EMP05621,,47.0,1.0,Engineer,,-10000,INVALID
5622,EMP05622,F,38.0,17.0,QA,2023-01-15,6 LPA,
5623,EMP05623,,37.0,16.0,HR,2025-07-01,800000,
5624,EMP05624,Female,29.0,8.0,Intern,2025-07-01,500000,emp5624@mail.com
5625,EMP05625,Male,40.0,11.0,HR,,-10000,INVALID
5626,EMP05626,F,47.0,7.0,Intern,2025-07-01,,
5627,EMP05627,,55.0,16.0,HR,,6 LPA,INVALID
5628,EMP05628,F,53.0,5.0,QA,15/02/2024,-10000,
5629,EMP05629,,29.0,3.0,Analyst,,,emp5629@mail.com
5630,EMP05630,,60.0,2.0,Engineer,2023-01-15,,
5631,EMP05631,,48.0,1.0,Engineer,2023-01-15,500000,
5632,EMP05632,F,56.0,,Analyst,,-10000,
5633,EMP05633,,36.0,7.0,QA,15/02/2024,500000,
5634,EMP05634,male,31.0,5.0,QA,,500000,emp5634@mail.com
5635,EMP05635,Male,20.0,15.0,Manager,,800000,emp5635@mail.com
5636,EMP05636,Female,28.0,1.0,Manager,15/02/2024,,
5637,EMP05637,male,56.0,8.0,QA,2023-01-15,,INVALID
5638,EMP05638,male,52.0,10.0,Engineer,,800000,emp5638@mail.com
5639,EMP05639,F,55.0,20.0,QA,2023-01-15,,emp5639@mail.com
5640,EMP05640,Male,44.0,2.0,QA,2025-07-01,500000,
5641,EMP05641,F,47.0,20.0,Engineer,,-10000,emp5641@mail.com
5642,EMP05642,Female,55.0,3.0,Engineer,15/02/2024,-10000,INVALID
5643,EMP05643,Male,-2.0,13.0,QA,,350000,
5644,EMP05644,F,21.0,3.0,Manager,,6 LPA,emp5644@mail.com
5645,EMP05645,male,43.0,2.0,Manager,2023-01-15,500000,
5646,EMP05646,male,31.0,99.0,HR,,500000,
5647,EMP05647,Female,40.0,5.0,QA,,-10000,INVALID
5648,EMP05648,,28.0,20.0,Intern,,350000,
5649,EMP05649,F,44.0,20.0,Analyst,15/02/2024,6 LPA,emp5649@mail.com
5650,EMP05650,M,32.0,8.0,Engineer,2023-01-15,350000,INVALID
5651,EMP05651,,99.0,12.0,Engineer,,350000,INVALID
5652,EMP05652,Male,22.0,9.0,QA,2025-07-01,800000,INVALID
5653,EMP05653,M,22.0,6.0,Engineer,15/02/2024,-10000,emp5653@mail.com
5654,EMP05654,,56.0,9.0,Analyst,,,
5655,EMP05655,male,45.0,3.0,HR,2025-07-01,-10000,emp5655@mail.com
5656,EMP05656,M,-2.0,11.0,Analyst,,,emp5656@mail.com
5657,EMP05657,Male,43.0,19.0,Intern,,350000,
5658,EMP05658,Male,29.0,4.0,Intern,15/02/2024,350000,INVALID
5659,EMP05659,Male,30.0,99.0,Engineer,2023-01-15,500000,INVALID
5660,EMP05660,Male,50.0,8.0,Intern,15/02/2024,500000,
5661,EMP05661,F,22.0,20.0,Manager,2023-01-15,500000,
5662,EMP05662,Female,34.0,7.0,Engineer,,-10000,
5663,EMP05663,,23.0,6.0,HR,15/02/2024,,
5664,EMP05664,,47.0,2.0,HR,2023-01-15,6 LPA,INVALID
5665,EMP05665,male,52.0,1.0,QA,2023-01-15,-10000,
5666,EMP05666,M,36.0,7.0,QA,,,INVALID
5667,EMP05667,M,44.0,17.0,Manager,2023-01-15,800000,
5668,EMP05668,Male,43.0,13.0,QA,,-10000,emp5668@mail.com
5669,EMP05669,Female,22.0,17.0,QA,,-10000,emp5669@mail.com
5670,EMP05670,Female,23.0,1.0,Intern,,500000,
5671,EMP05671,Male,45.0,12.0,Manager,,-10000,emp5671@mail.com
5672,EMP05672,male,24.0,15.0,HR,15/02/2024,6 LPA,
5673,EMP05673,Male,20.0,4.0,Engineer,,500000,emp5673@mail.com
5674,EMP05674,Female,27.0,16.0,Analyst,,350000,
5675,EMP05675,Male,56.0,12.0,Engineer,2023-01-15,-10000,INVALID
5676,EMP05676,F,54.0,5.0,Analyst,2023-01-15,350000,emp5676@mail.com
5677,EMP05677,M,23.0,3.0,HR,2025-07-01,,INVALID
5678,EMP05678,male,24.0,13.0,Manager,2023-01-15,6 LPA,emp5678@mail.com
5679,EMP05679,Female,,9.0,Analyst,,,
5680,EMP05680,F,34.0,12.0,QA,2025-07-01,800000,INVALID
5681,EMP05681,,44.0,5.0,Analyst,15/02/2024,350000,INVALID
5682,EMP05682,male,45.0,14.0,HR,2025-07-01,6 LPA,emp5682@mail.com
5683,EMP05683,Male,27.0,99.0,Analyst,,-10000,
5684,EMP05684,,31.0,6.0,QA,15/02/2024,350000,emp5684@mail.com
5685,EMP05685,F,42.0,20.0,HR,2023-01-15,350000,INVALID
5686,EMP05686,,45.0,20.0,Intern,,,emp5686@mail.com
5687,EMP05687,Female,25.0,16.0,Analyst,15/02/2024,6 LPA,INVALID
5688,EMP05688,Female,50.0,8.0,HR,,,
5689,EMP05689,Male,41.0,1.0,Engineer,,800000,emp5689@mail.com
5690,EMP05690,Female,46.0,14.0,Analyst,,-10000,
5691,EMP05691,F,45.0,14.0,HR,15/02/2024,500000,INVALID
5692,EMP05692,Male,49.0,14.0,Manager,2025-07-01,800000,
5693,EMP05693,male,39.0,15.0,Engineer,,500000,
5694,EMP05694,Female,29.0,9.0,Intern,2023-01-15,-10000,INVALID
5695,EMP05695,Male,59.0,3.0,Manager,15/02/2024,800000,emp5695@mail.com
5696,EMP05696,,,20.0,Engineer,2023-01-15,800000,emp5696@mail.com
5697,EMP05697,F,22.0,12.0,Manager,2025-07-01,,
5698,EMP05698,male,23.0,12.0,QA,,6 LPA,
5699,EMP05699,Female,34.0,4.0,Engineer,2023-01-15,350000,INVALID
5700,EMP05700,Male,22.0,,Intern,,,
5701,EMP05701,male,40.0,1.0,Manager,2023-01-15,6 LPA,emp5701@mail.com
5702,EMP05702,,39.0,13.0,Manager,2023-01-15,350000,
5703,EMP05703,,52.0,5.0,Analyst,,,
5704,EMP05704,Female,36.0,1.0,Analyst,,500000,
5705,EMP05705,F,53.0,17.0,HR,2025-07-01,500000,INVALID
5706,EMP05706,,58.0,2.0,Intern,15/02/2024,500000,
5707,EMP05707,Female,55.0,1.0,Intern,15/02/2024,6 LPA,INVALID
5708,EMP05708,,31.0,19.0,HR,2025-07-01,800000,
5709,EMP05709,Female,40.0,99.0,QA,,800000,emp5709@mail.com
5710,EMP05710,F,29.0,14.0,QA,2023-01-15,500000,emp5710@mail.com
5711,EMP05711,male,24.0,19.0,Manager,2025-07-01,350000,
5712,EMP05712,Female,36.0,3.0,Manager,,-10000,INVALID
5713,EMP05713,,31.0,17.0,Analyst,,500000,
5714,EMP05714,Male,50.0,17.0,Engineer,2023-01-15,500000,INVALID
5715,EMP05715,M,22.0,17.0,Analyst,2025-07-01,800000,
5716,EMP05716,F,,7.0,Analyst,,,INVALID
5717,EMP05717,Male,40.0,11.0,HR,,800000,
5718,EMP05718,Male,58.0,8.0,QA,2025-07-01,-10000,
5719,EMP05719,Male,35.0,2.0,Manager,,800000,INVALID
5720,EMP05720,male,45.0,4.0,Engineer,,350000,emp5720@mail.com
5721,EMP05721,male,60.0,8.0,HR,2025-07-01,6 LPA,emp5721@mail.com
5722,EMP05722,,52.0,13.0,Intern,2025-07-01,,emp5722@mail.com
5723,EMP05723,,21.0,4.0,Manager,2023-01-15,-10000,emp5723@mail.com
5724,EMP05724,Female,30.0,11.0,Engineer,,-10000,INVALID
5725,EMP05725,,59.0,16.0,Engineer,,6 LPA,emp5725@mail.com
5726,EMP05726,Male,41.0,11.0,Intern,2023-01-15,500000,
5727,EMP05727,M,99.0,1.0,Manager,,6 LPA,INVALID
5728,EMP05728,Female,51.0,19.0,QA,,-10000,emp5728@mail.com
5729,EMP05729,M,40.0,13.0,HR,2023-01-15,800000,
5730,EMP05730,Male,56.0,1.0,Analyst,,,emp5730@mail.com
5731,EMP05731,male,59.0,6.0,Engineer,2023-01-15,,INVALID
5732,EMP05732,Male,40.0,15.0,Manager,2025-07-01,6 LPA,
5733,EMP05733,F,45.0,4.0,QA,,800000,
5734,EMP05734,male,54.0,4.0,Intern,2023-01-15,-10000,emp5734@mail.com
5735,EMP05735,M,30.0,13.0,HR,2023-01-15,800000,
5736,EMP05736,,50.0,4.0,Analyst,,350000,INVALID
5737,EMP05737,,40.0,5.0,Analyst,2025-07-01,350000,emp5737@mail.com
5738,EMP05738,Male,20.0,10.0,Engineer,,500000,INVALID
5739,EMP05739,male,58.0,15.0,Engineer,,500000,INVALID
5740,EMP05740,male,51.0,3.0,Intern,15/02/2024,6 LPA,INVALID
5741,EMP05741,Female,24.0,5.0,Engineer,2025-07-01,6 LPA,
5742,EMP05742,male,38.0,17.0,QA,,,INVALID
5743,EMP05743,M,57.0,5.0,Manager,,350000,INVALID
5744,EMP05744,Male,41.0,18.0,QA,2023-01-15,-10000,INVALID
5745,EMP05745,Male,43.0,9.0,Engineer,2025-07-01,800000,
5746,EMP05746,Female,44.0,7.0,Manager,,500000,
5747,EMP05747,,29.0,2.0,HR,,350000,INVALID
5748,EMP05748,,23.0,11.0,Engineer,2023-01-15,-10000,emp5748@mail.com
5749,EMP05749,Male,25.0,18.0,Intern,2025-07-01,,INVALID
5750,EMP05750,Male,48.0,7.0,Manager,2023-01-15,-10000,emp5750@mail.com
5751,EMP05751,F,44.0,2.0,Intern,15/02/2024,350000,emp5751@mail.com
5752,EMP05752,Female,58.0,1.0,Analyst,2023-01-15,6 LPA,emp5752@mail.com
5753,EMP05753,F,45.0,14.0,Manager,2023-01-15,500000,INVALID
5754,EMP05754,F,42.0,12.0,Manager,,350000,INVALID
5755,EMP05755,,48.0,16.0,HR,2023-01-15,500000,
5756,EMP05756,,60.0,1.0,HR,2023-01-15,500000,
5757,EMP05757,male,29.0,13.0,Intern,2023-01-15,500000,emp5757@mail.com
5758,EMP05758,M,42.0,12.0,Engineer,15/02/2024,,INVALID
5759,EMP05759,Male,30.0,5.0,Intern,15/02/2024,500000,
5760,EMP05760,,44.0,16.0,Engineer,,,
5761,EMP05761,F,42.0,1.0,HR,,500000,
5762,EMP05762,F,26.0,,Intern,15/02/2024,800000,
5763,EMP05763,Male,21.0,12.0,Intern,15/02/2024,500000,emp5763@mail.com
5764,EMP05764,,58.0,4.0,Analyst,,6 LPA,
5765,EMP05765,Male,51.0,20.0,Engineer,2025-07-01,350000,INVALID
5766,EMP05766,M,99.0,2.0,QA,,350000,INVALID
5767,EMP05767,M,99.0,18.0,Engineer,2023-01-15,-10000,
5768,EMP05768,Female,39.0,16.0,Intern,,6 LPA,
5769,EMP05769,Male,60.0,4.0,Manager,2023-01-15,800000,
5770,EMP05770,M,50.0,16.0,Intern,,6 LPA,emp5770@mail.com
5771,EMP05771,Male,28.0,1.0,QA,,350000,emp5771@mail.com
5772,EMP05772,Male,46.0,15.0,Manager,,-10000,
5773,EMP05773,,30.0,5.0,Manager,15/02/2024,350000,
5774,EMP05774,,44.0,5.0,Engineer,2025-07-01,-10000,emp5774@mail.com
5775,EMP05775,F,24.0,99.0,Manager,2025-07-01,350000,emp5775@mail.com
5776,EMP05776,,,9.0,Analyst,2023-01-15,6 LPA,
5777,EMP05777,F,51.0,9.0,QA,2023-01-15,-10000,INVALID
5778,EMP05778,,21.0,15.0,Intern,,800000,emp5778@mail.com
5779,EMP05779,male,23.0,99.0,Analyst,2025-07-01,350000,emp5779@mail.com
5780,EMP05780,,50.0,19.0,QA,,-10000,INVALID
5781,EMP05781,Female,32.0,9.0,HR,,350000,
5782,EMP05782,,50.0,6.0,QA,,350000,INVALID
5783,EMP05783,,24.0,11.0,Analyst,,6 LPA,
5784,EMP05784,male,43.0,1.0,Intern,2023-01-15,,
5785,EMP05785,male,34.0,17.0,QA,,,INVALID
5786,EMP05786,male,58.0,19.0,Analyst,2025-07-01,500000,
5787,EMP05787,F,39.0,10.0,Analyst,15/02/2024,350000,emp5787@mail.com
5788,EMP05788,,99.0,6.0,Manager,,-10000,INVALID
5789,EMP05789,F,56.0,1.0,Engineer,2023-01-15,800000,INVALID
5790,EMP05790,,51.0,17.0,Engineer,,800000,
5791,EMP05791,F,35.0,14.0,QA,15/02/2024,350000,
5792,EMP05792,,47.0,19.0,Analyst,,500000,emp5792@mail.com
5793,EMP05793,,46.0,15.0,QA,2025-07-01,6 LPA,INVALID
5794,EMP05794,Male,33.0,11.0,QA,2023-01-15,,
5795,EMP05795,Male,38.0,6.0,QA,2023-01-15,-10000,INVALID
5796,EMP05796,Female,50.0,7.0,QA,,-10000,
5797,EMP05797,Male,52.0,7.0,HR,,6 LPA,
5798,EMP05798,M,59.0,2.0,QA,,800000,
5799,EMP05799,Male,22.0,5.0,QA,,,
5800,EMP05800,Female,31.0,19.0,Engineer,2025-07-01,6 LPA,INVALID
5801,EMP05801,M,53.0,6.0,Manager,,800000,emp5801@mail.com
5802,EMP05802,male,99.0,99.0,HR,2025-07-01,6 LPA,INVALID
5803,EMP05803,male,54.0,6.0,Manager,15/02/2024,350000,
5804,EMP05804,Female,28.0,5.0,Manager,,500000,
5805,EMP05805,F,50.0,15.0,Manager,,-10000,
5806,EMP05806,Male,23.0,13.0,QA,2023-01-15,500000,
5807,EMP05807,F,39.0,8.0,QA,2025-07-01,500000,INVALID
5808,EMP05808,male,-2.0,15.0,Analyst,2023-01-15,-10000,INVALID
5809,EMP05809,male,28.0,15.0,QA,,500000,INVALID
5810,EMP05810,male,23.0,4.0,QA,,,INVALID
5811,EMP05811,male,52.0,14.0,Analyst,,,INVALID
5812,EMP05812,,50.0,99.0,Engineer,15/02/2024,800000,INVALID
5813,EMP05813,F,57.0,10.0,Analyst,,6 LPA,
5814,EMP05814,Female,39.0,9.0,QA,2023-01-15,-10000,
5815,EMP05815,Female,52.0,14.0,Analyst,2025-07-01,,
5816,EMP05816,Male,43.0,20.0,Analyst,,800000,
5817,EMP05817,Male,50.0,15.0,HR,2025-07-01,500000,
5818,EMP05818,F,38.0,13.0,Intern,15/02/2024,350000,emp5818@mail.com
5819,EMP05819,Female,44.0,7.0,Manager,,800000,emp5819@mail.com
5820,EMP05820,male,44.0,18.0,Manager,,800000,
5821,EMP05821,Male,39.0,7.0,Engineer,,,emp5821@mail.com
5822,EMP05822,Male,36.0,12.0,HR,15/02/2024,6 LPA,
5823,EMP05823,male,-2.0,10.0,HR,2025-07-01,500000,INVALID
5824,EMP05824,,24.0,4.0,HR,2023-01-15,500000,
5825,EMP05825,Female,41.0,10.0,HR,,350000,
5826,EMP05826,F,55.0,9.0,Intern,2023-01-15,-10000,
5827,EMP05827,F,52.0,11.0,HR,,-10000,
5828,EMP05828,Female,45.0,99.0,Manager,2025-07-01,6 LPA,emp5828@mail.com
5829,EMP05829,Male,31.0,2.0,HR,,,emp5829@mail.com
5830,EMP05830,F,28.0,11.0,Intern,2023-01-15,500000,
5831,EMP05831,F,99.0,6.0,Analyst,,500000,
5832,EMP05832,male,27.0,17.0,Intern,,-10000,INVALID
5833,EMP05833,Male,23.0,10.0,HR,2023-01-15,800000,
5834,EMP05834,male,48.0,10.0,Intern,2023-01-15,6 LPA,
5835,EMP05835,,27.0,4.0,Analyst,15/02/2024,-10000,emp5835@mail.com
5836,EMP05836,Female,40.0,6.0,Intern,,,
5837,EMP05837,male,37.0,20.0,Analyst,,800000,
5838,EMP05838,M,52.0,10.0,HR,15/02/2024,-10000,
5839,EMP05839,Male,60.0,18.0,Analyst,2023-01-15,500000,emp5839@mail.com
5840,EMP05840,F,30.0,8.0,Intern,2025-07-01,500000,emp5840@mail.com
5841,EMP05841,Male,26.0,14.0,QA,,800000,INVALID
5842,EMP05842,F,26.0,2.0,Manager,15/02/2024,350000,
5843,EMP05843,F,29.0,6.0,Intern,15/02/2024,,INVALID
5844,EMP05844,male,42.0,5.0,Manager,,800000,INVALID
5845,EMP05845,F,29.0,9.0,HR,,,INVALID
5846,EMP05846,Female,31.0,4.0,HR,2023-01-15,350000,
5847,EMP05847,M,39.0,99.0,Manager,,-10000,
5848,EMP05848,Female,56.0,3.0,HR,15/02/2024,350000,emp5848@mail.com
5849,EMP05849,Female,53.0,99.0,Intern,15/02/2024,800000,
5850,EMP05850,Male,27.0,9.0,QA,,800000,
5851,EMP05851,male,54.0,14.0,Manager,2023-01-15,350000,INVALID
5852,EMP05852,male,44.0,6.0,Intern,,6 LPA,
5853,EMP05853,F,29.0,3.0,Engineer,,6 LPA,emp5853@mail.com
5854,EMP05854,F,39.0,14.0,Analyst,,,
5855,EMP05855,male,34.0,4.0,Analyst,,-10000,
5856,EMP05856,Male,39.0,18.0,QA,15/02/2024,350000,emp5856@mail.com
5857,EMP05857,,56.0,20.0,Engineer,2025-07-01,800000,
5858,EMP05858,Male,54.0,8.0,Intern,2025-07-01,-10000,emp5858@mail.com
5859,EMP05859,male,58.0,8.0,QA,,350000,
5860,EMP05860,male,31.0,4.0,QA,2023-01-15,350000,INVALID
5861,EMP05861,F,36.0,18.0,Analyst,,800000,
5862,EMP05862,male,99.0,15.0,Engineer,,800000,INVALID
5863,EMP05863,Female,48.0,2.0,Manager,2023-01-15,,
5864,EMP05864,,30.0,17.0,Intern,2023-01-15,500000,
5865,EMP05865,male,43.0,12.0,QA,2023-01-15,800000,emp5865@mail.com
5866,EMP05866,male,21.0,6.0,Intern,,6 LPA,
5867,EMP05867,Male,28.0,11.0,Manager,2023-01-15,-10000,
5868,EMP05868,M,44.0,9.0,Manager,,350000,INVALID
5869,EMP05869,Female,20.0,1.0,HR,2023-01-15,350000,emp5869@mail.com
5870,EMP05870,M,53.0,3.0,Engineer,2023-01-15,500000,emp5870@mail.com
5871,EMP05871,,55.0,99.0,Intern,15/02/2024,500000,INVALID
5872,EMP05872,,27.0,11.0,HR,2025-07-01,-10000,
5873,EMP05873,Male,41.0,6.0,HR,15/02/2024,6 LPA,INVALID
5874,EMP05874,Female,46.0,7.0,QA,,350000,
5875,EMP05875,,53.0,5.0,HR,15/02/2024,500000,
5876,EMP05876,Male,20.0,8.0,Intern,2025-07-01,800000,
5877,EMP05877,Male,33.0,10.0,HR,15/02/2024,,
5878,EMP05878,M,50.0,14.0,HR,2023-01-15,500000,emp5878@mail.com
5879,EMP05879,F,,13.0,Analyst,2025-07-01,800000,INVALID
5880,EMP05880,Male,30.0,8.0,HR,2023-01-15,500000,INVALID
5881,EMP05881,Female,29.0,14.0,HR,2025-07-01,-10000,
5882,EMP05882,Male,-2.0,11.0,HR,2025-07-01,350000,
5883,EMP05883,M,41.0,17.0,HR,,,emp5883@mail.com
5884,EMP05884,F,46.0,15.0,Engineer,,800000,INVALID
5885,EMP05885,Female,22.0,99.0,Engineer,,350000,
5886,EMP05886,,49.0,10.0,Intern,,350000,
5887,EMP05887,Male,28.0,6.0,QA,,-10000,
5888,EMP05888,male,22.0,16.0,HR,,500000,
5889,EMP05889,male,36.0,8.0,Intern,2023-01-15,800000,
5890,EMP05890,male,99.0,15.0,Intern,15/02/2024,,
5891,EMP05891,M,23.0,10.0,QA,15/02/2024,,
5892,EMP05892,male,33.0,15.0,Intern,,6 LPA,
5893,EMP05893,M,32.0,12.0,Manager,,800000,
5894,EMP05894,,20.0,99.0,Engineer,,-10000,emp5894@mail.com
5895,EMP05895,male,21.0,,Engineer,,-10000,
5896,EMP05896,F,25.0,,Manager,,,
5897,EMP05897,M,25.0,5.0,QA,2025-07-01,6 LPA,
5898,EMP05898,Female,25.0,8.0,Manager,,6 LPA,emp5898@mail.com
5899,EMP05899,Female,57.0,2.0,QA,15/02/2024,500000,INVALID
5900,EMP05900,M,32.0,10.0,Manager,2023-01-15,350000,emp5900@mail.com
5901,EMP05901,M,55.0,2.0,Engineer,,350000,
5902,EMP05902,M,36.0,18.0,HR,2025-07-01,6 LPA,
5903,EMP05903,,43.0,12.0,QA,,6 LPA,emp5903@mail.com
5904,EMP05904,male,-2.0,,Intern,2023-01-15,,
5905,EMP05905,F,39.0,13.0,Engineer,,800000,
5906,EMP05906,F,31.0,8.0,HR,2025-07-01,800000,
5907,EMP05907,,56.0,16.0,Intern,15/02/2024,350000,emp5907@mail.com
5908,EMP05908,M,20.0,18.0,HR,2025-07-01,,
5909,EMP05909,,47.0,8.0,Engineer,,6 LPA,
5910,EMP05910,,29.0,5.0,Manager,2025-07-01,-10000,
5911,EMP05911,,43.0,13.0,Analyst,,-10000,INVALID
5912,EMP05912,F,37.0,2.0,Engineer,15/02/2024,500000,INVALID
5913,EMP05913,M,28.0,19.0,Intern,15/02/2024,500000,INVALID
5914,EMP05914,F,29.0,6.0,Analyst,2025-07-01,,
5915,EMP05915,Male,47.0,2.0,Engineer,,800000,
5916,EMP05916,,57.0,5.0,Analyst,,,
5917,EMP05917,Female,34.0,11.0,HR,,6 LPA,emp5917@mail.com
5918,EMP05918,Male,-2.0,8.0,HR,,-10000,emp5918@mail.com
5919,EMP05919,M,39.0,3.0,Engineer,15/02/2024,,
5920,EMP05920,Male,30.0,20.0,Engineer,,6 LPA,INVALID
5921,EMP05921,male,47.0,20.0,Engineer,,,
5922,EMP05922,male,41.0,5.0,Intern,2025-07-01,6 LPA,emp5922@mail.com
5923,EMP05923,Female,38.0,6.0,HR,2025-07-01,6 LPA,INVALID
5924,EMP05924,F,25.0,8.0,HR,15/02/2024,6 LPA,
5925,EMP05925,male,60.0,1.0,Analyst,,800000,INVALID
5926,EMP05926,Female,30.0,,Intern,2025-07-01,800000,emp5926@mail.com
5927,EMP05927,Male,32.0,2.0,Intern,15/02/2024,6 LPA,
5928,EMP05928,M,51.0,99.0,Manager,2023-01-15,,
5929,EMP05929,Male,29.0,10.0,Manager,2025-07-01,-10000,emp5929@mail.com
5930,EMP05930,F,45.0,2.0,Manager,15/02/2024,,
5931,EMP05931,M,26.0,99.0,Engineer,,500000,emp5931@mail.com
5932,EMP05932,Male,57.0,8.0,QA,,-10000,
5933,EMP05933,Female,24.0,,HR,15/02/2024,6 LPA,INVALID
5934,EMP05934,male,55.0,20.0,Manager,2023-01-15,800000,
5935,EMP05935,Female,55.0,6.0,Engineer,,-10000,INVALID
5936,EMP05936,Male,,13.0,Analyst,2023-01-15,,emp5936@mail.com
5937,EMP05937,Female,24.0,3.0,Intern,2025-07-01,500000,emp5937@mail.com
5938,EMP05938,,33.0,5.0,QA,15/02/2024,500000,
5939,EMP05939,Female,50.0,15.0,Intern,,800000,
5940,EMP05940,M,58.0,1.0,QA,2023-01-15,-10000,INVALID
5941,EMP05941,F,49.0,6.0,Analyst,2025-07-01,,
5942,EMP05942,,22.0,6.0,HR,,-10000,
5943,EMP05943,M,47.0,13.0,HR,15/02/2024,,emp5943@mail.com
5944,EMP05944,M,57.0,7.0,Manager,2025-07-01,350000,
5945,EMP05945,male,56.0,7.0,Manager,,-10000,
5946,EMP05946,Male,35.0,13.0,QA,,,
5947,EMP05947,,53.0,11.0,QA,15/02/2024,350000,INVALID
5948,EMP05948,male,25.0,20.0,Analyst,15/02/2024,800000,emp5948@mail.com
5949,EMP05949,Female,37.0,1.0,Manager,2023-01-15,-10000,emp5949@mail.com
5950,EMP05950,male,31.0,12.0,QA,15/02/2024,500000,
5951,EMP05951,Female,30.0,9.0,Analyst,,800000,emp5951@mail.com
5952,EMP05952,F,33.0,18.0,QA,,-10000,INVALID
5953,EMP05953,Male,59.0,8.0,Engineer,15/02/2024,500000,emp5953@mail.com
5954,EMP05954,Female,59.0,13.0,Intern,2023-01-15,6 LPA,
5955,EMP05955,F,27.0,,Analyst,,350000,
5956,EMP05956,,52.0,18.0,Analyst,2025-07-01,6 LPA,INVALID
5957,EMP05957,F,53.0,11.0,Engineer,2023-01-15,500000,
5958,EMP05958,Male,27.0,6.0,Engineer,,6 LPA,
5959,EMP05959,male,50.0,2.0,Manager,,500000,emp5959@mail.com
5960,EMP05960,Female,43.0,1.0,Engineer,2025-07-01,-10000,
5961,EMP05961,M,23.0,13.0,QA,15/02/2024,500000,INVALID
5962,EMP05962,male,49.0,20.0,Analyst,,6 LPA,emp5962@mail.com
5963,EMP05963,Male,47.0,6.0,Intern,2025-07-01,6 LPA,
5964,EMP05964,M,55.0,11.0,Manager,2023-01-15,,
5965,EMP05965,,20.0,9.0,Manager,,350000,INVALID
5966,EMP05966,,44.0,9.0,QA,15/02/2024,,emp5966@mail.com
5967,EMP05967,M,25.0,13.0,QA,,6 LPA,emp5967@mail.com
5968,EMP05968,M,32.0,6.0,Intern,15/02/2024,-10000,emp5968@mail.com
5969,EMP05969,Female,42.0,10.0,Analyst,15/02/2024,350000,emp5969@mail.com
5970,EMP05970,Female,50.0,5.0,QA,15/02/2024,350000,INVALID
5971,EMP05971,Male,39.0,20.0,QA,,-10000,emp5971@mail.com
5972,EMP05972,,25.0,11.0,Manager,15/02/2024,800000,emp5972@mail.com
5973,EMP05973,Female,32.0,16.0,Engineer,15/02/2024,350000,
5974,EMP05974,M,37.0,14.0,Analyst,2023-01-15,-10000,INVALID
5975,EMP05975,Female,54.0,18.0,Engineer,15/02/2024,,INVALID
5976,EMP05976,M,52.0,19.0,Analyst,,,INVALID
5977,EMP05977,male,53.0,6.0,Analyst,15/02/2024,,emp5977@mail.com
5978,EMP05978,Male,48.0,2.0,Analyst,2025-07-01,-10000,
5979,EMP05979,male,22.0,6.0,Analyst,15/02/2024,,emp5979@mail.com
5980,EMP05980,Female,49.0,8.0,Analyst,2023-01-15,,emp5980@mail.com
5981,EMP05981,Male,-2.0,6.0,Intern,,500000,
5982,EMP05982,F,27.0,5.0,Analyst,2023-01-15,6 LPA,
5983,EMP05983,Female,47.0,9.0,QA,2023-01-15,350000,emp5983@mail.com
5984,EMP05984,male,54.0,11.0,HR,15/02/2024,-10000,
5985,EMP05985,Female,47.0,5.0,Engineer,15/02/2024,500000,
5986,EMP05986,Female,43.0,99.0,Engineer,2023-01-15,500000,emp5986@mail.com
5987,EMP05987,,51.0,14.0,Manager,2023-01-15,500000,emp5987@mail.com
5988,EMP05988,,,9.0,Engineer,15/02/2024,350000,INVALID
5989,EMP05989,Female,47.0,3.0,QA,,800000,
5990,EMP05990,,20.0,5.0,Engineer,15/02/2024,800000,INVALID
5991,EMP05991,Female,57.0,18.0,Manager,15/02/2024,-10000,emp5991@mail.com
5992,EMP05992,Male,39.0,,Manager,2023-01-15,800000,INVALID
5993,EMP05993,M,54.0,8.0,Manager,,,INVALID
5994,EMP05994,Female,50.0,16.0,HR,,500000,
5995,EMP05995,male,35.0,16.0,Intern,,6 LPA,
5996,EMP05996,Male,43.0,7.0,Engineer,,350000,INVALID
5997,EMP05997,Male,41.0,1.0,Intern,2023-01-15,,
5998,EMP05998,male,52.0,8.0,QA,,500000,
5999,EMP05999,M,57.0,3.0,Intern,2023-01-15,6 LPA,
6000,EMP06000,,39.0,14.0,Analyst,2025-07-01,,
6001,EMP06001,Male,51.0,11.0,HR,,350000,INVALID
6002,EMP06002,M,44.0,10.0,Manager,,-10000,INVALID
6003,EMP06003,male,50.0,1.0,Engineer,,-10000,
6004,EMP06004,,38.0,18.0,HR,,800000,INVALID
6005,EMP06005,M,38.0,10.0,Engineer,,350000,
6006,EMP06006,,54.0,14.0,Intern,2023-01-15,350000,emp6006@mail.com
6007,EMP06007,male,52.0,9.0,Engineer,15/02/2024,350000,
6008,EMP06008,F,22.0,8.0,Engineer,,800000,INVALID
6009,EMP06009,Female,58.0,3.0,Engineer,15/02/2024,6 LPA,INVALID
6010,EMP06010,M,-2.0,8.0,Intern,,800000,
6011,EMP06011,Male,56.0,8.0,QA,,-10000,emp6011@mail.com
6012,EMP06012,Female,20.0,3.0,Engineer,,500000,
6013,EMP06013,Female,45.0,14.0,Engineer,2025-07-01,800000,
6014,EMP06014,male,21.0,19.0,Intern,,800000,
6015,EMP06015,M,44.0,15.0,Engineer,15/02/2024,500000,
6016,EMP06016,M,46.0,7.0,HR,2025-07-01,6 LPA,
6017,EMP06017,M,51.0,16.0,QA,2023-01-15,800000,INVALID
6018,EMP06018,,56.0,1.0,Analyst,2025-07-01,800000,emp6018@mail.com
6019,EMP06019,Female,36.0,19.0,QA,,6 LPA,emp6019@mail.com
6020,EMP06020,M,52.0,16.0,Analyst,,-10000,INVALID
6021,EMP06021,Female,26.0,20.0,HR,,-10000,
6022,EMP06022,male,23.0,18.0,Analyst,2023-01-15,6 LPA,INVALID
6023,EMP06023,F,43.0,7.0,Analyst,,500000,emp6023@mail.com
6024,EMP06024,M,39.0,9.0,QA,,-10000,INVALID
6025,EMP06025,,28.0,19.0,Analyst,2025-07-01,,INVALID
6026,EMP06026,F,58.0,10.0,Engineer,2025-07-01,350000,emp6026@mail.com
6027,EMP06027,male,29.0,17.0,HR,15/02/2024,800000,INVALID
6028,EMP06028,,58.0,19.0,Manager,2023-01-15,500000,emp6028@mail.com
6029,EMP06029,M,58.0,16.0,Intern,15/02/2024,6 LPA,
6030,EMP06030,M,42.0,10.0,Manager,,500000,emp6030@mail.com
6031,EMP06031,Male,60.0,10.0,Intern,15/02/2024,800000,
6032,EMP06032,male,44.0,5.0,Engineer,,500000,
6033,EMP06033,M,58.0,,Manager,2025-07-01,500000,emp6033@mail.com
6034,EMP06034,F,34.0,12.0,Engineer,,,
6035,EMP06035,male,47.0,13.0,Analyst,15/02/2024,800000,
6036,EMP06036,F,32.0,18.0,HR,15/02/2024,-10000,
6037,EMP06037,male,99.0,6.0,Manager,2025-07-01,500000,
6038,EMP06038,F,58.0,17.0,QA,,6 LPA,emp6038@mail.com
6039,EMP06039,Female,40.0,11.0,Manager,15/02/2024,500000,
6040,EMP06040,,48.0,8.0,QA,2023-01-15,500000,INVALID
6041,EMP06041,,-2.0,8.0,Manager,2023-01-15,6 LPA,
6042,EMP06042,F,40.0,5.0,Analyst,,800000,INVALID
6043,EMP06043,Male,57.0,10.0,Analyst,,500000,emp6043@mail.com
6044,EMP06044,,32.0,6.0,Engineer,2023-01-15,800000,INVALID
6045,EMP06045,male,30.0,9.0,HR,,350000,INVALID
6046,EMP06046,,99.0,7.0,Intern,2023-01-15,800000,
6047,EMP06047,,55.0,10.0,Intern,,800000,emp6047@mail.com
6048,EMP06048,,31.0,6.0,Intern,,-10000,
6049,EMP06049,Male,53.0,3.0,Engineer,2025-07-01,350000,
6050,EMP06050,male,51.0,15.0,Manager,,,
6051,EMP06051,M,36.0,9.0,QA,2025-07-01,,
6052,EMP06052,,,14.0,QA,15/02/2024,,INVALID
6053,EMP06053,,24.0,99.0,QA,,6 LPA,
6054,EMP06054,Female,53.0,,Analyst,2025-07-01,-10000,
6055,EMP06055,Female,36.0,9.0,Intern,,-10000,emp6055@mail.com
6056,EMP06056,F,28.0,19.0,QA,15/02/2024,,
6057,EMP06057,male,,14.0,Intern,15/02/2024,-10000,emp6057@mail.com
6058,EMP06058,M,38.0,19.0,HR,2023-01-15,800000,emp6058@mail.com
6059,EMP06059,male,41.0,20.0,HR,2023-01-15,-10000,emp6059@mail.com
6060,EMP06060,M,36.0,4.0,Engineer,2025-07-01,,
6061,EMP06061,,45.0,11.0,QA,15/02/2024,500000,
6062,EMP06062,Male,52.0,4.0,Intern,2023-01-15,6 LPA,
6063,EMP06063,male,31.0,18.0,HR,,6 LPA,
6064,EMP06064,F,60.0,11.0,QA,15/02/2024,500000,emp6064@mail.com
6065,EMP06065,M,54.0,11.0,QA,15/02/2024,350000,emp6065@mail.com
6066,EMP06066,,40.0,10.0,Engineer,15/02/2024,-10000,
6067,EMP06067,Male,35.0,6.0,Manager,,500000,emp6067@mail.com
6068,EMP06068,F,40.0,6.0,Intern,2023-01-15,6 LPA,emp6068@mail.com
6069,EMP06069,Female,-2.0,16.0,QA,2023-01-15,350000,
6070,EMP06070,,28.0,13.0,Analyst,,6 LPA,
6071,EMP06071,F,54.0,99.0,Engineer,,350000,
6072,EMP06072,,33.0,3.0,Intern,,500000,emp6072@mail.com
6073,EMP06073,,21.0,16.0,Engineer,15/02/2024,6 LPA,INVALID
6074,EMP06074,Male,55.0,10.0,Engineer,,350000,
6075,EMP06075,Female,56.0,1.0,Engineer,15/02/2024,800000,INVALID
6076,EMP06076,Female,38.0,16.0,Intern,2023-01-15,500000,INVALID
6077,EMP06077,F,46.0,10.0,Manager,2023-01-15,-10000,INVALID
6078,EMP06078,male,29.0,9.0,QA,15/02/2024,800000,INVALID
6079,EMP06079,male,,12.0,QA,15/02/2024,-10000,
6080,EMP06080,Male,42.0,9.0,Engineer,15/02/2024,6 LPA,INVALID
6081,EMP06081,male,99.0,4.0,Intern,2025-07-01,-10000,
6082,EMP06082,male,50.0,2.0,Intern,2025-07-01,350000,emp6082@mail.com
6083,EMP06083,F,42.0,18.0,Analyst,,500000,
6084,EMP06084,male,48.0,8.0,Manager,,800000,INVALID
6085,EMP06085,M,31.0,3.0,Analyst,2025-07-01,350000,
6086,EMP06086,M,25.0,12.0,Manager,15/02/2024,500000,INVALID
6087,EMP06087,Female,46.0,16.0,Engineer,15/02/2024,6 LPA,
6088,EMP06088,Male,-2.0,8.0,Engineer,,800000,
6089,EMP06089,M,43.0,12.0,Intern,,-10000,emp6089@mail.com
6090,EMP06090,male,59.0,6.0,Manager,,800000,
6091,EMP06091,M,46.0,17.0,Manager,2025-07-01,6 LPA,
6092,EMP06092,F,39.0,5.0,QA,15/02/2024,500000,
6093,EMP06093,M,24.0,11.0,HR,,350000,
6094,EMP06094,,56.0,17.0,Intern,,500000,
6095,EMP06095,male,44.0,20.0,Manager,2025-07-01,,emp6095@mail.com
6096,EMP06096,Female,34.0,2.0,Intern,,800000,INVALID
6097,EMP06097,Male,52.0,,HR,,-10000,emp6097@mail.com
6098,EMP06098,,33.0,99.0,Analyst,2023-01-15,350000,emp6098@mail.com
6099,EMP06099,Female,99.0,18.0,Manager,2023-01-15,-10000,
6100,EMP06100,M,28.0,18.0,HR,2023-01-15,6 LPA,INVALID
6101,EMP06101,,21.0,4.0,Intern,15/02/2024,350000,INVALID
6102,EMP06102,M,25.0,5.0,Manager,,800000,emp6102@mail.com
6103,EMP06103,Female,57.0,8.0,Engineer,15/02/2024,800000,INVALID
6104,EMP06104,F,40.0,4.0,Manager,,800000,emp6104@mail.com
6105,EMP06105,Male,33.0,19.0,HR,,,
6106,EMP06106,Male,25.0,,Engineer,2023-01-15,350000,emp6106@mail.com
6107,EMP06107,Female,43.0,16.0,HR,2025-07-01,350000,
6108,EMP06108,F,32.0,13.0,Intern,15/02/2024,,INVALID
6109,EMP06109,Female,56.0,3.0,HR,2023-01-15,-10000,
6110,EMP06110,,35.0,99.0,Intern,15/02/2024,,
6111,EMP06111,F,,6.0,Intern,15/02/2024,500000,
6112,EMP06112,Female,40.0,5.0,Engineer,2023-01-15,,
6113,EMP06113,M,21.0,12.0,Analyst,15/02/2024,350000,
6114,EMP06114,male,47.0,8.0,Engineer,,500000,
6115,EMP06115,Male,52.0,8.0,Engineer,15/02/2024,,
6116,EMP06116,male,35.0,99.0,Engineer,2023-01-15,6 LPA,
6117,EMP06117,male,-2.0,15.0,Manager,15/02/2024,6 LPA,INVALID
6118,EMP06118,male,99.0,16.0,Engineer,,,emp6118@mail.com
6119,EMP06119,male,35.0,10.0,Manager,,350000,INVALID
6120,EMP06120,male,29.0,,HR,2025-07-01,6 LPA,
6121,EMP06121,Female,55.0,3.0,QA,,,
6122,EMP06122,,34.0,1.0,Engineer,,-10000,INVALID
6123,EMP06123,Female,24.0,17.0,QA,15/02/2024,800000,emp6123@mail.com
6124,EMP06124,,36.0,12.0,Manager,2025-07-01,6 LPA,
6125,EMP06125,Male,23.0,9.0,QA,,800000,emp6125@mail.com
6126,EMP06126,,32.0,4.0,QA,,350000,
6127,EMP06127,Female,25.0,17.0,Intern,,500000,
6128,EMP06128,male,48.0,18.0,Manager,15/02/2024,-10000,
6129,EMP06129,male,47.0,17.0,Manager,15/02/2024,500000,
6130,EMP06130,male,99.0,99.0,HR,2023-01-15,350000,
6131,EMP06131,F,41.0,4.0,Analyst,,500000,
6132,EMP06132,,50.0,99.0,HR,15/02/2024,500000,INVALID
6133,EMP06133,F,22.0,16.0,QA,2023-01-15,,
6134,EMP06134,,37.0,3.0,QA,,6 LPA,emp6134@mail.com
6135,EMP06135,F,49.0,7.0,QA,15/02/2024,500000,emp6135@mail.com
6136,EMP06136,M,54.0,,Intern,,,emp6136@mail.com
6137,EMP06137,M,22.0,3.0,Analyst,,350000,emp6137@mail.com
6138,EMP06138,F,55.0,15.0,HR,,350000,
6139,EMP06139,,35.0,7.0,Intern,,6 LPA,emp6139@mail.com
6140,EMP06140,Female,21.0,11.0,Manager,2025-07-01,,
6141,EMP06141,M,29.0,7.0,Manager,,350000,
6142,EMP06142,male,46.0,14.0,QA,,350000,
6143,EMP06143,Female,47.0,20.0,QA,2025-07-01,,
6144,EMP06144,Female,33.0,9.0,Analyst,,-10000,INVALID
6145,EMP06145,F,28.0,6.0,QA,,-10000,INVALID
6146,EMP06146,F,46.0,99.0,Manager,,350000,
6147,EMP06147,male,44.0,14.0,Intern,15/02/2024,6 LPA,
6148,EMP06148,,21.0,2.0,HR,,6 LPA,
6149,EMP06149,male,32.0,19.0,QA,,-10000,
6150,EMP06150,male,,19.0,Analyst,2023-01-15,6 LPA,
6151,EMP06151,Male,25.0,4.0,Intern,,500000,
6152,EMP06152,Male,43.0,8.0,Engineer,2023-01-15,800000,INVALID
6153,EMP06153,F,60.0,16.0,HR,2025-07-01,,
6154,EMP06154,,21.0,13.0,Manager,,,
6155,EMP06155,male,41.0,13.0,HR,2023-01-15,500000,INVALID
6156,EMP06156,F,48.0,,Engineer,,-10000,INVALID
6157,EMP06157,M,49.0,9.0,Intern,,800000,
6158,EMP06158,,33.0,12.0,HR,15/02/2024,-10000,emp6158@mail.com
6159,EMP06159,,39.0,17.0,Analyst,2025-07-01,350000,
6160,EMP06160,M,27.0,17.0,Intern,2023-01-15,6 LPA,
6161,EMP06161,M,35.0,10.0,HR,2025-07-01,,
6162,EMP06162,Female,99.0,14.0,Manager,,500000,INVALID
6163,EMP06163,F,41.0,4.0,QA,15/02/2024,,emp6163@mail.com
6164,EMP06164,M,-2.0,9.0,Manager,,,emp6164@mail.com
6165,EMP06165,Female,29.0,,QA,,350000,
6166,EMP06166,M,49.0,5.0,HR,2023-01-15,,emp6166@mail.com
6167,EMP06167,male,20.0,2.0,Engineer,2023-01-15,350000,
6168,EMP06168,M,37.0,2.0,HR,,500000,
6169,EMP06169,Female,54.0,19.0,Manager,2025-07-01,500000,INVALID
6170,EMP06170,,57.0,13.0,Manager,,-10000,
6171,EMP06171,F,39.0,17.0,Manager,,-10000,INVALID
6172,EMP06172,,58.0,7.0,Analyst,2023-01-15,6 LPA,INVALID
6173,EMP06173,male,46.0,99.0,Intern,2023-01-15,350000,
6174,EMP06174,Female,27.0,10.0,QA,15/02/2024,6 LPA,INVALID
6175,EMP06175,,26.0,4.0,Engineer,,800000,emp6175@mail.com
6176,EMP06176,male,-2.0,1.0,Engineer,,,INVALID
6177,EMP06177,male,29.0,99.0,Engineer,,500000,emp6177@mail.com
6178,EMP06178,M,39.0,5.0,Analyst,2023-01-15,800000,
6179,EMP06179,,30.0,99.0,Engineer,2023-01-15,500000,
6180,EMP06180,male,31.0,5.0,Engineer,2023-01-15,,emp6180@mail.com
6181,EMP06181,,60.0,18.0,Engineer,,6 LPA,
6182,EMP06182,Female,34.0,1.0,Intern,,-10000,INVALID
6183,EMP06183,male,49.0,99.0,Intern,2023-01-15,6 LPA,INVALID
6184,EMP06184,Male,36.0,13.0,Manager,15/02/2024,350000,emp6184@mail.com
6185,EMP06185,Male,43.0,20.0,Manager,2023-01-15,500000,
6186,EMP06186,Male,27.0,9.0,Engineer,15/02/2024,,INVALID
6187,EMP06187,Female,27.0,1.0,Analyst,2025-07-01,350000,
6188,EMP06188,Male,21.0,10.0,Engineer,2025-07-01,350000,INVALID
6189,EMP06189,F,28.0,3.0,Intern,2023-01-15,,INVALID
6190,EMP06190,Male,48.0,4.0,Engineer,2025-07-01,-10000,
6191,EMP06191,,23.0,10.0,Analyst,15/02/2024,500000,emp6191@mail.com
6192,EMP06192,Female,27.0,9.0,Manager,2023-01-15,6 LPA,INVALID
6193,EMP06193,,33.0,3.0,Engineer,15/02/2024,,
6194,EMP06194,F,24.0,9.0,Engineer,15/02/2024,-10000,INVALID
6195,EMP06195,F,25.0,17.0,Analyst,,500000,
6196,EMP06196,Male,32.0,8.0,Analyst,2023-01-15,-10000,emp6196@mail.com
6197,EMP06197,,29.0,8.0,Intern,,800000,emp6197@mail.com
6198,EMP06198,Male,27.0,7.0,Manager,,500000,emp6198@mail.com
6199,EMP06199,Male,49.0,20.0,Intern,,800000,INVALID
6200,EMP06200,Female,55.0,16.0,HR,2023-01-15,-10000,
6201,EMP06201,Female,39.0,15.0,HR,,500000,
6202,EMP06202,Male,26.0,15.0,Manager,,800000,
6203,EMP06203,,57.0,10.0,QA,,500000,
6204,EMP06204,male,37.0,4.0,Intern,2023-01-15,-10000,INVALID
6205,EMP06205,,41.0,8.0,Engineer,2025-07-01,6 LPA,
6206,EMP06206,M,40.0,2.0,Manager,,350000,
6207,EMP06207,male,56.0,,HR,,,
6208,EMP06208,M,36.0,6.0,Engineer,2023-01-15,6 LPA,INVALID
6209,EMP06209,Male,35.0,19.0,HR,2023-01-15,6 LPA,emp6209@mail.com
6210,EMP06210,Female,-2.0,17.0,Analyst,2025-07-01,350000,
6211,EMP06211,Female,42.0,7.0,Intern,,6 LPA,INVALID
6212,EMP06212,Female,30.0,8.0,Analyst,15/02/2024,500000,INVALID
6213,EMP06213,M,36.0,99.0,Engineer,,350000,
6214,EMP06214,M,23.0,,QA,,6 LPA,
6215,EMP06215,M,31.0,20.0,HR,15/02/2024,6 LPA,INVALID
6216,EMP06216,male,52.0,1.0,QA,2023-01-15,-10000,INVALID
6217,EMP06217,M,27.0,20.0,QA,15/02/2024,500000,emp6217@mail.com
6218,EMP06218,F,38.0,19.0,Engineer,,800000,emp6218@mail.com
6219,EMP06219,F,60.0,13.0,QA,,6 LPA,INVALID
6220,EMP06220,Female,55.0,20.0,QA,15/02/2024,800000,
6221,EMP06221,M,52.0,1.0,Manager,2023-01-15,6 LPA,
6222,EMP06222,M,34.0,7.0,Analyst,2025-07-01,6 LPA,
6223,EMP06223,Male,43.0,20.0,QA,,800000,
6224,EMP06224,,49.0,14.0,Analyst,2023-01-15,,
6225,EMP06225,,40.0,14.0,Manager,,6 LPA,
6226,EMP06226,Female,46.0,16.0,Intern,,,
6227,EMP06227,Female,56.0,5.0,Analyst,2025-07-01,-10000,emp6227@mail.com
6228,EMP06228,M,48.0,3.0,QA,,350000,emp6228@mail.com
6229,EMP06229,Female,32.0,19.0,Engineer,,,INVALID
6230,EMP06230,male,58.0,,Manager,,800000,INVALID
6231,EMP06231,male,23.0,13.0,Intern,2023-01-15,500000,INVALID
6232,EMP06232,male,54.0,11.0,Manager,,,emp6232@mail.com
6233,EMP06233,,39.0,19.0,Manager,,500000,emp6233@mail.com
6234,EMP06234,M,36.0,16.0,Intern,15/02/2024,350000,emp6234@mail.com
6235,EMP06235,Female,55.0,12.0,QA,15/02/2024,800000,emp6235@mail.com
6236,EMP06236,F,46.0,18.0,HR,2023-01-15,800000,
6237,EMP06237,Male,31.0,8.0,Intern,2025-07-01,350000,emp6237@mail.com
6238,EMP06238,Female,42.0,9.0,HR,2025-07-01,,emp6238@mail.com
6239,EMP06239,Male,50.0,8.0,QA,2025-07-01,,
6240,EMP06240,M,48.0,12.0,Analyst,,800000,
6241,EMP06241,Female,56.0,10.0,Analyst,15/02/2024,800000,
6242,EMP06242,,22.0,,HR,,,
6243,EMP06243,,42.0,3.0,Intern,,6 LPA,
6244,EMP06244,,30.0,17.0,Engineer,15/02/2024,800000,
6245,EMP06245,Male,44.0,20.0,HR,15/02/2024,-10000,INVALID
6246,EMP06246,F,45.0,19.0,Engineer,,800000,INVALID
6247,EMP06247,M,40.0,20.0,Analyst,,,emp6247@mail.com
6248,EMP06248,Female,36.0,11.0,Engineer,,-10000,INVALID
6249,EMP06249,M,39.0,3.0,Intern,2023-01-15,6 LPA,emp6249@mail.com
6250,EMP06250,,20.0,18.0,QA,,500000,
6251,EMP06251,Male,31.0,15.0,Engineer,,6 LPA,
6252,EMP06252,M,32.0,2.0,Analyst,2025-07-01,-10000,emp6252@mail.com
6253,EMP06253,F,44.0,15.0,Analyst,,500000,emp6253@mail.com
6254,EMP06254,male,53.0,6.0,QA,,800000,
6255,EMP06255,Male,23.0,14.0,HR,,6 LPA,INVALID
6256,EMP06256,M,34.0,19.0,Manager,2025-07-01,-10000,
6257,EMP06257,Female,33.0,19.0,Analyst,2023-01-15,350000,INVALID
6258,EMP06258,male,48.0,16.0,Engineer,,350000,
6259,EMP06259,F,30.0,9.0,HR,2023-01-15,6 LPA,
6260,EMP06260,Male,52.0,15.0,Analyst,,350000,emp6260@mail.com
6261,EMP06261,M,20.0,11.0,Analyst,15/02/2024,,
6262,EMP06262,M,48.0,14.0,QA,2023-01-15,800000,
6263,EMP06263,F,45.0,11.0,HR,2025-07-01,800000,emp6263@mail.com
6264,EMP06264,Female,49.0,1.0,Engineer,,,
6265,EMP06265,Female,20.0,16.0,Manager,2025-07-01,800000,emp6265@mail.com
6266,EMP06266,,48.0,8.0,Manager,2023-01-15,500000,
6267,EMP06267,Male,31.0,9.0,Engineer,2025-07-01,800000,emp6267@mail.com
6268,EMP06268,M,34.0,9.0,Analyst,2025-07-01,-10000,emp6268@mail.com
6269,EMP06269,Female,25.0,1.0,HR,2025-07-01,-10000,INVALID
6270,EMP06270,M,57.0,12.0,Engineer,,800000,INVALID
6271,EMP06271,M,,12.0,Analyst,2025-07-01,800000,emp6271@mail.com
6272,EMP06272,,59.0,11.0,HR,,6 LPA,INVALID
6273,EMP06273,Female,25.0,16.0,Analyst,,6 LPA,emp6273@mail.com
6274,EMP06274,Female,48.0,,QA,2025-07-01,800000,emp6274@mail.com
6275,EMP06275,,31.0,99.0,HR,,6 LPA,
6276,EMP06276,Male,24.0,14.0,Intern,2023-01-15,800000,
6277,EMP06277,Male,42.0,17.0,Analyst,,,
6278,EMP06278,,60.0,15.0,Engineer,,800000,emp6278@mail.com
6279,EMP06279,M,35.0,5.0,Engineer,,350000,
6280,EMP06280,Female,43.0,7.0,QA,,6 LPA,emp6280@mail.com
6281,EMP06281,Female,49.0,10.0,Engineer,2023-01-15,350000,emp6281@mail.com
6282,EMP06282,,99.0,6.0,Manager,2023-01-15,800000,
6283,EMP06283,Male,51.0,19.0,Engineer,2023-01-15,800000,INVALID
6284,EMP06284,Female,57.0,,HR,2025-07-01,6 LPA,
6285,EMP06285,Female,55.0,10.0,Intern,15/02/2024,-10000,
6286,EMP06286,Male,34.0,13.0,Manager,15/02/2024,-10000,INVALID
6287,EMP06287,M,-2.0,16.0,HR,2025-07-01,800000,INVALID
6288,EMP06288,M,42.0,10.0,QA,2023-01-15,500000,emp6288@mail.com
6289,EMP06289,Female,24.0,2.0,HR,,6 LPA,emp6289@mail.com
6290,EMP06290,male,29.0,5.0,Analyst,,,
6291,EMP06291,,32.0,19.0,QA,2025-07-01,,INVALID
6292,EMP06292,,23.0,11.0,QA,2023-01-15,500000,
6293,EMP06293,Female,53.0,4.0,Engineer,2025-07-01,500000,emp6293@mail.com
6294,EMP06294,M,99.0,15.0,Engineer,,,
6295,EMP06295,,44.0,13.0,QA,15/02/2024,,
6296,EMP06296,male,39.0,18.0,Manager,2025-07-01,500000,INVALID
6297,EMP06297,,47.0,19.0,Engineer,2025-07-01,-10000,
6298,EMP06298,male,44.0,1.0,QA,2025-07-01,-10000,INVALID
6299,EMP06299,Female,58.0,3.0,HR,2023-01-15,6 LPA,INVALID
6300,EMP06300,male,58.0,18.0,Intern,2025-07-01,,INVALID
6301,EMP06301,Female,41.0,9.0,QA,,500000,
6302,EMP06302,F,44.0,13.0,HR,,,
6303,EMP06303,,43.0,2.0,HR,,800000,
6304,EMP06304,F,34.0,17.0,QA,15/02/2024,,emp6304@mail.com
6305,EMP06305,,42.0,,QA,,350000,emp6305@mail.com
6306,EMP06306,Female,59.0,5.0,QA,,350000,emp6306@mail.com
6307,EMP06307,Male,56.0,14.0,QA,,350000,
6308,EMP06308,F,54.0,4.0,Intern,2023-01-15,-10000,
6309,EMP06309,M,42.0,99.0,Analyst,2025-07-01,500000,
6310,EMP06310,,43.0,3.0,Analyst,2025-07-01,,
6311,EMP06311,F,25.0,19.0,Intern,15/02/2024,,
6312,EMP06312,F,59.0,15.0,Intern,,500000,INVALID
6313,EMP06313,male,60.0,4.0,Engineer,,-10000,INVALID
6314,EMP06314,male,44.0,16.0,Manager,,,
6315,EMP06315,Male,20.0,15.0,HR,2023-01-15,,INVALID
6316,EMP06316,M,60.0,6.0,Intern,2023-01-15,-10000,
6317,EMP06317,F,35.0,8.0,Analyst,,500000,
6318,EMP06318,male,42.0,20.0,Intern,15/02/2024,800000,INVALID
6319,EMP06319,Male,55.0,10.0,Analyst,,500000,
6320,EMP06320,,45.0,13.0,Engineer,,350000,emp6320@mail.com
6321,EMP06321,,32.0,16.0,QA,2023-01-15,350000,INVALID
6322,EMP06322,F,40.0,4.0,Manager,15/02/2024,6 LPA,emp6322@mail.com
6323,EMP06323,Male,52.0,18.0,Manager,15/02/2024,350000,
6324,EMP06324,Female,42.0,1.0,QA,2023-01-15,,
6325,EMP06325,Female,28.0,16.0,HR,15/02/2024,-10000,
6326,EMP06326,F,60.0,13.0,Analyst,2025-07-01,800000,INVALID
6327,EMP06327,Female,49.0,18.0,Engineer,,6 LPA,
6328,EMP06328,F,30.0,13.0,QA,,500000,INVALID
6329,EMP06329,male,23.0,7.0,HR,15/02/2024,,INVALID
6330,EMP06330,Male,49.0,2.0,Engineer,,,
6331,EMP06331,M,-2.0,99.0,Engineer,,,
6332,EMP06332,M,48.0,16.0,Engineer,2023-01-15,-10000,
6333,EMP06333,Female,22.0,2.0,QA,2023-01-15,-10000,
6334,EMP06334,F,42.0,99.0,HR,2023-01-15,6 LPA,emp6334@mail.com
6335,EMP06335,,38.0,7.0,HR,15/02/2024,,
6336,EMP06336,Male,50.0,8.0,Manager,15/02/2024,800000,INVALID
6337,EMP06337,M,49.0,,Engineer,,800000,INVALID
6338,EMP06338,F,48.0,12.0,QA,,-10000,
6339,EMP06339,,54.0,6.0,Manager,,800000,INVALID
6340,EMP06340,male,20.0,14.0,HR,15/02/2024,,
6341,EMP06341,Male,51.0,8.0,Intern,2025-07-01,350000,emp6341@mail.com
6342,EMP06342,Female,40.0,9.0,Manager,15/02/2024,500000,emp6342@mail.com
6343,EMP06343,,32.0,9.0,Manager,2025-07-01,-10000,emp6343@mail.com
6344,EMP06344,male,55.0,5.0,Intern,,6 LPA,INVALID
6345,EMP06345,male,40.0,19.0,Intern,2025-07-01,-10000,INVALID
6346,EMP06346,Male,51.0,13.0,Manager,,-10000,INVALID
6347,EMP06347,Male,31.0,12.0,QA,,500000,
6348,EMP06348,,55.0,8.0,Analyst,2023-01-15,-10000,
6349,EMP06349,Male,99.0,9.0,Intern,,,INVALID
6350,EMP06350,Female,20.0,17.0,HR,2023-01-15,6 LPA,emp6350@mail.com
6351,EMP06351,,28.0,16.0,QA,2025-07-01,-10000,emp6351@mail.com
6352,EMP06352,F,39.0,11.0,QA,,-10000,INVALID
6353,EMP06353,F,37.0,3.0,Engineer,,800000,
6354,EMP06354,Male,27.0,14.0,Engineer,,-10000,
6355,EMP06355,Male,47.0,12.0,Manager,,800000,
6356,EMP06356,M,35.0,10.0,Analyst,,350000,
6357,EMP06357,F,48.0,13.0,Analyst,2025-07-01,,
6358,EMP06358,M,34.0,16.0,QA,2023-01-15,-10000,INVALID
6359,EMP06359,,53.0,20.0,QA,2025-07-01,350000,emp6359@mail.com
6360,EMP06360,,37.0,15.0,HR,2025-07-01,350000,
6361,EMP06361,F,28.0,11.0,Engineer,2023-01-15,,
6362,EMP06362,M,56.0,14.0,Intern,15/02/2024,,INVALID
6363,EMP06363,Female,59.0,17.0,Manager,2023-01-15,350000,
6364,EMP06364,M,99.0,16.0,Analyst,2023-01-15,500000,emp6364@mail.com
6365,EMP06365,male,33.0,10.0,Engineer,2025-07-01,800000,
6366,EMP06366,,30.0,2.0,HR,2023-01-15,800000,
6367,EMP06367,Female,24.0,99.0,QA,,500000,INVALID
6368,EMP06368,male,28.0,19.0,HR,2025-07-01,,emp6368@mail.com
6369,EMP06369,M,32.0,2.0,QA,,,
6370,EMP06370,male,30.0,13.0,HR,,800000,
6371,EMP06371,F,28.0,5.0,QA,2025-07-01,6 LPA,emp6371@mail.com
6372,EMP06372,male,54.0,13.0,HR,15/02/2024,-10000,emp6372@mail.com
6373,EMP06373,male,36.0,3.0,Analyst,,800000,emp6373@mail.com
6374,EMP06374,,45.0,16.0,HR,15/02/2024,350000,INVALID
6375,EMP06375,Male,55.0,6.0,Intern,,350000,
6376,EMP06376,F,28.0,7.0,Engineer,2025-07-01,350000,
6377,EMP06377,F,46.0,14.0,Manager,2025-07-01,350000,
6378,EMP06378,male,46.0,5.0,Intern,,,
6379,EMP06379,F,53.0,4.0,Engineer,,500000,INVALID
6380,EMP06380,Male,58.0,2.0,QA,,-10000,
6381,EMP06381,M,22.0,18.0,Manager,2025-07-01,500000,
6382,EMP06382,male,20.0,18.0,QA,15/02/2024,350000,INVALID
6383,EMP06383,M,27.0,20.0,Analyst,,6 LPA,emp6383@mail.com
6384,EMP06384,Female,56.0,18.0,Intern,2025-07-01,350000,
6385,EMP06385,M,49.0,,HR,,,
6386,EMP06386,M,25.0,17.0,QA,2023-01-15,-10000,
6387,EMP06387,male,40.0,1.0,HR,,,emp6387@mail.com
6388,EMP06388,F,42.0,2.0,Manager,,6 LPA,
6389,EMP06389,M,53.0,18.0,Engineer,2025-07-01,500000,
6390,EMP06390,,58.0,12.0,Intern,2025-07-01,-10000,INVALID
6391,EMP06391,F,40.0,13.0,Intern,15/02/2024,-10000,INVALID
6392,EMP06392,Female,52.0,9.0,Analyst,2023-01-15,500000,
6393,EMP06393,M,21.0,12.0,Manager,2023-01-15,,
6394,EMP06394,M,41.0,18.0,Intern,,350000,INVALID
6395,EMP06395,male,58.0,20.0,Analyst,2025-07-01,350000,INVALID
6396,EMP06396,male,35.0,20.0,Engineer,,,emp6396@mail.com
6397,EMP06397,F,37.0,6.0,Engineer,15/02/2024,-10000,
6398,EMP06398,,59.0,2.0,Intern,2025-07-01,6 LPA,
6399,EMP06399,male,24.0,3.0,HR,2025-07-01,800000,emp6399@mail.com
6400,EMP06400,Female,99.0,13.0,Intern,,,
6401,EMP06401,Female,41.0,1.0,Intern,,6 LPA,emp6401@mail.com
6402,EMP06402,male,57.0,6.0,Engineer,2023-01-15,350000,INVALID
6403,EMP06403,M,45.0,19.0,Engineer,,500000,INVALID
6404,EMP06404,F,30.0,12.0,Analyst,2025-07-01,800000,emp6404@mail.com
6405,EMP06405,Female,48.0,,Manager,2025-07-01,500000,
6406,EMP06406,F,30.0,14.0,Manager,2025-07-01,6 LPA,
6407,EMP06407,male,-2.0,99.0,Intern,,-10000,
6408,EMP06408,Female,-2.0,3.0,Manager,15/02/2024,800000,
6409,EMP06409,F,49.0,99.0,Manager,,-10000,INVALID
6410,EMP06410,M,,4.0,HR,,800000,
6411,EMP06411,F,52.0,1.0,QA,,,INVALID
6412,EMP06412,male,30.0,99.0,Engineer,2025-07-01,6 LPA,INVALID
6413,EMP06413,M,47.0,8.0,Engineer,,800000,INVALID
6414,EMP06414,,,17.0,Manager,2025-07-01,-10000,emp6414@mail.com
6415,EMP06415,Male,40.0,99.0,Intern,,500000,
6416,EMP06416,Male,48.0,99.0,QA,,800000,
6417,EMP06417,F,40.0,9.0,Manager,15/02/2024,500000,emp6417@mail.com
6418,EMP06418,male,27.0,13.0,Manager,2025-07-01,-10000,
6419,EMP06419,Male,42.0,19.0,HR,15/02/2024,800000,INVALID
6420,EMP06420,M,57.0,20.0,Manager,2023-01-15,,
6421,EMP06421,F,52.0,7.0,HR,,-10000,INVALID
6422,EMP06422,male,23.0,2.0,Manager,2023-01-15,500000,emp6422@mail.com
6423,EMP06423,M,59.0,19.0,Intern,,,
6424,EMP06424,,56.0,99.0,Manager,2025-07-01,350000,emp6424@mail.com
6425,EMP06425,F,48.0,2.0,Manager,2023-01-15,800000,
6426,EMP06426,Male,32.0,16.0,Analyst,2025-07-01,-10000,
6427,EMP06427,F,50.0,99.0,Engineer,2023-01-15,800000,INVALID
6428,EMP06428,F,49.0,14.0,QA,2023-01-15,6 LPA,emp6428@mail.com
6429,EMP06429,male,27.0,4.0,Engineer,,500000,emp6429@mail.com
6430,EMP06430,F,53.0,,HR,,,INVALID
6431,EMP06431,M,33.0,19.0,HR,2025-07-01,6 LPA,emp6431@mail.com
6432,EMP06432,Female,-2.0,10.0,HR,,,
6433,EMP06433,male,43.0,15.0,QA,15/02/2024,800000,
6434,EMP06434,Female,57.0,8.0,HR,15/02/2024,350000,INVALID
6435,EMP06435,F,31.0,99.0,Intern,,500000,INVALID
6436,EMP06436,,23.0,20.0,QA,,350000,emp6436@mail.com
6437,EMP06437,Male,,3.0,Engineer,,350000,emp6437@mail.com
6438,EMP06438,Male,42.0,5.0,Analyst,2023-01-15,800000,emp6438@mail.com
6439,EMP06439,Female,34.0,5.0,Engineer,2023-01-15,,INVALID
6440,EMP06440,M,44.0,11.0,Intern,,-10000,INVALID
6441,EMP06441,Male,50.0,13.0,HR,2023-01-15,800000,
6442,EMP06442,,51.0,19.0,HR,2023-01-15,6 LPA,
6443,EMP06443,M,51.0,6.0,Intern,,-10000,emp6443@mail.com
6444,EMP06444,Male,59.0,10.0,Manager,2023-01-15,350000,
6445,EMP06445,M,29.0,6.0,QA,2023-01-15,800000,
6446,EMP06446,,52.0,11.0,Manager,,800000,
6447,EMP06447,M,38.0,17.0,Intern,,6 LPA,
6448,EMP06448,male,21.0,13.0,QA,,800000,
6449,EMP06449,M,54.0,10.0,Intern,15/02/2024,,emp6449@mail.com
6450,EMP06450,,27.0,9.0,Engineer,2023-01-15,500000,
6451,EMP06451,F,51.0,7.0,QA,2023-01-15,,
6452,EMP06452,male,33.0,6.0,Manager,2025-07-01,500000,
6453,EMP06453,M,27.0,10.0,HR,,800000,INVALID
6454,EMP06454,,57.0,14.0,Analyst,,6 LPA,
6455,EMP06455,M,27.0,5.0,Manager,2025-07-01,6 LPA,INVALID
6456,EMP06456,,24.0,20.0,Manager,2025-07-01,-10000,
6457,EMP06457,F,59.0,13.0,Analyst,,-10000,
6458,EMP06458,male,48.0,19.0,HR,2023-01-15,350000,INVALID
6459,EMP06459,,46.0,4.0,Intern,2025-07-01,,
6460,EMP06460,F,48.0,11.0,Manager,2025-07-01,,INVALID
6461,EMP06461,F,60.0,11.0,Engineer,,6 LPA,INVALID
6462,EMP06462,male,49.0,10.0,Engineer,2023-01-15,350000,
6463,EMP06463,Female,46.0,11.0,Manager,2023-01-15,-10000,
6464,EMP06464,Male,40.0,14.0,Analyst,,350000,INVALID
6465,EMP06465,Female,45.0,6.0,Intern,,-10000,
6466,EMP06466,Male,41.0,2.0,Engineer,,500000,emp6466@mail.com
6467,EMP06467,M,37.0,11.0,Manager,,-10000,emp6467@mail.com
6468,EMP06468,,60.0,19.0,Engineer,2023-01-15,350000,
6469,EMP06469,M,59.0,99.0,Engineer,15/02/2024,350000,INVALID
6470,EMP06470,F,41.0,1.0,QA,2025-07-01,350000,INVALID
6471,EMP06471,M,22.0,18.0,Engineer,15/02/2024,500000,
6472,EMP06472,M,28.0,5.0,Manager,15/02/2024,,
6473,EMP06473,Male,99.0,5.0,HR,2023-01-15,-10000,
6474,EMP06474,,48.0,11.0,Engineer,2023-01-15,350000,
6475,EMP06475,,59.0,5.0,Engineer,15/02/2024,350000,emp6475@mail.com
6476,EMP06476,M,37.0,4.0,Engineer,2023-01-15,-10000,
6477,EMP06477,F,20.0,,Analyst,15/02/2024,500000,
6478,EMP06478,,44.0,20.0,Manager,15/02/2024,6 LPA,INVALID
6479,EMP06479,M,25.0,19.0,Intern,2025-07-01,-10000,emp6479@mail.com
6480,EMP06480,Male,22.0,20.0,QA,2023-01-15,350000,
6481,EMP06481,Male,27.0,5.0,HR,15/02/2024,-10000,INVALID
6482,EMP06482,male,43.0,8.0,Analyst,15/02/2024,350000,INVALID
6483,EMP06483,male,,5.0,HR,15/02/2024,350000,
6484,EMP06484,,60.0,,HR,,350000,INVALID
6485,EMP06485,Female,46.0,12.0,Intern,2025-07-01,-10000,INVALID
6486,EMP06486,male,25.0,15.0,Analyst,2025-07-01,800000,emp6486@mail.com
6487,EMP06487,Female,29.0,3.0,HR,2023-01-15,350000,
6488,EMP06488,male,31.0,13.0,Engineer,2025-07-01,500000,
6489,EMP06489,F,44.0,15.0,Intern,,500000,emp6489@mail.com
6490,EMP06490,Male,25.0,18.0,HR,15/02/2024,6 LPA,emp6490@mail.com
6491,EMP06491,F,44.0,99.0,Analyst,2025-07-01,-10000,emp6491@mail.com
6492,EMP06492,Female,-2.0,18.0,Manager,,,emp6492@mail.com
6493,EMP06493,M,36.0,,Manager,,6 LPA,
6494,EMP06494,Male,99.0,10.0,Analyst,2023-01-15,,
6495,EMP06495,male,36.0,18.0,Manager,,,emp6495@mail.com
6496,EMP06496,F,43.0,5.0,Intern,2025-07-01,350000,
6497,EMP06497,Female,27.0,11.0,Engineer,,-10000,INVALID
6498,EMP06498,Male,21.0,13.0,QA,,6 LPA,INVALID
6499,EMP06499,male,50.0,5.0,Intern,2025-07-01,500000,INVALID
6500,EMP06500,male,46.0,14.0,Analyst,2023-01-15,6 LPA,emp6500@mail.com
6501,EMP06501,F,50.0,,HR,2025-07-01,350000,
6502,EMP06502,,34.0,13.0,Intern,,350000,
6503,EMP06503,M,58.0,11.0,Analyst,,6 LPA,emp6503@mail.com
6504,EMP06504,Male,43.0,4.0,QA,15/02/2024,350000,
6505,EMP06505,male,47.0,5.0,QA,,350000,
6506,EMP06506,male,53.0,19.0,HR,2023-01-15,350000,
6507,EMP06507,Female,52.0,14.0,HR,15/02/2024,,INVALID
6508,EMP06508,M,26.0,4.0,Analyst,2025-07-01,500000,
6509,EMP06509,Female,60.0,1.0,HR,2023-01-15,6 LPA,
6510,EMP06510,F,39.0,,Manager,2023-01-15,-10000,emp6510@mail.com
6511,EMP06511,Female,55.0,17.0,Intern,15/02/2024,-10000,emp6511@mail.com
6512,EMP06512,F,53.0,18.0,Analyst,2025-07-01,350000,emp6512@mail.com
6513,EMP06513,,43.0,3.0,Analyst,2025-07-01,350000,INVALID
6514,EMP06514,Female,49.0,18.0,HR,,,
6515,EMP06515,F,28.0,,HR,2025-07-01,350000,
6516,EMP06516,,59.0,1.0,QA,2023-01-15,6 LPA,emp6516@mail.com
6517,EMP06517,Male,58.0,4.0,Analyst,2023-01-15,500000,INVALID
6518,EMP06518,M,21.0,18.0,Analyst,2023-01-15,6 LPA,
6519,EMP06519,,26.0,8.0,Manager,,-10000,
6520,EMP06520,Female,34.0,3.0,QA,2025-07-01,350000,INVALID
6521,EMP06521,Female,55.0,99.0,QA,,,emp6521@mail.com
6522,EMP06522,,60.0,10.0,Engineer,2025-07-01,6 LPA,
6523,EMP06523,male,25.0,99.0,Intern,,500000,
6524,EMP06524,M,33.0,11.0,Manager,2023-01-15,350000,emp6524@mail.com
6525,EMP06525,Female,36.0,99.0,Analyst,2023-01-15,350000,INVALID
6526,EMP06526,F,45.0,6.0,Engineer,,,INVALID
6527,EMP06527,,58.0,20.0,Analyst,15/02/2024,500000,
6528,EMP06528,male,48.0,18.0,Manager,,-10000,
6529,EMP06529,Female,40.0,16.0,QA,2023-01-15,-10000,INVALID
6530,EMP06530,M,34.0,,Analyst,15/02/2024,6 LPA,emp6530@mail.com
6531,EMP06531,,49.0,15.0,HR,,500000,
6532,EMP06532,,58.0,12.0,Intern,2023-01-15,-10000,INVALID
6533,EMP06533,,47.0,4.0,Analyst,,500000,emp6533@mail.com
6534,EMP06534,,46.0,14.0,Intern,2025-07-01,,INVALID
6535,EMP06535,Female,51.0,16.0,QA,2025-07-01,500000,
6536,EMP06536,,47.0,2.0,Engineer,,6 LPA,emp6536@mail.com
6537,EMP06537,M,99.0,9.0,Manager,2025-07-01,350000,
6538,EMP06538,M,36.0,1.0,Analyst,15/02/2024,800000,INVALID
6539,EMP06539,M,46.0,4.0,Engineer,2023-01-15,800000,emp6539@mail.com
6540,EMP06540,Male,54.0,4.0,HR,,500000,INVALID
6541,EMP06541,Male,31.0,15.0,Intern,15/02/2024,500000,emp6541@mail.com
6542,EMP06542,Female,28.0,5.0,QA,2025-07-01,,INVALID
6543,EMP06543,F,39.0,3.0,HR,,6 LPA,INVALID
6544,EMP06544,Female,39.0,5.0,Manager,,6 LPA,
6545,EMP06545,F,20.0,17.0,Intern,15/02/2024,6 LPA,emp6545@mail.com
6546,EMP06546,,-2.0,13.0,HR,2025-07-01,800000,INVALID
6547,EMP06547,Female,39.0,18.0,QA,2023-01-15,500000,INVALID
6548,EMP06548,Male,50.0,2.0,Intern,15/02/2024,6 LPA,
6549,EMP06549,,39.0,12.0,Engineer,2023-01-15,-10000,
6550,EMP06550,,52.0,5.0,Intern,2025-07-01,-10000,emp6550@mail.com
6551,EMP06551,Female,53.0,9.0,QA,,350000,emp6551@mail.com
6552,EMP06552,Female,49.0,99.0,Intern,2023-01-15,6 LPA,emp6552@mail.com
6553,EMP06553,,45.0,5.0,Manager,,500000,
6554,EMP06554,,36.0,,HR,,,
6555,EMP06555,male,50.0,18.0,Analyst,,500000,
6556,EMP06556,male,27.0,5.0,Intern,,500000,
6557,EMP06557,Female,-2.0,3.0,Manager,,350000,INVALID
6558,EMP06558,Female,31.0,12.0,HR,2023-01-15,,emp6558@mail.com
6559,EMP06559,Male,33.0,9.0,Intern,2025-07-01,500000,
6560,EMP06560,male,48.0,2.0,HR,,-10000,
6561,EMP06561,,57.0,11.0,Engineer,,500000,INVALID
6562,EMP06562,M,50.0,20.0,Manager,2023-01-15,6 LPA,emp6562@mail.com
6563,EMP06563,F,56.0,14.0,QA,,500000,INVALID
6564,EMP06564,M,60.0,11.0,QA,15/02/2024,,emp6564@mail.com
6565,EMP06565,F,23.0,4.0,Manager,,500000,INVALID
6566,EMP06566,Female,60.0,6.0,Manager,2025-07-01,6 LPA,emp6566@mail.com
6567,EMP06567,,25.0,16.0,Manager,15/02/2024,-10000,
6568,EMP06568,Female,36.0,12.0,Engineer,,6 LPA,
6569,EMP06569,F,26.0,18.0,HR,15/02/2024,350000,
6570,EMP06570,,50.0,13.0,HR,2023-01-15,,
6571,EMP06571,male,52.0,2.0,Manager,2025-07-01,,INVALID
6572,EMP06572,F,50.0,,HR,2025-07-01,-10000,emp6572@mail.com
6573,EMP06573,Female,48.0,2.0,QA,,800000,
6574,EMP06574,male,48.0,8.0,HR,,350000,
6575,EMP06575,,,4.0,Engineer,15/02/2024,350000,INVALID
6576,EMP06576,Male,33.0,6.0,Manager,15/02/2024,350000,
6577,EMP06577,M,35.0,19.0,Manager,15/02/2024,,
6578,EMP06578,,38.0,14.0,Engineer,,350000,
6579,EMP06579,Male,55.0,20.0,Manager,15/02/2024,,
6580,EMP06580,F,31.0,2.0,Intern,15/02/2024,350000,INVALID
6581,EMP06581,M,50.0,18.0,Analyst,,350000,emp6581@mail.com
6582,EMP06582,Female,38.0,4.0,Manager,,800000,
6583,EMP06583,F,46.0,,Intern,,350000,
6584,EMP06584,,42.0,3.0,Manager,2025-07-01,-10000,INVALID
6585,EMP06585,male,49.0,19.0,Engineer,,800000,INVALID
6586,EMP06586,,51.0,12.0,Engineer,,-10000,
6587,EMP06587,,58.0,14.0,HR,,-10000,emp6587@mail.com
6588,EMP06588,Male,41.0,2.0,Engineer,2023-01-15,-10000,emp6588@mail.com
6589,EMP06589,F,33.0,8.0,Manager,,350000,INVALID
6590,EMP06590,male,52.0,5.0,Manager,2023-01-15,350000,INVALID
6591,EMP06591,,45.0,9.0,Manager,2025-07-01,,
6592,EMP06592,F,43.0,1.0,QA,,800000,INVALID
6593,EMP06593,male,59.0,16.0,Intern,2023-01-15,,
6594,EMP06594,Female,99.0,15.0,QA,15/02/2024,-10000,
6595,EMP06595,,59.0,16.0,QA,15/02/2024,800000,
6596,EMP06596,male,45.0,16.0,Analyst,2025-07-01,-10000,
6597,EMP06597,,30.0,8.0,HR,,350000,emp6597@mail.com
6598,EMP06598,,22.0,99.0,Analyst,2023-01-15,500000,
6599,EMP06599,F,44.0,11.0,Engineer,,350000,
6600,EMP06600,,42.0,17.0,Manager,,350000,INVALID
6601,EMP06601,,38.0,,Manager,2023-01-15,6 LPA,
6602,EMP06602,M,32.0,12.0,Analyst,2023-01-15,-10000,emp6602@mail.com
6603,EMP06603,male,40.0,11.0,Manager,15/02/2024,500000,
6604,EMP06604,male,26.0,11.0,Manager,,6 LPA,emp6604@mail.com
6605,EMP06605,Female,21.0,6.0,HR,2025-07-01,,INVALID
6606,EMP06606,M,33.0,7.0,QA,,350000,emp6606@mail.com
6607,EMP06607,F,38.0,11.0,Intern,,350000,INVALID
6608,EMP06608,F,53.0,6.0,QA,,350000,
6609,EMP06609,male,51.0,8.0,Engineer,,500000,
6610,EMP06610,male,-2.0,13.0,Intern,2023-01-15,,
6611,EMP06611,F,35.0,6.0,Engineer,2023-01-15,500000,
6612,EMP06612,male,33.0,15.0,QA,15/02/2024,800000,emp6612@mail.com
6613,EMP06613,,57.0,15.0,Intern,,350000,INVALID
6614,EMP06614,M,53.0,6.0,QA,15/02/2024,,emp6614@mail.com
6615,EMP06615,M,99.0,8.0,Analyst,15/02/2024,-10000,emp6615@mail.com
6616,EMP06616,Female,37.0,14.0,QA,,6 LPA,
6617,EMP06617,F,21.0,6.0,Manager,,800000,INVALID
6618,EMP06618,Female,55.0,11.0,Engineer,15/02/2024,,
6619,EMP06619,M,,,Intern,,350000,emp6619@mail.com
6620,EMP06620,F,59.0,9.0,Manager,15/02/2024,350000,emp6620@mail.com
6621,EMP06621,Male,60.0,17.0,Engineer,2025-07-01,350000,
6622,EMP06622,F,24.0,4.0,Manager,,350000,emp6622@mail.com
6623,EMP06623,male,30.0,10.0,Manager,,-10000,
6624,EMP06624,Male,44.0,16.0,Engineer,,-10000,INVALID
6625,EMP06625,male,21.0,13.0,Intern,,500000,INVALID
6626,EMP06626,F,57.0,,Engineer,,500000,
6627,EMP06627,M,40.0,11.0,QA,,800000,
6628,EMP06628,Female,29.0,15.0,Intern,,350000,INVALID
6629,EMP06629,Female,31.0,13.0,Engineer,2025-07-01,6 LPA,
6630,EMP06630,Female,49.0,18.0,HR,,800000,INVALID
6631,EMP06631,male,30.0,4.0,HR,,-10000,emp6631@mail.com
6632,EMP06632,F,45.0,20.0,Analyst,,-10000,
6633,EMP06633,F,44.0,13.0,Engineer,,,
6634,EMP06634,male,26.0,13.0,Analyst,2025-07-01,800000,emp6634@mail.com
6635,EMP06635,Female,99.0,4.0,HR,15/02/2024,800000,
6636,EMP06636,F,30.0,12.0,Engineer,2023-01-15,,emp6636@mail.com
6637,EMP06637,male,54.0,19.0,QA,15/02/2024,6 LPA,
6638,EMP06638,M,33.0,9.0,HR,2025-07-01,-10000,INVALID
6639,EMP06639,M,51.0,11.0,QA,2025-07-01,,INVALID
6640,EMP06640,M,34.0,3.0,Engineer,2023-01-15,,INVALID
6641,EMP06641,Male,49.0,10.0,Analyst,,-10000,
6642,EMP06642,Female,55.0,1.0,HR,2025-07-01,500000,emp6642@mail.com
6643,EMP06643,Male,50.0,11.0,HR,2023-01-15,-10000,INVALID
6644,EMP06644,F,26.0,,QA,15/02/2024,500000,emp6644@mail.com
6645,EMP06645,,59.0,7.0,QA,15/02/2024,800000,emp6645@mail.com
6646,EMP06646,Female,45.0,18.0,HR,,,INVALID
6647,EMP06647,M,56.0,8.0,HR,,500000,
6648,EMP06648,,40.0,1.0,Manager,2025-07-01,,
6649,EMP06649,Female,34.0,13.0,Analyst,2023-01-15,,INVALID
6650,EMP06650,Male,59.0,14.0,Intern,,6 LPA,
6651,EMP06651,,37.0,15.0,Analyst,,350000,INVALID
6652,EMP06652,Female,99.0,5.0,Manager,15/02/2024,,
6653,EMP06653,male,22.0,11.0,Analyst,2025-07-01,-10000,
6654,EMP06654,,36.0,8.0,Intern,2025-07-01,350000,INVALID
6655,EMP06655,male,58.0,1.0,Analyst,2023-01-15,800000,INVALID
6656,EMP06656,Male,27.0,4.0,HR,15/02/2024,-10000,INVALID
6657,EMP06657,,42.0,3.0,QA,,350000,emp6657@mail.com
6658,EMP06658,,28.0,4.0,Intern,,6 LPA,
6659,EMP06659,M,39.0,15.0,Intern,,800000,emp6659@mail.com
6660,EMP06660,M,43.0,20.0,HR,,500000,
6661,EMP06661,M,46.0,99.0,Engineer,,500000,
6662,EMP06662,Male,44.0,3.0,QA,2025-07-01,-10000,
6663,EMP06663,,20.0,19.0,HR,2025-07-01,,
6664,EMP06664,M,27.0,15.0,Engineer,2023-01-15,800000,emp6664@mail.com
6665,EMP06665,,39.0,18.0,Engineer,2023-01-15,800000,
6666,EMP06666,F,54.0,18.0,QA,,,
6667,EMP06667,F,,14.0,Intern,,6 LPA,INVALID
6668,EMP06668,,41.0,4.0,Engineer,,800000,
6669,EMP06669,F,27.0,,Engineer,2023-01-15,6 LPA,
6670,EMP06670,M,59.0,99.0,QA,,350000,INVALID
6671,EMP06671,,48.0,2.0,Intern,15/02/2024,,INVALID
6672,EMP06672,M,43.0,18.0,HR,,6 LPA,
6673,EMP06673,male,26.0,3.0,Manager,2025-07-01,500000,INVALID
6674,EMP06674,,48.0,4.0,Engineer,2025-07-01,800000,emp6674@mail.com
6675,EMP06675,Female,54.0,13.0,Manager,15/02/2024,500000,emp6675@mail.com
6676,EMP06676,,,12.0,Intern,2025-07-01,350000,
6677,EMP06677,male,33.0,1.0,Engineer,,800000,
6678,EMP06678,male,21.0,19.0,QA,2025-07-01,-10000,emp6678@mail.com
6679,EMP06679,M,59.0,8.0,Intern,15/02/2024,-10000,
6680,EMP06680,Male,47.0,19.0,HR,2023-01-15,6 LPA,
6681,EMP06681,Female,41.0,15.0,Manager,2023-01-15,800000,INVALID
6682,EMP06682,,99.0,1.0,Engineer,,500000,INVALID
6683,EMP06683,,34.0,7.0,QA,,-10000,emp6683@mail.com
6684,EMP06684,F,58.0,6.0,Manager,2023-01-15,-10000,
6685,EMP06685,Female,33.0,19.0,Manager,,350000,INVALID
6686,EMP06686,,26.0,11.0,QA,,,emp6686@mail.com
6687,EMP06687,,99.0,18.0,Analyst,2025-07-01,6 LPA,INVALID
6688,EMP06688,,-2.0,5.0,Analyst,2023-01-15,500000,
6689,EMP06689,male,36.0,13.0,QA,2025-07-01,-10000,INVALID
6690,EMP06690,,30.0,6.0,QA,,500000,
6691,EMP06691,M,55.0,4.0,HR,,-10000,
6692,EMP06692,F,59.0,9.0,Engineer,2023-01-15,800000,
6693,EMP06693,F,59.0,19.0,HR,15/02/2024,-10000,emp6693@mail.com
6694,EMP06694,M,20.0,11.0,Intern,15/02/2024,500000,
6695,EMP06695,M,24.0,18.0,HR,2025-07-01,500000,INVALID
6696,EMP06696,F,54.0,6.0,Engineer,,-10000,INVALID
6697,EMP06697,Male,45.0,3.0,Manager,,800000,emp6697@mail.com
6698,EMP06698,Male,34.0,11.0,Manager,2025-07-01,800000,INVALID
6699,EMP06699,,57.0,15.0,Engineer,,6 LPA,INVALID
6700,EMP06700,,54.0,4.0,Engineer,2023-01-15,-10000,
6701,EMP06701,F,31.0,14.0,HR,2023-01-15,6 LPA,INVALID
6702,EMP06702,,54.0,9.0,Engineer,2023-01-15,800000,INVALID
6703,EMP06703,,25.0,10.0,Analyst,,800000,
6704,EMP06704,F,51.0,9.0,Intern,2025-07-01,-10000,emp6704@mail.com
6705,EMP06705,male,39.0,8.0,QA,2023-01-15,-10000,emp6705@mail.com
6706,EMP06706,Female,45.0,8.0,Intern,,500000,INVALID
6707,EMP06707,M,,16.0,HR,15/02/2024,500000,
6708,EMP06708,Male,56.0,6.0,QA,15/02/2024,500000,INVALID
6709,EMP06709,male,43.0,18.0,Engineer,2025-07-01,800000,
6710,EMP06710,Male,47.0,99.0,HR,15/02/2024,800000,
6711,EMP06711,M,33.0,17.0,Engineer,2023-01-15,6 LPA,INVALID
6712,EMP06712,,45.0,12.0,Intern,,500000,
6713,EMP06713,Female,26.0,6.0,Analyst,2023-01-15,6 LPA,INVALID
6714,EMP06714,male,49.0,18.0,Engineer,,350000,
6715,EMP06715,male,58.0,19.0,QA,2023-01-15,350000,
6716,EMP06716,M,27.0,5.0,QA,,800000,
6717,EMP06717,Male,23.0,8.0,QA,15/02/2024,-10000,
6718,EMP06718,F,23.0,14.0,Intern,2025-07-01,350000,INVALID
6719,EMP06719,,99.0,99.0,HR,2025-07-01,350000,
6720,EMP06720,F,47.0,11.0,QA,,350000,emp6720@mail.com
6721,EMP06721,,54.0,9.0,QA,15/02/2024,,INVALID
6722,EMP06722,M,51.0,18.0,HR,,,
6723,EMP06723,Female,25.0,9.0,Analyst,15/02/2024,6 LPA,emp6723@mail.com
6724,EMP06724,Male,43.0,11.0,Manager,2025-07-01,350000,INVALID
6725,EMP06725,male,56.0,2.0,Analyst,2023-01-15,,
6726,EMP06726,,45.0,7.0,Intern,,500000,INVALID
6727,EMP06727,F,55.0,18.0,Manager,15/02/2024,-10000,INVALID
6728,EMP06728,,53.0,1.0,HR,,6 LPA,
6729,EMP06729,male,45.0,11.0,Engineer,,350000,INVALID
6730,EMP06730,,49.0,3.0,Analyst,,,INVALID
6731,EMP06731,F,45.0,10.0,Intern,,-10000,INVALID
6732,EMP06732,Male,46.0,4.0,HR,,6 LPA,emp6732@mail.com
6733,EMP06733,M,25.0,8.0,Engineer,,6 LPA,INVALID
6734,EMP06734,,27.0,14.0,Manager,2023-01-15,6 LPA,emp6734@mail.com
6735,EMP06735,male,49.0,20.0,Intern,,800000,
6736,EMP06736,male,30.0,17.0,Manager,,6 LPA,
6737,EMP06737,,48.0,6.0,Manager,2023-01-15,500000,
6738,EMP06738,M,35.0,19.0,HR,,6 LPA,emp6738@mail.com
6739,EMP06739,male,40.0,17.0,QA,2025-07-01,-10000,
6740,EMP06740,Male,40.0,18.0,Analyst,2025-07-01,,emp6740@mail.com
6741,EMP06741,M,46.0,16.0,QA,,350000,emp6741@mail.com
6742,EMP06742,M,55.0,20.0,Manager,,,emp6742@mail.com
6743,EMP06743,F,57.0,13.0,Analyst,,-10000,
6744,EMP06744,F,45.0,12.0,Engineer,2023-01-15,6 LPA,
6745,EMP06745,Male,99.0,18.0,Engineer,15/02/2024,800000,
6746,EMP06746,F,32.0,20.0,HR,2025-07-01,350000,
6747,EMP06747,Male,54.0,13.0,Engineer,,-10000,emp6747@mail.com
6748,EMP06748,F,53.0,5.0,Engineer,2023-01-15,500000,
6749,EMP06749,male,33.0,99.0,HR,2023-01-15,6 LPA,INVALID
6750,EMP06750,Female,46.0,9.0,Engineer,,-10000,emp6750@mail.com
6751,EMP06751,Male,50.0,8.0,Analyst,,6 LPA,
6752,EMP06752,M,28.0,12.0,QA,,350000,
6753,EMP06753,Female,43.0,99.0,QA,2025-07-01,-10000,
6754,EMP06754,male,60.0,20.0,Analyst,15/02/2024,800000,emp6754@mail.com
6755,EMP06755,Male,28.0,7.0,Engineer,,-10000,
6756,EMP06756,,54.0,2.0,Engineer,,350000,emp6756@mail.com
6757,EMP06757,male,45.0,7.0,Analyst,2023-01-15,500000,
6758,EMP06758,Female,22.0,17.0,QA,15/02/2024,6 LPA,
6759,EMP06759,M,54.0,5.0,Analyst,15/02/2024,6 LPA,INVALID
6760,EMP06760,F,,5.0,Engineer,15/02/2024,500000,
6761,EMP06761,Male,53.0,3.0,Intern,,,
6762,EMP06762,F,51.0,19.0,Manager,,-10000,emp6762@mail.com
6763,EMP06763,F,39.0,19.0,Engineer,,,emp6763@mail.com
6764,EMP06764,Male,45.0,3.0,QA,,-10000,
6765,EMP06765,Female,25.0,20.0,Analyst,,350000,
6766,EMP06766,F,,1.0,HR,,,
6767,EMP06767,Male,45.0,17.0,HR,15/02/2024,800000,
6768,EMP06768,,,4.0,HR,,500000,
6769,EMP06769,,52.0,5.0,Intern,,6 LPA,
6770,EMP06770,male,41.0,1.0,Manager,2023-01-15,350000,
6771,EMP06771,Female,44.0,19.0,QA,,,emp6771@mail.com
6772,EMP06772,,36.0,12.0,Analyst,,-10000,emp6772@mail.com
6773,EMP06773,Male,29.0,13.0,HR,2025-07-01,800000,
6774,EMP06774,Male,20.0,19.0,Intern,2023-01-15,,
6775,EMP06775,M,30.0,,Engineer,,-10000,emp6775@mail.com
6776,EMP06776,male,59.0,99.0,Intern,15/02/2024,,emp6776@mail.com
6777,EMP06777,M,28.0,20.0,HR,2023-01-15,,emp6777@mail.com
6778,EMP06778,Male,51.0,99.0,Intern,2025-07-01,350000,
6779,EMP06779,M,50.0,99.0,QA,15/02/2024,6 LPA,
6780,EMP06780,F,31.0,11.0,QA,15/02/2024,,
6781,EMP06781,Male,99.0,9.0,HR,2025-07-01,800000,
6782,EMP06782,Male,34.0,1.0,Engineer,2023-01-15,6 LPA,emp6782@mail.com
6783,EMP06783,Female,55.0,3.0,Analyst,15/02/2024,800000,
6784,EMP06784,male,30.0,4.0,Analyst,,6 LPA,
6785,EMP06785,,54.0,15.0,Intern,,-10000,emp6785@mail.com
6786,EMP06786,F,37.0,19.0,QA,,6 LPA,
6787,EMP06787,Male,57.0,17.0,Engineer,2023-01-15,500000,
6788,EMP06788,M,34.0,10.0,QA,15/02/2024,800000,
6789,EMP06789,,50.0,99.0,Intern,2025-07-01,350000,emp6789@mail.com
6790,EMP06790,M,28.0,6.0,Manager,,6 LPA,
6791,EMP06791,Male,32.0,4.0,QA,,800000,emp6791@mail.com
6792,EMP06792,Male,32.0,8.0,Intern,,800000,INVALID
6793,EMP06793,male,28.0,15.0,HR,,-10000,INVALID
6794,EMP06794,Female,60.0,8.0,Engineer,2025-07-01,800000,INVALID
6795,EMP06795,,44.0,,HR,,800000,
6796,EMP06796,male,35.0,8.0,HR,2025-07-01,6 LPA,INVALID
6797,EMP06797,F,32.0,7.0,QA,2025-07-01,800000,INVALID
6798,EMP06798,Male,45.0,20.0,QA,2023-01-15,800000,
6799,EMP06799,,23.0,19.0,Engineer,2023-01-15,-10000,emp6799@mail.com
6800,EMP06800,,99.0,4.0,Analyst,,350000,INVALID
6801,EMP06801,M,42.0,99.0,Intern,,350000,
6802,EMP06802,Male,26.0,17.0,Intern,,-10000,INVALID
6803,EMP06803,male,,18.0,Engineer,15/02/2024,-10000,
6804,EMP06804,F,52.0,8.0,QA,2023-01-15,6 LPA,
6805,EMP06805,F,21.0,20.0,Manager,2025-07-01,-10000,INVALID
6806,EMP06806,F,59.0,15.0,HR,2023-01-15,,emp6806@mail.com
6807,EMP06807,male,30.0,9.0,Analyst,2025-07-01,350000,
6808,EMP06808,Male,31.0,9.0,Analyst,,800000,
6809,EMP06809,,46.0,17.0,Intern,15/02/2024,-10000,
6810,EMP06810,male,39.0,12.0,QA,15/02/2024,-10000,INVALID
6811,EMP06811,Male,55.0,7.0,Engineer,,800000,emp6811@mail.com
6812,EMP06812,F,40.0,14.0,Engineer,2025-07-01,-10000,emp6812@mail.com
6813,EMP06813,Female,21.0,13.0,QA,2023-01-15,,
6814,EMP06814,,33.0,6.0,HR,,800000,
6815,EMP06815,Male,53.0,16.0,Intern,,500000,INVALID
6816,EMP06816,Male,59.0,99.0,Manager,2023-01-15,350000,
6817,EMP06817,,53.0,17.0,Engineer,15/02/2024,350000,
6818,EMP06818,male,52.0,11.0,Manager,2025-07-01,350000,
6819,EMP06819,Female,,3.0,Analyst,15/02/2024,-10000,emp6819@mail.com
6820,EMP06820,Male,49.0,16.0,Manager,,-10000,
6821,EMP06821,male,34.0,4.0,HR,15/02/2024,-10000,emp6821@mail.com
6822,EMP06822,Male,48.0,5.0,QA,,500000,
6823,EMP06823,,23.0,8.0,Engineer,15/02/2024,,emp6823@mail.com
6824,EMP06824,Male,45.0,14.0,Analyst,,800000,INVALID
6825,EMP06825,male,44.0,13.0,QA,2025-07-01,-10000,
6826,EMP06826,M,20.0,1.0,Intern,,-10000,
6827,EMP06827,male,48.0,19.0,QA,,350000,INVALID
6828,EMP06828,male,50.0,12.0,Manager,2025-07-01,500000,emp6828@mail.com
6829,EMP06829,Male,37.0,8.0,Analyst,15/02/2024,6 LPA,INVALID
6830,EMP06830,,28.0,1.0,HR,,6 LPA,INVALID
6831,EMP06831,,46.0,8.0,Manager,,800000,emp6831@mail.com
6832,EMP06832,M,22.0,2.0,Intern,15/02/2024,-10000,
6833,EMP06833,male,21.0,19.0,HR,15/02/2024,-10000,
6834,EMP06834,Male,99.0,16.0,QA,,500000,emp6834@mail.com
6835,EMP06835,,51.0,12.0,Engineer,,350000,
6836,EMP06836,,46.0,14.0,HR,2023-01-15,500000,
6837,EMP06837,M,49.0,6.0,Analyst,,350000,emp6837@mail.com
6838,EMP06838,male,36.0,16.0,QA,2023-01-15,500000,
6839,EMP06839,Male,47.0,13.0,QA,2025-07-01,500000,INVALID
6840,EMP06840,Female,24.0,99.0,QA,15/02/2024,800000,INVALID
6841,EMP06841,F,33.0,4.0,Manager,15/02/2024,-10000,
6842,EMP06842,M,25.0,3.0,QA,,350000,emp6842@mail.com
6843,EMP06843,M,24.0,20.0,QA,15/02/2024,-10000,
6844,EMP06844,Male,37.0,6.0,Intern,2025-07-01,-10000,
6845,EMP06845,Male,35.0,2.0,HR,15/02/2024,6 LPA,INVALID
6846,EMP06846,Female,24.0,,Manager,15/02/2024,800000,
6847,EMP06847,Male,56.0,,Analyst,15/02/2024,-10000,INVALID
6848,EMP06848,Female,51.0,9.0,Analyst,15/02/2024,6 LPA,INVALID
6849,EMP06849,male,57.0,8.0,Analyst,,800000,emp6849@mail.com
6850,EMP06850,M,50.0,16.0,HR,15/02/2024,6 LPA,emp6850@mail.com
6851,EMP06851,,55.0,19.0,QA,2023-01-15,,emp6851@mail.com
6852,EMP06852,F,58.0,19.0,HR,2023-01-15,,
6853,EMP06853,male,32.0,10.0,Analyst,2025-07-01,800000,
6854,EMP06854,Male,51.0,99.0,HR,15/02/2024,500000,INVALID
6855,EMP06855,M,41.0,13.0,Analyst,,6 LPA,emp6855@mail.com
6856,EMP06856,M,25.0,,Intern,15/02/2024,800000,
6857,EMP06857,Female,40.0,11.0,HR,2025-07-01,,
6858,EMP06858,M,60.0,8.0,QA,,-10000,
6859,EMP06859,F,,8.0,Intern,2023-01-15,-10000,
6860,EMP06860,,59.0,11.0,HR,15/02/2024,,emp6860@mail.com
6861,EMP06861,Male,58.0,12.0,Manager,2025-07-01,6 LPA,
6862,EMP06862,,28.0,,Intern,,500000,emp6862@mail.com
6863,EMP06863,F,46.0,15.0,Intern,15/02/2024,6 LPA,
6864,EMP06864,F,37.0,8.0,Intern,2025-07-01,350000,
6865,EMP06865,Female,23.0,8.0,Intern,,,
6866,EMP06866,,29.0,1.0,Manager,,800000,emp6866@mail.com
6867,EMP06867,male,22.0,1.0,Analyst,2023-01-15,800000,INVALID
6868,EMP06868,F,,10.0,QA,2025-07-01,350000,INVALID
6869,EMP06869,Male,29.0,17.0,Engineer,15/02/2024,800000,
6870,EMP06870,male,52.0,18.0,QA,,350000,
6871,EMP06871,Male,28.0,3.0,Analyst,,,
6872,EMP06872,male,33.0,9.0,QA,,350000,
6873,EMP06873,,43.0,20.0,Manager,2025-07-01,,
6874,EMP06874,Male,56.0,16.0,Analyst,2023-01-15,-10000,emp6874@mail.com
6875,EMP06875,male,33.0,17.0,Manager,15/02/2024,800000,emp6875@mail.com
6876,EMP06876,,58.0,19.0,Engineer,,500000,INVALID
6877,EMP06877,Female,54.0,2.0,Engineer,2025-07-01,-10000,emp6877@mail.com
6878,EMP06878,,29.0,19.0,HR,,6 LPA,emp6878@mail.com
6879,EMP06879,Male,60.0,14.0,Manager,2025-07-01,500000,
6880,EMP06880,Female,32.0,16.0,Engineer,2023-01-15,500000,INVALID
6881,EMP06881,,38.0,13.0,Engineer,,800000,
6882,EMP06882,male,50.0,15.0,Analyst,2025-07-01,800000,INVALID
6883,EMP06883,Female,49.0,3.0,Intern,2023-01-15,500000,INVALID
6884,EMP06884,M,45.0,13.0,HR,2023-01-15,,
6885,EMP06885,F,33.0,13.0,Engineer,2025-07-01,500000,
6886,EMP06886,Male,52.0,13.0,Analyst,2025-07-01,350000,INVALID
6887,EMP06887,F,44.0,13.0,Analyst,2023-01-15,350000,
6888,EMP06888,male,22.0,4.0,QA,2025-07-01,800000,emp6888@mail.com
6889,EMP06889,M,-2.0,5.0,Intern,2025-07-01,,INVALID
6890,EMP06890,male,58.0,,Intern,2023-01-15,800000,
6891,EMP06891,,59.0,10.0,Engineer,2025-07-01,800000,
6892,EMP06892,male,46.0,9.0,QA,15/02/2024,350000,
6893,EMP06893,male,24.0,11.0,Analyst,2025-07-01,800000,INVALID
6894,EMP06894,M,27.0,6.0,Analyst,2023-01-15,800000,INVALID
6895,EMP06895,,60.0,4.0,Intern,,350000,INVALID
6896,EMP06896,male,60.0,4.0,Engineer,,6 LPA,
6897,EMP06897,Male,23.0,99.0,Manager,2023-01-15,350000,
6898,EMP06898,F,34.0,1.0,Manager,2023-01-15,800000,INVALID
6899,EMP06899,F,51.0,18.0,Intern,,,
6900,EMP06900,,51.0,3.0,Engineer,2023-01-15,500000,
6901,EMP06901,male,38.0,5.0,Manager,,,
6902,EMP06902,male,40.0,15.0,Analyst,2023-01-15,350000,
6903,EMP06903,Male,55.0,16.0,Engineer,15/02/2024,-10000,INVALID
6904,EMP06904,,29.0,2.0,QA,2023-01-15,-10000,emp6904@mail.com
6905,EMP06905,male,55.0,20.0,Intern,,350000,emp6905@mail.com
6906,EMP06906,,28.0,4.0,Engineer,,350000,
6907,EMP06907,F,35.0,12.0,Analyst,,6 LPA,
6908,EMP06908,F,50.0,11.0,Intern,15/02/2024,350000,INVALID
6909,EMP06909,M,31.0,13.0,QA,2025-07-01,800000,
6910,EMP06910,,48.0,1.0,Engineer,,,INVALID
6911,EMP06911,Male,40.0,3.0,Analyst,2023-01-15,6 LPA,
6912,EMP06912,Female,22.0,16.0,Engineer,2023-01-15,350000,INVALID
6913,EMP06913,male,57.0,16.0,Manager,,-10000,INVALID
6914,EMP06914,Female,22.0,4.0,Engineer,15/02/2024,6 LPA,
6915,EMP06915,,26.0,1.0,Intern,15/02/2024,800000,
6916,EMP06916,F,50.0,15.0,HR,,350000,
6917,EMP06917,Female,23.0,7.0,QA,2023-01-15,6 LPA,emp6917@mail.com
6918,EMP06918,Female,40.0,13.0,QA,15/02/2024,800000,INVALID
6919,EMP06919,M,52.0,16.0,Engineer,15/02/2024,6 LPA,
6920,EMP06920,,33.0,16.0,Analyst,,-10000,
6921,EMP06921,M,42.0,6.0,Manager,15/02/2024,800000,INVALID
6922,EMP06922,F,20.0,11.0,Engineer,2025-07-01,,INVALID
6923,EMP06923,Male,27.0,4.0,Engineer,,,INVALID
6924,EMP06924,Male,48.0,13.0,QA,,350000,
6925,EMP06925,F,45.0,3.0,Engineer,15/02/2024,500000,
6926,EMP06926,,44.0,11.0,Manager,2023-01-15,350000,INVALID
6927,EMP06927,Female,30.0,3.0,Manager,2025-07-01,500000,INVALID
6928,EMP06928,Male,56.0,13.0,Manager,2025-07-01,350000,
6929,EMP06929,M,37.0,14.0,HR,2023-01-15,500000,
6930,EMP06930,male,45.0,4.0,QA,2023-01-15,6 LPA,emp6930@mail.com
6931,EMP06931,Female,22.0,15.0,Analyst,,500000,INVALID
6932,EMP06932,M,27.0,9.0,Manager,,-10000,INVALID
6933,EMP06933,male,99.0,16.0,Engineer,15/02/2024,500000,
6934,EMP06934,,21.0,6.0,Intern,2025-07-01,350000,emp6934@mail.com
6935,EMP06935,Male,39.0,20.0,Intern,2025-07-01,6 LPA,
6936,EMP06936,Male,27.0,5.0,HR,15/02/2024,-10000,
6937,EMP06937,M,52.0,13.0,Manager,,,emp6937@mail.com
6938,EMP06938,,30.0,18.0,Engineer,15/02/2024,800000,emp6938@mail.com
6939,EMP06939,,40.0,17.0,Analyst,2025-07-01,-10000,emp6939@mail.com
6940,EMP06940,M,41.0,14.0,QA,,,
6941,EMP06941,F,42.0,4.0,Manager,2025-07-01,-10000,
6942,EMP06942,F,47.0,10.0,Intern,,500000,emp6942@mail.com
6943,EMP06943,,21.0,99.0,Intern,,-10000,INVALID
6944,EMP06944,male,29.0,9.0,Intern,,800000,
6945,EMP06945,,32.0,5.0,Analyst,2023-01-15,800000,
6946,EMP06946,,45.0,11.0,Engineer,2025-07-01,500000,
6947,EMP06947,,21.0,1.0,QA,15/02/2024,800000,
6948,EMP06948,F,22.0,11.0,Manager,,,emp6948@mail.com
6949,EMP06949,Female,44.0,7.0,Intern,2025-07-01,800000,INVALID
6950,EMP06950,Female,48.0,99.0,Manager,2025-07-01,,INVALID
6951,EMP06951,M,48.0,17.0,HR,2025-07-01,800000,emp6951@mail.com
6952,EMP06952,Male,25.0,,Intern,2025-07-01,-10000,emp6952@mail.com
6953,EMP06953,Male,52.0,18.0,Intern,2023-01-15,800000,emp6953@mail.com
6954,EMP06954,F,34.0,14.0,QA,2023-01-15,500000,
6955,EMP06955,,60.0,,Engineer,15/02/2024,,INVALID
6956,EMP06956,male,48.0,1.0,Manager,15/02/2024,500000,emp6956@mail.com
6957,EMP06957,,41.0,11.0,Manager,2023-01-15,800000,
6958,EMP06958,male,30.0,3.0,Analyst,,6 LPA,INVALID
6959,EMP06959,F,41.0,14.0,Intern,15/02/2024,350000,emp6959@mail.com
6960,EMP06960,M,60.0,11.0,Analyst,,,emp6960@mail.com
6961,EMP06961,Female,43.0,4.0,Manager,2025-07-01,-10000,
6962,EMP06962,,,,Analyst,2023-01-15,-10000,
6963,EMP06963,Female,36.0,12.0,HR,2023-01-15,,emp6963@mail.com
6964,EMP06964,Female,36.0,18.0,HR,,-10000,emp6964@mail.com
6965,EMP06965,Male,53.0,14.0,Manager,2023-01-15,350000,INVALID
6966,EMP06966,M,45.0,7.0,Intern,2023-01-15,800000,emp6966@mail.com
6967,EMP06967,,53.0,14.0,Intern,,,INVALID
6968,EMP06968,Male,52.0,12.0,QA,15/02/2024,500000,
6969,EMP06969,F,54.0,20.0,Analyst,2023-01-15,6 LPA,
6970,EMP06970,Male,99.0,9.0,Manager,,500000,
6971,EMP06971,F,41.0,14.0,QA,15/02/2024,6 LPA,INVALID
6972,EMP06972,F,40.0,11.0,Engineer,2025-07-01,500000,
6973,EMP06973,Female,35.0,12.0,Manager,2023-01-15,,emp6973@mail.com
6974,EMP06974,F,22.0,11.0,HR,2025-07-01,6 LPA,
6975,EMP06975,male,37.0,16.0,Engineer,15/02/2024,800000,
6976,EMP06976,F,48.0,13.0,Manager,2023-01-15,350000,
6977,EMP06977,M,50.0,13.0,HR,,500000,
6978,EMP06978,male,24.0,13.0,Engineer,,800000,
6979,EMP06979,M,28.0,15.0,Manager,15/02/2024,500000,emp6979@mail.com
6980,EMP06980,Female,40.0,11.0,Manager,15/02/2024,6 LPA,emp6980@mail.com
6981,EMP06981,M,42.0,9.0,Intern,,-10000,emp6981@mail.com
6982,EMP06982,M,21.0,9.0,Intern,2023-01-15,,INVALID
6983,EMP06983,Female,45.0,2.0,Intern,15/02/2024,800000,emp6983@mail.com
6984,EMP06984,Male,21.0,7.0,Analyst,,6 LPA,
6985,EMP06985,Female,32.0,10.0,Manager,,500000,INVALID
6986,EMP06986,F,45.0,5.0,HR,,800000,
6987,EMP06987,male,48.0,15.0,Analyst,2025-07-01,-10000,emp6987@mail.com
6988,EMP06988,Male,99.0,,Analyst,,-10000,INVALID
6989,EMP06989,male,59.0,2.0,Engineer,15/02/2024,800000,
6990,EMP06990,,-2.0,5.0,Intern,,800000,
6991,EMP06991,Female,51.0,10.0,QA,,6 LPA,
6992,EMP06992,,54.0,11.0,QA,2025-07-01,6 LPA,emp6992@mail.com
6993,EMP06993,Male,58.0,5.0,Engineer,2025-07-01,800000,
6994,EMP06994,Male,38.0,17.0,Engineer,,350000,
6995,EMP06995,Male,38.0,10.0,Analyst,15/02/2024,500000,INVALID
6996,EMP06996,male,34.0,20.0,Manager,2023-01-15,6 LPA,emp6996@mail.com
6997,EMP06997,F,56.0,6.0,Manager,2023-01-15,-10000,INVALID
6998,EMP06998,M,54.0,14.0,Intern,15/02/2024,500000,
6999,EMP06999,male,39.0,7.0,QA,,350000,emp6999@mail.com
7000,EMP07000,Male,48.0,17.0,Manager,,350000,emp7000@mail.com
7001,EMP07001,Male,41.0,17.0,Manager,15/02/2024,500000,
7002,EMP07002,,52.0,16.0,Analyst,2023-01-15,6 LPA,INVALID
7003,EMP07003,M,33.0,16.0,Intern,15/02/2024,6 LPA,INVALID
7004,EMP07004,,30.0,13.0,Intern,2025-07-01,500000,INVALID
7005,EMP07005,male,53.0,15.0,QA,15/02/2024,,emp7005@mail.com
7006,EMP07006,M,-2.0,10.0,QA,2025-07-01,-10000,emp7006@mail.com
7007,EMP07007,M,42.0,5.0,QA,2025-07-01,6 LPA,
7008,EMP07008,M,30.0,11.0,Engineer,2025-07-01,,
7009,EMP07009,Male,51.0,6.0,Manager,,,
7010,EMP07010,,54.0,19.0,HR,15/02/2024,800000,
7011,EMP07011,,45.0,19.0,QA,2023-01-15,350000,emp7011@mail.com
7012,EMP07012,F,34.0,7.0,QA,2023-01-15,,
7013,EMP07013,,51.0,8.0,QA,15/02/2024,350000,
7014,EMP07014,F,23.0,19.0,QA,,800000,
7015,EMP07015,,37.0,12.0,HR,,6 LPA,
7016,EMP07016,Female,43.0,11.0,HR,,-10000,
7017,EMP07017,M,37.0,10.0,Intern,,500000,emp7017@mail.com
7018,EMP07018,male,50.0,,Engineer,2023-01-15,-10000,INVALID
7019,EMP07019,M,21.0,4.0,Engineer,,,emp7019@mail.com
7020,EMP07020,,32.0,19.0,Analyst,2025-07-01,800000,
7021,EMP07021,male,50.0,20.0,Engineer,15/02/2024,,emp7021@mail.com
7022,EMP07022,Male,,3.0,Analyst,15/02/2024,,emp7022@mail.com
7023,EMP07023,,27.0,19.0,QA,,,INVALID
7024,EMP07024,,59.0,14.0,Manager,2025-07-01,6 LPA,
7025,EMP07025,M,33.0,9.0,Analyst,,500000,
7026,EMP07026,male,47.0,99.0,Analyst,,500000,emp7026@mail.com
7027,EMP07027,Male,41.0,12.0,QA,,800000,
7028,EMP07028,M,52.0,99.0,Analyst,2023-01-15,-10000,
7029,EMP07029,Female,25.0,1.0,Manager,15/02/2024,,emp7029@mail.com
7030,EMP07030,male,57.0,9.0,HR,15/02/2024,800000,
7031,EMP07031,M,,1.0,Analyst,,-10000,
7032,EMP07032,F,25.0,3.0,Intern,2023-01-15,-10000,
7033,EMP07033,,35.0,20.0,HR,,-10000,INVALID
7034,EMP07034,Male,37.0,16.0,HR,,350000,INVALID
7035,EMP07035,,51.0,5.0,QA,,,emp7035@mail.com
7036,EMP07036,male,29.0,7.0,HR,,500000,
7037,EMP07037,M,45.0,3.0,Intern,15/02/2024,500000,
7038,EMP07038,F,37.0,,HR,15/02/2024,350000,
7039,EMP07039,Male,30.0,18.0,QA,2025-07-01,6 LPA,
7040,EMP07040,male,50.0,,Engineer,,,emp7040@mail.com
7041,EMP07041,Male,-2.0,8.0,Intern,15/02/2024,,
7042,EMP07042,,-2.0,18.0,Analyst,2023-01-15,6 LPA,
7043,EMP07043,Female,40.0,11.0,Intern,,6 LPA,
7044,EMP07044,M,-2.0,1.0,Manager,,350000,emp7044@mail.com
7045,EMP07045,Female,20.0,1.0,Analyst,,6 LPA,INVALID
7046,EMP07046,,-2.0,13.0,Intern,15/02/2024,-10000,emp7046@mail.com
7047,EMP07047,Female,30.0,14.0,Intern,,500000,INVALID
7048,EMP07048,M,25.0,99.0,HR,2023-01-15,6 LPA,emp7048@mail.com
7049,EMP07049,Male,48.0,19.0,Intern,,,emp7049@mail.com
7050,EMP07050,Male,22.0,12.0,HR,15/02/2024,800000,INVALID
7051,EMP07051,M,44.0,20.0,Manager,2023-01-15,800000,
7052,EMP07052,Male,27.0,11.0,Analyst,2023-01-15,-10000,emp7052@mail.com
7053,EMP07053,male,25.0,2.0,Analyst,,,emp7053@mail.com
7054,EMP07054,,59.0,10.0,Engineer,2025-07-01,6 LPA,
7055,EMP07055,F,37.0,8.0,Engineer,15/02/2024,800000,
7056,EMP07056,F,54.0,4.0,HR,,6 LPA,emp7056@mail.com
7057,EMP07057,Female,35.0,15.0,Engineer,2023-01-15,,
7058,EMP07058,Female,44.0,2.0,Analyst,2025-07-01,500000,
7059,EMP07059,M,25.0,9.0,Engineer,15/02/2024,500000,
7060,EMP07060,Female,43.0,,Intern,,800000,
7061,EMP07061,M,27.0,14.0,Manager,,6 LPA,
7062,EMP07062,Male,28.0,17.0,HR,2023-01-15,500000,emp7062@mail.com
7063,EMP07063,F,32.0,15.0,Analyst,2025-07-01,350000,INVALID
7064,EMP07064,M,55.0,6.0,QA,15/02/2024,-10000,
7065,EMP07065,M,55.0,19.0,HR,2023-01-15,800000,emp7065@mail.com
7066,EMP07066,male,38.0,9.0,Engineer,15/02/2024,800000,
7067,EMP07067,,37.0,7.0,Engineer,,,
7068,EMP07068,male,43.0,9.0,Intern,,500000,INVALID
7069,EMP07069,,58.0,4.0,Analyst,,500000,emp7069@mail.com
7070,EMP07070,Male,29.0,4.0,Engineer,2025-07-01,800000,
7071,EMP07071,M,37.0,4.0,Engineer,15/02/2024,,
7072,EMP07072,,33.0,1.0,HR,15/02/2024,500000,
7073,EMP07073,Male,51.0,9.0,HR,15/02/2024,-10000,
7074,EMP07074,Female,46.0,20.0,Engineer,2023-01-15,500000,
7075,EMP07075,F,28.0,3.0,Analyst,2025-07-01,350000,INVALID
7076,EMP07076,Male,23.0,99.0,Engineer,2025-07-01,800000,INVALID
7077,EMP07077,Female,43.0,20.0,Analyst,,-10000,INVALID
7078,EMP07078,Female,56.0,5.0,Manager,2025-07-01,-10000,emp7078@mail.com
7079,EMP07079,Female,34.0,5.0,Manager,2025-07-01,350000,
7080,EMP07080,,49.0,4.0,Analyst,2023-01-15,6 LPA,
7081,EMP07081,,42.0,1.0,Engineer,2025-07-01,500000,
7082,EMP07082,F,38.0,3.0,Analyst,15/02/2024,,emp7082@mail.com
7083,EMP07083,Male,27.0,15.0,Analyst,,-10000,
7084,EMP07084,Female,32.0,,QA,2025-07-01,,INVALID
7085,EMP07085,M,23.0,15.0,Engineer,2023-01-15,800000,emp7085@mail.com
7086,EMP07086,Female,32.0,2.0,QA,2025-07-01,6 LPA,
7087,EMP07087,Female,23.0,20.0,Manager,,350000,emp7087@mail.com
7088,EMP07088,M,34.0,13.0,Analyst,,500000,
7089,EMP07089,,57.0,13.0,Intern,2025-07-01,6 LPA,
7090,EMP07090,Female,43.0,5.0,Intern,2023-01-15,6 LPA,INVALID
7091,EMP07091,Female,33.0,17.0,Manager,,,INVALID
7092,EMP07092,M,23.0,6.0,Intern,15/02/2024,6 LPA,
7093,EMP07093,M,-2.0,18.0,Manager,2023-01-15,6 LPA,emp7093@mail.com
7094,EMP07094,,99.0,19.0,Manager,2025-07-01,6 LPA,
7095,EMP07095,Female,50.0,10.0,Engineer,2023-01-15,500000,INVALID
7096,EMP07096,Male,49.0,1.0,Manager,15/02/2024,350000,INVALID
7097,EMP07097,M,38.0,5.0,QA,2025-07-01,6 LPA,
7098,EMP07098,Female,31.0,1.0,Engineer,2023-01-15,6 LPA,
7099,EMP07099,,54.0,4.0,Intern,,500000,
7100,EMP07100,F,59.0,5.0,Intern,,-10000,emp7100@mail.com
7101,EMP07101,male,44.0,7.0,QA,,,
7102,EMP07102,M,45.0,12.0,Manager,,350000,
7103,EMP07103,male,41.0,4.0,QA,15/02/2024,350000,
7104,EMP07104,Female,27.0,18.0,Analyst,2025-07-01,-10000,INVALID
7105,EMP07105,F,25.0,15.0,QA,,,INVALID
7106,EMP07106,F,47.0,16.0,HR,2025-07-01,6 LPA,
7107,EMP07107,,28.0,11.0,Intern,2025-07-01,-10000,
7108,EMP07108,,99.0,16.0,HR,,500000,
7109,EMP07109,F,49.0,12.0,Intern,2023-01-15,800000,
7110,EMP07110,Male,40.0,3.0,Engineer,,,INVALID
7111,EMP07111,Female,48.0,9.0,Analyst,,500000,emp7111@mail.com
7112,EMP07112,male,20.0,2.0,Intern,2023-01-15,500000,INVALID
7113,EMP07113,male,57.0,5.0,Engineer,2025-07-01,500000,emp7113@mail.com
7114,EMP07114,,36.0,1.0,Intern,,-10000,
7115,EMP07115,F,20.0,19.0,QA,2023-01-15,350000,INVALID
7116,EMP07116,male,50.0,20.0,Intern,2023-01-15,6 LPA,INVALID
7117,EMP07117,F,52.0,9.0,QA,15/02/2024,,
7118,EMP07118,M,37.0,11.0,QA,2023-01-15,,emp7118@mail.com
7119,EMP07119,M,47.0,12.0,Manager,2025-07-01,-10000,emp7119@mail.com
7120,EMP07120,male,35.0,1.0,Manager,,500000,
7121,EMP07121,Male,32.0,18.0,Manager,2025-07-01,6 LPA,INVALID
7122,EMP07122,male,25.0,14.0,QA,2025-07-01,500000,INVALID
7123,EMP07123,F,48.0,15.0,Analyst,15/02/2024,350000,
7124,EMP07124,Female,22.0,20.0,Intern,,350000,
7125,EMP07125,,38.0,4.0,HR,,350000,emp7125@mail.com
7126,EMP07126,,34.0,2.0,QA,,,INVALID
7127,EMP07127,,26.0,17.0,HR,,350000,
7128,EMP07128,,26.0,1.0,Intern,2023-01-15,-10000,
7129,EMP07129,M,44.0,99.0,QA,2023-01-15,500000,emp7129@mail.com
7130,EMP07130,,28.0,3.0,Engineer,,350000,
7131,EMP07131,Male,46.0,,Intern,2025-07-01,800000,INVALID
7132,EMP07132,Female,28.0,19.0,Analyst,2023-01-15,800000,INVALID
7133,EMP07133,Male,33.0,14.0,Manager,2025-07-01,800000,
7134,EMP07134,Female,35.0,2.0,Intern,2025-07-01,800000,INVALID
7135,EMP07135,male,24.0,11.0,HR,2023-01-15,,emp7135@mail.com
7136,EMP07136,M,34.0,11.0,Engineer,2025-07-01,350000,INVALID
7137,EMP07137,,44.0,7.0,Analyst,,350000,
7138,EMP07138,F,21.0,18.0,QA,,800000,INVALID
7139,EMP07139,male,37.0,19.0,Manager,2023-01-15,-10000,INVALID
7140,EMP07140,,-2.0,19.0,Intern,2023-01-15,500000,
7141,EMP07141,male,56.0,2.0,Analyst,2025-07-01,800000,INVALID
7142,EMP07142,F,36.0,18.0,Engineer,15/02/2024,800000,
7143,EMP07143,male,23.0,99.0,Intern,2025-07-01,,
7144,EMP07144,F,26.0,7.0,Analyst,2025-07-01,500000,
7145,EMP07145,male,23.0,8.0,HR,,500000,INVALID
7146,EMP07146,F,39.0,6.0,Analyst,2023-01-15,-10000,emp7146@mail.com
7147,EMP07147,F,54.0,20.0,HR,2025-07-01,,emp7147@mail.com
7148,EMP07148,F,35.0,7.0,Analyst,2023-01-15,500000,
7149,EMP07149,F,26.0,13.0,Analyst,15/02/2024,500000,INVALID
7150,EMP07150,F,29.0,8.0,Intern,2025-07-01,350000,
7151,EMP07151,male,49.0,14.0,Analyst,2025-07-01,800000,
7152,EMP07152,male,36.0,,QA,,,emp7152@mail.com
7153,EMP07153,male,35.0,8.0,Engineer,2025-07-01,350000,
7154,EMP07154,M,21.0,99.0,Intern,,,emp7154@mail.com
7155,EMP07155,Male,50.0,16.0,Manager,2025-07-01,-10000,INVALID
7156,EMP07156,Female,59.0,,HR,2023-01-15,6 LPA,
7157,EMP07157,,31.0,10.0,HR,,6 LPA,INVALID
7158,EMP07158,Female,44.0,9.0,Intern,2025-07-01,,INVALID
7159,EMP07159,F,37.0,10.0,Engineer,,,
7160,EMP07160,,47.0,10.0,Analyst,,-10000,
7161,EMP07161,male,28.0,8.0,Manager,2023-01-15,800000,emp7161@mail.com
7162,EMP07162,Male,33.0,20.0,Intern,2023-01-15,350000,INVALID
7163,EMP07163,Male,-2.0,9.0,HR,15/02/2024,800000,INVALID
7164,EMP07164,male,40.0,3.0,Engineer,2025-07-01,6 LPA,INVALID
7165,EMP07165,M,42.0,8.0,Manager,15/02/2024,,INVALID
7166,EMP07166,M,60.0,14.0,QA,2025-07-01,800000,INVALID
7167,EMP07167,,28.0,14.0,Engineer,,,INVALID
7168,EMP07168,male,32.0,20.0,Engineer,2023-01-15,6 LPA,
7169,EMP07169,Male,32.0,17.0,Engineer,2025-07-01,6 LPA,
7170,EMP07170,,46.0,20.0,Manager,2025-07-01,500000,emp7170@mail.com
7171,EMP07171,F,21.0,17.0,Intern,,6 LPA,
7172,EMP07172,male,25.0,6.0,QA,2025-07-01,,INVALID
7173,EMP07173,Male,32.0,14.0,Intern,2025-07-01,500000,emp7173@mail.com
7174,EMP07174,,54.0,8.0,Manager,15/02/2024,,
7175,EMP07175,F,56.0,13.0,Engineer,2025-07-01,6 LPA,INVALID
7176,EMP07176,F,28.0,11.0,Intern,15/02/2024,350000,
7177,EMP07177,Female,38.0,10.0,Engineer,2023-01-15,350000,
7178,EMP07178,Male,45.0,5.0,Analyst,15/02/2024,,INVALID
7179,EMP07179,male,33.0,5.0,HR,2023-01-15,800000,
7180,EMP07180,F,54.0,13.0,QA,2023-01-15,350000,emp7180@mail.com
7181,EMP07181,Male,42.0,,HR,15/02/2024,800000,
7182,EMP07182,Male,22.0,,HR,15/02/2024,800000,INVALID
7183,EMP07183,male,35.0,8.0,HR,2025-07-01,6 LPA,
7184,EMP07184,F,35.0,7.0,Analyst,2025-07-01,-10000,
7185,EMP07185,M,52.0,10.0,HR,2025-07-01,6 LPA,
7186,EMP07186,Female,33.0,20.0,Engineer,2023-01-15,6 LPA,
7187,EMP07187,F,37.0,10.0,Manager,2025-07-01,800000,emp7187@mail.com
7188,EMP07188,F,58.0,6.0,Manager,,350000,
7189,EMP07189,M,45.0,10.0,QA,15/02/2024,800000,emp7189@mail.com
7190,EMP07190,,50.0,2.0,Manager,2023-01-15,6 LPA,emp7190@mail.com
7191,EMP07191,Male,-2.0,99.0,Analyst,,500000,
7192,EMP07192,F,58.0,10.0,QA,,-10000,
7193,EMP07193,Male,49.0,99.0,Manager,2023-01-15,6 LPA,
7194,EMP07194,male,26.0,6.0,HR,2025-07-01,-10000,
7195,EMP07195,,25.0,15.0,QA,2025-07-01,6 LPA,
7196,EMP07196,,47.0,8.0,Intern,2025-07-01,-10000,
7197,EMP07197,Female,42.0,2.0,Engineer,15/02/2024,350000,emp7197@mail.com
7198,EMP07198,F,39.0,3.0,Manager,2025-07-01,800000,
7199,EMP07199,Female,48.0,15.0,Intern,,,emp7199@mail.com
7200,EMP07200,,,2.0,Engineer,,,
7201,EMP07201,F,39.0,6.0,Manager,,800000,INVALID
7202,EMP07202,M,45.0,17.0,Manager,,500000,
7203,EMP07203,male,46.0,17.0,HR,2023-01-15,500000,INVALID
7204,EMP07204,male,57.0,10.0,Intern,15/02/2024,,
7205,EMP07205,male,,4.0,HR,,6 LPA,INVALID
7206,EMP07206,,46.0,2.0,HR,2023-01-15,500000,emp7206@mail.com
7207,EMP07207,,26.0,6.0,QA,,6 LPA,INVALID
7208,EMP07208,M,58.0,5.0,Manager,,6 LPA,emp7208@mail.com
7209,EMP07209,M,41.0,14.0,Intern,15/02/2024,800000,
7210,EMP07210,,,2.0,Engineer,15/02/2024,500000,
7211,EMP07211,male,23.0,99.0,Intern,,800000,emp7211@mail.com
7212,EMP07212,M,21.0,7.0,HR,15/02/2024,800000,emp7212@mail.com
7213,EMP07213,F,41.0,8.0,Engineer,15/02/2024,6 LPA,emp7213@mail.com
7214,EMP07214,M,35.0,1.0,Manager,,,
7215,EMP07215,Male,24.0,19.0,Intern,2023-01-15,350000,
7216,EMP07216,Female,46.0,2.0,Intern,2025-07-01,350000,emp7216@mail.com
7217,EMP07217,,40.0,8.0,Intern,2025-07-01,6 LPA,emp7217@mail.com
7218,EMP07218,M,24.0,99.0,HR,2025-07-01,-10000,emp7218@mail.com
7219,EMP07219,M,58.0,18.0,Analyst,15/02/2024,6 LPA,
7220,EMP07220,,27.0,15.0,QA,15/02/2024,500000,
7221,EMP07221,Female,99.0,12.0,HR,,-10000,
7222,EMP07222,male,25.0,11.0,Manager,15/02/2024,6 LPA,
7223,EMP07223,male,48.0,8.0,Intern,2025-07-01,500000,
7224,EMP07224,Male,,15.0,Analyst,,-10000,
7225,EMP07225,Male,53.0,20.0,Engineer,,800000,emp7225@mail.com
7226,EMP07226,Female,44.0,7.0,Engineer,2023-01-15,,INVALID
7227,EMP07227,M,31.0,8.0,Analyst,2025-07-01,,INVALID
7228,EMP07228,,57.0,13.0,HR,,6 LPA,INVALID
7229,EMP07229,F,39.0,18.0,Intern,2025-07-01,350000,INVALID
7230,EMP07230,male,38.0,14.0,QA,,6 LPA,emp7230@mail.com
7231,EMP07231,Male,40.0,8.0,HR,15/02/2024,350000,
7232,EMP07232,male,22.0,19.0,Manager,2025-07-01,-10000,INVALID
7233,EMP07233,male,38.0,17.0,Intern,15/02/2024,,
7234,EMP07234,M,31.0,4.0,HR,2023-01-15,,emp7234@mail.com
7235,EMP07235,Female,30.0,13.0,Engineer,,6 LPA,
7236,EMP07236,Female,46.0,13.0,Engineer,,,
7237,EMP07237,male,24.0,4.0,Analyst,,,
7238,EMP07238,male,,15.0,Intern,15/02/2024,800000,
7239,EMP07239,Female,55.0,20.0,Engineer,,6 LPA,emp7239@mail.com
7240,EMP07240,M,57.0,,QA,15/02/2024,800000,
7241,EMP07241,F,47.0,18.0,HR,2023-01-15,6 LPA,emp7241@mail.com
7242,EMP07242,M,32.0,15.0,QA,2023-01-15,-10000,emp7242@mail.com
7243,EMP07243,Male,39.0,15.0,Engineer,,6 LPA,INVALID
7244,EMP07244,Male,-2.0,20.0,HR,,6 LPA,INVALID
7245,EMP07245,Female,99.0,2.0,Engineer,15/02/2024,6 LPA,INVALID
7246,EMP07246,M,42.0,19.0,Engineer,15/02/2024,800000,emp7246@mail.com
7247,EMP07247,M,42.0,12.0,Engineer,2023-01-15,800000,
7248,EMP07248,Male,44.0,,Engineer,,800000,emp7248@mail.com
7249,EMP07249,M,46.0,14.0,Analyst,,-10000,INVALID
7250,EMP07250,Female,50.0,10.0,Intern,,800000,
7251,EMP07251,M,51.0,7.0,QA,2025-07-01,,
7252,EMP07252,F,27.0,7.0,Intern,15/02/2024,350000,INVALID
7253,EMP07253,male,-2.0,2.0,Engineer,,500000,emp7253@mail.com
7254,EMP07254,M,49.0,99.0,Engineer,2025-07-01,,emp7254@mail.com
7255,EMP07255,Female,45.0,1.0,Engineer,2023-01-15,,
7256,EMP07256,F,50.0,,Analyst,15/02/2024,500000,emp7256@mail.com
7257,EMP07257,Male,57.0,18.0,HR,2023-01-15,,
7258,EMP07258,Male,34.0,20.0,HR,15/02/2024,-10000,INVALID
7259,EMP07259,F,48.0,18.0,HR,2025-07-01,500000,
7260,EMP07260,Female,31.0,,Engineer,2023-01-15,6 LPA,emp7260@mail.com
7261,EMP07261,Male,57.0,2.0,QA,,500000,
7262,EMP07262,male,27.0,5.0,Intern,,,
7263,EMP07263,F,60.0,13.0,Engineer,,500000,
7264,EMP07264,male,59.0,12.0,HR,,-10000,INVALID
7265,EMP07265,male,25.0,,QA,2025-07-01,,emp7265@mail.com
7266,EMP07266,,31.0,,Manager,,-10000,
7267,EMP07267,F,34.0,19.0,HR,2023-01-15,,INVALID
7268,EMP07268,,42.0,20.0,HR,2023-01-15,-10000,emp7268@mail.com
7269,EMP07269,male,31.0,4.0,Intern,15/02/2024,350000,
7270,EMP07270,,47.0,7.0,QA,2023-01-15,800000,emp7270@mail.com
7271,EMP07271,Male,30.0,10.0,HR,,6 LPA,
7272,EMP07272,,56.0,15.0,Manager,2023-01-15,350000,INVALID
7273,EMP07273,,34.0,13.0,Manager,15/02/2024,,emp7273@mail.com
7274,EMP07274,M,25.0,19.0,Engineer,,500000,
7275,EMP07275,F,53.0,5.0,Analyst,,500000,INVALID
7276,EMP07276,F,41.0,2.0,Analyst,2025-07-01,-10000,emp7276@mail.com
7277,EMP07277,Female,43.0,4.0,Engineer,,350000,
7278,EMP07278,,26.0,5.0,Intern,2025-07-01,6 LPA,INVALID
7279,EMP07279,Female,,5.0,Manager,2025-07-01,800000,INVALID
7280,EMP07280,M,32.0,,Manager,,6 LPA,
7281,EMP07281,male,-2.0,5.0,HR,2025-07-01,500000,
7282,EMP07282,M,35.0,13.0,Intern,,350000,
7283,EMP07283,F,31.0,7.0,Engineer,,350000,
7284,EMP07284,M,55.0,6.0,Intern,,500000,INVALID
7285,EMP07285,F,60.0,10.0,Intern,,350000,
7286,EMP07286,,57.0,99.0,HR,15/02/2024,-10000,
7287,EMP07287,M,23.0,9.0,Analyst,,800000,INVALID
7288,EMP07288,Male,47.0,16.0,Analyst,,500000,
7289,EMP07289,F,37.0,19.0,Manager,,350000,
7290,EMP07290,Female,50.0,99.0,Analyst,15/02/2024,6 LPA,INVALID
7291,EMP07291,,57.0,99.0,HR,,500000,emp7291@mail.com
7292,EMP07292,,32.0,99.0,HR,15/02/2024,-10000,
7293,EMP07293,F,20.0,9.0,Engineer,,800000,
7294,EMP07294,Female,41.0,12.0,QA,,800000,INVALID
7295,EMP07295,F,26.0,9.0,Intern,,800000,emp7295@mail.com
7296,EMP07296,,39.0,18.0,Analyst,2023-01-15,,emp7296@mail.com
7297,EMP07297,male,23.0,1.0,Intern,15/02/2024,800000,
7298,EMP07298,male,43.0,15.0,Intern,,-10000,
7299,EMP07299,F,53.0,2.0,Intern,,6 LPA,
7300,EMP07300,Female,38.0,20.0,HR,,,
7301,EMP07301,,-2.0,5.0,QA,,800000,
7302,EMP07302,F,40.0,16.0,Analyst,2023-01-15,-10000,INVALID
7303,EMP07303,,53.0,,HR,,800000,emp7303@mail.com
7304,EMP07304,F,43.0,15.0,Analyst,,500000,
7305,EMP07305,male,-2.0,9.0,HR,2025-07-01,500000,emp7305@mail.com
7306,EMP07306,male,50.0,14.0,Intern,2025-07-01,6 LPA,
7307,EMP07307,Female,27.0,3.0,HR,2023-01-15,6 LPA,emp7307@mail.com
7308,EMP07308,male,33.0,19.0,Engineer,2025-07-01,,
7309,EMP07309,Female,60.0,16.0,Engineer,15/02/2024,6 LPA,INVALID
7310,EMP07310,F,53.0,99.0,Analyst,,6 LPA,
7311,EMP07311,Male,26.0,3.0,Analyst,,350000,
7312,EMP07312,M,34.0,17.0,QA,15/02/2024,350000,
7313,EMP07313,,55.0,15.0,QA,2025-07-01,500000,emp7313@mail.com
7314,EMP07314,,25.0,9.0,Manager,2025-07-01,500000,INVALID
7315,EMP07315,F,43.0,1.0,HR,2023-01-15,500000,emp7315@mail.com
7316,EMP07316,Female,55.0,20.0,QA,,-10000,
7317,EMP07317,Female,37.0,20.0,Engineer,,800000,INVALID
7318,EMP07318,Female,57.0,8.0,Engineer,2025-07-01,6 LPA,emp7318@mail.com
7319,EMP07319,M,39.0,8.0,QA,15/02/2024,350000,
7320,EMP07320,,28.0,20.0,Manager,2025-07-01,-10000,emp7320@mail.com
7321,EMP07321,M,25.0,8.0,QA,2025-07-01,350000,INVALID
7322,EMP07322,Female,32.0,3.0,QA,15/02/2024,800000,
7323,EMP07323,Male,42.0,19.0,HR,,,
7324,EMP07324,M,30.0,15.0,Analyst,2023-01-15,-10000,INVALID
7325,EMP07325,Male,37.0,5.0,QA,,-10000,INVALID
7326,EMP07326,Female,31.0,20.0,Analyst,,350000,
7327,EMP07327,male,20.0,13.0,Analyst,2023-01-15,800000,INVALID
7328,EMP07328,,31.0,20.0,QA,,500000,
7329,EMP07329,,41.0,3.0,Intern,,800000,emp7329@mail.com
7330,EMP07330,male,99.0,4.0,Manager,,350000,emp7330@mail.com
7331,EMP07331,Male,24.0,6.0,Intern,,800000,INVALID
7332,EMP07332,,44.0,5.0,Engineer,,6 LPA,
7333,EMP07333,male,22.0,18.0,Intern,2023-01-15,,
7334,EMP07334,Male,46.0,2.0,Intern,2025-07-01,6 LPA,
7335,EMP07335,F,30.0,12.0,Intern,15/02/2024,,
7336,EMP07336,,60.0,11.0,Engineer,2023-01-15,800000,
7337,EMP07337,Male,57.0,10.0,HR,2023-01-15,6 LPA,INVALID
7338,EMP07338,Female,23.0,12.0,HR,15/02/2024,800000,
7339,EMP07339,F,56.0,15.0,QA,15/02/2024,-10000,INVALID
7340,EMP07340,F,47.0,12.0,Intern,2025-07-01,,emp7340@mail.com
7341,EMP07341,,24.0,16.0,Engineer,,800000,INVALID
7342,EMP07342,Male,30.0,17.0,QA,15/02/2024,6 LPA,emp7342@mail.com
7343,EMP07343,male,60.0,2.0,Manager,2025-07-01,500000,INVALID
7344,EMP07344,F,25.0,7.0,HR,,6 LPA,INVALID
7345,EMP07345,Male,33.0,1.0,Analyst,2025-07-01,,
7346,EMP07346,Male,33.0,,HR,2023-01-15,6 LPA,emp7346@mail.com
7347,EMP07347,male,49.0,3.0,Intern,,6 LPA,
7348,EMP07348,M,56.0,3.0,Intern,15/02/2024,800000,emp7348@mail.com
7349,EMP07349,Male,51.0,11.0,QA,,800000,
7350,EMP07350,Female,30.0,9.0,Analyst,15/02/2024,,
7351,EMP07351,Female,21.0,14.0,QA,15/02/2024,350000,emp7351@mail.com
7352,EMP07352,F,26.0,15.0,Analyst,2023-01-15,350000,
7353,EMP07353,Male,37.0,4.0,QA,15/02/2024,,emp7353@mail.com
7354,EMP07354,F,48.0,11.0,Analyst,2025-07-01,,INVALID
7355,EMP07355,F,49.0,15.0,Analyst,2023-01-15,,INVALID
7356,EMP07356,M,20.0,15.0,Analyst,,-10000,INVALID
7357,EMP07357,Male,,1.0,Intern,2023-01-15,,emp7357@mail.com
7358,EMP07358,F,39.0,8.0,QA,,,
7359,EMP07359,,52.0,19.0,HR,2025-07-01,6 LPA,
7360,EMP07360,M,99.0,,Manager,,6 LPA,
7361,EMP07361,male,46.0,16.0,HR,,350000,
7362,EMP07362,male,52.0,17.0,Analyst,,,emp7362@mail.com
7363,EMP07363,Male,33.0,99.0,Analyst,2025-07-01,-10000,
7364,EMP07364,male,56.0,2.0,Manager,15/02/2024,800000,emp7364@mail.com
7365,EMP07365,,36.0,18.0,Intern,15/02/2024,500000,
7366,EMP07366,male,23.0,1.0,Analyst,2025-07-01,800000,
7367,EMP07367,,49.0,15.0,Intern,2025-07-01,800000,
7368,EMP07368,F,39.0,5.0,Analyst,,,
7369,EMP07369,M,48.0,8.0,Engineer,15/02/2024,350000,INVALID
7370,EMP07370,male,22.0,17.0,QA,2023-01-15,800000,
7371,EMP07371,M,24.0,13.0,HR,15/02/2024,500000,
7372,EMP07372,Female,31.0,18.0,Engineer,,800000,emp7372@mail.com
7373,EMP07373,Female,56.0,17.0,Analyst,15/02/2024,500000,INVALID
7374,EMP07374,,35.0,,HR,15/02/2024,800000,emp7374@mail.com
7375,EMP07375,male,21.0,20.0,HR,15/02/2024,350000,
7376,EMP07376,Male,52.0,7.0,HR,2023-01-15,-10000,
7377,EMP07377,M,23.0,6.0,Intern,2025-07-01,800000,emp7377@mail.com
7378,EMP07378,M,44.0,9.0,Analyst,,6 LPA,
7379,EMP07379,male,27.0,7.0,HR,,350000,
7380,EMP07380,male,99.0,17.0,Manager,,800000,
7381,EMP07381,,30.0,3.0,Intern,2025-07-01,-10000,emp7381@mail.com
7382,EMP07382,Male,27.0,8.0,QA,15/02/2024,800000,emp7382@mail.com
7383,EMP07383,male,34.0,8.0,HR,2025-07-01,350000,
7384,EMP07384,Female,42.0,7.0,HR,,350000,INVALID
7385,EMP07385,Female,23.0,20.0,HR,2023-01-15,500000,emp7385@mail.com
7386,EMP07386,Female,35.0,99.0,Analyst,2025-07-01,350000,
7387,EMP07387,M,20.0,10.0,Manager,15/02/2024,,
7388,EMP07388,,56.0,99.0,Engineer,15/02/2024,,emp7388@mail.com
7389,EMP07389,,32.0,5.0,Intern,,800000,
7390,EMP07390,M,20.0,,Manager,,500000,emp7390@mail.com
7391,EMP07391,Female,26.0,99.0,Analyst,2025-07-01,800000,
7392,EMP07392,Male,25.0,5.0,Manager,15/02/2024,,
7393,EMP07393,Male,25.0,18.0,Intern,2023-01-15,350000,INVALID
7394,EMP07394,Female,49.0,20.0,Analyst,2023-01-15,800000,INVALID
7395,EMP07395,,48.0,16.0,QA,15/02/2024,800000,
7396,EMP07396,male,20.0,5.0,Manager,15/02/2024,,emp7396@mail.com
7397,EMP07397,male,28.0,12.0,Analyst,2023-01-15,350000,
7398,EMP07398,Male,37.0,99.0,Intern,2023-01-15,,
7399,EMP07399,F,51.0,12.0,Analyst,,,
7400,EMP07400,F,59.0,4.0,Engineer,2023-01-15,6 LPA,INVALID
7401,EMP07401,male,57.0,13.0,Engineer,15/02/2024,800000,
7402,EMP07402,male,39.0,11.0,Engineer,15/02/2024,350000,
7403,EMP07403,M,22.0,9.0,QA,2023-01-15,800000,
7404,EMP07404,F,-2.0,13.0,HR,2025-07-01,-10000,
7405,EMP07405,Male,24.0,,Manager,15/02/2024,,INVALID
7406,EMP07406,,48.0,20.0,Engineer,,-10000,INVALID
7407,EMP07407,,56.0,5.0,QA,,6 LPA,emp7407@mail.com
7408,EMP07408,male,99.0,,Analyst,15/02/2024,800000,
7409,EMP07409,male,57.0,2.0,Analyst,15/02/2024,6 LPA,emp7409@mail.com
7410,EMP07410,M,34.0,99.0,Analyst,,,emp7410@mail.com
7411,EMP07411,,37.0,,QA,2023-01-15,-10000,INVALID
7412,EMP07412,Male,31.0,1.0,QA,,,
7413,EMP07413,,25.0,12.0,Analyst,,500000,
7414,EMP07414,F,24.0,18.0,Intern,2023-01-15,800000,emp7414@mail.com
7415,EMP07415,,25.0,2.0,QA,2023-01-15,500000,emp7415@mail.com
7416,EMP07416,Male,24.0,16.0,QA,2023-01-15,-10000,
7417,EMP07417,male,49.0,18.0,Engineer,15/02/2024,-10000,emp7417@mail.com
7418,EMP07418,Male,41.0,9.0,HR,,350000,INVALID
7419,EMP07419,Male,33.0,14.0,QA,15/02/2024,,
7420,EMP07420,Male,54.0,9.0,QA,2025-07-01,6 LPA,INVALID
7421,EMP07421,,43.0,4.0,Manager,15/02/2024,,
7422,EMP07422,Male,25.0,6.0,Intern,2023-01-15,350000,
7423,EMP07423,Female,50.0,17.0,Manager,2023-01-15,,emp7423@mail.com
7424,EMP07424,Female,36.0,14.0,Engineer,,6 LPA,INVALID
7425,EMP07425,Male,43.0,1.0,HR,,800000,emp7425@mail.com
7426,EMP07426,Female,,1.0,QA,2025-07-01,6 LPA,
7427,EMP07427,Female,54.0,14.0,Analyst,15/02/2024,6 LPA,
7428,EMP07428,,22.0,4.0,QA,15/02/2024,500000,
7429,EMP07429,F,43.0,19.0,Analyst,,500000,
7430,EMP07430,,25.0,7.0,Manager,2023-01-15,,
7431,EMP07431,M,23.0,15.0,Intern,,6 LPA,INVALID
7432,EMP07432,M,26.0,9.0,Manager,,-10000,emp7432@mail.com
7433,EMP07433,male,29.0,17.0,HR,15/02/2024,800000,
7434,EMP07434,,56.0,11.0,HR,2025-07-01,-10000,emp7434@mail.com
7435,EMP07435,F,21.0,20.0,Intern,2023-01-15,-10000,emp7435@mail.com
7436,EMP07436,Male,52.0,8.0,Manager,,350000,emp7436@mail.com
7437,EMP07437,F,47.0,20.0,HR,15/02/2024,,
7438,EMP07438,Female,59.0,15.0,QA,2023-01-15,6 LPA,emp7438@mail.com
7439,EMP07439,,22.0,19.0,Engineer,2023-01-15,350000,
7440,EMP07440,male,45.0,13.0,Manager,,800000,emp7440@mail.com
7441,EMP07441,Male,52.0,18.0,Manager,2025-07-01,,INVALID
7442,EMP07442,M,48.0,8.0,HR,2023-01-15,,
7443,EMP07443,,50.0,2.0,Manager,,-10000,
7444,EMP07444,,30.0,15.0,QA,2023-01-15,6 LPA,emp7444@mail.com
7445,EMP07445,Male,31.0,99.0,Manager,2023-01-15,6 LPA,INVALID
7446,EMP07446,male,38.0,2.0,Engineer,15/02/2024,,
7447,EMP07447,male,37.0,6.0,Intern,15/02/2024,,emp7447@mail.com
7448,EMP07448,,59.0,10.0,Engineer,15/02/2024,-10000,
7449,EMP07449,M,40.0,99.0,HR,2025-07-01,500000,INVALID
7450,EMP07450,F,34.0,18.0,Intern,,500000,INVALID
7451,EMP07451,male,47.0,6.0,Engineer,,6 LPA,emp7451@mail.com
7452,EMP07452,F,59.0,20.0,HR,,6 LPA,INVALID
7453,EMP07453,Female,30.0,,Intern,,350000,INVALID
7454,EMP07454,male,38.0,11.0,Manager,15/02/2024,350000,
7455,EMP07455,male,39.0,1.0,Manager,2025-07-01,500000,INVALID
7456,EMP07456,M,25.0,6.0,Intern,15/02/2024,500000,emp7456@mail.com
7457,EMP07457,Female,27.0,6.0,Intern,2023-01-15,500000,emp7457@mail.com
7458,EMP07458,,57.0,2.0,Engineer,2023-01-15,500000,
7459,EMP07459,Male,57.0,99.0,Engineer,15/02/2024,500000,INVALID
7460,EMP07460,Male,60.0,20.0,Engineer,15/02/2024,500000,
7461,EMP07461,M,31.0,19.0,Manager,,6 LPA,emp7461@mail.com
7462,EMP07462,Male,59.0,99.0,Analyst,,6 LPA,INVALID
7463,EMP07463,Male,46.0,10.0,Manager,2023-01-15,500000,
7464,EMP07464,M,26.0,7.0,QA,15/02/2024,6 LPA,INVALID
7465,EMP07465,Female,56.0,6.0,Analyst,,800000,
7466,EMP07466,F,20.0,15.0,Intern,,6 LPA,emp7466@mail.com
7467,EMP07467,F,55.0,11.0,QA,2025-07-01,6 LPA,
7468,EMP07468,Female,60.0,,QA,2025-07-01,-10000,emp7468@mail.com
7469,EMP07469,Female,39.0,1.0,Intern,2023-01-15,500000,emp7469@mail.com
7470,EMP07470,Male,41.0,15.0,Engineer,,350000,emp7470@mail.com
7471,EMP07471,F,25.0,,QA,,,
7472,EMP07472,F,49.0,12.0,HR,,,
7473,EMP07473,F,28.0,20.0,Analyst,15/02/2024,-10000,emp7473@mail.com
7474,EMP07474,male,38.0,18.0,Analyst,,500000,
7475,EMP07475,M,25.0,18.0,Engineer,2025-07-01,350000,
7476,EMP07476,F,55.0,17.0,Engineer,15/02/2024,350000,
7477,EMP07477,Male,,12.0,Analyst,2025-07-01,350000,
7478,EMP07478,M,47.0,1.0,Engineer,2025-07-01,6 LPA,emp7478@mail.com
7479,EMP07479,Male,31.0,7.0,Engineer,2025-07-01,800000,emp7479@mail.com
7480,EMP07480,Female,41.0,13.0,HR,,,INVALID
7481,EMP07481,M,58.0,12.0,Manager,,6 LPA,
7482,EMP07482,,60.0,16.0,Manager,,-10000,
7483,EMP07483,male,39.0,5.0,QA,2025-07-01,-10000,
7484,EMP07484,M,57.0,6.0,Engineer,,500000,
7485,EMP07485,Male,99.0,1.0,Engineer,2023-01-15,500000,INVALID
7486,EMP07486,male,39.0,,HR,,350000,
7487,EMP07487,male,52.0,6.0,HR,15/02/2024,6 LPA,
7488,EMP07488,M,24.0,7.0,Intern,15/02/2024,-10000,emp7488@mail.com
7489,EMP07489,M,32.0,7.0,Manager,15/02/2024,-10000,
7490,EMP07490,F,44.0,20.0,Analyst,,350000,
7491,EMP07491,F,21.0,15.0,Engineer,2025-07-01,-10000,
7492,EMP07492,Male,21.0,16.0,HR,2023-01-15,350000,INVALID
7493,EMP07493,,36.0,7.0,Engineer,2025-07-01,,
7494,EMP07494,M,36.0,19.0,QA,15/02/2024,6 LPA,
7495,EMP07495,F,34.0,3.0,QA,,,INVALID
7496,EMP07496,F,56.0,12.0,QA,,6 LPA,INVALID
7497,EMP07497,male,99.0,7.0,Intern,2025-07-01,500000,
7498,EMP07498,,39.0,8.0,Intern,2025-07-01,6 LPA,
7499,EMP07499,M,99.0,2.0,Engineer,15/02/2024,,emp7499@mail.com
7500,EMP07500,Female,99.0,2.0,Analyst,,,INVALID
7501,EMP07501,,36.0,3.0,Analyst,15/02/2024,500000,emp7501@mail.com
7502,EMP07502,,-2.0,16.0,HR,2025-07-01,800000,INVALID
7503,EMP07503,,99.0,8.0,Engineer,15/02/2024,,
7504,EMP07504,M,46.0,8.0,Manager,,350000,emp7504@mail.com
7505,EMP07505,,29.0,20.0,Intern,15/02/2024,,
7506,EMP07506,,46.0,16.0,Analyst,,800000,
7507,EMP07507,,36.0,11.0,Intern,2023-01-15,6 LPA,
7508,EMP07508,,51.0,8.0,QA,,350000,emp7508@mail.com
7509,EMP07509,male,-2.0,5.0,Engineer,2023-01-15,800000,
7510,EMP07510,male,28.0,20.0,QA,2023-01-15,-10000,emp7510@mail.com
7511,EMP07511,Male,34.0,17.0,Engineer,2023-01-15,800000,
7512,EMP07512,F,47.0,4.0,HR,15/02/2024,350000,
7513,EMP07513,,42.0,20.0,QA,2025-07-01,350000,emp7513@mail.com
7514,EMP07514,,29.0,6.0,Intern,,-10000,
7515,EMP07515,,60.0,1.0,QA,,6 LPA,
7516,EMP07516,Female,32.0,6.0,Manager,2025-07-01,,emp7516@mail.com
7517,EMP07517,,51.0,7.0,Analyst,2023-01-15,500000,
7518,EMP07518,male,20.0,16.0,Intern,2023-01-15,,
7519,EMP07519,male,57.0,19.0,Analyst,,-10000,emp7519@mail.com
7520,EMP07520,M,47.0,4.0,Manager,2023-01-15,800000,emp7520@mail.com
7521,EMP07521,Female,30.0,16.0,Manager,2025-07-01,,emp7521@mail.com
7522,EMP07522,male,32.0,15.0,QA,2023-01-15,,
7523,EMP07523,male,27.0,13.0,HR,2025-07-01,,
7524,EMP07524,Male,41.0,1.0,HR,2023-01-15,6 LPA,INVALID
7525,EMP07525,male,28.0,20.0,Manager,2023-01-15,-10000,
7526,EMP07526,Male,26.0,18.0,Intern,,-10000,
7527,EMP07527,,34.0,2.0,QA,15/02/2024,500000,INVALID
7528,EMP07528,,47.0,19.0,Analyst,15/02/2024,,INVALID
7529,EMP07529,F,40.0,15.0,HR,,6 LPA,emp7529@mail.com
7530,EMP07530,Female,,13.0,Manager,2025-07-01,800000,
7531,EMP07531,Female,20.0,13.0,QA,15/02/2024,800000,emp7531@mail.com
7532,EMP07532,,49.0,7.0,HR,2025-07-01,,INVALID
7533,EMP07533,Female,38.0,13.0,HR,2023-01-15,350000,emp7533@mail.com
7534,EMP07534,Male,36.0,16.0,Intern,,500000,
7535,EMP07535,male,,,Manager,2025-07-01,800000,emp7535@mail.com
7536,EMP07536,F,41.0,5.0,Manager,15/02/2024,500000,
7537,EMP07537,M,58.0,14.0,Intern,,,
7538,EMP07538,,58.0,,Engineer,,-10000,emp7538@mail.com
7539,EMP07539,M,37.0,10.0,HR,15/02/2024,,
7540,EMP07540,Female,27.0,3.0,Manager,,800000,
7541,EMP07541,F,37.0,9.0,Intern,2025-07-01,350000,emp7541@mail.com
7542,EMP07542,M,33.0,10.0,QA,2023-01-15,,emp7542@mail.com
7543,EMP07543,Male,50.0,3.0,Manager,2025-07-01,6 LPA,
7544,EMP07544,M,50.0,18.0,HR,15/02/2024,-10000,
7545,EMP07545,Female,48.0,1.0,Analyst,15/02/2024,,INVALID
7546,EMP07546,Female,44.0,15.0,Manager,,500000,
7547,EMP07547,,57.0,99.0,HR,15/02/2024,6 LPA,INVALID
7548,EMP07548,,47.0,17.0,Engineer,15/02/2024,6 LPA,INVALID
7549,EMP07549,M,50.0,8.0,QA,2023-01-15,6 LPA,emp7549@mail.com
7550,EMP07550,Male,47.0,,Manager,2025-07-01,350000,INVALID
7551,EMP07551,Female,57.0,1.0,HR,,,
7552,EMP07552,F,46.0,99.0,Intern,,350000,
7553,EMP07553,Female,45.0,17.0,Intern,,,emp7553@mail.com
7554,EMP07554,,38.0,1.0,QA,,350000,
7555,EMP07555,male,36.0,4.0,HR,2025-07-01,6 LPA,emp7555@mail.com
7556,EMP07556,male,48.0,13.0,Manager,,800000,INVALID
7557,EMP07557,F,99.0,13.0,QA,,800000,
7558,EMP07558,Female,45.0,2.0,Manager,2025-07-01,-10000,INVALID
7559,EMP07559,male,52.0,5.0,Manager,2023-01-15,350000,INVALID
7560,EMP07560,M,23.0,9.0,HR,2023-01-15,6 LPA,
7561,EMP07561,Male,48.0,11.0,HR,2025-07-01,800000,
7562,EMP07562,,23.0,3.0,Engineer,2025-07-01,350000,emp7562@mail.com
7563,EMP07563,Male,54.0,9.0,Analyst,15/02/2024,350000,
7564,EMP07564,,,2.0,QA,2025-07-01,800000,INVALID
7565,EMP07565,,32.0,,Intern,2023-01-15,800000,emp7565@mail.com
7566,EMP07566,,38.0,15.0,Manager,,800000,
7567,EMP07567,Male,46.0,12.0,Intern,,350000,INVALID
7568,EMP07568,Female,42.0,1.0,Engineer,2023-01-15,350000,
7569,EMP07569,Female,,12.0,Manager,,800000,INVALID
7570,EMP07570,M,58.0,1.0,Analyst,2025-07-01,500000,emp7570@mail.com
7571,EMP07571,F,55.0,7.0,Manager,,-10000,emp7571@mail.com
7572,EMP07572,Female,44.0,10.0,Engineer,2023-01-15,500000,INVALID
7573,EMP07573,F,47.0,17.0,QA,15/02/2024,-10000,INVALID
7574,EMP07574,,21.0,3.0,HR,,6 LPA,
7575,EMP07575,male,20.0,5.0,Manager,,350000,
7576,EMP07576,,23.0,9.0,Analyst,,800000,emp7576@mail.com
7577,EMP07577,male,30.0,5.0,Intern,,500000,
7578,EMP07578,male,27.0,6.0,HR,2023-01-15,,
7579,EMP07579,male,39.0,99.0,Manager,15/02/2024,350000,
7580,EMP07580,,49.0,1.0,Analyst,15/02/2024,,
7581,EMP07581,Female,25.0,16.0,Analyst,,,INVALID
7582,EMP07582,male,55.0,5.0,Analyst,2025-07-01,500000,emp7582@mail.com
7583,EMP07583,Male,29.0,14.0,HR,,,
7584,EMP07584,F,31.0,6.0,Analyst,2023-01-15,-10000,emp7584@mail.com
7585,EMP07585,Female,-2.0,12.0,Analyst,,,
7586,EMP07586,M,35.0,99.0,Engineer,,800000,emp7586@mail.com
7587,EMP07587,Female,57.0,5.0,Analyst,15/02/2024,-10000,
7588,EMP07588,F,59.0,19.0,Intern,,800000,INVALID
7589,EMP07589,Male,24.0,16.0,QA,2025-07-01,6 LPA,
7590,EMP07590,male,29.0,5.0,QA,2023-01-15,350000,
7591,EMP07591,Female,58.0,4.0,HR,15/02/2024,350000,INVALID
7592,EMP07592,Female,-2.0,10.0,HR,2023-01-15,500000,INVALID
7593,EMP07593,Male,37.0,5.0,Engineer,2023-01-15,800000,INVALID
7594,EMP07594,M,32.0,12.0,HR,15/02/2024,800000,emp7594@mail.com
7595,EMP07595,male,32.0,14.0,Intern,15/02/2024,,
7596,EMP07596,Male,21.0,17.0,HR,2025-07-01,350000,
7597,EMP07597,Female,39.0,4.0,QA,,800000,
7598,EMP07598,M,24.0,2.0,Engineer,2023-01-15,6 LPA,INVALID
7599,EMP07599,Male,42.0,20.0,Manager,2023-01-15,350000,emp7599@mail.com
7600,EMP07600,Female,43.0,16.0,QA,2023-01-15,800000,
7601,EMP07601,M,20.0,4.0,Intern,,,emp7601@mail.com
7602,EMP07602,Male,42.0,12.0,HR,,350000,
7603,EMP07603,Male,49.0,7.0,HR,,,emp7603@mail.com
7604,EMP07604,F,44.0,10.0,Manager,,500000,
7605,EMP07605,male,20.0,16.0,HR,2025-07-01,800000,emp7605@mail.com
7606,EMP07606,,57.0,18.0,Engineer,,,INVALID
7607,EMP07607,Female,38.0,2.0,Manager,2025-07-01,6 LPA,
7608,EMP07608,F,31.0,5.0,QA,15/02/2024,6 LPA,
7609,EMP07609,F,99.0,18.0,Manager,2023-01-15,-10000,
7610,EMP07610,Male,51.0,18.0,Engineer,15/02/2024,-10000,emp7610@mail.com
7611,EMP07611,male,24.0,10.0,Intern,2023-01-15,6 LPA,
7612,EMP07612,,44.0,16.0,QA,15/02/2024,350000,
7613,EMP07613,F,41.0,2.0,Analyst,2025-07-01,-10000,emp7613@mail.com
7614,EMP07614,male,49.0,,Engineer,2025-07-01,,
7615,EMP07615,male,36.0,,Engineer,,6 LPA,
7616,EMP07616,,34.0,2.0,Intern,,6 LPA,INVALID
7617,EMP07617,F,44.0,19.0,QA,,800000,emp7617@mail.com
7618,EMP07618,Male,49.0,3.0,Engineer,2023-01-15,6 LPA,
7619,EMP07619,F,29.0,13.0,Analyst,,800000,
7620,EMP07620,F,28.0,20.0,Intern,,-10000,
7621,EMP07621,male,32.0,99.0,Analyst,2025-07-01,-10000,
7622,EMP07622,Female,49.0,2.0,Intern,2023-01-15,350000,
7623,EMP07623,Male,40.0,6.0,Intern,2023-01-15,800000,INVALID
7624,EMP07624,Male,24.0,6.0,Intern,,6 LPA,INVALID
7625,EMP07625,Male,52.0,13.0,HR,,350000,INVALID
7626,EMP07626,Female,27.0,11.0,Manager,2025-07-01,350000,
7627,EMP07627,male,46.0,99.0,Manager,2023-01-15,500000,
7628,EMP07628,Male,49.0,9.0,Intern,,-10000,
7629,EMP07629,,22.0,4.0,Manager,,500000,emp7629@mail.com
7630,EMP07630,F,57.0,,HR,,500000,
7631,EMP07631,Female,33.0,17.0,Intern,15/02/2024,6 LPA,INVALID
7632,EMP07632,F,35.0,16.0,QA,,6 LPA,INVALID
7633,EMP07633,Female,23.0,13.0,HR,2025-07-01,,INVALID
7634,EMP07634,M,47.0,5.0,QA,,-10000,emp7634@mail.com
7635,EMP07635,Male,32.0,,Analyst,15/02/2024,350000,
7636,EMP07636,F,44.0,5.0,Engineer,,800000,emp7636@mail.com
7637,EMP07637,Male,58.0,7.0,Analyst,,800000,
7638,EMP07638,F,46.0,18.0,QA,15/02/2024,6 LPA,
7639,EMP07639,Male,55.0,3.0,Engineer,2025-07-01,500000,
7640,EMP07640,F,54.0,10.0,QA,2025-07-01,500000,
7641,EMP07641,Male,59.0,19.0,QA,2025-07-01,-10000,
7642,EMP07642,Female,52.0,9.0,Manager,2023-01-15,350000,emp7642@mail.com
7643,EMP07643,,57.0,13.0,Manager,15/02/2024,-10000,emp7643@mail.com
7644,EMP07644,,53.0,13.0,Analyst,,500000,
7645,EMP07645,M,45.0,16.0,QA,2023-01-15,350000,
7646,EMP07646,Female,23.0,8.0,Manager,2025-07-01,,
7647,EMP07647,male,,,Manager,2023-01-15,,
7648,EMP07648,Male,26.0,12.0,Manager,,,
7649,EMP07649,M,,15.0,Engineer,2023-01-15,-10000,
7650,EMP07650,,-2.0,8.0,Manager,,500000,
7651,EMP07651,male,23.0,13.0,HR,,500000,
7652,EMP07652,Female,25.0,8.0,Intern,,350000,
7653,EMP07653,male,35.0,8.0,Analyst,2023-01-15,350000,
7654,EMP07654,Female,52.0,3.0,HR,15/02/2024,500000,
7655,EMP07655,,34.0,8.0,Manager,15/02/2024,500000,INVALID
7656,EMP07656,M,53.0,99.0,Intern,2023-01-15,500000,INVALID
7657,EMP07657,male,23.0,17.0,HR,,500000,INVALID
7658,EMP07658,,52.0,8.0,HR,2025-07-01,350000,emp7658@mail.com
7659,EMP07659,Male,56.0,10.0,Analyst,15/02/2024,350000,INVALID
7660,EMP07660,F,23.0,,Engineer,,,
7661,EMP07661,,99.0,15.0,QA,2025-07-01,-10000,emp7661@mail.com
7662,EMP07662,Female,46.0,20.0,QA,,6 LPA,emp7662@mail.com
7663,EMP07663,Female,29.0,99.0,QA,,6 LPA,emp7663@mail.com
7664,EMP07664,M,20.0,5.0,QA,,6 LPA,
7665,EMP07665,M,48.0,3.0,Engineer,2025-07-01,800000,
7666,EMP07666,F,59.0,12.0,Intern,,800000,INVALID
7667,EMP07667,Female,32.0,,QA,2025-07-01,500000,
7668,EMP07668,Male,23.0,5.0,Intern,,500000,
7669,EMP07669,M,46.0,18.0,Engineer,2023-01-15,350000,
7670,EMP07670,male,42.0,10.0,QA,,350000,emp7670@mail.com
7671,EMP07671,Female,32.0,10.0,HR,,350000,
7672,EMP07672,F,40.0,8.0,QA,,500000,
7673,EMP07673,male,,4.0,Engineer,15/02/2024,-10000,
7674,EMP07674,male,38.0,13.0,QA,,500000,
7675,EMP07675,,22.0,20.0,QA,15/02/2024,6 LPA,
7676,EMP07676,male,20.0,5.0,HR,2023-01-15,800000,INVALID
7677,EMP07677,male,55.0,20.0,HR,2023-01-15,,INVALID
7678,EMP07678,,43.0,5.0,Manager,2025-07-01,,
7679,EMP07679,male,45.0,9.0,Intern,15/02/2024,,
7680,EMP07680,,60.0,1.0,HR,2025-07-01,800000,
7681,EMP07681,male,52.0,13.0,HR,2023-01-15,,emp7681@mail.com
7682,EMP07682,F,42.0,10.0,Intern,2025-07-01,6 LPA,INVALID
7683,EMP07683,Male,34.0,20.0,Engineer,2023-01-15,350000,
7684,EMP07684,,51.0,4.0,Intern,2025-07-01,6 LPA,INVALID
7685,EMP07685,M,55.0,10.0,Manager,2023-01-15,500000,
7686,EMP07686,Male,51.0,11.0,Engineer,2025-07-01,-10000,emp7686@mail.com
7687,EMP07687,Male,27.0,99.0,Analyst,,800000,INVALID
7688,EMP07688,male,56.0,2.0,HR,,-10000,INVALID
7689,EMP07689,male,44.0,20.0,Intern,15/02/2024,500000,
7690,EMP07690,Male,22.0,9.0,Engineer,,500000,INVALID
7691,EMP07691,M,51.0,13.0,HR,2025-07-01,,emp7691@mail.com
7692,EMP07692,male,27.0,14.0,QA,15/02/2024,500000,
7693,EMP07693,F,27.0,14.0,Analyst,15/02/2024,500000,INVALID
7694,EMP07694,F,29.0,12.0,Intern,,800000,
7695,EMP07695,F,38.0,3.0,Engineer,2025-07-01,800000,
7696,EMP07696,male,22.0,3.0,QA,,,INVALID
7697,EMP07697,F,37.0,5.0,QA,,,
7698,EMP07698,M,32.0,8.0,Analyst,2023-01-15,500000,INVALID
7699,EMP07699,Male,34.0,15.0,HR,2023-01-15,800000,
7700,EMP07700,,56.0,20.0,Analyst,,6 LPA,emp7700@mail.com
7701,EMP07701,,39.0,6.0,HR,2023-01-15,6 LPA,emp7701@mail.com
7702,EMP07702,,45.0,4.0,QA,,800000,
7703,EMP07703,M,30.0,7.0,QA,,500000,emp7703@mail.com
7704,EMP07704,Male,52.0,15.0,QA,,-10000,emp7704@mail.com
7705,EMP07705,M,31.0,5.0,Engineer,,,emp7705@mail.com
7706,EMP07706,F,20.0,3.0,Manager,,-10000,
7707,EMP07707,M,38.0,,QA,15/02/2024,350000,
7708,EMP07708,Female,24.0,99.0,Engineer,,350000,
7709,EMP07709,F,54.0,3.0,Intern,,800000,emp7709@mail.com
7710,EMP07710,Female,48.0,3.0,HR,2025-07-01,500000,emp7710@mail.com
7711,EMP07711,male,58.0,10.0,Manager,2025-07-01,6 LPA,INVALID
7712,EMP07712,Female,52.0,7.0,HR,2025-07-01,,
7713,EMP07713,,29.0,14.0,Analyst,2023-01-15,,
7714,EMP07714,Female,44.0,15.0,Manager,15/02/2024,350000,INVALID
7715,EMP07715,,25.0,9.0,Intern,2023-01-15,-10000,
7716,EMP07716,M,56.0,16.0,Intern,2025-07-01,350000,emp7716@mail.com
7717,EMP07717,M,23.0,15.0,HR,,-10000,
7718,EMP07718,F,43.0,9.0,Intern,15/02/2024,,
7719,EMP07719,M,38.0,99.0,Intern,2023-01-15,,INVALID
7720,EMP07720,Male,46.0,,Engineer,,6 LPA,
7721,EMP07721,Female,58.0,19.0,QA,2025-07-01,-10000,
7722,EMP07722,male,31.0,1.0,Analyst,15/02/2024,-10000,
7723,EMP07723,male,21.0,14.0,Engineer,,6 LPA,emp7723@mail.com
7724,EMP07724,Female,59.0,99.0,QA,,350000,
7725,EMP07725,Female,47.0,17.0,Analyst,,6 LPA,INVALID
7726,EMP07726,Male,40.0,2.0,HR,2023-01-15,-10000,INVALID
7727,EMP07727,,25.0,13.0,Engineer,2023-01-15,6 LPA,
7728,EMP07728,Female,45.0,11.0,QA,2023-01-15,,INVALID
7729,EMP07729,M,23.0,12.0,QA,,500000,emp7729@mail.com
7730,EMP07730,,37.0,4.0,Analyst,,6 LPA,emp7730@mail.com
7731,EMP07731,M,47.0,4.0,Engineer,2025-07-01,-10000,INVALID
7732,EMP07732,Male,51.0,12.0,HR,,350000,
7733,EMP07733,Female,32.0,17.0,Manager,,350000,
7734,EMP07734,Female,33.0,12.0,QA,,6 LPA,
7735,EMP07735,Female,42.0,7.0,Analyst,2023-01-15,800000,INVALID
7736,EMP07736,,28.0,5.0,HR,15/02/2024,6 LPA,emp7736@mail.com
7737,EMP07737,F,42.0,6.0,Manager,,350000,INVALID
7738,EMP07738,,24.0,6.0,QA,15/02/2024,350000,emp7738@mail.com
7739,EMP07739,F,35.0,5.0,Analyst,2023-01-15,-10000,
7740,EMP07740,male,25.0,5.0,HR,,,
7741,EMP07741,Male,38.0,11.0,HR,2023-01-15,500000,
7742,EMP07742,,32.0,13.0,Engineer,15/02/2024,,INVALID
7743,EMP07743,Female,42.0,16.0,HR,,-10000,
7744,EMP07744,Female,56.0,99.0,Manager,2025-07-01,6 LPA,
7745,EMP07745,male,46.0,3.0,QA,2025-07-01,500000,
7746,EMP07746,Female,48.0,1.0,QA,,-10000,
7747,EMP07747,M,32.0,16.0,QA,2025-07-01,800000,
7748,EMP07748,F,48.0,20.0,Analyst,2025-07-01,350000,
7749,EMP07749,M,39.0,9.0,Engineer,,800000,
7750,EMP07750,Female,59.0,7.0,QA,15/02/2024,350000,
7751,EMP07751,F,99.0,10.0,Manager,15/02/2024,-10000,INVALID
7752,EMP07752,F,46.0,6.0,Engineer,,,INVALID
7753,EMP07753,male,52.0,7.0,HR,,6 LPA,
7754,EMP07754,Male,43.0,4.0,Manager,,500000,
7755,EMP07755,,22.0,16.0,Analyst,,800000,emp7755@mail.com
7756,EMP07756,male,56.0,18.0,HR,,350000,INVALID
7757,EMP07757,Male,46.0,12.0,Engineer,,350000,
7758,EMP07758,Female,56.0,5.0,Engineer,15/02/2024,6 LPA,
7759,EMP07759,,49.0,14.0,Analyst,2023-01-15,800000,
7760,EMP07760,Male,37.0,16.0,HR,,350000,
7761,EMP07761,M,49.0,3.0,Intern,15/02/2024,,emp7761@mail.com
7762,EMP07762,M,58.0,14.0,QA,,350000,
7763,EMP07763,M,38.0,6.0,Analyst,2023-01-15,-10000,emp7763@mail.com
7764,EMP07764,Female,31.0,5.0,QA,2025-07-01,,
7765,EMP07765,F,28.0,11.0,Intern,2023-01-15,350000,
7766,EMP07766,male,99.0,,Engineer,,500000,INVALID
7767,EMP07767,Male,44.0,5.0,Intern,,6 LPA,INVALID
7768,EMP07768,F,34.0,20.0,HR,2025-07-01,6 LPA,
7769,EMP07769,male,49.0,16.0,Engineer,,,emp7769@mail.com
7770,EMP07770,M,57.0,15.0,QA,2023-01-15,500000,
7771,EMP07771,F,59.0,14.0,HR,15/02/2024,500000,
7772,EMP07772,F,43.0,20.0,HR,,6 LPA,
7773,EMP07773,Female,34.0,18.0,HR,2025-07-01,6 LPA,
7774,EMP07774,male,47.0,9.0,HR,,6 LPA,INVALID
7775,EMP07775,Female,60.0,,Manager,,350000,
7776,EMP07776,male,45.0,11.0,HR,2025-07-01,350000,INVALID
7777,EMP07777,Male,46.0,10.0,QA,2025-07-01,-10000,INVALID
7778,EMP07778,,,7.0,Engineer,15/02/2024,350000,INVALID
7779,EMP07779,,35.0,9.0,Intern,2025-07-01,350000,INVALID
7780,EMP07780,Female,59.0,12.0,QA,15/02/2024,-10000,
7781,EMP07781,Male,,3.0,QA,15/02/2024,6 LPA,
7782,EMP07782,male,38.0,20.0,Manager,15/02/2024,500000,
7783,EMP07783,,36.0,2.0,HR,2023-01-15,-10000,INVALID
7784,EMP07784,male,41.0,5.0,Engineer,2023-01-15,-10000,emp7784@mail.com
7785,EMP07785,M,54.0,4.0,HR,,,
7786,EMP07786,Male,-2.0,99.0,Engineer,15/02/2024,-10000,
7787,EMP07787,F,-2.0,12.0,Engineer,15/02/2024,350000,emp7787@mail.com
7788,EMP07788,F,35.0,13.0,HR,15/02/2024,500000,
7789,EMP07789,Female,57.0,15.0,Engineer,,,emp7789@mail.com
7790,EMP07790,F,59.0,3.0,Manager,,6 LPA,
7791,EMP07791,M,26.0,11.0,Analyst,2025-07-01,500000,emp7791@mail.com
7792,EMP07792,M,53.0,7.0,Engineer,15/02/2024,,emp7792@mail.com
7793,EMP07793,male,55.0,11.0,HR,2023-01-15,6 LPA,INVALID
7794,EMP07794,Male,,99.0,Engineer,,500000,
7795,EMP07795,F,52.0,5.0,HR,,-10000,emp7795@mail.com
7796,EMP07796,M,37.0,13.0,Engineer,2025-07-01,500000,
7797,EMP07797,Female,55.0,16.0,Intern,15/02/2024,800000,
7798,EMP07798,Female,46.0,19.0,Intern,2023-01-15,800000,emp7798@mail.com
7799,EMP07799,male,38.0,15.0,Manager,,350000,
7800,EMP07800,,31.0,20.0,HR,,800000,
7801,EMP07801,Male,28.0,11.0,HR,,-10000,
7802,EMP07802,,99.0,99.0,Intern,,6 LPA,
7803,EMP07803,F,48.0,4.0,Analyst,2023-01-15,350000,
7804,EMP07804,Female,36.0,3.0,Analyst,2023-01-15,6 LPA,emp7804@mail.com
7805,EMP07805,F,39.0,8.0,Engineer,,,
7806,EMP07806,,28.0,7.0,Engineer,,800000,
7807,EMP07807,,42.0,13.0,QA,,800000,INVALID
7808,EMP07808,Female,56.0,14.0,Manager,15/02/2024,6 LPA,
7809,EMP07809,Female,60.0,14.0,HR,15/02/2024,,
7810,EMP07810,,60.0,11.0,HR,2025-07-01,350000,INVALID
7811,EMP07811,Male,59.0,14.0,Engineer,2023-01-15,500000,emp7811@mail.com
7812,EMP07812,F,42.0,8.0,Intern,,-10000,
7813,EMP07813,F,27.0,5.0,QA,2023-01-15,-10000,
7814,EMP07814,M,26.0,99.0,Intern,2023-01-15,500000,
7815,EMP07815,male,20.0,10.0,Engineer,,800000,
7816,EMP07816,,,8.0,Engineer,15/02/2024,500000,
7817,EMP07817,male,-2.0,13.0,Intern,2025-07-01,350000,
7818,EMP07818,Male,57.0,17.0,HR,,6 LPA,
7819,EMP07819,F,39.0,18.0,Intern,15/02/2024,-10000,emp7819@mail.com
7820,EMP07820,Male,29.0,16.0,HR,,6 LPA,INVALID
7821,EMP07821,,29.0,17.0,Intern,2025-07-01,350000,
7822,EMP07822,,37.0,6.0,Engineer,,500000,emp7822@mail.com
7823,EMP07823,Female,30.0,15.0,Intern,2025-07-01,800000,emp7823@mail.com
7824,EMP07824,male,44.0,9.0,Engineer,,6 LPA,
7825,EMP07825,Male,42.0,11.0,HR,15/02/2024,800000,
7826,EMP07826,M,30.0,9.0,Engineer,2025-07-01,800000,INVALID
7827,EMP07827,F,51.0,14.0,QA,,,
7828,EMP07828,F,60.0,10.0,QA,2025-07-01,350000,emp7828@mail.com
7829,EMP07829,M,59.0,14.0,QA,2025-07-01,6 LPA,emp7829@mail.com
7830,EMP07830,,20.0,10.0,Analyst,,,emp7830@mail.com
7831,EMP07831,F,33.0,4.0,Engineer,,500000,
7832,EMP07832,F,,12.0,HR,15/02/2024,350000,
7833,EMP07833,,36.0,18.0,QA,2025-07-01,500000,emp7833@mail.com
7834,EMP07834,F,38.0,13.0,Analyst,,350000,
7835,EMP07835,male,56.0,1.0,Analyst,2025-07-01,,
7836,EMP07836,male,47.0,15.0,HR,,-10000,
7837,EMP07837,Male,45.0,,Manager,2023-01-15,500000,emp7837@mail.com
7838,EMP07838,M,51.0,10.0,QA,,800000,
7839,EMP07839,Female,57.0,16.0,Manager,,6 LPA,emp7839@mail.com
7840,EMP07840,Male,53.0,3.0,Manager,2025-07-01,350000,
7841,EMP07841,,45.0,99.0,Engineer,,-10000,
7842,EMP07842,male,44.0,14.0,Analyst,,-10000,
7843,EMP07843,Male,57.0,16.0,HR,,-10000,INVALID
7844,EMP07844,,36.0,1.0,HR,,,
7845,EMP07845,M,42.0,20.0,QA,2023-01-15,800000,
7846,EMP07846,Male,25.0,99.0,HR,2023-01-15,-10000,INVALID
7847,EMP07847,M,57.0,17.0,Intern,,350000,
7848,EMP07848,,21.0,,Analyst,2023-01-15,500000,
7849,EMP07849,F,51.0,17.0,Engineer,2025-07-01,500000,
7850,EMP07850,F,29.0,7.0,Analyst,,,
7851,EMP07851,male,39.0,19.0,Engineer,2023-01-15,-10000,
7852,EMP07852,Female,23.0,14.0,Manager,2023-01-15,500000,
7853,EMP07853,M,51.0,15.0,HR,15/02/2024,350000,INVALID
7854,EMP07854,F,53.0,12.0,Engineer,2023-01-15,500000,INVALID
7855,EMP07855,male,20.0,17.0,Engineer,,6 LPA,
7856,EMP07856,male,24.0,5.0,QA,2025-07-01,350000,
7857,EMP07857,M,53.0,6.0,HR,2023-01-15,,
7858,EMP07858,,36.0,13.0,Engineer,,350000,INVALID
7859,EMP07859,,34.0,11.0,Engineer,,500000,
7860,EMP07860,Male,49.0,20.0,QA,2025-07-01,6 LPA,
7861,EMP07861,Female,47.0,3.0,Manager,,350000,emp7861@mail.com
7862,EMP07862,male,38.0,6.0,Engineer,,500000,emp7862@mail.com
7863,EMP07863,male,46.0,5.0,Manager,,,
7864,EMP07864,M,54.0,19.0,HR,,800000,INVALID
7865,EMP07865,M,35.0,15.0,QA,,350000,
7866,EMP07866,Female,42.0,1.0,Manager,15/02/2024,350000,
7867,EMP07867,male,28.0,17.0,QA,2023-01-15,350000,INVALID
7868,EMP07868,,36.0,1.0,QA,15/02/2024,800000,INVALID
7869,EMP07869,F,43.0,5.0,Intern,,800000,
7870,EMP07870,Male,37.0,7.0,Intern,15/02/2024,-10000,
7871,EMP07871,Female,22.0,3.0,HR,2025-07-01,,
7872,EMP07872,,35.0,8.0,HR,,6 LPA,emp7872@mail.com
7873,EMP07873,male,55.0,1.0,Analyst,2023-01-15,-10000,emp7873@mail.com
7874,EMP07874,Male,60.0,2.0,Analyst,2023-01-15,,INVALID
7875,EMP07875,Female,46.0,12.0,Analyst,15/02/2024,-10000,INVALID
7876,EMP07876,M,39.0,13.0,Analyst,15/02/2024,800000,INVALID
7877,EMP07877,F,43.0,4.0,Analyst,,,emp7877@mail.com
7878,EMP07878,Male,24.0,17.0,Manager,,6 LPA,emp7878@mail.com
7879,EMP07879,M,30.0,5.0,QA,,6 LPA,emp7879@mail.com
7880,EMP07880,,37.0,2.0,Analyst,2023-01-15,6 LPA,
7881,EMP07881,Female,23.0,99.0,Intern,15/02/2024,800000,INVALID
7882,EMP07882,F,31.0,17.0,Intern,,-10000,INVALID
7883,EMP07883,F,49.0,17.0,Manager,2023-01-15,500000,
7884,EMP07884,Female,-2.0,,HR,,350000,emp7884@mail.com
7885,EMP07885,Male,34.0,12.0,Intern,15/02/2024,,emp7885@mail.com
7886,EMP07886,Male,36.0,10.0,Intern,,,
7887,EMP07887,F,33.0,9.0,HR,2025-07-01,6 LPA,INVALID
7888,EMP07888,Female,46.0,14.0,Analyst,2023-01-15,500000,emp7888@mail.com
7889,EMP07889,M,52.0,99.0,Engineer,,500000,
7890,EMP07890,M,45.0,15.0,Analyst,2023-01-15,6 LPA,
7891,EMP07891,male,49.0,6.0,Engineer,2025-07-01,500000,
7892,EMP07892,F,46.0,7.0,QA,2023-01-15,-10000,
7893,EMP07893,,99.0,14.0,HR,,-10000,
7894,EMP07894,Male,48.0,99.0,Manager,,350000,
7895,EMP07895,M,21.0,19.0,Manager,15/02/2024,,
7896,EMP07896,male,33.0,18.0,HR,2025-07-01,6 LPA,emp7896@mail.com
7897,EMP07897,Male,31.0,,Engineer,,,
7898,EMP07898,M,27.0,14.0,HR,15/02/2024,800000,INVALID
7899,EMP07899,Female,35.0,8.0,Manager,,-10000,
7900,EMP07900,M,57.0,9.0,Analyst,2025-07-01,800000,INVALID
7901,EMP07901,,34.0,9.0,HR,2025-07-01,-10000,emp7901@mail.com
7902,EMP07902,Female,39.0,18.0,QA,2025-07-01,,
7903,EMP07903,Male,35.0,3.0,Analyst,2025-07-01,800000,INVALID
7904,EMP07904,Male,21.0,20.0,Manager,15/02/2024,6 LPA,
7905,EMP07905,Male,30.0,17.0,Manager,15/02/2024,800000,
7906,EMP07906,Male,26.0,20.0,Intern,,-10000,emp7906@mail.com
7907,EMP07907,Female,44.0,16.0,HR,,-10000,
7908,EMP07908,male,43.0,99.0,Analyst,,6 LPA,
7909,EMP07909,male,48.0,16.0,HR,,500000,
7910,EMP07910,Male,41.0,17.0,Engineer,15/02/2024,6 LPA,
7911,EMP07911,Female,44.0,7.0,Manager,2025-07-01,800000,INVALID
7912,EMP07912,F,44.0,20.0,Intern,,800000,emp7912@mail.com
7913,EMP07913,Male,33.0,15.0,QA,,500000,
7914,EMP07914,M,45.0,9.0,QA,,500000,INVALID
7915,EMP07915,,25.0,,HR,2023-01-15,-10000,
7916,EMP07916,Male,47.0,4.0,Engineer,,-10000,
7917,EMP07917,Male,38.0,1.0,Engineer,2023-01-15,800000,
7918,EMP07918,M,44.0,13.0,Analyst,,6 LPA,
7919,EMP07919,Female,55.0,4.0,Manager,,500000,
7920,EMP07920,Female,99.0,5.0,QA,15/02/2024,350000,INVALID
7921,EMP07921,M,27.0,5.0,Intern,2025-07-01,500000,INVALID
7922,EMP07922,Female,58.0,1.0,Manager,2025-07-01,500000,
7923,EMP07923,male,40.0,4.0,Engineer,,-10000,emp7923@mail.com
7924,EMP07924,male,43.0,19.0,QA,15/02/2024,800000,
7925,EMP07925,M,21.0,16.0,Analyst,15/02/2024,6 LPA,
7926,EMP07926,,40.0,15.0,Intern,2023-01-15,500000,emp7926@mail.com
7927,EMP07927,male,57.0,20.0,Engineer,15/02/2024,6 LPA,
7928,EMP07928,F,29.0,16.0,QA,2025-07-01,800000,
7929,EMP07929,Male,58.0,10.0,Manager,,800000,
7930,EMP07930,M,56.0,7.0,QA,,,
7931,EMP07931,male,48.0,7.0,Intern,15/02/2024,6 LPA,emp7931@mail.com
7932,EMP07932,male,36.0,8.0,Manager,,6 LPA,INVALID
7933,EMP07933,M,38.0,13.0,Manager,,350000,emp7933@mail.com
7934,EMP07934,Female,30.0,20.0,HR,2025-07-01,800000,INVALID
7935,EMP07935,,48.0,14.0,HR,2023-01-15,800000,emp7935@mail.com
7936,EMP07936,Female,57.0,11.0,Intern,15/02/2024,-10000,
7937,EMP07937,Male,59.0,5.0,Analyst,,6 LPA,
7938,EMP07938,Female,49.0,13.0,HR,,,INVALID
7939,EMP07939,F,35.0,14.0,Manager,15/02/2024,500000,emp7939@mail.com
7940,EMP07940,F,34.0,12.0,Intern,2025-07-01,350000,INVALID
7941,EMP07941,Female,99.0,14.0,Manager,15/02/2024,350000,
7942,EMP07942,Female,28.0,17.0,Analyst,15/02/2024,500000,emp7942@mail.com
7943,EMP07943,M,32.0,12.0,Engineer,2025-07-01,-10000,INVALID
7944,EMP07944,F,52.0,6.0,Manager,,,emp7944@mail.com
7945,EMP07945,Male,99.0,9.0,HR,15/02/2024,800000,emp7945@mail.com
7946,EMP07946,Female,55.0,19.0,HR,2023-01-15,350000,
7947,EMP07947,M,21.0,10.0,Manager,,800000,emp7947@mail.com
7948,EMP07948,,55.0,20.0,Engineer,2023-01-15,6 LPA,INVALID
7949,EMP07949,Female,23.0,9.0,Intern,15/02/2024,-10000,emp7949@mail.com
7950,EMP07950,Male,26.0,11.0,Manager,2025-07-01,500000,emp7950@mail.com
7951,EMP07951,Female,58.0,20.0,Manager,15/02/2024,,
7952,EMP07952,male,46.0,16.0,HR,2023-01-15,350000,INVALID
7953,EMP07953,F,50.0,9.0,Engineer,,6 LPA,emp7953@mail.com
7954,EMP07954,Male,35.0,18.0,QA,2023-01-15,-10000,
7955,EMP07955,,58.0,11.0,Manager,,350000,
7956,EMP07956,,99.0,7.0,HR,15/02/2024,500000,emp7956@mail.com
7957,EMP07957,Male,27.0,7.0,QA,2023-01-15,800000,INVALID
7958,EMP07958,male,99.0,7.0,HR,,800000,
7959,EMP07959,male,20.0,19.0,Analyst,,800000,
7960,EMP07960,Female,50.0,2.0,Manager,2023-01-15,,
7961,EMP07961,male,35.0,11.0,HR,,-10000,INVALID
7962,EMP07962,,58.0,5.0,QA,2023-01-15,6 LPA,emp7962@mail.com
7963,EMP07963,male,46.0,16.0,Analyst,,800000,INVALID
7964,EMP07964,male,36.0,9.0,Manager,2025-07-01,800000,INVALID
7965,EMP07965,,41.0,8.0,Manager,2025-07-01,,
7966,EMP07966,,44.0,18.0,Engineer,15/02/2024,350000,
7967,EMP07967,M,24.0,10.0,HR,,350000,INVALID
7968,EMP07968,,49.0,13.0,QA,,500000,emp7968@mail.com
7969,EMP07969,F,48.0,15.0,Intern,2025-07-01,500000,emp7969@mail.com
7970,EMP07970,,25.0,9.0,QA,,,emp7970@mail.com
7971,EMP07971,Female,57.0,2.0,Intern,2025-07-01,6 LPA,
7972,EMP07972,Female,55.0,18.0,Engineer,,800000,
7973,EMP07973,Male,43.0,5.0,QA,,6 LPA,
7974,EMP07974,male,29.0,9.0,Intern,2023-01-15,350000,
7975,EMP07975,,,12.0,Analyst,2025-07-01,800000,emp7975@mail.com
7976,EMP07976,Female,36.0,1.0,Analyst,2025-07-01,350000,
7977,EMP07977,M,31.0,2.0,Intern,2023-01-15,6 LPA,emp7977@mail.com
7978,EMP07978,M,34.0,6.0,Engineer,2025-07-01,500000,emp7978@mail.com
7979,EMP07979,,48.0,17.0,Intern,2025-07-01,350000,emp7979@mail.com
7980,EMP07980,M,46.0,9.0,Engineer,,500000,emp7980@mail.com
7981,EMP07981,M,49.0,4.0,Intern,,800000,emp7981@mail.com
7982,EMP07982,Male,26.0,7.0,HR,2023-01-15,800000,emp7982@mail.com
7983,EMP07983,,60.0,19.0,QA,2023-01-15,350000,INVALID
7984,EMP07984,,29.0,14.0,QA,2025-07-01,-10000,INVALID
7985,EMP07985,Female,99.0,15.0,Intern,15/02/2024,800000,
7986,EMP07986,Male,60.0,4.0,QA,2025-07-01,,
7987,EMP07987,male,55.0,99.0,Engineer,15/02/2024,350000,
7988,EMP07988,M,,10.0,Engineer,,-10000,emp7988@mail.com
7989,EMP07989,Female,37.0,20.0,HR,,800000,
7990,EMP07990,Male,55.0,11.0,Manager,2025-07-01,800000,INVALID
7991,EMP07991,Female,39.0,10.0,Analyst,2025-07-01,6 LPA,
7992,EMP07992,Female,52.0,7.0,Engineer,15/02/2024,350000,emp7992@mail.com
7993,EMP07993,,40.0,,Analyst,15/02/2024,800000,INVALID
7994,EMP07994,Female,48.0,10.0,Analyst,2025-07-01,800000,INVALID
7995,EMP07995,F,49.0,15.0,Engineer,2025-07-01,,emp7995@mail.com
7996,EMP07996,male,20.0,4.0,HR,,,
7997,EMP07997,,35.0,14.0,Engineer,15/02/2024,,
7998,EMP07998,F,32.0,17.0,Engineer,,800000,INVALID
7999,EMP07999,,30.0,12.0,Manager,15/02/2024,6 LPA,
8000,EMP08000,Male,36.0,8.0,QA,15/02/2024,,
8001,EMP08001,Male,21.0,10.0,HR,2025-07-01,350000,
8002,EMP08002,M,37.0,14.0,QA,15/02/2024,800000,emp8002@mail.com
8003,EMP08003,Female,46.0,,Intern,2025-07-01,800000,
8004,EMP08004,Male,45.0,3.0,Intern,2025-07-01,-10000,INVALID
8005,EMP08005,,52.0,8.0,Engineer,,-10000,
8006,EMP08006,Female,43.0,,Analyst,2025-07-01,800000,
8007,EMP08007,Female,49.0,14.0,Analyst,2025-07-01,-10000,emp8007@mail.com
8008,EMP08008,Male,34.0,20.0,Engineer,15/02/2024,-10000,
8009,EMP08009,F,37.0,19.0,HR,15/02/2024,-10000,INVALID
8010,EMP08010,Male,49.0,,Manager,,,emp8010@mail.com
8011,EMP08011,M,52.0,1.0,Engineer,2025-07-01,350000,INVALID
8012,EMP08012,M,55.0,13.0,Manager,15/02/2024,500000,INVALID
8013,EMP08013,male,59.0,4.0,Manager,,350000,INVALID
8014,EMP08014,M,52.0,8.0,Analyst,,800000,
8015,EMP08015,M,42.0,7.0,Manager,,500000,
8016,EMP08016,Female,58.0,8.0,QA,2023-01-15,350000,emp8016@mail.com
8017,EMP08017,Male,31.0,8.0,QA,,6 LPA,emp8017@mail.com
8018,EMP08018,Female,55.0,2.0,HR,15/02/2024,-10000,INVALID
8019,EMP08019,Male,25.0,9.0,Analyst,15/02/2024,500000,
8020,EMP08020,Female,56.0,7.0,Intern,2025-07-01,350000,
8021,EMP08021,F,50.0,8.0,Analyst,,,
8022,EMP08022,male,28.0,6.0,Engineer,,-10000,emp8022@mail.com
8023,EMP08023,Female,48.0,99.0,HR,15/02/2024,800000,
8024,EMP08024,F,55.0,12.0,Engineer,2025-07-01,,
8025,EMP08025,male,40.0,3.0,Engineer,2025-07-01,6 LPA,
8026,EMP08026,male,36.0,7.0,Intern,15/02/2024,6 LPA,
8027,EMP08027,M,,7.0,Manager,2023-01-15,6 LPA,INVALID
8028,EMP08028,Male,34.0,16.0,Manager,2025-07-01,350000,
8029,EMP08029,male,29.0,11.0,Analyst,,350000,
8030,EMP08030,Male,32.0,2.0,Manager,2023-01-15,-10000,INVALID
8031,EMP08031,Female,36.0,13.0,Engineer,15/02/2024,-10000,INVALID
8032,EMP08032,male,34.0,9.0,Analyst,15/02/2024,6 LPA,
8033,EMP08033,,53.0,6.0,Engineer,15/02/2024,500000,
8034,EMP08034,M,26.0,14.0,QA,2023-01-15,800000,emp8034@mail.com
8035,EMP08035,M,55.0,14.0,Analyst,2025-07-01,-10000,emp8035@mail.com
8036,EMP08036,Female,32.0,19.0,Engineer,2023-01-15,,
8037,EMP08037,Female,50.0,17.0,Manager,,800000,emp8037@mail.com
8038,EMP08038,F,38.0,8.0,Analyst,15/02/2024,350000,
8039,EMP08039,Female,21.0,16.0,Manager,2025-07-01,500000,emp8039@mail.com
8040,EMP08040,M,20.0,7.0,Analyst,,350000,INVALID
8041,EMP08041,Male,33.0,8.0,Engineer,,6 LPA,emp8041@mail.com
8042,EMP08042,Male,36.0,19.0,Manager,,350000,INVALID
8043,EMP08043,Female,38.0,14.0,QA,,500000,INVALID
8044,EMP08044,,40.0,2.0,Analyst,,,INVALID
8045,EMP08045,F,44.0,7.0,Intern,,350000,
8046,EMP08046,,47.0,18.0,Intern,2025-07-01,,INVALID
8047,EMP08047,Female,40.0,12.0,Manager,15/02/2024,500000,emp8047@mail.com
8048,EMP08048,F,21.0,11.0,Manager,,,
8049,EMP08049,Male,58.0,9.0,Engineer,,-10000,
8050,EMP08050,M,34.0,12.0,Manager,2023-01-15,6 LPA,emp8050@mail.com
8051,EMP08051,male,48.0,4.0,Intern,2025-07-01,350000,emp8051@mail.com
8052,EMP08052,Female,31.0,7.0,HR,2023-01-15,6 LPA,INVALID
8053,EMP08053,Male,43.0,2.0,HR,2025-07-01,500000,emp8053@mail.com
8054,EMP08054,,46.0,12.0,Intern,15/02/2024,,emp8054@mail.com
8055,EMP08055,F,30.0,3.0,QA,2025-07-01,800000,
8056,EMP08056,male,23.0,,Intern,2025-07-01,6 LPA,emp8056@mail.com
8057,EMP08057,Male,30.0,9.0,Engineer,,350000,
8058,EMP08058,Male,50.0,3.0,Analyst,2025-07-01,-10000,
8059,EMP08059,Male,44.0,14.0,Analyst,,-10000,INVALID
8060,EMP08060,M,51.0,4.0,Intern,15/02/2024,800000,emp8060@mail.com
8061,EMP08061,male,53.0,7.0,HR,,,
8062,EMP08062,F,-2.0,8.0,Engineer,2023-01-15,500000,
8063,EMP08063,Female,34.0,11.0,Intern,2025-07-01,350000,
8064,EMP08064,Female,54.0,19.0,Analyst,,500000,INVALID
8065,EMP08065,Female,41.0,11.0,HR,2025-07-01,350000,
8066,EMP08066,M,56.0,12.0,Engineer,,350000,emp8066@mail.com
8067,EMP08067,male,32.0,99.0,Manager,15/02/2024,-10000,INVALID
8068,EMP08068,Male,46.0,14.0,QA,15/02/2024,,
8069,EMP08069,Male,23.0,14.0,HR,15/02/2024,6 LPA,emp8069@mail.com
8070,EMP08070,Male,49.0,2.0,QA,15/02/2024,,
8071,EMP08071,male,50.0,10.0,HR,15/02/2024,-10000,INVALID
8072,EMP08072,male,31.0,15.0,Engineer,,,
8073,EMP08073,M,57.0,12.0,HR,,800000,emp8073@mail.com
8074,EMP08074,Male,38.0,99.0,Manager,15/02/2024,800000,
8075,EMP08075,male,28.0,3.0,Intern,15/02/2024,800000,
8076,EMP08076,,-2.0,17.0,Intern,,800000,INVALID
8077,EMP08077,male,30.0,16.0,Analyst,2025-07-01,-10000,INVALID
8078,EMP08078,F,57.0,19.0,Manager,15/02/2024,500000,
8079,EMP08079,male,21.0,12.0,HR,,350000,INVALID
8080,EMP08080,,56.0,19.0,Analyst,,800000,
8081,EMP08081,F,45.0,5.0,Analyst,2023-01-15,800000,
8082,EMP08082,male,22.0,20.0,Analyst,15/02/2024,,
8083,EMP08083,male,27.0,15.0,Analyst,15/02/2024,6 LPA,
8084,EMP08084,M,23.0,6.0,Intern,,350000,
8085,EMP08085,F,21.0,,Manager,2023-01-15,800000,
8086,EMP08086,male,39.0,11.0,Engineer,,800000,INVALID
8087,EMP08087,Female,32.0,3.0,Engineer,,-10000,
8088,EMP08088,male,24.0,,Engineer,2023-01-15,350000,INVALID
8089,EMP08089,male,46.0,17.0,QA,2023-01-15,6 LPA,INVALID
8090,EMP08090,Male,45.0,12.0,Engineer,,350000,
8091,EMP08091,Male,20.0,2.0,Intern,2023-01-15,-10000,INVALID
8092,EMP08092,,40.0,99.0,Intern,,-10000,INVALID
8093,EMP08093,F,43.0,,HR,,-10000,emp8093@mail.com
8094,EMP08094,Female,41.0,11.0,Analyst,15/02/2024,,INVALID
8095,EMP08095,M,60.0,14.0,Manager,,500000,
8096,EMP08096,Male,39.0,15.0,Analyst,2025-07-01,500000,INVALID
8097,EMP08097,,23.0,18.0,Intern,,6 LPA,emp8097@mail.com
8098,EMP08098,F,57.0,4.0,QA,2025-07-01,350000,INVALID
8099,EMP08099,Male,52.0,5.0,Analyst,,-10000,
8100,EMP08100,M,36.0,16.0,Engineer,2023-01-15,,INVALID
8101,EMP08101,,37.0,13.0,Engineer,,500000,emp8101@mail.com
8102,EMP08102,Female,25.0,10.0,HR,2023-01-15,800000,INVALID
8103,EMP08103,,32.0,18.0,HR,15/02/2024,-10000,INVALID
8104,EMP08104,F,47.0,99.0,QA,2023-01-15,350000,
8105,EMP08105,male,26.0,20.0,QA,2025-07-01,,emp8105@mail.com
8106,EMP08106,M,99.0,1.0,HR,2023-01-15,-10000,
8107,EMP08107,Female,56.0,15.0,Engineer,2025-07-01,350000,INVALID
8108,EMP08108,Male,,,Engineer,2025-07-01,350000,INVALID
8109,EMP08109,Male,23.0,,Engineer,15/02/2024,,
8110,EMP08110,Male,48.0,19.0,Engineer,2025-07-01,-10000,
8111,EMP08111,,53.0,8.0,HR,,800000,
8112,EMP08112,Female,55.0,8.0,QA,15/02/2024,500000,emp8112@mail.com
8113,EMP08113,Female,33.0,17.0,Manager,,500000,emp8113@mail.com
8114,EMP08114,Female,52.0,1.0,QA,15/02/2024,6 LPA,
8115,EMP08115,M,24.0,18.0,HR,15/02/2024,6 LPA,
8116,EMP08116,male,42.0,99.0,QA,2023-01-15,500000,
8117,EMP08117,F,36.0,17.0,Intern,,,emp8117@mail.com
8118,EMP08118,,40.0,9.0,Analyst,,500000,
8119,EMP08119,male,26.0,4.0,Intern,,350000,
8120,EMP08120,male,22.0,99.0,QA,15/02/2024,6 LPA,
8121,EMP08121,male,20.0,,QA,,6 LPA,
8122,EMP08122,,54.0,2.0,HR,15/02/2024,350000,INVALID
8123,EMP08123,Female,23.0,2.0,HR,2025-07-01,-10000,emp8123@mail.com
8124,EMP08124,male,29.0,7.0,Analyst,,-10000,INVALID
8125,EMP08125,male,32.0,4.0,HR,15/02/2024,800000,INVALID
8126,EMP08126,male,29.0,12.0,Intern,2023-01-15,6 LPA,
8127,EMP08127,male,22.0,1.0,Analyst,,500000,
8128,EMP08128,,46.0,16.0,Analyst,15/02/2024,6 LPA,
8129,EMP08129,F,33.0,17.0,Manager,2025-07-01,-10000,INVALID
8130,EMP08130,M,40.0,19.0,HR,2025-07-01,,emp8130@mail.com
8131,EMP08131,male,31.0,13.0,HR,15/02/2024,-10000,
8132,EMP08132,,20.0,15.0,Manager,,6 LPA,
8133,EMP08133,Female,29.0,8.0,Engineer,,,INVALID
8134,EMP08134,F,43.0,20.0,Intern,,,
8135,EMP08135,Female,23.0,12.0,Analyst,2023-01-15,-10000,
8136,EMP08136,Male,40.0,10.0,HR,2023-01-15,800000,
8137,EMP08137,,57.0,7.0,Engineer,2023-01-15,350000,
8138,EMP08138,male,21.0,1.0,Engineer,2023-01-15,800000,
8139,EMP08139,F,55.0,2.0,Analyst,2025-07-01,350000,
8140,EMP08140,M,44.0,4.0,Manager,15/02/2024,-10000,
8141,EMP08141,Female,60.0,11.0,HR,15/02/2024,350000,
8142,EMP08142,F,51.0,4.0,Manager,15/02/2024,6 LPA,INVALID
8143,EMP08143,male,58.0,14.0,Intern,15/02/2024,-10000,INVALID
8144,EMP08144,,44.0,6.0,Engineer,,350000,
8145,EMP08145,M,25.0,10.0,Analyst,,800000,emp8145@mail.com
8146,EMP08146,Male,38.0,7.0,HR,,6 LPA,INVALID
8147,EMP08147,,38.0,,QA,,6 LPA,
8148,EMP08148,Female,54.0,4.0,HR,2023-01-15,350000,
8149,EMP08149,F,38.0,4.0,Intern,2023-01-15,500000,INVALID
8150,EMP08150,F,45.0,19.0,QA,2023-01-15,-10000,
8151,EMP08151,,25.0,15.0,Engineer,2025-07-01,6 LPA,
8152,EMP08152,Female,40.0,20.0,QA,2023-01-15,,
8153,EMP08153,Male,44.0,15.0,Intern,15/02/2024,6 LPA,INVALID
8154,EMP08154,Female,55.0,13.0,Engineer,,350000,INVALID
8155,EMP08155,F,46.0,13.0,Manager,,6 LPA,
8156,EMP08156,M,50.0,11.0,Analyst,2023-01-15,,emp8156@mail.com
8157,EMP08157,Male,21.0,11.0,QA,,800000,
8158,EMP08158,F,25.0,12.0,QA,,800000,
8159,EMP08159,,49.0,20.0,Intern,15/02/2024,800000,INVALID
8160,EMP08160,Female,,8.0,Analyst,2025-07-01,800000,
8161,EMP08161,M,55.0,19.0,Analyst,15/02/2024,500000,
8162,EMP08162,M,38.0,8.0,Analyst,2023-01-15,,
8163,EMP08163,Female,54.0,15.0,Engineer,2023-01-15,500000,
8164,EMP08164,Female,60.0,7.0,QA,2025-07-01,500000,
8165,EMP08165,F,38.0,4.0,Intern,,800000,INVALID
8166,EMP08166,,40.0,11.0,Analyst,,350000,emp8166@mail.com
8167,EMP08167,M,59.0,,QA,2025-07-01,800000,
8168,EMP08168,Male,31.0,9.0,Intern,2023-01-15,,
8169,EMP08169,F,56.0,17.0,QA,2025-07-01,500000,
8170,EMP08170,male,45.0,8.0,Engineer,2023-01-15,500000,
8171,EMP08171,Female,55.0,7.0,Engineer,,-10000,
8172,EMP08172,M,26.0,12.0,HR,2025-07-01,-10000,
8173,EMP08173,,42.0,2.0,QA,2025-07-01,6 LPA,INVALID
8174,EMP08174,F,24.0,18.0,Manager,15/02/2024,,
8175,EMP08175,Male,39.0,16.0,Manager,,500000,emp8175@mail.com
8176,EMP08176,Female,20.0,1.0,HR,2025-07-01,800000,
8177,EMP08177,F,29.0,5.0,QA,,-10000,
8178,EMP08178,male,23.0,15.0,Manager,,-10000,
8179,EMP08179,male,49.0,99.0,Analyst,,,emp8179@mail.com
8180,EMP08180,Male,32.0,17.0,Analyst,2025-07-01,6 LPA,emp8180@mail.com
8181,EMP08181,Female,59.0,11.0,HR,,,
8182,EMP08182,,57.0,19.0,Manager,2023-01-15,,INVALID
8183,EMP08183,Male,30.0,5.0,Analyst,2025-07-01,500000,
8184,EMP08184,F,30.0,3.0,QA,2025-07-01,500000,
8185,EMP08185,male,37.0,18.0,Engineer,2023-01-15,-10000,
8186,EMP08186,F,25.0,13.0,Manager,,500000,
8187,EMP08187,male,48.0,99.0,Engineer,15/02/2024,,INVALID
8188,EMP08188,Male,44.0,17.0,Manager,2023-01-15,500000,
8189,EMP08189,M,40.0,1.0,Intern,2023-01-15,350000,
8190,EMP08190,M,41.0,17.0,Intern,,350000,emp8190@mail.com
8191,EMP08191,M,23.0,15.0,QA,2023-01-15,800000,
8192,EMP08192,Female,45.0,16.0,HR,2023-01-15,-10000,
8193,EMP08193,male,28.0,10.0,Intern,2023-01-15,350000,emp8193@mail.com
8194,EMP08194,,42.0,9.0,HR,15/02/2024,800000,
8195,EMP08195,M,23.0,,HR,,350000,emp8195@mail.com
8196,EMP08196,,28.0,2.0,Manager,2025-07-01,6 LPA,
8197,EMP08197,M,56.0,8.0,HR,,800000,
8198,EMP08198,,48.0,13.0,Intern,,500000,
8199,EMP08199,Female,,10.0,HR,,800000,
8200,EMP08200,Female,21.0,7.0,Engineer,15/02/2024,350000,
8201,EMP08201,M,29.0,11.0,Engineer,,500000,emp8201@mail.com
8202,EMP08202,Male,30.0,,QA,,350000,
8203,EMP08203,male,54.0,20.0,QA,15/02/2024,-10000,INVALID
8204,EMP08204,Male,50.0,10.0,Manager,2023-01-15,800000,
8205,EMP08205,Female,20.0,10.0,Intern,,,
8206,EMP08206,,39.0,19.0,Intern,2023-01-15,,
8207,EMP08207,Male,99.0,16.0,Analyst,15/02/2024,,
8208,EMP08208,F,25.0,18.0,QA,15/02/2024,6 LPA,
8209,EMP08209,F,57.0,1.0,Manager,2023-01-15,,emp8209@mail.com
8210,EMP08210,,28.0,3.0,Manager,2023-01-15,,
8211,EMP08211,Female,99.0,2.0,Analyst,,500000,
8212,EMP08212,Male,59.0,18.0,HR,,6 LPA,INVALID
8213,EMP08213,Male,32.0,12.0,Intern,2025-07-01,-10000,
8214,EMP08214,Male,55.0,10.0,Manager,,-10000,INVALID
8215,EMP08215,Female,42.0,19.0,HR,,800000,INVALID
8216,EMP08216,male,23.0,19.0,Manager,2025-07-01,800000,INVALID
8217,EMP08217,M,45.0,19.0,HR,,-10000,
8218,EMP08218,Male,32.0,,Engineer,15/02/2024,-10000,
8219,EMP08219,F,52.0,18.0,Engineer,,-10000,
8220,EMP08220,,39.0,16.0,QA,,350000,emp8220@mail.com
8221,EMP08221,M,27.0,5.0,Engineer,2023-01-15,,
8222,EMP08222,Male,44.0,11.0,QA,2023-01-15,800000,
8223,EMP08223,Female,58.0,17.0,QA,2023-01-15,-10000,emp8223@mail.com
8224,EMP08224,F,59.0,12.0,Intern,,800000,INVALID
8225,EMP08225,Female,53.0,1.0,QA,15/02/2024,-10000,
8226,EMP08226,male,46.0,10.0,HR,15/02/2024,6 LPA,
8227,EMP08227,Female,24.0,11.0,Engineer,,,
8228,EMP08228,M,53.0,10.0,Manager,2025-07-01,800000,emp8228@mail.com
8229,EMP08229,F,20.0,17.0,QA,2023-01-15,6 LPA,emp8229@mail.com
8230,EMP08230,F,20.0,20.0,Intern,2025-07-01,-10000,
8231,EMP08231,F,58.0,19.0,Analyst,2023-01-15,-10000,
8232,EMP08232,F,56.0,19.0,Intern,2025-07-01,6 LPA,
8233,EMP08233,,52.0,99.0,QA,,,INVALID
8234,EMP08234,F,43.0,13.0,Intern,15/02/2024,-10000,INVALID
8235,EMP08235,,39.0,9.0,Manager,15/02/2024,800000,
8236,EMP08236,F,53.0,13.0,HR,2023-01-15,500000,
8237,EMP08237,,55.0,19.0,Intern,,,
8238,EMP08238,F,22.0,5.0,Manager,,,emp8238@mail.com
8239,EMP08239,F,59.0,18.0,Intern,15/02/2024,,emp8239@mail.com
8240,EMP08240,male,45.0,99.0,Engineer,2023-01-15,6 LPA,
8241,EMP08241,Female,20.0,4.0,Engineer,15/02/2024,-10000,emp8241@mail.com
8242,EMP08242,Female,54.0,99.0,HR,15/02/2024,6 LPA,emp8242@mail.com
8243,EMP08243,M,40.0,,Analyst,,,emp8243@mail.com
8244,EMP08244,,44.0,4.0,Engineer,,,
8245,EMP08245,,34.0,20.0,Intern,,350000,emp8245@mail.com
8246,EMP08246,Female,46.0,17.0,Analyst,2023-01-15,350000,INVALID
8247,EMP08247,F,41.0,2.0,Manager,,350000,INVALID
8248,EMP08248,Female,29.0,15.0,QA,15/02/2024,350000,emp8248@mail.com
8249,EMP08249,Female,-2.0,1.0,Intern,2023-01-15,350000,INVALID
8250,EMP08250,Male,27.0,1.0,Manager,2023-01-15,350000,
8251,EMP08251,Male,21.0,18.0,Manager,,350000,
8252,EMP08252,Female,27.0,4.0,Analyst,2025-07-01,-10000,INVALID
8253,EMP08253,Male,28.0,1.0,QA,15/02/2024,6 LPA,emp8253@mail.com
8254,EMP08254,Female,51.0,4.0,Intern,2023-01-15,6 LPA,
8255,EMP08255,,55.0,20.0,QA,15/02/2024,-10000,INVALID
8256,EMP08256,F,-2.0,7.0,Analyst,,350000,INVALID
8257,EMP08257,F,49.0,7.0,Analyst,,350000,
8258,EMP08258,Female,30.0,16.0,HR,,6 LPA,
8259,EMP08259,F,52.0,17.0,Analyst,2023-01-15,500000,
8260,EMP08260,,29.0,19.0,Engineer,2023-01-15,6 LPA,
8261,EMP08261,F,30.0,17.0,Analyst,,800000,emp8261@mail.com
8262,EMP08262,,53.0,10.0,Intern,,350000,
8263,EMP08263,male,24.0,8.0,Manager,,,emp8263@mail.com
8264,EMP08264,,22.0,5.0,Analyst,2023-01-15,500000,
8265,EMP08265,Male,58.0,11.0,Manager,,350000,emp8265@mail.com
8266,EMP08266,Male,29.0,99.0,QA,2025-07-01,350000,INVALID
8267,EMP08267,Male,,17.0,Intern,2023-01-15,350000,INVALID
8268,EMP08268,M,41.0,5.0,Engineer,,,
8269,EMP08269,M,38.0,2.0,Manager,2023-01-15,500000,
8270,EMP08270,,35.0,10.0,Manager,15/02/2024,800000,emp8270@mail.com
8271,EMP08271,Male,33.0,12.0,HR,,6 LPA,
8272,EMP08272,,36.0,7.0,Manager,15/02/2024,-10000,emp8272@mail.com
8273,EMP08273,,20.0,99.0,HR,,,
8274,EMP08274,male,25.0,3.0,HR,2023-01-15,350000,INVALID
8275,EMP08275,Male,58.0,11.0,Analyst,,350000,emp8275@mail.com
8276,EMP08276,M,37.0,12.0,Analyst,2023-01-15,500000,
8277,EMP08277,F,28.0,13.0,HR,,500000,INVALID
8278,EMP08278,Male,55.0,16.0,Engineer,2025-07-01,350000,INVALID
8279,EMP08279,F,34.0,8.0,Manager,2023-01-15,500000,emp8279@mail.com
8280,EMP08280,F,26.0,12.0,Intern,,6 LPA,emp8280@mail.com
8281,EMP08281,Female,55.0,10.0,HR,15/02/2024,350000,emp8281@mail.com
8282,EMP08282,male,20.0,13.0,Analyst,,350000,
8283,EMP08283,,50.0,7.0,Manager,,800000,
8284,EMP08284,Male,49.0,3.0,Intern,,6 LPA,INVALID
8285,EMP08285,Male,52.0,,HR,,6 LPA,
8286,EMP08286,Female,44.0,7.0,Analyst,15/02/2024,-10000,INVALID
8287,EMP08287,F,56.0,2.0,QA,,,
8288,EMP08288,F,34.0,15.0,HR,15/02/2024,,INVALID
8289,EMP08289,M,,12.0,QA,2023-01-15,6 LPA,
8290,EMP08290,M,23.0,8.0,Intern,2025-07-01,-10000,
8291,EMP08291,Female,57.0,16.0,QA,,800000,INVALID
8292,EMP08292,M,49.0,9.0,QA,,,INVALID
8293,EMP08293,Female,50.0,18.0,Engineer,,800000,INVALID
8294,EMP08294,M,33.0,18.0,QA,,6 LPA,
8295,EMP08295,M,,11.0,QA,2023-01-15,800000,
8296,EMP08296,male,44.0,4.0,Manager,,500000,
8297,EMP08297,Male,39.0,11.0,HR,15/02/2024,500000,INVALID
8298,EMP08298,Male,54.0,4.0,Intern,15/02/2024,800000,INVALID
8299,EMP08299,F,51.0,13.0,Engineer,,350000,emp8299@mail.com
8300,EMP08300,Male,36.0,13.0,HR,15/02/2024,500000,INVALID
8301,EMP08301,Male,20.0,19.0,Analyst,,800000,
8302,EMP08302,Male,,4.0,QA,,6 LPA,emp8302@mail.com
8303,EMP08303,M,33.0,10.0,QA,2025-07-01,350000,
8304,EMP08304,Female,37.0,11.0,Manager,15/02/2024,500000,
8305,EMP08305,,27.0,16.0,Analyst,,-10000,emp8305@mail.com
8306,EMP08306,Male,35.0,99.0,Manager,,,
8307,EMP08307,Male,20.0,17.0,Analyst,,350000,emp8307@mail.com
8308,EMP08308,M,25.0,9.0,QA,15/02/2024,-10000,
8309,EMP08309,Female,22.0,5.0,Engineer,2025-07-01,6 LPA,
8310,EMP08310,Male,44.0,4.0,Manager,,6 LPA,
8311,EMP08311,,-2.0,18.0,QA,2023-01-15,,emp8311@mail.com
8312,EMP08312,male,51.0,6.0,Intern,2023-01-15,800000,emp8312@mail.com
8313,EMP08313,Female,30.0,16.0,Intern,,6 LPA,
8314,EMP08314,male,-2.0,2.0,Analyst,2025-07-01,500000,
8315,EMP08315,Male,34.0,9.0,QA,,,emp8315@mail.com
8316,EMP08316,,40.0,16.0,QA,,-10000,
8317,EMP08317,male,29.0,99.0,Intern,2023-01-15,-10000,INVALID
8318,EMP08318,,45.0,18.0,Manager,2025-07-01,800000,INVALID
8319,EMP08319,male,24.0,3.0,Intern,2025-07-01,-10000,
8320,EMP08320,male,41.0,14.0,Intern,2025-07-01,800000,emp8320@mail.com
8321,EMP08321,,24.0,16.0,Manager,15/02/2024,6 LPA,INVALID
8322,EMP08322,F,26.0,6.0,Intern,2023-01-15,6 LPA,
8323,EMP08323,Male,47.0,15.0,QA,2025-07-01,800000,emp8323@mail.com
8324,EMP08324,F,49.0,20.0,HR,,-10000,
8325,EMP08325,Female,42.0,14.0,Engineer,2023-01-15,800000,
8326,EMP08326,F,40.0,,Engineer,15/02/2024,500000,
8327,EMP08327,male,53.0,19.0,HR,,800000,
8328,EMP08328,,26.0,15.0,Manager,2025-07-01,6 LPA,emp8328@mail.com
8329,EMP08329,,43.0,16.0,Intern,2025-07-01,500000,
8330,EMP08330,M,51.0,14.0,Manager,,500000,
8331,EMP08331,male,37.0,9.0,QA,,800000,emp8331@mail.com
8332,EMP08332,F,31.0,9.0,Analyst,2025-07-01,350000,emp8332@mail.com
8333,EMP08333,Male,35.0,3.0,Manager,,800000,INVALID
8334,EMP08334,,58.0,12.0,HR,2023-01-15,,
8335,EMP08335,male,31.0,13.0,Analyst,,500000,
8336,EMP08336,,45.0,8.0,QA,2023-01-15,6 LPA,emp8336@mail.com
8337,EMP08337,M,37.0,13.0,Analyst,2023-01-15,500000,INVALID
8338,EMP08338,,57.0,1.0,Analyst,,500000,
8339,EMP08339,male,55.0,4.0,HR,2025-07-01,6 LPA,INVALID
8340,EMP08340,F,39.0,11.0,QA,,6 LPA,emp8340@mail.com
8341,EMP08341,M,46.0,99.0,QA,15/02/2024,350000,
8342,EMP08342,Male,58.0,9.0,Analyst,,350000,
8343,EMP08343,Female,59.0,16.0,Manager,,800000,
8344,EMP08344,Male,35.0,10.0,HR,2025-07-01,500000,
8345,EMP08345,Female,38.0,20.0,HR,,-10000,INVALID
8346,EMP08346,male,27.0,17.0,QA,2023-01-15,800000,emp8346@mail.com
8347,EMP08347,Male,,13.0,QA,15/02/2024,-10000,
8348,EMP08348,F,26.0,8.0,Intern,15/02/2024,500000,INVALID
8349,EMP08349,,32.0,2.0,QA,2025-07-01,,
8350,EMP08350,male,41.0,7.0,Intern,15/02/2024,500000,INVALID
8351,EMP08351,male,99.0,18.0,Engineer,,350000,INVALID
8352,EMP08352,,60.0,9.0,Intern,2023-01-15,-10000,INVALID
8353,EMP08353,Female,56.0,7.0,Analyst,,6 LPA,INVALID
8354,EMP08354,,50.0,7.0,Intern,15/02/2024,6 LPA,
8355,EMP08355,Male,22.0,15.0,QA,2023-01-15,500000,INVALID
8356,EMP08356,Female,49.0,13.0,Engineer,15/02/2024,350000,
8357,EMP08357,Female,43.0,20.0,QA,15/02/2024,,emp8357@mail.com
8358,EMP08358,F,48.0,16.0,Manager,15/02/2024,800000,
8359,EMP08359,male,29.0,9.0,Analyst,15/02/2024,,INVALID
8360,EMP08360,M,56.0,14.0,Analyst,,6 LPA,
8361,EMP08361,,56.0,1.0,HR,2025-07-01,-10000,
8362,EMP08362,Female,,,Engineer,2025-07-01,6 LPA,emp8362@mail.com
8363,EMP08363,M,55.0,20.0,QA,2025-07-01,,INVALID
8364,EMP08364,Male,22.0,1.0,Intern,,-10000,
8365,EMP08365,male,31.0,12.0,Intern,,6 LPA,INVALID
8366,EMP08366,M,39.0,10.0,Intern,2025-07-01,6 LPA,
8367,EMP08367,Female,26.0,16.0,Engineer,,500000,INVALID
8368,EMP08368,,40.0,14.0,Intern,2023-01-15,6 LPA,emp8368@mail.com
8369,EMP08369,Male,51.0,6.0,HR,,-10000,
8370,EMP08370,F,54.0,,QA,2023-01-15,-10000,emp8370@mail.com
8371,EMP08371,male,33.0,11.0,Engineer,15/02/2024,-10000,
8372,EMP08372,F,29.0,18.0,Manager,2023-01-15,6 LPA,emp8372@mail.com
8373,EMP08373,M,21.0,7.0,Analyst,,,INVALID
8374,EMP08374,F,99.0,13.0,Intern,2025-07-01,800000,emp8374@mail.com
8375,EMP08375,Male,37.0,6.0,Engineer,,-10000,
8376,EMP08376,Female,99.0,4.0,QA,,6 LPA,INVALID
8377,EMP08377,male,37.0,99.0,HR,,6 LPA,emp8377@mail.com
8378,EMP08378,Male,31.0,7.0,Engineer,15/02/2024,500000,
8379,EMP08379,M,29.0,14.0,QA,2025-07-01,,emp8379@mail.com
8380,EMP08380,Female,60.0,7.0,Analyst,2023-01-15,800000,emp8380@mail.com
8381,EMP08381,,46.0,10.0,Engineer,2023-01-15,500000,
8382,EMP08382,male,28.0,14.0,QA,15/02/2024,-10000,
8383,EMP08383,Male,22.0,7.0,Intern,,500000,INVALID
8384,EMP08384,Male,33.0,7.0,Manager,2025-07-01,,
8385,EMP08385,male,23.0,16.0,Intern,2023-01-15,500000,emp8385@mail.com
8386,EMP08386,F,39.0,15.0,QA,,-10000,
8387,EMP08387,Female,30.0,19.0,Engineer,2023-01-15,6 LPA,
8388,EMP08388,M,55.0,16.0,Engineer,2023-01-15,6 LPA,emp8388@mail.com
8389,EMP08389,M,41.0,1.0,Engineer,15/02/2024,500000,INVALID
8390,EMP08390,M,53.0,8.0,Intern,,,
8391,EMP08391,Female,-2.0,14.0,Analyst,15/02/2024,6 LPA,
8392,EMP08392,,,20.0,HR,2025-07-01,-10000,
8393,EMP08393,F,43.0,18.0,QA,2023-01-15,6 LPA,
8394,EMP08394,M,23.0,10.0,Manager,2025-07-01,800000,INVALID
8395,EMP08395,M,29.0,18.0,Manager,,,
8396,EMP08396,male,34.0,99.0,Analyst,,,INVALID
8397,EMP08397,male,29.0,14.0,QA,2025-07-01,350000,INVALID
8398,EMP08398,Male,25.0,6.0,HR,,-10000,INVALID
8399,EMP08399,Male,31.0,12.0,HR,2025-07-01,-10000,
8400,EMP08400,male,30.0,3.0,QA,15/02/2024,350000,
8401,EMP08401,Female,27.0,18.0,HR,,800000,
8402,EMP08402,,54.0,99.0,Engineer,,6 LPA,emp8402@mail.com
8403,EMP08403,Female,26.0,19.0,Manager,2025-07-01,6 LPA,emp8403@mail.com
8404,EMP08404,M,49.0,,Manager,15/02/2024,500000,
8405,EMP08405,Male,51.0,12.0,QA,,6 LPA,
8406,EMP08406,Female,26.0,19.0,Manager,,350000,INVALID
8407,EMP08407,,51.0,17.0,Engineer,15/02/2024,500000,
8408,EMP08408,male,39.0,2.0,Engineer,15/02/2024,350000,INVALID
8409,EMP08409,male,57.0,13.0,QA,2023-01-15,800000,emp8409@mail.com
8410,EMP08410,,59.0,2.0,Manager,,-10000,
8411,EMP08411,M,37.0,6.0,QA,2023-01-15,800000,
8412,EMP08412,F,26.0,15.0,Analyst,,6 LPA,
8413,EMP08413,,-2.0,4.0,Intern,2023-01-15,-10000,INVALID
8414,EMP08414,male,35.0,15.0,Engineer,,350000,
8415,EMP08415,Male,39.0,,QA,2023-01-15,350000,
8416,EMP08416,male,20.0,99.0,Intern,2025-07-01,800000,
8417,EMP08417,Female,30.0,14.0,Analyst,,800000,emp8417@mail.com
8418,EMP08418,,21.0,99.0,Engineer,15/02/2024,800000,
8419,EMP08419,F,56.0,9.0,QA,,800000,
8420,EMP08420,,43.0,8.0,Intern,2023-01-15,6 LPA,emp8420@mail.com
8421,EMP08421,Female,23.0,10.0,Engineer,,-10000,
8422,EMP08422,M,23.0,10.0,Manager,15/02/2024,-10000,INVALID
8423,EMP08423,male,41.0,6.0,Engineer,2023-01-15,500000,INVALID
8424,EMP08424,Male,42.0,15.0,Engineer,,800000,
8425,EMP08425,male,21.0,17.0,Intern,,500000,emp8425@mail.com
8426,EMP08426,M,29.0,6.0,Manager,2023-01-15,-10000,
8427,EMP08427,,40.0,2.0,QA,15/02/2024,,emp8427@mail.com
8428,EMP08428,male,21.0,10.0,HR,,-10000,
8429,EMP08429,M,49.0,4.0,Analyst,15/02/2024,-10000,
8430,EMP08430,male,31.0,16.0,Intern,15/02/2024,500000,emp8430@mail.com
8431,EMP08431,F,54.0,14.0,Intern,,350000,
8432,EMP08432,Female,41.0,19.0,Analyst,15/02/2024,6 LPA,INVALID
8433,EMP08433,M,38.0,1.0,Intern,2025-07-01,350000,
8434,EMP08434,Male,59.0,19.0,Engineer,15/02/2024,350000,INVALID
8435,EMP08435,M,99.0,19.0,QA,15/02/2024,-10000,
8436,EMP08436,Male,58.0,16.0,Analyst,2025-07-01,-10000,INVALID
8437,EMP08437,Female,50.0,5.0,Engineer,2023-01-15,800000,
8438,EMP08438,Female,59.0,9.0,QA,2023-01-15,500000,INVALID
8439,EMP08439,male,54.0,,HR,,,INVALID
8440,EMP08440,Male,29.0,99.0,QA,15/02/2024,500000,
8441,EMP08441,Female,20.0,99.0,Manager,,800000,
8442,EMP08442,F,42.0,13.0,Intern,2025-07-01,500000,INVALID
8443,EMP08443,M,57.0,20.0,Analyst,,-10000,emp8443@mail.com
8444,EMP08444,F,49.0,15.0,Intern,,,INVALID
8445,EMP08445,male,99.0,6.0,Analyst,15/02/2024,-10000,
8446,EMP08446,M,24.0,4.0,QA,2023-01-15,-10000,INVALID
8447,EMP08447,F,57.0,15.0,Analyst,15/02/2024,-10000,
8448,EMP08448,Male,23.0,7.0,Manager,,800000,
8449,EMP08449,Male,53.0,3.0,QA,,,
8450,EMP08450,Female,28.0,5.0,Manager,,350000,
8451,EMP08451,F,58.0,1.0,QA,15/02/2024,500000,emp8451@mail.com
8452,EMP08452,,38.0,18.0,Engineer,15/02/2024,,emp8452@mail.com
8453,EMP08453,Female,58.0,7.0,Intern,,-10000,INVALID
8454,EMP08454,,41.0,15.0,QA,15/02/2024,500000,INVALID
8455,EMP08455,Male,24.0,10.0,Intern,2025-07-01,,emp8455@mail.com
8456,EMP08456,M,33.0,11.0,Manager,2025-07-01,800000,
8457,EMP08457,male,60.0,14.0,Analyst,,-10000,
8458,EMP08458,,29.0,19.0,Manager,,500000,INVALID
8459,EMP08459,Female,42.0,18.0,QA,,,emp8459@mail.com
8460,EMP08460,Male,26.0,12.0,QA,15/02/2024,6 LPA,emp8460@mail.com
8461,EMP08461,F,25.0,19.0,Manager,15/02/2024,800000,
8462,EMP08462,Female,35.0,6.0,Analyst,2025-07-01,-10000,
8463,EMP08463,,43.0,12.0,Manager,2023-01-15,800000,
8464,EMP08464,Female,39.0,14.0,QA,15/02/2024,500000,INVALID
8465,EMP08465,Female,60.0,5.0,Analyst,,800000,
8466,EMP08466,,43.0,3.0,Engineer,,,
8467,EMP08467,F,49.0,20.0,Analyst,2025-07-01,,
8468,EMP08468,male,55.0,8.0,Manager,2023-01-15,500000,INVALID
8469,EMP08469,Male,38.0,,Manager,,,INVALID
8470,EMP08470,Male,24.0,19.0,HR,,6 LPA,emp8470@mail.com
8471,EMP08471,,57.0,2.0,Analyst,,6 LPA,
8472,EMP08472,,99.0,15.0,HR,,,
8473,EMP08473,,32.0,99.0,Manager,2023-01-15,500000,
8474,EMP08474,Male,28.0,,QA,,500000,
8475,EMP08475,,27.0,7.0,Manager,,-10000,emp8475@mail.com
8476,EMP08476,,57.0,19.0,Manager,15/02/2024,,
8477,EMP08477,male,38.0,2.0,Analyst,,-10000,
8478,EMP08478,Female,99.0,16.0,Engineer,2023-01-15,500000,
8479,EMP08479,male,47.0,9.0,Manager,,-10000,
8480,EMP08480,Male,45.0,13.0,QA,2023-01-15,-10000,
8481,EMP08481,M,32.0,10.0,HR,2023-01-15,500000,emp8481@mail.com
8482,EMP08482,Male,22.0,5.0,Intern,15/02/2024,-10000,
8483,EMP08483,M,58.0,,HR,2025-07-01,6 LPA,emp8483@mail.com
8484,EMP08484,Male,41.0,10.0,QA,15/02/2024,6 LPA,
8485,EMP08485,Female,38.0,15.0,QA,,350000,
8486,EMP08486,Female,59.0,19.0,QA,2025-07-01,,emp8486@mail.com
8487,EMP08487,Male,45.0,13.0,QA,,-10000,emp8487@mail.com
8488,EMP08488,,-2.0,16.0,Manager,15/02/2024,500000,INVALID
8489,EMP08489,male,26.0,5.0,Intern,2023-01-15,350000,
8490,EMP08490,,44.0,1.0,QA,,800000,INVALID
8491,EMP08491,F,60.0,14.0,Analyst,15/02/2024,800000,
8492,EMP08492,F,32.0,6.0,Manager,,-10000,
8493,EMP08493,M,57.0,20.0,Intern,15/02/2024,,emp8493@mail.com
8494,EMP08494,,37.0,3.0,Analyst,2023-01-15,6 LPA,emp8494@mail.com
8495,EMP08495,male,36.0,1.0,HR,,,emp8495@mail.com
8496,EMP08496,Male,59.0,19.0,Manager,15/02/2024,,INVALID
8497,EMP08497,male,39.0,3.0,Analyst,,500000,INVALID
8498,EMP08498,Female,52.0,17.0,Manager,2025-07-01,500000,
8499,EMP08499,F,53.0,3.0,Manager,,6 LPA,
8500,EMP08500,Female,50.0,10.0,HR,,800000,
8501,EMP08501,male,45.0,14.0,QA,,6 LPA,
8502,EMP08502,Male,26.0,17.0,HR,15/02/2024,500000,INVALID
8503,EMP08503,Female,99.0,5.0,HR,,500000,
8504,EMP08504,M,22.0,19.0,QA,,,
8505,EMP08505,Male,27.0,5.0,Engineer,,350000,INVALID
8506,EMP08506,male,28.0,15.0,Engineer,15/02/2024,350000,
8507,EMP08507,M,99.0,4.0,Manager,2025-07-01,800000,INVALID
8508,EMP08508,,31.0,2.0,Engineer,,800000,emp8508@mail.com
8509,EMP08509,male,50.0,6.0,HR,,350000,
8510,EMP08510,Female,21.0,7.0,Engineer,15/02/2024,6 LPA,INVALID
8511,EMP08511,Female,54.0,16.0,Engineer,2025-07-01,500000,
8512,EMP08512,,48.0,16.0,HR,,,
8513,EMP08513,Male,52.0,6.0,QA,2025-07-01,800000,INVALID
8514,EMP08514,Female,-2.0,13.0,Manager,2025-07-01,,INVALID
8515,EMP08515,Female,51.0,3.0,Manager,,800000,INVALID
8516,EMP08516,M,54.0,19.0,Analyst,2025-07-01,,
8517,EMP08517,M,56.0,15.0,Analyst,,,
8518,EMP08518,M,50.0,1.0,QA,15/02/2024,6 LPA,INVALID
8519,EMP08519,male,46.0,18.0,Intern,2023-01-15,500000,
8520,EMP08520,Male,59.0,13.0,Engineer,,6 LPA,INVALID
8521,EMP08521,Female,60.0,16.0,Analyst,,6 LPA,
8522,EMP08522,male,-2.0,11.0,HR,2023-01-15,800000,
8523,EMP08523,M,-2.0,6.0,HR,2025-07-01,800000,emp8523@mail.com
8524,EMP08524,F,59.0,14.0,HR,2025-07-01,6 LPA,
8525,EMP08525,male,28.0,9.0,Analyst,2023-01-15,,
8526,EMP08526,Male,45.0,20.0,HR,,500000,
8527,EMP08527,M,42.0,10.0,Manager,2023-01-15,500000,emp8527@mail.com
8528,EMP08528,F,58.0,7.0,Manager,15/02/2024,,emp8528@mail.com
8529,EMP08529,Male,55.0,1.0,QA,,,
8530,EMP08530,,29.0,99.0,HR,,6 LPA,emp8530@mail.com
8531,EMP08531,M,36.0,19.0,Engineer,2025-07-01,-10000,
8532,EMP08532,F,49.0,9.0,HR,,-10000,INVALID
8533,EMP08533,M,31.0,6.0,Manager,,500000,emp8533@mail.com
8534,EMP08534,Male,40.0,8.0,Intern,2023-01-15,500000,
8535,EMP08535,F,37.0,20.0,Intern,2025-07-01,350000,
8536,EMP08536,male,36.0,4.0,Manager,15/02/2024,,
8537,EMP08537,Male,52.0,14.0,QA,15/02/2024,500000,
8538,EMP08538,Female,49.0,2.0,HR,15/02/2024,350000,emp8538@mail.com
8539,EMP08539,male,32.0,2.0,HR,2025-07-01,6 LPA,emp8539@mail.com
8540,EMP08540,male,60.0,11.0,QA,,6 LPA,emp8540@mail.com
8541,EMP08541,M,39.0,11.0,Engineer,,800000,emp8541@mail.com
8542,EMP08542,Female,30.0,20.0,Analyst,2025-07-01,-10000,
8543,EMP08543,male,48.0,4.0,HR,,-10000,INVALID
8544,EMP08544,Male,21.0,8.0,HR,,500000,
8545,EMP08545,,30.0,7.0,Engineer,15/02/2024,6 LPA,emp8545@mail.com
8546,EMP08546,,43.0,10.0,HR,15/02/2024,500000,
8547,EMP08547,,25.0,99.0,Intern,15/02/2024,800000,emp8547@mail.com
8548,EMP08548,M,50.0,18.0,Manager,2025-07-01,350000,INVALID
8549,EMP08549,male,37.0,8.0,QA,15/02/2024,-10000,emp8549@mail.com
8550,EMP08550,,44.0,10.0,HR,,6 LPA,INVALID
8551,EMP08551,M,49.0,19.0,QA,,,emp8551@mail.com
8552,EMP08552,,50.0,9.0,Engineer,,,
8553,EMP08553,Male,38.0,15.0,Intern,2025-07-01,,INVALID
8554,EMP08554,Male,29.0,9.0,Analyst,2025-07-01,6 LPA,
8555,EMP08555,Male,48.0,19.0,QA,,,INVALID
8556,EMP08556,M,52.0,4.0,Analyst,,800000,
8557,EMP08557,Male,45.0,6.0,QA,2025-07-01,800000,emp8557@mail.com
8558,EMP08558,F,39.0,5.0,HR,2023-01-15,6 LPA,
8559,EMP08559,F,22.0,3.0,Analyst,2023-01-15,800000,
8560,EMP08560,male,27.0,18.0,Manager,2025-07-01,500000,INVALID
8561,EMP08561,,56.0,3.0,HR,,6 LPA,emp8561@mail.com
8562,EMP08562,male,31.0,17.0,Intern,15/02/2024,6 LPA,emp8562@mail.com
8563,EMP08563,,46.0,13.0,Engineer,,350000,emp8563@mail.com
8564,EMP08564,,34.0,11.0,HR,15/02/2024,-10000,
8565,EMP08565,Male,36.0,99.0,Engineer,15/02/2024,350000,INVALID
8566,EMP08566,Female,22.0,6.0,Manager,2025-07-01,-10000,emp8566@mail.com
8567,EMP08567,Male,33.0,17.0,Engineer,,-10000,
8568,EMP08568,male,29.0,6.0,Engineer,,350000,INVALID
8569,EMP08569,Male,38.0,17.0,HR,2025-07-01,800000,
8570,EMP08570,,34.0,20.0,Analyst,2025-07-01,500000,
8571,EMP08571,Female,55.0,17.0,Analyst,,350000,INVALID
8572,EMP08572,male,59.0,1.0,QA,2023-01-15,800000,emp8572@mail.com
8573,EMP08573,F,46.0,13.0,Manager,2025-07-01,800000,
8574,EMP08574,,37.0,19.0,Manager,15/02/2024,800000,
8575,EMP08575,male,45.0,5.0,Manager,,-10000,
8576,EMP08576,,55.0,8.0,Engineer,,-10000,emp8576@mail.com
8577,EMP08577,M,56.0,19.0,Analyst,15/02/2024,500000,INVALID
8578,EMP08578,M,57.0,18.0,QA,,350000,
8579,EMP08579,,43.0,4.0,QA,,800000,
8580,EMP08580,male,25.0,,QA,2023-01-15,500000,
8581,EMP08581,F,34.0,12.0,Analyst,2025-07-01,800000,INVALID
8582,EMP08582,Female,22.0,3.0,Manager,,350000,INVALID
8583,EMP08583,,99.0,10.0,Manager,,800000,emp8583@mail.com
8584,EMP08584,Male,40.0,8.0,Intern,2023-01-15,800000,emp8584@mail.com
8585,EMP08585,,31.0,20.0,HR,,,emp8585@mail.com
8586,EMP08586,,39.0,6.0,Analyst,2023-01-15,,
8587,EMP08587,Male,-2.0,19.0,QA,2025-07-01,500000,emp8587@mail.com
8588,EMP08588,male,20.0,20.0,HR,,-10000,
8589,EMP08589,male,58.0,16.0,HR,,500000,emp8589@mail.com
8590,EMP08590,male,36.0,15.0,Manager,15/02/2024,6 LPA,
8591,EMP08591,Female,56.0,15.0,HR,,350000,
8592,EMP08592,male,57.0,3.0,HR,15/02/2024,,
8593,EMP08593,M,20.0,9.0,HR,15/02/2024,500000,INVALID
8594,EMP08594,F,60.0,18.0,Engineer,15/02/2024,800000,emp8594@mail.com
8595,EMP08595,F,57.0,14.0,QA,,,INVALID
8596,EMP08596,F,22.0,19.0,HR,,-10000,emp8596@mail.com
8597,EMP08597,Male,35.0,17.0,QA,2023-01-15,800000,INVALID
8598,EMP08598,male,30.0,20.0,QA,15/02/2024,350000,
8599,EMP08599,,99.0,7.0,QA,2023-01-15,800000,emp8599@mail.com
8600,EMP08600,male,24.0,20.0,Analyst,2023-01-15,350000,emp8600@mail.com
8601,EMP08601,male,24.0,16.0,Analyst,2025-07-01,6 LPA,
8602,EMP08602,Male,59.0,14.0,HR,,,INVALID
8603,EMP08603,male,41.0,17.0,HR,2025-07-01,-10000,
8604,EMP08604,F,38.0,12.0,Analyst,,-10000,
8605,EMP08605,Female,-2.0,3.0,Analyst,15/02/2024,6 LPA,emp8605@mail.com
8606,EMP08606,male,26.0,6.0,Analyst,,-10000,emp8606@mail.com
8607,EMP08607,M,45.0,14.0,QA,,,
8608,EMP08608,Female,25.0,5.0,HR,2025-07-01,-10000,
8609,EMP08609,Male,-2.0,2.0,HR,2023-01-15,6 LPA,
8610,EMP08610,,45.0,18.0,HR,2025-07-01,800000,
8611,EMP08611,Male,29.0,16.0,Engineer,2025-07-01,350000,INVALID
8612,EMP08612,Female,52.0,20.0,Intern,2023-01-15,500000,
8613,EMP08613,,36.0,15.0,QA,2023-01-15,500000,emp8613@mail.com
8614,EMP08614,,29.0,9.0,Manager,,-10000,emp8614@mail.com
8615,EMP08615,,36.0,18.0,Engineer,2025-07-01,,
8616,EMP08616,Male,37.0,14.0,Engineer,,-10000,INVALID
8617,EMP08617,Male,30.0,16.0,Engineer,,500000,
8618,EMP08618,Male,26.0,19.0,QA,2025-07-01,-10000,INVALID
8619,EMP08619,Male,49.0,4.0,Manager,2025-07-01,-10000,
8620,EMP08620,F,29.0,3.0,HR,,6 LPA,INVALID
8621,EMP08621,,43.0,18.0,Manager,15/02/2024,-10000,emp8621@mail.com
8622,EMP08622,,34.0,3.0,Intern,15/02/2024,800000,
8623,EMP08623,Female,24.0,16.0,Manager,15/02/2024,350000,
8624,EMP08624,F,55.0,15.0,Manager,,500000,emp8624@mail.com
8625,EMP08625,F,23.0,14.0,Analyst,2025-07-01,6 LPA,
8626,EMP08626,male,20.0,10.0,HR,2025-07-01,500000,
8627,EMP08627,F,36.0,13.0,Analyst,15/02/2024,,
8628,EMP08628,Male,48.0,,Manager,2025-07-01,800000,
8629,EMP08629,M,36.0,6.0,QA,2023-01-15,350000,INVALID
8630,EMP08630,Female,39.0,17.0,Intern,2023-01-15,350000,
8631,EMP08631,male,30.0,11.0,Intern,15/02/2024,6 LPA,
8632,EMP08632,F,49.0,17.0,Intern,15/02/2024,800000,
8633,EMP08633,F,43.0,12.0,Manager,2025-07-01,350000,
8634,EMP08634,,36.0,99.0,Intern,,500000,
8635,EMP08635,,22.0,3.0,Manager,,-10000,
8636,EMP08636,F,39.0,16.0,Manager,2025-07-01,6 LPA,
8637,EMP08637,F,41.0,9.0,Engineer,,500000,
8638,EMP08638,Male,33.0,16.0,Analyst,15/02/2024,,INVALID
8639,EMP08639,Male,40.0,12.0,Manager,2023-01-15,800000,INVALID
8640,EMP08640,Male,42.0,99.0,Analyst,2025-07-01,,
8641,EMP08641,M,54.0,6.0,HR,,800000,INVALID
8642,EMP08642,M,58.0,19.0,QA,2025-07-01,800000,emp8642@mail.com
8643,EMP08643,Female,33.0,20.0,Intern,2023-01-15,6 LPA,INVALID
8644,EMP08644,F,20.0,20.0,Engineer,2023-01-15,6 LPA,emp8644@mail.com
8645,EMP08645,male,22.0,2.0,QA,2023-01-15,350000,
8646,EMP08646,Female,60.0,16.0,Intern,2025-07-01,6 LPA,INVALID
8647,EMP08647,Male,32.0,7.0,QA,15/02/2024,6 LPA,emp8647@mail.com
8648,EMP08648,M,39.0,20.0,Intern,15/02/2024,500000,
8649,EMP08649,Female,28.0,,HR,,350000,INVALID
8650,EMP08650,Male,24.0,11.0,Engineer,,6 LPA,
8651,EMP08651,,48.0,15.0,HR,,,
8652,EMP08652,M,33.0,17.0,Engineer,2023-01-15,,
8653,EMP08653,Male,34.0,15.0,Manager,,-10000,
8654,EMP08654,Female,40.0,1.0,Analyst,2023-01-15,-10000,INVALID
8655,EMP08655,F,51.0,19.0,Manager,15/02/2024,800000,
8656,EMP08656,M,52.0,15.0,Manager,2025-07-01,6 LPA,INVALID
8657,EMP08657,Male,27.0,14.0,Analyst,15/02/2024,350000,
8658,EMP08658,male,60.0,11.0,Analyst,,-10000,
8659,EMP08659,F,35.0,11.0,Engineer,15/02/2024,800000,
8660,EMP08660,,36.0,10.0,Intern,,,
8661,EMP08661,Male,,10.0,QA,2025-07-01,6 LPA,emp8661@mail.com
8662,EMP08662,Female,26.0,13.0,Intern,,800000,
8663,EMP08663,,50.0,13.0,Analyst,2023-01-15,800000,
8664,EMP08664,,54.0,8.0,Analyst,2023-01-15,800000,
8665,EMP08665,Female,26.0,14.0,Manager,,,
8666,EMP08666,F,22.0,8.0,Intern,15/02/2024,6 LPA,INVALID
8667,EMP08667,male,57.0,9.0,Engineer,,350000,
8668,EMP08668,male,39.0,20.0,QA,2025-07-01,,
8669,EMP08669,Female,43.0,11.0,QA,,350000,emp8669@mail.com
8670,EMP08670,F,45.0,4.0,HR,2025-07-01,6 LPA,emp8670@mail.com
8671,EMP08671,M,49.0,5.0,Manager,2023-01-15,-10000,
8672,EMP08672,,48.0,99.0,Intern,15/02/2024,350000,INVALID
8673,EMP08673,M,25.0,6.0,HR,2023-01-15,-10000,
8674,EMP08674,Female,27.0,8.0,Manager,2023-01-15,800000,INVALID
8675,EMP08675,Female,30.0,16.0,QA,2025-07-01,-10000,
8676,EMP08676,,31.0,6.0,Analyst,2023-01-15,,
8677,EMP08677,M,53.0,7.0,Analyst,15/02/2024,,emp8677@mail.com
8678,EMP08678,F,44.0,4.0,Intern,2025-07-01,-10000,INVALID
8679,EMP08679,F,54.0,19.0,Intern,,6 LPA,INVALID
8680,EMP08680,male,58.0,4.0,HR,2025-07-01,350000,
8681,EMP08681,Female,49.0,16.0,HR,2023-01-15,500000,emp8681@mail.com
8682,EMP08682,,39.0,18.0,QA,,-10000,
8683,EMP08683,male,25.0,11.0,Engineer,15/02/2024,800000,emp8683@mail.com
8684,EMP08684,Female,20.0,7.0,Analyst,,6 LPA,INVALID
8685,EMP08685,M,43.0,17.0,Intern,15/02/2024,6 LPA,
8686,EMP08686,Male,58.0,4.0,Manager,15/02/2024,-10000,
8687,EMP08687,,24.0,4.0,Engineer,2025-07-01,350000,
8688,EMP08688,,57.0,2.0,Engineer,2025-07-01,800000,emp8688@mail.com
8689,EMP08689,,35.0,17.0,Intern,2023-01-15,350000,
8690,EMP08690,M,36.0,6.0,Engineer,,-10000,INVALID
8691,EMP08691,Female,99.0,5.0,Manager,2025-07-01,350000,INVALID
8692,EMP08692,male,34.0,9.0,Engineer,15/02/2024,-10000,
8693,EMP08693,Female,21.0,13.0,Manager,15/02/2024,6 LPA,
8694,EMP08694,Male,22.0,6.0,QA,,-10000,INVALID
8695,EMP08695,Male,52.0,8.0,Analyst,2023-01-15,6 LPA,
8696,EMP08696,Male,43.0,17.0,Engineer,2025-07-01,-10000,emp8696@mail.com
8697,EMP08697,Male,39.0,15.0,Engineer,,350000,
8698,EMP08698,male,20.0,7.0,Analyst,2025-07-01,800000,INVALID
8699,EMP08699,Female,56.0,16.0,HR,,,emp8699@mail.com
8700,EMP08700,M,36.0,8.0,Engineer,15/02/2024,-10000,
8701,EMP08701,M,32.0,5.0,Engineer,2025-07-01,,
8702,EMP08702,Male,48.0,3.0,Manager,2025-07-01,500000,
8703,EMP08703,Male,50.0,14.0,Intern,,6 LPA,INVALID
8704,EMP08704,,26.0,10.0,QA,,,INVALID
8705,EMP08705,F,28.0,1.0,Engineer,2023-01-15,-10000,
8706,EMP08706,,29.0,15.0,Analyst,2025-07-01,500000,emp8706@mail.com
8707,EMP08707,M,38.0,13.0,Manager,2025-07-01,,emp8707@mail.com
8708,EMP08708,Male,22.0,17.0,QA,15/02/2024,6 LPA,INVALID
8709,EMP08709,F,46.0,20.0,Manager,,800000,emp8709@mail.com
8710,EMP08710,male,40.0,9.0,Analyst,2025-07-01,-10000,emp8710@mail.com
8711,EMP08711,male,42.0,,Engineer,,800000,INVALID
8712,EMP08712,F,21.0,12.0,QA,,-10000,
8713,EMP08713,male,39.0,19.0,HR,,-10000,
8714,EMP08714,Male,50.0,3.0,Engineer,,-10000,
8715,EMP08715,Female,35.0,16.0,Analyst,2025-07-01,350000,
8716,EMP08716,Female,57.0,11.0,Intern,,800000,
8717,EMP08717,,37.0,10.0,Manager,2025-07-01,-10000,emp8717@mail.com
8718,EMP08718,male,37.0,20.0,Engineer,,6 LPA,INVALID
8719,EMP08719,Male,49.0,18.0,Engineer,,-10000,emp8719@mail.com
8720,EMP08720,Female,52.0,14.0,Manager,2023-01-15,6 LPA,emp8720@mail.com
8721,EMP08721,F,29.0,6.0,Manager,2025-07-01,500000,
8722,EMP08722,,41.0,10.0,Intern,,800000,
8723,EMP08723,M,49.0,19.0,QA,,6 LPA,
8724,EMP08724,M,58.0,2.0,Intern,,800000,
8725,EMP08725,,28.0,4.0,Intern,15/02/2024,800000,
8726,EMP08726,Female,46.0,9.0,QA,15/02/2024,6 LPA,emp8726@mail.com
8727,EMP08727,M,38.0,14.0,QA,15/02/2024,800000,
8728,EMP08728,M,20.0,18.0,Manager,15/02/2024,350000,emp8728@mail.com
8729,EMP08729,Female,99.0,19.0,Engineer,15/02/2024,,emp8729@mail.com
8730,EMP08730,M,35.0,19.0,HR,2025-07-01,,INVALID
8731,EMP08731,Male,32.0,17.0,Manager,2023-01-15,-10000,emp8731@mail.com
8732,EMP08732,F,60.0,7.0,QA,,350000,
8733,EMP08733,male,45.0,9.0,Manager,2023-01-15,,
8734,EMP08734,F,49.0,9.0,Analyst,15/02/2024,800000,INVALID
8735,EMP08735,male,34.0,19.0,Manager,2023-01-15,6 LPA,INVALID
8736,EMP08736,M,47.0,9.0,Analyst,,350000,INVALID
8737,EMP08737,F,-2.0,17.0,Intern,,,
8738,EMP08738,Female,20.0,11.0,Engineer,,6 LPA,
8739,EMP08739,Female,26.0,12.0,Intern,,-10000,INVALID
8740,EMP08740,male,31.0,17.0,Manager,,800000,
8741,EMP08741,male,58.0,17.0,Engineer,15/02/2024,800000,
8742,EMP08742,F,60.0,2.0,Analyst,15/02/2024,6 LPA,
8743,EMP08743,male,20.0,19.0,Manager,,,
8744,EMP08744,male,58.0,5.0,Intern,15/02/2024,350000,emp8744@mail.com
8745,EMP08745,M,41.0,13.0,Manager,,350000,
8746,EMP08746,Male,49.0,6.0,Engineer,15/02/2024,6 LPA,emp8746@mail.com
8747,EMP08747,F,26.0,10.0,Manager,2025-07-01,500000,emp8747@mail.com
8748,EMP08748,M,42.0,5.0,Analyst,,350000,
8749,EMP08749,male,34.0,18.0,Manager,2025-07-01,350000,
8750,EMP08750,M,24.0,3.0,Engineer,,800000,emp8750@mail.com
8751,EMP08751,F,20.0,12.0,HR,15/02/2024,350000,INVALID
8752,EMP08752,M,20.0,16.0,Intern,15/02/2024,500000,INVALID
8753,EMP08753,Male,51.0,18.0,HR,2023-01-15,500000,
8754,EMP08754,F,40.0,12.0,Manager,2025-07-01,800000,INVALID
8755,EMP08755,,37.0,11.0,HR,,500000,
8756,EMP08756,F,21.0,7.0,HR,,,
8757,EMP08757,Male,28.0,12.0,HR,,6 LPA,emp8757@mail.com
8758,EMP08758,M,53.0,19.0,Manager,2025-07-01,800000,
8759,EMP08759,Female,48.0,13.0,Manager,2025-07-01,-10000,INVALID
8760,EMP08760,F,46.0,12.0,QA,,6 LPA,INVALID
8761,EMP08761,Male,47.0,,HR,,-10000,
8762,EMP08762,,32.0,99.0,QA,2023-01-15,350000,
8763,EMP08763,Male,33.0,11.0,HR,15/02/2024,6 LPA,
8764,EMP08764,Male,30.0,19.0,Manager,,-10000,
8765,EMP08765,M,44.0,5.0,QA,2023-01-15,500000,INVALID
8766,EMP08766,F,-2.0,15.0,Engineer,2025-07-01,350000,
8767,EMP08767,M,28.0,7.0,Analyst,2023-01-15,350000,
8768,EMP08768,F,30.0,18.0,Manager,2023-01-15,-10000,INVALID
8769,EMP08769,Female,41.0,1.0,Manager,15/02/2024,500000,
8770,EMP08770,M,38.0,5.0,Manager,,350000,INVALID
8771,EMP08771,M,39.0,12.0,HR,15/02/2024,6 LPA,INVALID
8772,EMP08772,Female,45.0,13.0,Engineer,2023-01-15,6 LPA,
8773,EMP08773,Female,41.0,9.0,Intern,15/02/2024,500000,
8774,EMP08774,M,39.0,6.0,Engineer,,,emp8774@mail.com
8775,EMP08775,F,47.0,19.0,Analyst,15/02/2024,800000,emp8775@mail.com
8776,EMP08776,Female,42.0,12.0,Manager,,6 LPA,INVALID
8777,EMP08777,Male,20.0,16.0,Manager,15/02/2024,,INVALID
8778,EMP08778,Male,38.0,3.0,HR,,350000,INVALID
8779,EMP08779,Male,53.0,20.0,Analyst,,350000,
8780,EMP08780,,58.0,18.0,Analyst,,500000,
8781,EMP08781,M,22.0,13.0,HR,15/02/2024,350000,INVALID
8782,EMP08782,male,-2.0,18.0,HR,2023-01-15,6 LPA,emp8782@mail.com
8783,EMP08783,male,58.0,2.0,Manager,,500000,
8784,EMP08784,Male,43.0,8.0,Intern,2023-01-15,500000,INVALID
8785,EMP08785,M,30.0,16.0,Manager,,-10000,
8786,EMP08786,,48.0,1.0,Engineer,2023-01-15,350000,INVALID
8787,EMP08787,male,49.0,17.0,HR,15/02/2024,,
8788,EMP08788,,46.0,3.0,Engineer,,,
8789,EMP08789,Male,52.0,20.0,QA,2025-07-01,350000,INVALID
8790,EMP08790,F,35.0,18.0,QA,2023-01-15,800000,
8791,EMP08791,Female,-2.0,11.0,HR,2023-01-15,800000,
8792,EMP08792,F,29.0,15.0,Engineer,2023-01-15,-10000,
8793,EMP08793,F,51.0,6.0,QA,2023-01-15,,INVALID
8794,EMP08794,M,53.0,20.0,HR,,500000,emp8794@mail.com
8795,EMP08795,Male,57.0,4.0,Intern,2023-01-15,800000,
8796,EMP08796,F,-2.0,14.0,QA,,-10000,emp8796@mail.com
8797,EMP08797,M,54.0,17.0,Analyst,,6 LPA,emp8797@mail.com
8798,EMP08798,Male,-2.0,1.0,Engineer,,500000,emp8798@mail.com
8799,EMP08799,,59.0,4.0,Engineer,,6 LPA,
8800,EMP08800,F,47.0,20.0,Engineer,15/02/2024,500000,
8801,EMP08801,Male,26.0,1.0,Manager,2025-07-01,6 LPA,
8802,EMP08802,Male,59.0,9.0,Manager,15/02/2024,500000,
8803,EMP08803,male,34.0,12.0,Engineer,2023-01-15,-10000,
8804,EMP08804,,54.0,16.0,QA,2023-01-15,-10000,
8805,EMP08805,M,,7.0,Analyst,2025-07-01,800000,INVALID
8806,EMP08806,Female,26.0,9.0,HR,2025-07-01,350000,INVALID
8807,EMP08807,,52.0,16.0,Analyst,,6 LPA,emp8807@mail.com
8808,EMP08808,M,25.0,,Manager,,,INVALID
8809,EMP08809,Female,60.0,15.0,HR,15/02/2024,,
8810,EMP08810,Female,,16.0,HR,,6 LPA,emp8810@mail.com
8811,EMP08811,male,45.0,5.0,Engineer,2025-07-01,350000,
8812,EMP08812,,31.0,2.0,QA,,350000,emp8812@mail.com
8813,EMP08813,M,29.0,11.0,Analyst,2025-07-01,500000,INVALID
8814,EMP08814,male,28.0,15.0,Intern,15/02/2024,500000,INVALID
8815,EMP08815,,59.0,16.0,Manager,2025-07-01,500000,
8816,EMP08816,,37.0,3.0,Manager,2023-01-15,800000,emp8816@mail.com
8817,EMP08817,Female,27.0,13.0,HR,15/02/2024,,
8818,EMP08818,Female,49.0,3.0,Intern,15/02/2024,-10000,
8819,EMP08819,Male,36.0,10.0,QA,2023-01-15,500000,INVALID
8820,EMP08820,M,57.0,4.0,HR,,500000,
8821,EMP08821,Female,45.0,20.0,Manager,2023-01-15,500000,INVALID
8822,EMP08822,Male,28.0,18.0,Engineer,,500000,INVALID
8823,EMP08823,M,44.0,20.0,QA,,500000,
8824,EMP08824,male,23.0,4.0,Engineer,15/02/2024,6 LPA,INVALID
8825,EMP08825,,49.0,1.0,HR,15/02/2024,800000,
8826,EMP08826,F,57.0,6.0,QA,,800000,INVALID
8827,EMP08827,Male,33.0,12.0,Manager,,350000,
8828,EMP08828,Male,54.0,17.0,Intern,15/02/2024,350000,INVALID
8829,EMP08829,,37.0,8.0,Analyst,2023-01-15,350000,emp8829@mail.com
8830,EMP08830,M,51.0,16.0,QA,2023-01-15,500000,INVALID
8831,EMP08831,M,25.0,3.0,Manager,,500000,INVALID
8832,EMP08832,Female,59.0,16.0,Manager,,800000,
8833,EMP08833,male,60.0,7.0,QA,2023-01-15,500000,
8834,EMP08834,M,26.0,1.0,Manager,2023-01-15,500000,emp8834@mail.com
8835,EMP08835,,24.0,19.0,Intern,,800000,
8836,EMP08836,Male,37.0,13.0,QA,2025-07-01,500000,emp8836@mail.com
8837,EMP08837,,29.0,10.0,HR,15/02/2024,6 LPA,emp8837@mail.com
8838,EMP08838,Female,56.0,15.0,Manager,15/02/2024,500000,
8839,EMP08839,,58.0,2.0,Intern,,500000,INVALID
8840,EMP08840,F,36.0,99.0,Manager,,800000,
8841,EMP08841,Male,99.0,2.0,HR,,500000,INVALID
8842,EMP08842,male,22.0,5.0,Intern,,500000,INVALID
8843,EMP08843,M,24.0,7.0,QA,,500000,
8844,EMP08844,male,53.0,7.0,Intern,15/02/2024,350000,INVALID
8845,EMP08845,F,22.0,18.0,Analyst,2023-01-15,350000,emp8845@mail.com
8846,EMP08846,Female,-2.0,99.0,Engineer,,800000,INVALID
8847,EMP08847,Female,46.0,18.0,HR,,6 LPA,
8848,EMP08848,Female,47.0,8.0,QA,2023-01-15,350000,
8849,EMP08849,Female,48.0,10.0,Manager,,500000,emp8849@mail.com
8850,EMP08850,,24.0,19.0,Intern,15/02/2024,,
8851,EMP08851,Male,32.0,5.0,Intern,,800000,emp8851@mail.com
8852,EMP08852,Male,21.0,5.0,Manager,,350000,
8853,EMP08853,F,45.0,13.0,Intern,,800000,
8854,EMP08854,Male,41.0,3.0,QA,2023-01-15,6 LPA,emp8854@mail.com
8855,EMP08855,F,26.0,3.0,Intern,2025-07-01,800000,
8856,EMP08856,,40.0,15.0,Engineer,15/02/2024,6 LPA,INVALID
8857,EMP08857,male,54.0,11.0,HR,15/02/2024,6 LPA,
8858,EMP08858,F,48.0,10.0,Analyst,,-10000,
8859,EMP08859,male,21.0,3.0,QA,15/02/2024,350000,
8860,EMP08860,,32.0,4.0,Manager,,500000,
8861,EMP08861,Male,20.0,12.0,Intern,,500000,emp8861@mail.com
8862,EMP08862,Female,28.0,14.0,HR,15/02/2024,500000,
8863,EMP08863,Male,39.0,6.0,Engineer,,800000,
8864,EMP08864,M,27.0,9.0,HR,2025-07-01,350000,
8865,EMP08865,M,44.0,14.0,Intern,,500000,emp8865@mail.com
8866,EMP08866,Male,40.0,20.0,Engineer,15/02/2024,,
8867,EMP08867,F,31.0,14.0,Intern,2025-07-01,6 LPA,
8868,EMP08868,F,24.0,15.0,Analyst,,,INVALID
8869,EMP08869,male,20.0,4.0,Engineer,2025-07-01,-10000,emp8869@mail.com
8870,EMP08870,M,60.0,3.0,HR,2023-01-15,350000,INVALID
8871,EMP08871,male,56.0,1.0,Engineer,,,emp8871@mail.com
8872,EMP08872,,39.0,,Manager,15/02/2024,800000,
8873,EMP08873,Male,59.0,7.0,Manager,,800000,
8874,EMP08874,M,20.0,15.0,HR,,500000,INVALID
8875,EMP08875,Female,51.0,1.0,Manager,2025-07-01,500000,emp8875@mail.com
8876,EMP08876,M,30.0,13.0,QA,15/02/2024,350000,
8877,EMP08877,M,40.0,,Intern,,800000,
8878,EMP08878,male,50.0,11.0,Manager,2023-01-15,500000,
8879,EMP08879,F,30.0,14.0,Engineer,,350000,
8880,EMP08880,F,40.0,6.0,Intern,15/02/2024,,emp8880@mail.com
8881,EMP08881,Male,53.0,6.0,Intern,,6 LPA,
8882,EMP08882,Male,55.0,17.0,Engineer,,-10000,INVALID
8883,EMP08883,F,28.0,18.0,Intern,2023-01-15,,INVALID
8884,EMP08884,Female,57.0,10.0,QA,2025-07-01,-10000,
8885,EMP08885,male,54.0,16.0,Manager,,-10000,INVALID
8886,EMP08886,male,-2.0,19.0,Intern,,-10000,
8887,EMP08887,Male,51.0,9.0,Engineer,2023-01-15,350000,
8888,EMP08888,,54.0,10.0,Engineer,2025-07-01,350000,emp8888@mail.com
8889,EMP08889,Female,40.0,16.0,Engineer,2025-07-01,350000,INVALID
8890,EMP08890,F,48.0,19.0,Engineer,2025-07-01,800000,INVALID
8891,EMP08891,male,41.0,7.0,Manager,2025-07-01,-10000,INVALID
8892,EMP08892,F,48.0,15.0,HR,2023-01-15,500000,
8893,EMP08893,Male,54.0,19.0,QA,,-10000,INVALID
8894,EMP08894,Male,29.0,,Engineer,,350000,
8895,EMP08895,M,21.0,20.0,Engineer,,,
8896,EMP08896,,57.0,1.0,Intern,,350000,
8897,EMP08897,,34.0,2.0,Engineer,2025-07-01,,
8898,EMP08898,Female,52.0,19.0,HR,2025-07-01,350000,INVALID
8899,EMP08899,,25.0,8.0,Intern,15/02/2024,800000,INVALID
8900,EMP08900,,37.0,7.0,Engineer,2023-01-15,,emp8900@mail.com
8901,EMP08901,male,41.0,4.0,HR,15/02/2024,-10000,
8902,EMP08902,male,20.0,2.0,HR,2025-07-01,350000,INVALID
8903,EMP08903,male,40.0,18.0,QA,2025-07-01,6 LPA,
8904,EMP08904,,28.0,16.0,Analyst,,,INVALID
8905,EMP08905,M,31.0,6.0,HR,,-10000,emp8905@mail.com
8906,EMP08906,F,22.0,18.0,Manager,15/02/2024,-10000,
8907,EMP08907,,43.0,10.0,HR,2025-07-01,6 LPA,
8908,EMP08908,Female,20.0,13.0,Intern,,-10000,
8909,EMP08909,male,40.0,10.0,QA,2025-07-01,350000,
8910,EMP08910,F,41.0,20.0,Manager,,800000,
8911,EMP08911,,24.0,1.0,Intern,,,
8912,EMP08912,M,24.0,4.0,Manager,2025-07-01,,
8913,EMP08913,M,42.0,13.0,Manager,2023-01-15,,emp8913@mail.com
8914,EMP08914,Female,,18.0,Analyst,15/02/2024,6 LPA,emp8914@mail.com
8915,EMP08915,,52.0,9.0,Manager,,6 LPA,
8916,EMP08916,male,44.0,14.0,HR,15/02/2024,500000,
8917,EMP08917,Female,21.0,17.0,QA,,800000,
8918,EMP08918,Female,23.0,1.0,Manager,2025-07-01,6 LPA,
8919,EMP08919,male,30.0,2.0,Analyst,2023-01-15,350000,
8920,EMP08920,F,58.0,2.0,QA,2023-01-15,,
8921,EMP08921,M,26.0,19.0,HR,,500000,emp8921@mail.com
8922,EMP08922,Male,24.0,19.0,Manager,2023-01-15,800000,INVALID
8923,EMP08923,Female,59.0,4.0,Analyst,2023-01-15,-10000,INVALID
8924,EMP08924,,21.0,16.0,Intern,15/02/2024,6 LPA,INVALID
8925,EMP08925,F,21.0,10.0,Intern,2023-01-15,800000,
8926,EMP08926,Male,52.0,5.0,Engineer,,-10000,emp8926@mail.com
8927,EMP08927,M,57.0,13.0,Analyst,,350000,
8928,EMP08928,Female,60.0,20.0,Manager,2023-01-15,-10000,INVALID
8929,EMP08929,M,35.0,10.0,HR,,,INVALID
8930,EMP08930,M,47.0,18.0,Engineer,2025-07-01,-10000,
8931,EMP08931,Female,47.0,13.0,Intern,,6 LPA,
8932,EMP08932,,36.0,14.0,Manager,,-10000,
8933,EMP08933,M,38.0,7.0,Analyst,,,emp8933@mail.com
8934,EMP08934,Female,49.0,13.0,QA,15/02/2024,350000,
8935,EMP08935,male,33.0,10.0,Manager,15/02/2024,,emp8935@mail.com
8936,EMP08936,Female,31.0,10.0,HR,,-10000,
8937,EMP08937,,24.0,13.0,HR,2025-07-01,350000,
8938,EMP08938,,52.0,8.0,Engineer,2023-01-15,500000,
8939,EMP08939,,27.0,16.0,QA,2023-01-15,350000,emp8939@mail.com
8940,EMP08940,male,51.0,3.0,Manager,,350000,
8941,EMP08941,Male,20.0,18.0,Manager,15/02/2024,350000,
8942,EMP08942,F,49.0,16.0,Manager,,,
8943,EMP08943,Female,55.0,1.0,Intern,,-10000,
8944,EMP08944,Female,48.0,13.0,Intern,,-10000,INVALID
8945,EMP08945,M,21.0,16.0,Intern,,6 LPA,emp8945@mail.com
8946,EMP08946,,99.0,12.0,Manager,,,
8947,EMP08947,male,58.0,,Engineer,,800000,emp8947@mail.com
8948,EMP08948,,43.0,19.0,Intern,2023-01-15,500000,emp8948@mail.com
8949,EMP08949,F,50.0,12.0,QA,,,emp8949@mail.com
8950,EMP08950,Male,23.0,7.0,Intern,15/02/2024,500000,INVALID
8951,EMP08951,Female,-2.0,12.0,Intern,2023-01-15,350000,emp8951@mail.com
8952,EMP08952,,48.0,4.0,HR,15/02/2024,800000,emp8952@mail.com
8953,EMP08953,F,40.0,9.0,Analyst,2025-07-01,350000,
8954,EMP08954,,23.0,8.0,QA,2025-07-01,-10000,emp8954@mail.com
8955,EMP08955,,21.0,3.0,Manager,2023-01-15,,
8956,EMP08956,Female,47.0,7.0,QA,2023-01-15,,
8957,EMP08957,,32.0,11.0,Analyst,15/02/2024,6 LPA,
8958,EMP08958,F,56.0,10.0,HR,,,emp8958@mail.com
8959,EMP08959,Male,58.0,19.0,Engineer,2025-07-01,500000,
8960,EMP08960,male,27.0,7.0,Analyst,,6 LPA,INVALID
8961,EMP08961,Male,39.0,6.0,Analyst,15/02/2024,500000,
8962,EMP08962,,31.0,14.0,Analyst,,6 LPA,
8963,EMP08963,F,59.0,10.0,Intern,,350000,emp8963@mail.com
8964,EMP08964,F,40.0,11.0,Engineer,15/02/2024,350000,
8965,EMP08965,F,49.0,13.0,QA,,6 LPA,
8966,EMP08966,Female,36.0,12.0,Intern,2025-07-01,6 LPA,emp8966@mail.com
8967,EMP08967,F,28.0,5.0,Intern,2023-01-15,350000,INVALID
8968,EMP08968,F,45.0,,Intern,,6 LPA,
8969,EMP08969,F,-2.0,9.0,Analyst,,350000,
8970,EMP08970,Female,47.0,13.0,Analyst,2025-07-01,500000,emp8970@mail.com
8971,EMP08971,,50.0,11.0,Analyst,2025-07-01,500000,
8972,EMP08972,male,34.0,20.0,Engineer,2023-01-15,350000,
8973,EMP08973,F,57.0,5.0,Intern,15/02/2024,-10000,emp8973@mail.com
8974,EMP08974,,46.0,16.0,Analyst,2023-01-15,,INVALID
8975,EMP08975,F,22.0,20.0,Analyst,,500000,
8976,EMP08976,F,20.0,10.0,Engineer,,800000,emp8976@mail.com
8977,EMP08977,Male,45.0,15.0,Engineer,,6 LPA,
8978,EMP08978,male,22.0,3.0,HR,,500000,
8979,EMP08979,M,45.0,7.0,Intern,2025-07-01,350000,
8980,EMP08980,male,40.0,99.0,Analyst,,-10000,emp8980@mail.com
8981,EMP08981,Female,22.0,10.0,Engineer,2025-07-01,-10000,
8982,EMP08982,,48.0,16.0,Analyst,,-10000,
8983,EMP08983,Female,24.0,3.0,Intern,2023-01-15,,
8984,EMP08984,,42.0,10.0,Intern,,6 LPA,
8985,EMP08985,male,60.0,18.0,Intern,2025-07-01,6 LPA,
8986,EMP08986,Female,55.0,7.0,Intern,,500000,INVALID
8987,EMP08987,male,20.0,14.0,HR,,500000,
8988,EMP08988,Male,33.0,15.0,Analyst,,800000,INVALID
8989,EMP08989,,-2.0,18.0,Engineer,15/02/2024,6 LPA,emp8989@mail.com
8990,EMP08990,,,8.0,Engineer,15/02/2024,350000,INVALID
8991,EMP08991,Male,52.0,19.0,Engineer,,6 LPA,
8992,EMP08992,,53.0,20.0,QA,,500000,emp8992@mail.com
8993,EMP08993,M,28.0,17.0,Manager,2023-01-15,6 LPA,emp8993@mail.com
8994,EMP08994,Female,24.0,16.0,Intern,2023-01-15,800000,emp8994@mail.com
8995,EMP08995,F,21.0,99.0,Manager,15/02/2024,800000,
8996,EMP08996,male,,,Manager,2023-01-15,500000,
8997,EMP08997,F,22.0,14.0,Manager,,-10000,emp8997@mail.com
8998,EMP08998,Female,47.0,12.0,Intern,,6 LPA,
8999,EMP08999,male,45.0,1.0,Analyst,,350000,INVALID
9000,EMP09000,Male,58.0,16.0,HR,2023-01-15,-10000,emp9000@mail.com
9001,EMP09001,,37.0,12.0,Engineer,15/02/2024,6 LPA,emp9001@mail.com
9002,EMP09002,,35.0,11.0,Engineer,2025-07-01,6 LPA,INVALID
9003,EMP09003,Female,40.0,7.0,Analyst,,800000,
9004,EMP09004,Female,25.0,19.0,Engineer,15/02/2024,350000,
9005,EMP09005,F,99.0,6.0,Engineer,,350000,emp9005@mail.com
9006,EMP09006,F,,10.0,Intern,,-10000,INVALID
9007,EMP09007,Male,23.0,18.0,Manager,2023-01-15,-10000,
9008,EMP09008,Male,54.0,20.0,HR,,6 LPA,emp9008@mail.com
9009,EMP09009,Male,60.0,9.0,Analyst,,6 LPA,
9010,EMP09010,,51.0,5.0,Analyst,,6 LPA,emp9010@mail.com
9011,EMP09011,M,-2.0,11.0,HR,2023-01-15,,INVALID
9012,EMP09012,Female,31.0,16.0,Manager,,800000,
9013,EMP09013,M,,99.0,Intern,,350000,
9014,EMP09014,male,-2.0,2.0,QA,15/02/2024,-10000,
9015,EMP09015,male,58.0,6.0,HR,2025-07-01,-10000,INVALID
9016,EMP09016,Male,35.0,3.0,QA,2023-01-15,6 LPA,
9017,EMP09017,male,45.0,3.0,Engineer,15/02/2024,350000,INVALID
9018,EMP09018,F,35.0,20.0,QA,15/02/2024,-10000,
9019,EMP09019,male,53.0,8.0,Analyst,15/02/2024,500000,emp9019@mail.com
9020,EMP09020,,56.0,19.0,Engineer,,-10000,emp9020@mail.com
9021,EMP09021,male,25.0,9.0,QA,,350000,
9022,EMP09022,Female,54.0,2.0,QA,15/02/2024,,
9023,EMP09023,F,49.0,99.0,Analyst,2023-01-15,,
9024,EMP09024,M,-2.0,8.0,Engineer,2023-01-15,500000,INVALID
9025,EMP09025,,40.0,14.0,QA,,800000,
9026,EMP09026,F,99.0,17.0,Engineer,2023-01-15,-10000,emp9026@mail.com
9027,EMP09027,F,53.0,5.0,QA,2023-01-15,500000,
9028,EMP09028,F,-2.0,19.0,QA,15/02/2024,500000,
9029,EMP09029,,50.0,9.0,Intern,15/02/2024,350000,
9030,EMP09030,M,48.0,11.0,Intern,15/02/2024,6 LPA,INVALID
9031,EMP09031,Male,33.0,7.0,Engineer,,350000,emp9031@mail.com
9032,EMP09032,F,25.0,9.0,QA,,350000,INVALID
9033,EMP09033,male,25.0,2.0,QA,,-10000,emp9033@mail.com
9034,EMP09034,male,27.0,11.0,Manager,,,emp9034@mail.com
9035,EMP09035,Male,25.0,9.0,HR,,500000,emp9035@mail.com
9036,EMP09036,,42.0,13.0,Engineer,,350000,INVALID
9037,EMP09037,F,,2.0,Intern,,-10000,
9038,EMP09038,,54.0,11.0,HR,,-10000,emp9038@mail.com
9039,EMP09039,M,47.0,15.0,Manager,2023-01-15,350000,INVALID
9040,EMP09040,F,29.0,3.0,HR,15/02/2024,,INVALID
9041,EMP09041,Male,56.0,13.0,Analyst,,-10000,
9042,EMP09042,male,25.0,14.0,Manager,,350000,
9043,EMP09043,male,99.0,11.0,HR,2025-07-01,500000,
9044,EMP09044,Male,46.0,10.0,HR,2023-01-15,-10000,emp9044@mail.com
9045,EMP09045,Female,27.0,9.0,Engineer,2025-07-01,350000,emp9045@mail.com
9046,EMP09046,Male,27.0,,Intern,2025-07-01,-10000,emp9046@mail.com
9047,EMP09047,Female,-2.0,99.0,QA,2023-01-15,6 LPA,INVALID
9048,EMP09048,Female,22.0,10.0,QA,,500000,
9049,EMP09049,Male,39.0,18.0,Manager,,6 LPA,INVALID
9050,EMP09050,,20.0,15.0,Manager,15/02/2024,800000,INVALID
9051,EMP09051,M,36.0,11.0,QA,,800000,
9052,EMP09052,Female,41.0,5.0,Intern,2023-01-15,,
9053,EMP09053,Female,26.0,11.0,Analyst,15/02/2024,6 LPA,
9054,EMP09054,F,40.0,17.0,Analyst,15/02/2024,800000,INVALID
9055,EMP09055,male,52.0,99.0,HR,15/02/2024,6 LPA,
9056,EMP09056,Male,37.0,12.0,HR,2025-07-01,6 LPA,INVALID
9057,EMP09057,M,46.0,17.0,Intern,2025-07-01,-10000,
9058,EMP09058,male,46.0,99.0,Intern,15/02/2024,,
9059,EMP09059,Female,28.0,1.0,Analyst,15/02/2024,350000,emp9059@mail.com
9060,EMP09060,F,,19.0,HR,2025-07-01,350000,INVALID
9061,EMP09061,M,37.0,12.0,QA,2023-01-15,350000,
9062,EMP09062,male,26.0,12.0,Engineer,,800000,emp9062@mail.com
9063,EMP09063,Female,49.0,3.0,Analyst,,-10000,
9064,EMP09064,Female,27.0,1.0,Manager,,,
9065,EMP09065,Female,50.0,5.0,Engineer,2023-01-15,500000,emp9065@mail.com
9066,EMP09066,Female,25.0,99.0,Engineer,2025-07-01,-10000,
9067,EMP09067,M,55.0,8.0,HR,2023-01-15,500000,
9068,EMP09068,Female,49.0,16.0,Analyst,,-10000,
9069,EMP09069,Male,60.0,10.0,HR,2025-07-01,6 LPA,
9070,EMP09070,male,47.0,5.0,HR,2023-01-15,6 LPA,INVALID
9071,EMP09071,F,38.0,9.0,Engineer,2025-07-01,6 LPA,emp9071@mail.com
9072,EMP09072,,99.0,16.0,Engineer,,800000,
9073,EMP09073,Male,50.0,4.0,HR,,350000,
9074,EMP09074,Male,56.0,14.0,Analyst,2023-01-15,,emp9074@mail.com
9075,EMP09075,M,-2.0,16.0,Analyst,,500000,emp9075@mail.com
9076,EMP09076,M,41.0,16.0,Intern,,800000,INVALID
9077,EMP09077,male,35.0,2.0,QA,2023-01-15,-10000,
9078,EMP09078,,56.0,14.0,Intern,15/02/2024,500000,
9079,EMP09079,,32.0,4.0,Analyst,2023-01-15,-10000,emp9079@mail.com
9080,EMP09080,Female,46.0,10.0,QA,2023-01-15,500000,
9081,EMP09081,,-2.0,,QA,,350000,
9082,EMP09082,Female,27.0,12.0,Engineer,2023-01-15,-10000,INVALID
9083,EMP09083,F,36.0,12.0,Intern,2023-01-15,-10000,
9084,EMP09084,Female,36.0,12.0,Engineer,2023-01-15,350000,emp9084@mail.com
9085,EMP09085,,53.0,19.0,Manager,2025-07-01,350000,INVALID
9086,EMP09086,Female,28.0,20.0,Manager,,350000,INVALID
9087,EMP09087,M,23.0,17.0,HR,2025-07-01,500000,emp9087@mail.com
9088,EMP09088,Male,49.0,4.0,QA,2023-01-15,800000,emp9088@mail.com
9089,EMP09089,male,46.0,5.0,QA,,800000,
9090,EMP09090,Male,44.0,12.0,QA,15/02/2024,500000,INVALID
9091,EMP09091,male,32.0,2.0,QA,2025-07-01,500000,
9092,EMP09092,M,53.0,11.0,Intern,,500000,emp9092@mail.com
9093,EMP09093,male,26.0,16.0,QA,,350000,
9094,EMP09094,F,59.0,8.0,Analyst,2025-07-01,-10000,
9095,EMP09095,male,30.0,8.0,QA,2023-01-15,,emp9095@mail.com
9096,EMP09096,,27.0,10.0,Intern,2025-07-01,350000,emp9096@mail.com
9097,EMP09097,F,-2.0,5.0,Engineer,2023-01-15,6 LPA,
9098,EMP09098,Male,48.0,17.0,Manager,,-10000,
9099,EMP09099,male,24.0,1.0,Intern,15/02/2024,,INVALID
9100,EMP09100,Male,60.0,2.0,Engineer,2023-01-15,,
9101,EMP09101,M,59.0,10.0,QA,2025-07-01,800000,INVALID
9102,EMP09102,Male,21.0,12.0,Analyst,2023-01-15,-10000,
9103,EMP09103,F,42.0,8.0,HR,15/02/2024,,INVALID
9104,EMP09104,F,59.0,15.0,HR,15/02/2024,350000,
9105,EMP09105,M,54.0,13.0,Intern,2023-01-15,500000,
9106,EMP09106,F,46.0,14.0,HR,2023-01-15,350000,
9107,EMP09107,M,37.0,2.0,QA,,800000,INVALID
9108,EMP09108,M,41.0,9.0,Analyst,,-10000,
9109,EMP09109,Female,31.0,,Manager,,-10000,
9110,EMP09110,F,53.0,7.0,Manager,,500000,emp9110@mail.com
9111,EMP09111,M,37.0,20.0,Intern,,-10000,emp9111@mail.com
9112,EMP09112,F,24.0,14.0,HR,,6 LPA,
9113,EMP09113,M,28.0,14.0,Manager,,800000,
9114,EMP09114,,21.0,6.0,Engineer,,,emp9114@mail.com
9115,EMP09115,M,41.0,16.0,Intern,15/02/2024,800000,
9116,EMP09116,Female,24.0,3.0,HR,2025-07-01,-10000,emp9116@mail.com
9117,EMP09117,F,32.0,10.0,QA,2025-07-01,,INVALID
9118,EMP09118,F,24.0,12.0,Analyst,2025-07-01,800000,INVALID
9119,EMP09119,M,22.0,6.0,Intern,15/02/2024,500000,emp9119@mail.com
9120,EMP09120,Male,38.0,9.0,Intern,,6 LPA,emp9120@mail.com
9121,EMP09121,male,25.0,11.0,Analyst,15/02/2024,800000,emp9121@mail.com
9122,EMP09122,male,39.0,12.0,Manager,2023-01-15,,
9123,EMP09123,male,27.0,9.0,Analyst,2025-07-01,350000,INVALID
9124,EMP09124,male,46.0,8.0,HR,,350000,INVALID
9125,EMP09125,male,47.0,2.0,QA,,800000,
9126,EMP09126,,53.0,4.0,QA,,-10000,
9127,EMP09127,Female,54.0,2.0,Intern,,350000,
9128,EMP09128,,24.0,11.0,QA,,350000,INVALID
9129,EMP09129,male,37.0,16.0,Analyst,,800000,emp9129@mail.com
9130,EMP09130,M,33.0,7.0,Manager,15/02/2024,500000,INVALID
9131,EMP09131,F,32.0,2.0,Intern,2023-01-15,,
9132,EMP09132,male,29.0,19.0,QA,,6 LPA,INVALID
9133,EMP09133,M,54.0,6.0,Analyst,15/02/2024,800000,
9134,EMP09134,Female,-2.0,16.0,Manager,,500000,
9135,EMP09135,,,4.0,Manager,2025-07-01,500000,
9136,EMP09136,M,54.0,16.0,QA,,350000,emp9136@mail.com
9137,EMP09137,Female,40.0,16.0,Intern,,6 LPA,
9138,EMP09138,M,27.0,2.0,Analyst,,,
9139,EMP09139,Male,56.0,16.0,Engineer,,500000,INVALID
9140,EMP09140,male,31.0,12.0,Engineer,15/02/2024,-10000,
9141,EMP09141,male,60.0,3.0,Analyst,,,INVALID
9142,EMP09142,Female,56.0,16.0,HR,2025-07-01,350000,emp9142@mail.com
9143,EMP09143,F,37.0,2.0,Intern,2023-01-15,800000,
9144,EMP09144,M,99.0,11.0,Engineer,2025-07-01,6 LPA,
9145,EMP09145,Female,24.0,15.0,Engineer,,,INVALID
9146,EMP09146,Male,56.0,7.0,HR,15/02/2024,500000,
9147,EMP09147,Male,-2.0,5.0,Analyst,15/02/2024,500000,
9148,EMP09148,M,55.0,8.0,HR,,500000,
9149,EMP09149,male,38.0,13.0,Analyst,2023-01-15,350000,emp9149@mail.com
9150,EMP09150,Male,44.0,13.0,HR,15/02/2024,800000,emp9150@mail.com
9151,EMP09151,Male,54.0,14.0,Intern,,500000,INVALID
9152,EMP09152,male,46.0,8.0,Manager,,350000,
9153,EMP09153,F,30.0,13.0,Manager,,6 LPA,INVALID
9154,EMP09154,Female,54.0,10.0,Engineer,2023-01-15,6 LPA,emp9154@mail.com
9155,EMP09155,Male,25.0,11.0,Analyst,,800000,emp9155@mail.com
9156,EMP09156,Female,53.0,99.0,Analyst,2023-01-15,500000,INVALID
9157,EMP09157,Male,55.0,1.0,QA,2023-01-15,6 LPA,
9158,EMP09158,male,42.0,,QA,2025-07-01,6 LPA,INVALID
9159,EMP09159,M,54.0,8.0,Manager,15/02/2024,-10000,
9160,EMP09160,M,39.0,11.0,QA,2023-01-15,800000,
9161,EMP09161,male,20.0,13.0,QA,,350000,
9162,EMP09162,Male,42.0,16.0,Engineer,2023-01-15,,emp9162@mail.com
9163,EMP09163,M,54.0,1.0,Analyst,15/02/2024,-10000,
9164,EMP09164,Male,44.0,17.0,HR,,-10000,emp9164@mail.com
9165,EMP09165,F,49.0,15.0,Manager,15/02/2024,-10000,INVALID
9166,EMP09166,male,30.0,99.0,QA,2023-01-15,6 LPA,
9167,EMP09167,male,58.0,8.0,QA,2025-07-01,800000,INVALID
9168,EMP09168,Male,21.0,11.0,Engineer,,800000,
9169,EMP09169,M,47.0,15.0,Intern,15/02/2024,500000,
9170,EMP09170,M,59.0,11.0,HR,,-10000,emp9170@mail.com
9171,EMP09171,Male,53.0,1.0,Analyst,,6 LPA,INVALID
9172,EMP09172,M,41.0,3.0,QA,15/02/2024,,
9173,EMP09173,,30.0,4.0,Intern,2023-01-15,-10000,emp9173@mail.com
9174,EMP09174,Female,33.0,14.0,QA,2025-07-01,-10000,emp9174@mail.com
9175,EMP09175,male,31.0,9.0,Manager,,500000,
9176,EMP09176,F,20.0,3.0,QA,2025-07-01,,
9177,EMP09177,Male,32.0,17.0,Engineer,2023-01-15,350000,INVALID
9178,EMP09178,Male,23.0,14.0,Intern,15/02/2024,800000,
9179,EMP09179,Female,57.0,6.0,Intern,2023-01-15,500000,
9180,EMP09180,male,45.0,,HR,2023-01-15,800000,
9181,EMP09181,Male,33.0,3.0,Manager,,-10000,
9182,EMP09182,Female,37.0,18.0,Intern,,350000,
9183,EMP09183,F,58.0,1.0,Manager,2023-01-15,6 LPA,INVALID
9184,EMP09184,Female,35.0,4.0,Analyst,15/02/2024,,INVALID
9185,EMP09185,F,36.0,12.0,Intern,,800000,
9186,EMP09186,Male,41.0,8.0,Engineer,15/02/2024,350000,INVALID
9187,EMP09187,male,23.0,99.0,QA,15/02/2024,350000,emp9187@mail.com
9188,EMP09188,male,56.0,,HR,15/02/2024,500000,emp9188@mail.com
9189,EMP09189,F,46.0,1.0,Intern,15/02/2024,-10000,emp9189@mail.com
9190,EMP09190,male,50.0,6.0,Analyst,2023-01-15,500000,
9191,EMP09191,male,47.0,10.0,QA,,500000,
9192,EMP09192,Male,26.0,9.0,Engineer,2023-01-15,800000,
9193,EMP09193,male,24.0,6.0,QA,15/02/2024,-10000,
9194,EMP09194,male,30.0,16.0,Analyst,2025-07-01,,INVALID
9195,EMP09195,M,27.0,19.0,Engineer,,,emp9195@mail.com
9196,EMP09196,male,49.0,14.0,QA,2025-07-01,,
9197,EMP09197,F,26.0,5.0,Manager,,350000,emp9197@mail.com
9198,EMP09198,Female,60.0,15.0,Manager,,-10000,emp9198@mail.com
9199,EMP09199,Female,41.0,15.0,HR,2023-01-15,-10000,
9200,EMP09200,F,39.0,17.0,HR,,,INVALID
9201,EMP09201,,34.0,13.0,Analyst,15/02/2024,6 LPA,emp9201@mail.com
9202,EMP09202,F,27.0,4.0,Intern,,500000,
9203,EMP09203,Male,49.0,5.0,HR,,500000,
9204,EMP09204,M,30.0,2.0,Analyst,,-10000,emp9204@mail.com
9205,EMP09205,M,23.0,13.0,Intern,15/02/2024,500000,
9206,EMP09206,Female,56.0,20.0,Engineer,2023-01-15,500000,
9207,EMP09207,Male,21.0,11.0,Engineer,,-10000,INVALID
9208,EMP09208,F,56.0,17.0,Intern,,800000,emp9208@mail.com
9209,EMP09209,M,34.0,15.0,HR,15/02/2024,-10000,emp9209@mail.com
9210,EMP09210,F,37.0,1.0,Intern,2025-07-01,-10000,INVALID
9211,EMP09211,male,57.0,3.0,Engineer,2023-01-15,800000,INVALID
9212,EMP09212,F,51.0,8.0,Manager,,500000,emp9212@mail.com
9213,EMP09213,,50.0,18.0,HR,,350000,
9214,EMP09214,,24.0,8.0,Engineer,2025-07-01,,INVALID
9215,EMP09215,male,45.0,3.0,QA,,800000,INVALID
9216,EMP09216,F,43.0,16.0,Intern,,800000,INVALID
9217,EMP09217,Male,46.0,6.0,QA,2025-07-01,,
9218,EMP09218,male,55.0,8.0,Analyst,2025-07-01,500000,
9219,EMP09219,male,55.0,4.0,Manager,2023-01-15,,INVALID
9220,EMP09220,male,30.0,17.0,Manager,2025-07-01,800000,
9221,EMP09221,Female,45.0,16.0,Engineer,15/02/2024,800000,INVALID
9222,EMP09222,M,24.0,19.0,Engineer,,6 LPA,INVALID
9223,EMP09223,F,39.0,7.0,Analyst,,800000,
9224,EMP09224,Female,29.0,8.0,Analyst,15/02/2024,,INVALID
9225,EMP09225,,36.0,3.0,Manager,,500000,emp9225@mail.com
9226,EMP09226,Female,50.0,7.0,Engineer,2023-01-15,800000,emp9226@mail.com
9227,EMP09227,M,44.0,2.0,QA,,350000,emp9227@mail.com
9228,EMP09228,Male,28.0,,QA,2023-01-15,,
9229,EMP09229,M,58.0,10.0,Engineer,2025-07-01,500000,
9230,EMP09230,male,53.0,8.0,QA,,6 LPA,
9231,EMP09231,male,41.0,4.0,Manager,2025-07-01,6 LPA,
9232,EMP09232,M,38.0,,Analyst,,-10000,emp9232@mail.com
9233,EMP09233,F,42.0,11.0,Manager,,-10000,emp9233@mail.com
9234,EMP09234,F,38.0,5.0,Analyst,15/02/2024,500000,
9235,EMP09235,male,53.0,,HR,2025-07-01,,INVALID
9236,EMP09236,F,41.0,7.0,QA,15/02/2024,500000,emp9236@mail.com
9237,EMP09237,F,22.0,19.0,HR,2025-07-01,500000,emp9237@mail.com
9238,EMP09238,F,23.0,4.0,Engineer,,6 LPA,emp9238@mail.com
9239,EMP09239,male,99.0,99.0,QA,,-10000,INVALID
9240,EMP09240,Male,30.0,13.0,Engineer,2025-07-01,6 LPA,INVALID
9241,EMP09241,male,34.0,2.0,Manager,,-10000,
9242,EMP09242,,60.0,19.0,Intern,15/02/2024,800000,
9243,EMP09243,F,56.0,18.0,Manager,2023-01-15,500000,INVALID
9244,EMP09244,F,47.0,19.0,HR,15/02/2024,6 LPA,
9245,EMP09245,Male,48.0,1.0,QA,,500000,INVALID
9246,EMP09246,M,47.0,13.0,Manager,15/02/2024,800000,
9247,EMP09247,Female,20.0,,Manager,2023-01-15,500000,INVALID
9248,EMP09248,Female,48.0,14.0,Analyst,,800000,
9249,EMP09249,F,-2.0,15.0,QA,,,
9250,EMP09250,,99.0,18.0,Manager,15/02/2024,,
9251,EMP09251,Female,20.0,4.0,QA,15/02/2024,-10000,
9252,EMP09252,M,26.0,13.0,Engineer,2025-07-01,-10000,
9253,EMP09253,Female,44.0,17.0,Intern,15/02/2024,350000,
9254,EMP09254,M,33.0,12.0,Engineer,,6 LPA,INVALID
9255,EMP09255,F,51.0,11.0,Engineer,,,emp9255@mail.com
9256,EMP09256,male,44.0,5.0,HR,,6 LPA,
9257,EMP09257,M,34.0,7.0,QA,2023-01-15,800000,
9258,EMP09258,,30.0,,Engineer,2023-01-15,-10000,emp9258@mail.com
9259,EMP09259,male,23.0,12.0,HR,15/02/2024,800000,emp9259@mail.com
9260,EMP09260,,47.0,16.0,Manager,15/02/2024,800000,INVALID
9261,EMP09261,,57.0,20.0,Analyst,,350000,
9262,EMP09262,M,42.0,4.0,QA,,,
9263,EMP09263,male,29.0,7.0,Analyst,15/02/2024,800000,emp9263@mail.com
9264,EMP09264,M,59.0,20.0,QA,2023-01-15,6 LPA,
9265,EMP09265,F,39.0,,Engineer,2023-01-15,500000,
9266,EMP09266,M,52.0,11.0,Analyst,,6 LPA,
9267,EMP09267,Male,99.0,99.0,QA,2025-07-01,350000,
9268,EMP09268,male,50.0,15.0,Engineer,2023-01-15,350000,INVALID
9269,EMP09269,,54.0,1.0,Manager,15/02/2024,350000,
9270,EMP09270,F,-2.0,10.0,Engineer,,800000,emp9270@mail.com
9271,EMP09271,,35.0,14.0,HR,2023-01-15,,INVALID
9272,EMP09272,Male,,17.0,Manager,,,
9273,EMP09273,,49.0,20.0,Analyst,,-10000,INVALID
9274,EMP09274,,55.0,10.0,HR,,-10000,INVALID
9275,EMP09275,F,27.0,19.0,Engineer,15/02/2024,500000,
9276,EMP09276,Female,54.0,1.0,Intern,,800000,
9277,EMP09277,M,48.0,6.0,Manager,15/02/2024,800000,
9278,EMP09278,male,35.0,5.0,HR,,350000,emp9278@mail.com
9279,EMP09279,F,49.0,4.0,QA,2023-01-15,350000,
9280,EMP09280,Female,42.0,9.0,HR,2023-01-15,6 LPA,
9281,EMP09281,F,52.0,1.0,Manager,,800000,
9282,EMP09282,Female,49.0,11.0,HR,,6 LPA,
9283,EMP09283,Male,36.0,3.0,Manager,,800000,
9284,EMP09284,,48.0,8.0,QA,2023-01-15,500000,INVALID
9285,EMP09285,M,26.0,9.0,HR,15/02/2024,800000,emp9285@mail.com
9286,EMP09286,Female,60.0,,HR,15/02/2024,6 LPA,
9287,EMP09287,male,45.0,11.0,Intern,,500000,emp9287@mail.com
9288,EMP09288,male,22.0,99.0,HR,2023-01-15,500000,INVALID
9289,EMP09289,Male,40.0,15.0,Intern,2023-01-15,350000,
9290,EMP09290,Male,30.0,2.0,Intern,2025-07-01,350000,
9291,EMP09291,Female,30.0,11.0,HR,15/02/2024,500000,emp9291@mail.com
9292,EMP09292,Female,20.0,11.0,Intern,2023-01-15,-10000,emp9292@mail.com
9293,EMP09293,Male,51.0,2.0,Analyst,15/02/2024,6 LPA,
9294,EMP09294,Female,33.0,12.0,Intern,,350000,
9295,EMP09295,M,38.0,19.0,HR,2025-07-01,,emp9295@mail.com
9296,EMP09296,Female,24.0,18.0,Engineer,2023-01-15,500000,
9297,EMP09297,male,39.0,17.0,Engineer,,,
9298,EMP09298,male,59.0,4.0,Manager,,-10000,
9299,EMP09299,Male,45.0,11.0,Engineer,15/02/2024,350000,
9300,EMP09300,Male,20.0,20.0,Manager,15/02/2024,500000,
9301,EMP09301,M,24.0,2.0,Manager,2023-01-15,500000,INVALID
9302,EMP09302,F,45.0,17.0,Manager,,800000,
9303,EMP09303,F,20.0,20.0,Analyst,2025-07-01,800000,emp9303@mail.com
9304,EMP09304,Male,32.0,5.0,Manager,2025-07-01,-10000,
9305,EMP09305,male,40.0,3.0,Manager,,350000,
9306,EMP09306,F,35.0,8.0,QA,2023-01-15,800000,emp9306@mail.com
9307,EMP09307,M,37.0,11.0,Analyst,2025-07-01,-10000,emp9307@mail.com
9308,EMP09308,,42.0,1.0,Manager,,-10000,
9309,EMP09309,M,26.0,19.0,Manager,2025-07-01,-10000,
9310,EMP09310,Female,49.0,1.0,Engineer,15/02/2024,800000,
9311,EMP09311,male,50.0,8.0,HR,,350000,emp9311@mail.com
9312,EMP09312,male,99.0,15.0,Analyst,,-10000,
9313,EMP09313,,30.0,16.0,Intern,,800000,INVALID
9314,EMP09314,F,40.0,10.0,Manager,,500000,emp9314@mail.com
9315,EMP09315,Female,42.0,11.0,Analyst,,-10000,emp9315@mail.com
9316,EMP09316,male,33.0,4.0,QA,2023-01-15,800000,
9317,EMP09317,Male,58.0,5.0,Intern,15/02/2024,500000,INVALID
9318,EMP09318,Male,24.0,3.0,HR,,350000,INVALID
9319,EMP09319,Male,28.0,99.0,Manager,15/02/2024,500000,
9320,EMP09320,Male,,15.0,QA,15/02/2024,500000,
9321,EMP09321,,58.0,8.0,Manager,,500000,INVALID
9322,EMP09322,F,-2.0,17.0,Analyst,,6 LPA,emp9322@mail.com
9323,EMP09323,Female,50.0,,Analyst,2025-07-01,350000,INVALID
9324,EMP09324,Male,48.0,5.0,QA,,350000,emp9324@mail.com
9325,EMP09325,M,40.0,9.0,Manager,15/02/2024,6 LPA,
9326,EMP09326,F,58.0,99.0,Analyst,2023-01-15,500000,INVALID
9327,EMP09327,F,28.0,4.0,HR,,800000,
9328,EMP09328,,60.0,14.0,Engineer,2025-07-01,500000,INVALID
9329,EMP09329,,27.0,14.0,Manager,,,emp9329@mail.com
9330,EMP09330,Female,31.0,2.0,Engineer,,,
9331,EMP09331,M,55.0,17.0,QA,2023-01-15,500000,
9332,EMP09332,Female,46.0,4.0,Manager,2023-01-15,500000,INVALID
9333,EMP09333,,56.0,14.0,Engineer,15/02/2024,-10000,
9334,EMP09334,Male,56.0,6.0,Intern,,,INVALID
9335,EMP09335,Male,20.0,8.0,HR,2023-01-15,350000,INVALID
9336,EMP09336,M,22.0,11.0,Intern,,500000,
9337,EMP09337,Male,47.0,17.0,Manager,,-10000,emp9337@mail.com
9338,EMP09338,male,31.0,12.0,HR,2023-01-15,6 LPA,emp9338@mail.com
9339,EMP09339,Male,48.0,19.0,Engineer,15/02/2024,800000,INVALID
9340,EMP09340,Male,40.0,18.0,QA,,-10000,
9341,EMP09341,male,22.0,6.0,Manager,,,
9342,EMP09342,F,34.0,17.0,Intern,,6 LPA,emp9342@mail.com
9343,EMP09343,Female,59.0,3.0,Manager,,,
9344,EMP09344,Male,-2.0,7.0,QA,15/02/2024,6 LPA,emp9344@mail.com
9345,EMP09345,,60.0,15.0,Engineer,15/02/2024,500000,
9346,EMP09346,,23.0,20.0,QA,2023-01-15,-10000,
9347,EMP09347,F,29.0,14.0,HR,15/02/2024,,INVALID
9348,EMP09348,,23.0,6.0,Engineer,2023-01-15,,emp9348@mail.com
9349,EMP09349,Female,36.0,15.0,HR,,500000,
9350,EMP09350,male,23.0,4.0,Engineer,2025-07-01,350000,INVALID
9351,EMP09351,Female,41.0,14.0,Intern,2025-07-01,350000,emp9351@mail.com
9352,EMP09352,M,36.0,14.0,Manager,2023-01-15,500000,emp9352@mail.com
9353,EMP09353,Male,41.0,20.0,HR,2023-01-15,500000,INVALID
9354,EMP09354,male,60.0,7.0,QA,,6 LPA,INVALID
9355,EMP09355,Male,46.0,18.0,Analyst,2023-01-15,,
9356,EMP09356,male,53.0,19.0,Engineer,,350000,
9357,EMP09357,M,35.0,4.0,Manager,15/02/2024,,INVALID
9358,EMP09358,,33.0,17.0,HR,2023-01-15,350000,
9359,EMP09359,,33.0,17.0,Engineer,2023-01-15,350000,INVALID
9360,EMP09360,,51.0,3.0,Intern,,,INVALID
9361,EMP09361,M,44.0,20.0,Manager,,6 LPA,emp9361@mail.com
9362,EMP09362,Male,22.0,,QA,15/02/2024,800000,INVALID
9363,EMP09363,M,30.0,8.0,Manager,,350000,
9364,EMP09364,Male,29.0,4.0,HR,,350000,INVALID
9365,EMP09365,F,44.0,1.0,HR,15/02/2024,350000,
9366,EMP09366,,26.0,99.0,HR,15/02/2024,800000,
9367,EMP09367,male,26.0,14.0,QA,15/02/2024,800000,emp9367@mail.com
9368,EMP09368,male,60.0,15.0,Analyst,2023-01-15,,emp9368@mail.com
9369,EMP09369,Male,33.0,16.0,Manager,,500000,
9370,EMP09370,male,22.0,10.0,Engineer,2025-07-01,350000,
9371,EMP09371,Male,-2.0,2.0,Intern,2023-01-15,500000,
9372,EMP09372,F,58.0,9.0,QA,2025-07-01,-10000,
9373,EMP09373,male,57.0,7.0,Analyst,15/02/2024,800000,
9374,EMP09374,Male,59.0,9.0,Manager,,,INVALID
9375,EMP09375,,29.0,13.0,QA,2023-01-15,6 LPA,emp9375@mail.com
9376,EMP09376,M,36.0,2.0,Manager,,800000,emp9376@mail.com
9377,EMP09377,Male,25.0,3.0,Manager,2023-01-15,-10000,
9378,EMP09378,Female,36.0,14.0,Intern,,,INVALID
9379,EMP09379,,58.0,19.0,HR,,500000,
9380,EMP09380,Male,30.0,12.0,Analyst,,,INVALID
9381,EMP09381,F,31.0,20.0,HR,15/02/2024,350000,
9382,EMP09382,Female,42.0,18.0,Analyst,,,
9383,EMP09383,,22.0,,QA,2023-01-15,800000,
9384,EMP09384,M,41.0,99.0,Manager,2023-01-15,-10000,
9385,EMP09385,F,21.0,8.0,QA,2023-01-15,350000,
9386,EMP09386,Male,37.0,14.0,QA,,800000,
9387,EMP09387,male,35.0,6.0,Manager,,-10000,INVALID
9388,EMP09388,Male,47.0,99.0,Analyst,2023-01-15,350000,INVALID
9389,EMP09389,M,58.0,14.0,Intern,2025-07-01,,
9390,EMP09390,M,38.0,6.0,Intern,,-10000,
9391,EMP09391,male,26.0,11.0,Manager,,350000,
9392,EMP09392,,49.0,10.0,QA,2023-01-15,-10000,INVALID
9393,EMP09393,male,23.0,99.0,Manager,15/02/2024,,INVALID
9394,EMP09394,Male,20.0,5.0,Engineer,2023-01-15,6 LPA,emp9394@mail.com
9395,EMP09395,Female,37.0,18.0,Manager,,800000,INVALID
9396,EMP09396,M,50.0,20.0,QA,,6 LPA,emp9396@mail.com
9397,EMP09397,F,30.0,99.0,QA,2023-01-15,-10000,
9398,EMP09398,Male,42.0,8.0,QA,,,INVALID
9399,EMP09399,Female,43.0,99.0,Manager,2025-07-01,800000,
9400,EMP09400,Male,34.0,3.0,Analyst,,,
9401,EMP09401,Female,39.0,17.0,QA,,800000,
9402,EMP09402,Female,58.0,2.0,QA,2025-07-01,,
9403,EMP09403,,32.0,16.0,HR,2025-07-01,-10000,INVALID
9404,EMP09404,F,,2.0,HR,15/02/2024,,INVALID
9405,EMP09405,M,36.0,6.0,Analyst,2025-07-01,,
9406,EMP09406,M,34.0,4.0,HR,2025-07-01,,emp9406@mail.com
9407,EMP09407,Male,54.0,99.0,QA,2023-01-15,6 LPA,emp9407@mail.com
9408,EMP09408,Male,35.0,19.0,QA,15/02/2024,350000,
9409,EMP09409,,99.0,11.0,HR,2025-07-01,-10000,
9410,EMP09410,F,54.0,10.0,QA,,500000,
9411,EMP09411,Female,23.0,4.0,HR,2023-01-15,-10000,
9412,EMP09412,F,54.0,,Manager,2023-01-15,6 LPA,
9413,EMP09413,,50.0,99.0,Analyst,2025-07-01,,emp9413@mail.com
9414,EMP09414,Female,46.0,1.0,Analyst,2025-07-01,,INVALID
9415,EMP09415,male,36.0,9.0,HR,2025-07-01,500000,
9416,EMP09416,Female,-2.0,8.0,Engineer,2025-07-01,,
9417,EMP09417,Male,45.0,17.0,HR,2023-01-15,-10000,INVALID
9418,EMP09418,F,38.0,5.0,Intern,,800000,INVALID
9419,EMP09419,,55.0,4.0,Manager,,800000,INVALID
9420,EMP09420,male,99.0,1.0,HR,15/02/2024,500000,emp9420@mail.com
9421,EMP09421,M,60.0,17.0,Analyst,15/02/2024,6 LPA,
9422,EMP09422,F,33.0,4.0,Manager,,500000,INVALID
9423,EMP09423,F,-2.0,4.0,Engineer,,-10000,emp9423@mail.com
9424,EMP09424,Male,32.0,,QA,2023-01-15,6 LPA,
9425,EMP09425,Female,50.0,18.0,Manager,,6 LPA,
9426,EMP09426,F,54.0,8.0,Engineer,2023-01-15,500000,
9427,EMP09427,Female,25.0,3.0,Engineer,15/02/2024,-10000,emp9427@mail.com
9428,EMP09428,Female,-2.0,2.0,HR,2023-01-15,,
9429,EMP09429,M,52.0,19.0,Manager,2023-01-15,350000,
9430,EMP09430,F,27.0,16.0,QA,,-10000,
9431,EMP09431,Female,47.0,5.0,Analyst,15/02/2024,500000,emp9431@mail.com
9432,EMP09432,male,29.0,9.0,QA,,-10000,
9433,EMP09433,male,26.0,5.0,HR,2023-01-15,6 LPA,emp9433@mail.com
9434,EMP09434,,50.0,9.0,Intern,2023-01-15,800000,emp9434@mail.com
9435,EMP09435,Male,26.0,14.0,Intern,15/02/2024,800000,
9436,EMP09436,male,42.0,19.0,Manager,,6 LPA,
9437,EMP09437,,30.0,3.0,HR,2025-07-01,800000,
9438,EMP09438,Female,27.0,16.0,Intern,2023-01-15,500000,INVALID
9439,EMP09439,Male,32.0,19.0,Analyst,2023-01-15,350000,INVALID
9440,EMP09440,Female,43.0,2.0,HR,15/02/2024,350000,emp9440@mail.com
9441,EMP09441,M,28.0,3.0,Manager,,-10000,emp9441@mail.com
9442,EMP09442,F,44.0,16.0,HR,2025-07-01,500000,INVALID
9443,EMP09443,Male,43.0,7.0,Analyst,15/02/2024,500000,INVALID
9444,EMP09444,M,99.0,5.0,Analyst,2023-01-15,500000,
9445,EMP09445,male,48.0,3.0,QA,,800000,INVALID
9446,EMP09446,Male,50.0,11.0,QA,,,
9447,EMP09447,Female,26.0,99.0,Engineer,2023-01-15,350000,INVALID
9448,EMP09448,M,30.0,,Intern,,6 LPA,
9449,EMP09449,Male,99.0,1.0,Intern,,-10000,INVALID
9450,EMP09450,Male,52.0,10.0,QA,,350000,
9451,EMP09451,M,52.0,14.0,Manager,2023-01-15,800000,
9452,EMP09452,F,49.0,7.0,Intern,,,
9453,EMP09453,F,40.0,11.0,HR,2023-01-15,500000,INVALID
9454,EMP09454,F,41.0,7.0,Analyst,2023-01-15,350000,
9455,EMP09455,F,38.0,17.0,QA,15/02/2024,350000,emp9455@mail.com
9456,EMP09456,Male,24.0,15.0,Intern,2023-01-15,800000,INVALID
9457,EMP09457,F,58.0,4.0,QA,2025-07-01,350000,emp9457@mail.com
9458,EMP09458,,46.0,16.0,Intern,15/02/2024,,
9459,EMP09459,Male,23.0,1.0,Intern,2023-01-15,350000,
9460,EMP09460,,,19.0,Manager,2023-01-15,-10000,
9461,EMP09461,M,42.0,10.0,Intern,15/02/2024,-10000,
9462,EMP09462,male,22.0,19.0,Intern,2023-01-15,500000,
9463,EMP09463,Male,25.0,5.0,HR,,-10000,
9464,EMP09464,,-2.0,17.0,HR,2023-01-15,6 LPA,emp9464@mail.com
9465,EMP09465,male,55.0,1.0,Engineer,,-10000,INVALID
9466,EMP09466,Female,22.0,11.0,Engineer,,6 LPA,emp9466@mail.com
9467,EMP09467,F,41.0,18.0,QA,2023-01-15,800000,
9468,EMP09468,Female,42.0,13.0,Analyst,,,emp9468@mail.com
9469,EMP09469,,48.0,10.0,HR,2025-07-01,500000,emp9469@mail.com
9470,EMP09470,Male,24.0,5.0,Manager,15/02/2024,500000,
9471,EMP09471,Male,30.0,12.0,Intern,2025-07-01,500000,
9472,EMP09472,male,37.0,6.0,HR,2023-01-15,800000,emp9472@mail.com
9473,EMP09473,Male,24.0,12.0,Engineer,2023-01-15,350000,INVALID
9474,EMP09474,M,38.0,9.0,Engineer,,-10000,emp9474@mail.com
9475,EMP09475,,32.0,11.0,Manager,15/02/2024,800000,
9476,EMP09476,Male,24.0,20.0,Manager,,500000,emp9476@mail.com
9477,EMP09477,,26.0,10.0,Intern,15/02/2024,,INVALID
9478,EMP09478,,23.0,13.0,Manager,2025-07-01,350000,emp9478@mail.com
9479,EMP09479,,37.0,19.0,Manager,2025-07-01,,
9480,EMP09480,Female,47.0,14.0,Engineer,2023-01-15,350000,emp9480@mail.com
9481,EMP09481,male,41.0,17.0,Engineer,2023-01-15,800000,
9482,EMP09482,Female,27.0,10.0,Engineer,2023-01-15,800000,
9483,EMP09483,,27.0,2.0,HR,15/02/2024,500000,
9484,EMP09484,male,58.0,,Manager,,500000,emp9484@mail.com
9485,EMP09485,male,27.0,17.0,Intern,,800000,
9486,EMP09486,F,28.0,7.0,Manager,15/02/2024,800000,INVALID
9487,EMP09487,,51.0,7.0,Engineer,,800000,
9488,EMP09488,F,36.0,19.0,Engineer,,,
9489,EMP09489,,52.0,8.0,Analyst,2025-07-01,800000,INVALID
9490,EMP09490,Male,47.0,2.0,Intern,2025-07-01,800000,
9491,EMP09491,M,35.0,,Analyst,2025-07-01,6 LPA,
9492,EMP09492,M,54.0,8.0,Engineer,2023-01-15,-10000,emp9492@mail.com
9493,EMP09493,Female,47.0,2.0,Intern,2025-07-01,350000,
9494,EMP09494,Male,52.0,5.0,Engineer,,800000,emp9494@mail.com
9495,EMP09495,,29.0,10.0,Manager,2025-07-01,,INVALID
9496,EMP09496,male,53.0,12.0,Intern,2025-07-01,350000,INVALID
9497,EMP09497,,-2.0,99.0,Analyst,2025-07-01,,
9498,EMP09498,male,52.0,4.0,HR,15/02/2024,350000,
9499,EMP09499,male,22.0,18.0,QA,2025-07-01,350000,INVALID
9500,EMP09500,M,99.0,8.0,Intern,2025-07-01,-10000,INVALID
9501,EMP09501,male,48.0,9.0,Engineer,2023-01-15,-10000,INVALID
9502,EMP09502,male,20.0,,QA,,6 LPA,
9503,EMP09503,male,54.0,10.0,Intern,15/02/2024,-10000,
9504,EMP09504,male,45.0,10.0,QA,,500000,
9505,EMP09505,,36.0,4.0,HR,,350000,INVALID
9506,EMP09506,F,45.0,7.0,Engineer,2023-01-15,350000,
9507,EMP09507,F,48.0,16.0,HR,,6 LPA,INVALID
9508,EMP09508,F,52.0,1.0,QA,15/02/2024,800000,emp9508@mail.com
9509,EMP09509,,47.0,11.0,Manager,,-10000,
9510,EMP09510,male,55.0,1.0,Engineer,2023-01-15,-10000,
9511,EMP09511,Female,50.0,,Analyst,15/02/2024,350000,INVALID
9512,EMP09512,M,43.0,6.0,Analyst,,800000,
9513,EMP09513,,32.0,10.0,Engineer,,,
9514,EMP09514,Female,-2.0,2.0,Analyst,,500000,
9515,EMP09515,Female,33.0,99.0,QA,15/02/2024,500000,emp9515@mail.com
9516,EMP09516,F,-2.0,3.0,Intern,,,
9517,EMP09517,male,27.0,99.0,Manager,,,
9518,EMP09518,M,99.0,16.0,Intern,2023-01-15,800000,emp9518@mail.com
9519,EMP09519,male,44.0,10.0,Analyst,2023-01-15,800000,
9520,EMP09520,Male,25.0,20.0,Engineer,2023-01-15,6 LPA,emp9520@mail.com
9521,EMP09521,F,33.0,19.0,Analyst,15/02/2024,6 LPA,
9522,EMP09522,,56.0,14.0,Intern,15/02/2024,6 LPA,
9523,EMP09523,male,25.0,13.0,Analyst,15/02/2024,800000,
9524,EMP09524,Male,27.0,7.0,QA,15/02/2024,-10000,INVALID
9525,EMP09525,M,42.0,10.0,Intern,2023-01-15,6 LPA,
9526,EMP09526,Female,-2.0,18.0,Analyst,2023-01-15,,emp9526@mail.com
9527,EMP09527,Male,44.0,18.0,Intern,2023-01-15,350000,
9528,EMP09528,,21.0,5.0,Analyst,2023-01-15,500000,
9529,EMP09529,Female,20.0,6.0,Engineer,15/02/2024,6 LPA,emp9529@mail.com
9530,EMP09530,M,29.0,7.0,Intern,15/02/2024,800000,emp9530@mail.com
9531,EMP09531,M,20.0,15.0,Engineer,,,
9532,EMP09532,male,99.0,15.0,Manager,2023-01-15,6 LPA,emp9532@mail.com
9533,EMP09533,male,60.0,99.0,HR,,,
9534,EMP09534,F,27.0,17.0,Analyst,2023-01-15,800000,INVALID
9535,EMP09535,Female,21.0,19.0,Manager,,800000,INVALID
9536,EMP09536,Female,27.0,12.0,HR,,350000,INVALID
9537,EMP09537,,46.0,17.0,Intern,,6 LPA,
9538,EMP09538,M,20.0,2.0,Engineer,2025-07-01,,INVALID
9539,EMP09539,,39.0,,QA,2023-01-15,800000,
9540,EMP09540,M,42.0,10.0,HR,2025-07-01,500000,
9541,EMP09541,M,47.0,10.0,Intern,2023-01-15,6 LPA,INVALID
9542,EMP09542,,,7.0,Intern,15/02/2024,-10000,emp9542@mail.com
9543,EMP09543,Male,33.0,14.0,Engineer,,,emp9543@mail.com
9544,EMP09544,F,99.0,5.0,Intern,15/02/2024,6 LPA,INVALID
9545,EMP09545,Female,30.0,18.0,Engineer,2023-01-15,-10000,emp9545@mail.com
9546,EMP09546,F,53.0,12.0,Engineer,,-10000,
9547,EMP09547,M,28.0,18.0,Intern,,500000,emp9547@mail.com
9548,EMP09548,Female,33.0,1.0,Engineer,2025-07-01,500000,emp9548@mail.com
9549,EMP09549,Male,37.0,12.0,Analyst,,500000,emp9549@mail.com
9550,EMP09550,male,44.0,17.0,QA,,-10000,
9551,EMP09551,F,39.0,99.0,Intern,2025-07-01,350000,INVALID
9552,EMP09552,Male,53.0,2.0,Intern,,350000,
9553,EMP09553,F,52.0,7.0,Manager,,500000,
9554,EMP09554,,49.0,4.0,Engineer,2023-01-15,800000,emp9554@mail.com
9555,EMP09555,Female,25.0,5.0,Analyst,15/02/2024,350000,
9556,EMP09556,Male,54.0,4.0,Engineer,15/02/2024,800000,
9557,EMP09557,,54.0,18.0,QA,15/02/2024,,emp9557@mail.com
9558,EMP09558,Male,49.0,7.0,Manager,15/02/2024,-10000,emp9558@mail.com
9559,EMP09559,,20.0,11.0,Intern,2025-07-01,-10000,
9560,EMP09560,,29.0,9.0,Intern,15/02/2024,6 LPA,
9561,EMP09561,male,23.0,1.0,Manager,2023-01-15,500000,
9562,EMP09562,M,44.0,4.0,Engineer,15/02/2024,500000,
9563,EMP09563,F,52.0,7.0,Manager,2025-07-01,6 LPA,
9564,EMP09564,Male,36.0,10.0,QA,2023-01-15,6 LPA,emp9564@mail.com
9565,EMP09565,M,25.0,12.0,Engineer,2025-07-01,800000,
9566,EMP09566,Female,47.0,11.0,Intern,2023-01-15,800000,INVALID
9567,EMP09567,F,20.0,18.0,Manager,2023-01-15,6 LPA,emp9567@mail.com
9568,EMP09568,Male,34.0,16.0,Analyst,,500000,
9569,EMP09569,Male,23.0,99.0,QA,,800000,INVALID
9570,EMP09570,F,20.0,20.0,Intern,2025-07-01,500000,
9571,EMP09571,M,23.0,9.0,HR,,350000,emp9571@mail.com
9572,EMP09572,F,51.0,,Manager,2023-01-15,6 LPA,
9573,EMP09573,Male,60.0,2.0,Analyst,,800000,
9574,EMP09574,M,49.0,14.0,Engineer,,350000,INVALID
9575,EMP09575,M,47.0,6.0,Engineer,2025-07-01,,
9576,EMP09576,,49.0,5.0,QA,,500000,INVALID
9577,EMP09577,F,60.0,20.0,QA,,-10000,
9578,EMP09578,M,57.0,15.0,QA,15/02/2024,350000,
9579,EMP09579,Female,30.0,9.0,Intern,,-10000,emp9579@mail.com
9580,EMP09580,Female,41.0,9.0,HR,2023-01-15,,INVALID
9581,EMP09581,Female,30.0,13.0,Intern,2023-01-15,350000,
9582,EMP09582,F,33.0,20.0,Engineer,2023-01-15,6 LPA,
9583,EMP09583,M,23.0,,QA,2023-01-15,500000,
9584,EMP09584,,36.0,12.0,Analyst,,500000,INVALID
9585,EMP09585,F,49.0,12.0,Engineer,2025-07-01,-10000,
9586,EMP09586,Male,22.0,16.0,HR,15/02/2024,6 LPA,emp9586@mail.com
9587,EMP09587,Female,52.0,9.0,QA,,-10000,emp9587@mail.com
9588,EMP09588,,34.0,19.0,Intern,15/02/2024,350000,INVALID
9589,EMP09589,male,52.0,3.0,QA,2023-01-15,500000,INVALID
9590,EMP09590,,45.0,19.0,HR,,-10000,emp9590@mail.com
9591,EMP09591,M,38.0,99.0,HR,15/02/2024,800000,INVALID
9592,EMP09592,F,51.0,7.0,HR,15/02/2024,350000,
9593,EMP09593,male,23.0,12.0,Intern,2025-07-01,500000,
9594,EMP09594,male,38.0,10.0,HR,,-10000,
9595,EMP09595,Female,37.0,19.0,QA,2023-01-15,-10000,emp9595@mail.com
9596,EMP09596,Male,23.0,3.0,Analyst,15/02/2024,6 LPA,emp9596@mail.com
9597,EMP09597,,27.0,8.0,Intern,2023-01-15,-10000,emp9597@mail.com
9598,EMP09598,Female,47.0,4.0,Engineer,,800000,
9599,EMP09599,Male,58.0,5.0,Manager,2023-01-15,,INVALID
9600,EMP09600,Male,60.0,15.0,QA,15/02/2024,-10000,INVALID
9601,EMP09601,,25.0,12.0,HR,15/02/2024,500000,INVALID
9602,EMP09602,M,23.0,18.0,Analyst,2025-07-01,,INVALID
9603,EMP09603,Male,36.0,18.0,Intern,2025-07-01,800000,INVALID
9604,EMP09604,F,37.0,2.0,Intern,,500000,
9605,EMP09605,M,29.0,17.0,HR,2025-07-01,350000,
9606,EMP09606,F,58.0,16.0,HR,2023-01-15,500000,INVALID
9607,EMP09607,male,45.0,7.0,Analyst,15/02/2024,,INVALID
9608,EMP09608,M,55.0,,Engineer,2025-07-01,500000,INVALID
9609,EMP09609,F,28.0,12.0,QA,2023-01-15,500000,
9610,EMP09610,Female,25.0,6.0,Manager,,,INVALID
9611,EMP09611,male,38.0,9.0,Manager,15/02/2024,350000,
9612,EMP09612,M,37.0,13.0,Intern,,500000,INVALID
9613,EMP09613,male,55.0,99.0,Manager,,6 LPA,
9614,EMP09614,Male,49.0,15.0,Intern,2025-07-01,-10000,emp9614@mail.com
9615,EMP09615,Male,60.0,1.0,Engineer,,,INVALID
9616,EMP09616,,33.0,18.0,Analyst,,,INVALID
9617,EMP09617,male,45.0,3.0,Manager,,6 LPA,
9618,EMP09618,M,29.0,14.0,QA,2025-07-01,6 LPA,
9619,EMP09619,Female,52.0,13.0,QA,2025-07-01,350000,
9620,EMP09620,M,47.0,1.0,Intern,2025-07-01,800000,
9621,EMP09621,Male,24.0,11.0,HR,,800000,
9622,EMP09622,M,22.0,20.0,QA,,-10000,
9623,EMP09623,F,34.0,,QA,2023-01-15,,
9624,EMP09624,Female,31.0,3.0,QA,,500000,INVALID
9625,EMP09625,Male,47.0,20.0,Analyst,2025-07-01,,
9626,EMP09626,Male,41.0,6.0,Analyst,2025-07-01,800000,INVALID
9627,EMP09627,Female,27.0,20.0,Analyst,,6 LPA,
9628,EMP09628,male,51.0,15.0,Manager,15/02/2024,500000,
9629,EMP09629,male,57.0,13.0,HR,,6 LPA,emp9629@mail.com
9630,EMP09630,Male,,16.0,Analyst,15/02/2024,800000,
9631,EMP09631,F,54.0,12.0,HR,,350000,
9632,EMP09632,M,42.0,10.0,HR,,-10000,INVALID
9633,EMP09633,F,37.0,14.0,Intern,2023-01-15,350000,
9634,EMP09634,M,45.0,9.0,Analyst,15/02/2024,,
9635,EMP09635,,56.0,17.0,Analyst,15/02/2024,350000,INVALID
9636,EMP09636,Female,,18.0,Manager,,800000,emp9636@mail.com
9637,EMP09637,male,58.0,9.0,Engineer,2025-07-01,-10000,INVALID
9638,EMP09638,M,24.0,6.0,QA,2025-07-01,,emp9638@mail.com
9639,EMP09639,male,55.0,20.0,Analyst,,6 LPA,
9640,EMP09640,Female,37.0,7.0,HR,,800000,INVALID
9641,EMP09641,,40.0,11.0,Engineer,,500000,INVALID
9642,EMP09642,male,56.0,12.0,Manager,,6 LPA,
9643,EMP09643,M,-2.0,17.0,Engineer,15/02/2024,800000,
9644,EMP09644,Female,45.0,16.0,QA,,500000,
9645,EMP09645,M,43.0,16.0,HR,2023-01-15,350000,INVALID
9646,EMP09646,Male,27.0,19.0,Engineer,,,
9647,EMP09647,,27.0,7.0,Manager,2023-01-15,,
9648,EMP09648,male,54.0,17.0,QA,,-10000,INVALID
9649,EMP09649,Female,99.0,8.0,QA,,6 LPA,INVALID
9650,EMP09650,,29.0,11.0,Analyst,2023-01-15,350000,
9651,EMP09651,male,56.0,2.0,HR,2025-07-01,500000,INVALID
9652,EMP09652,male,44.0,12.0,Intern,2025-07-01,-10000,
9653,EMP09653,F,49.0,5.0,Intern,15/02/2024,,emp9653@mail.com
9654,EMP09654,Male,49.0,8.0,Analyst,15/02/2024,800000,INVALID
9655,EMP09655,Female,20.0,7.0,Manager,,350000,
9656,EMP09656,male,39.0,18.0,HR,2025-07-01,500000,INVALID
9657,EMP09657,Female,-2.0,9.0,Manager,2025-07-01,6 LPA,INVALID
9658,EMP09658,,58.0,19.0,Engineer,2025-07-01,800000,INVALID
9659,EMP09659,F,28.0,3.0,QA,2023-01-15,350000,
9660,EMP09660,F,27.0,1.0,Intern,15/02/2024,800000,
9661,EMP09661,F,40.0,1.0,HR,,6 LPA,
9662,EMP09662,Male,,18.0,Manager,2023-01-15,-10000,
9663,EMP09663,male,31.0,19.0,Intern,,500000,INVALID
9664,EMP09664,,34.0,10.0,Analyst,,350000,
9665,EMP09665,Male,54.0,13.0,Manager,,6 LPA,
9666,EMP09666,male,59.0,1.0,Manager,15/02/2024,6 LPA,emp9666@mail.com
9667,EMP09667,male,45.0,15.0,Intern,2023-01-15,500000,INVALID
9668,EMP09668,,31.0,10.0,Intern,15/02/2024,6 LPA,INVALID
9669,EMP09669,F,44.0,1.0,QA,,,
9670,EMP09670,Male,24.0,19.0,Analyst,,6 LPA,emp9670@mail.com
9671,EMP09671,male,42.0,20.0,Manager,,500000,
9672,EMP09672,F,-2.0,6.0,Manager,2025-07-01,-10000,
9673,EMP09673,Female,24.0,12.0,Intern,2025-07-01,,INVALID
9674,EMP09674,M,49.0,13.0,Intern,,350000,
9675,EMP09675,Male,48.0,15.0,Intern,,350000,
9676,EMP09676,Female,33.0,9.0,Intern,15/02/2024,500000,emp9676@mail.com
9677,EMP09677,F,56.0,8.0,Intern,2025-07-01,800000,emp9677@mail.com
9678,EMP09678,Female,54.0,14.0,QA,2025-07-01,-10000,
9679,EMP09679,Female,54.0,9.0,Manager,2025-07-01,6 LPA,emp9679@mail.com
9680,EMP09680,,56.0,18.0,QA,,500000,emp9680@mail.com
9681,EMP09681,Male,22.0,8.0,Intern,2025-07-01,350000,
9682,EMP09682,Male,52.0,19.0,Engineer,,-10000,
9683,EMP09683,Female,33.0,9.0,Analyst,2023-01-15,6 LPA,emp9683@mail.com
9684,EMP09684,Female,48.0,5.0,Engineer,2023-01-15,800000,emp9684@mail.com
9685,EMP09685,F,54.0,7.0,Intern,15/02/2024,,emp9685@mail.com
9686,EMP09686,male,25.0,18.0,Manager,2025-07-01,350000,
9687,EMP09687,Female,,20.0,Manager,,-10000,
9688,EMP09688,Male,53.0,,QA,,-10000,
9689,EMP09689,Female,25.0,1.0,Intern,2023-01-15,350000,
9690,EMP09690,Female,22.0,1.0,QA,2025-07-01,350000,
9691,EMP09691,F,,13.0,QA,,-10000,
9692,EMP09692,Female,37.0,1.0,Intern,2025-07-01,800000,emp9692@mail.com
9693,EMP09693,Female,25.0,13.0,QA,2023-01-15,6 LPA,
9694,EMP09694,M,22.0,3.0,Engineer,,350000,INVALID
9695,EMP09695,M,32.0,19.0,Analyst,15/02/2024,-10000,
9696,EMP09696,M,,7.0,HR,2023-01-15,350000,
9697,EMP09697,male,57.0,17.0,Manager,2025-07-01,6 LPA,
9698,EMP09698,Male,40.0,2.0,Intern,2025-07-01,350000,INVALID
9699,EMP09699,Female,20.0,15.0,Analyst,15/02/2024,,INVALID
9700,EMP09700,Male,,12.0,QA,,500000,emp9700@mail.com
9701,EMP09701,Female,51.0,2.0,Manager,,6 LPA,emp9701@mail.com
9702,EMP09702,,99.0,15.0,QA,2025-07-01,,
9703,EMP09703,F,30.0,4.0,Analyst,,500000,emp9703@mail.com
9704,EMP09704,Male,27.0,9.0,HR,15/02/2024,-10000,INVALID
9705,EMP09705,male,45.0,5.0,HR,15/02/2024,500000,
9706,EMP09706,,47.0,3.0,QA,2023-01-15,350000,emp9706@mail.com
9707,EMP09707,Male,45.0,13.0,HR,,,emp9707@mail.com
9708,EMP09708,Male,52.0,12.0,Analyst,2023-01-15,350000,emp9708@mail.com
9709,EMP09709,,52.0,1.0,QA,,500000,INVALID
9710,EMP09710,M,59.0,20.0,Analyst,15/02/2024,6 LPA,emp9710@mail.com
9711,EMP09711,,51.0,11.0,Engineer,,500000,emp9711@mail.com
9712,EMP09712,Male,26.0,18.0,Engineer,15/02/2024,500000,
9713,EMP09713,Male,25.0,7.0,Manager,2025-07-01,800000,INVALID
9714,EMP09714,,56.0,14.0,Intern,2025-07-01,-10000,
9715,EMP09715,Female,27.0,99.0,Manager,15/02/2024,-10000,
9716,EMP09716,F,52.0,10.0,QA,15/02/2024,,INVALID
9717,EMP09717,Male,35.0,9.0,Manager,,350000,
9718,EMP09718,M,43.0,6.0,Analyst,2023-01-15,6 LPA,
9719,EMP09719,,43.0,20.0,Intern,2023-01-15,800000,emp9719@mail.com
9720,EMP09720,M,21.0,18.0,Intern,,,INVALID
9721,EMP09721,Female,29.0,17.0,QA,15/02/2024,350000,
9722,EMP09722,F,60.0,13.0,Analyst,,6 LPA,emp9722@mail.com
9723,EMP09723,M,47.0,12.0,Intern,15/02/2024,6 LPA,INVALID
9724,EMP09724,,57.0,1.0,Engineer,,6 LPA,emp9724@mail.com
9725,EMP09725,male,53.0,11.0,Intern,,-10000,
9726,EMP09726,Female,43.0,5.0,Intern,15/02/2024,-10000,INVALID
9727,EMP09727,male,21.0,12.0,Intern,2025-07-01,-10000,
9728,EMP09728,male,32.0,17.0,Engineer,2023-01-15,800000,emp9728@mail.com
9729,EMP09729,F,56.0,2.0,Engineer,,350000,
9730,EMP09730,M,22.0,13.0,HR,,,emp9730@mail.com
9731,EMP09731,male,42.0,20.0,HR,2023-01-15,350000,emp9731@mail.com
9732,EMP09732,,23.0,9.0,Engineer,,,emp9732@mail.com
9733,EMP09733,Female,42.0,4.0,HR,,350000,
9734,EMP09734,F,34.0,14.0,Analyst,,500000,
9735,EMP09735,M,34.0,8.0,HR,2023-01-15,350000,emp9735@mail.com
9736,EMP09736,,24.0,6.0,HR,2025-07-01,,
9737,EMP09737,F,25.0,9.0,Manager,,-10000,emp9737@mail.com
9738,EMP09738,M,50.0,13.0,Engineer,2023-01-15,350000,
9739,EMP09739,Female,27.0,18.0,Analyst,,,INVALID
9740,EMP09740,male,33.0,10.0,Manager,2023-01-15,-10000,INVALID
9741,EMP09741,M,28.0,10.0,QA,15/02/2024,800000,
9742,EMP09742,,55.0,6.0,Engineer,,500000,
9743,EMP09743,Female,55.0,12.0,Analyst,15/02/2024,,INVALID
9744,EMP09744,,32.0,99.0,Intern,15/02/2024,-10000,
9745,EMP09745,,22.0,15.0,Manager,15/02/2024,350000,emp9745@mail.com
9746,EMP09746,,48.0,13.0,Analyst,15/02/2024,500000,
9747,EMP09747,male,23.0,11.0,Engineer,,,emp9747@mail.com
9748,EMP09748,,50.0,18.0,QA,,800000,emp9748@mail.com
9749,EMP09749,M,48.0,3.0,Manager,,350000,emp9749@mail.com
9750,EMP09750,M,26.0,11.0,QA,2023-01-15,800000,
9751,EMP09751,male,20.0,,Intern,,6 LPA,emp9751@mail.com
9752,EMP09752,M,29.0,99.0,Intern,15/02/2024,350000,
9753,EMP09753,,57.0,,Manager,2023-01-15,500000,
9754,EMP09754,male,54.0,10.0,Analyst,15/02/2024,-10000,
9755,EMP09755,Male,36.0,7.0,HR,2023-01-15,6 LPA,
9756,EMP09756,Female,55.0,1.0,Analyst,2025-07-01,-10000,
9757,EMP09757,F,46.0,3.0,Manager,,-10000,
9758,EMP09758,Female,46.0,99.0,QA,,350000,
9759,EMP09759,Male,26.0,11.0,Analyst,2023-01-15,800000,emp9759@mail.com
9760,EMP09760,,22.0,17.0,Engineer,2023-01-15,350000,
9761,EMP09761,M,99.0,17.0,Engineer,15/02/2024,500000,
9762,EMP09762,male,49.0,5.0,QA,2023-01-15,350000,
9763,EMP09763,F,58.0,12.0,QA,,,
9764,EMP09764,Female,59.0,14.0,HR,,-10000,
9765,EMP09765,male,49.0,99.0,QA,,-10000,
9766,EMP09766,male,-2.0,7.0,Manager,,350000,emp9766@mail.com
9767,EMP09767,Male,34.0,16.0,HR,15/02/2024,350000,INVALID
9768,EMP09768,F,-2.0,1.0,Manager,15/02/2024,500000,emp9768@mail.com
9769,EMP09769,Male,43.0,99.0,QA,,500000,INVALID
9770,EMP09770,male,41.0,5.0,Manager,15/02/2024,-10000,emp9770@mail.com
9771,EMP09771,Male,30.0,16.0,Intern,,6 LPA,emp9771@mail.com
9772,EMP09772,male,41.0,4.0,Manager,15/02/2024,350000,emp9772@mail.com
9773,EMP09773,,58.0,8.0,Intern,,350000,emp9773@mail.com
9774,EMP09774,M,56.0,1.0,Engineer,,350000,INVALID
9775,EMP09775,Female,54.0,8.0,Intern,2025-07-01,500000,INVALID
9776,EMP09776,Female,29.0,18.0,QA,,,
9777,EMP09777,Male,38.0,20.0,Engineer,2023-01-15,,
9778,EMP09778,Female,22.0,17.0,Analyst,15/02/2024,500000,
9779,EMP09779,F,23.0,19.0,Analyst,2023-01-15,500000,emp9779@mail.com
9780,EMP09780,Male,22.0,10.0,Engineer,,6 LPA,
9781,EMP09781,Male,22.0,15.0,QA,,500000,emp9781@mail.com
9782,EMP09782,male,22.0,5.0,Intern,,6 LPA,INVALID
9783,EMP09783,Female,46.0,5.0,Engineer,,6 LPA,
9784,EMP09784,Male,39.0,7.0,Engineer,2023-01-15,800000,emp9784@mail.com
9785,EMP09785,male,60.0,17.0,Engineer,2025-07-01,800000,
9786,EMP09786,M,38.0,2.0,Analyst,,6 LPA,
9787,EMP09787,F,39.0,9.0,Analyst,2023-01-15,500000,
9788,EMP09788,Male,36.0,15.0,QA,,350000,emp9788@mail.com
9789,EMP09789,F,56.0,12.0,QA,15/02/2024,6 LPA,INVALID
9790,EMP09790,Female,35.0,18.0,Engineer,2023-01-15,-10000,INVALID
9791,EMP09791,male,53.0,16.0,Analyst,2023-01-15,350000,INVALID
9792,EMP09792,,40.0,11.0,Intern,2023-01-15,350000,INVALID
9793,EMP09793,male,30.0,99.0,Analyst,2023-01-15,,INVALID
9794,EMP09794,Female,58.0,6.0,Intern,2025-07-01,-10000,INVALID
9795,EMP09795,Female,26.0,17.0,Engineer,,800000,INVALID
9796,EMP09796,Female,42.0,7.0,Intern,,-10000,
9797,EMP09797,M,29.0,12.0,HR,2025-07-01,,
9798,EMP09798,male,42.0,15.0,Analyst,2025-07-01,500000,
9799,EMP09799,,52.0,8.0,QA,,,INVALID
9800,EMP09800,F,-2.0,6.0,Engineer,,800000,
9801,EMP09801,male,51.0,14.0,Intern,15/02/2024,,emp9801@mail.com
9802,EMP09802,Male,56.0,7.0,Manager,15/02/2024,6 LPA,
9803,EMP09803,male,34.0,2.0,HR,,,
9804,EMP09804,,38.0,20.0,HR,15/02/2024,-10000,INVALID
9805,EMP09805,Male,23.0,5.0,Intern,2025-07-01,500000,INVALID
9806,EMP09806,M,35.0,6.0,Intern,2025-07-01,-10000,emp9806@mail.com
9807,EMP09807,F,38.0,8.0,QA,2023-01-15,,
9808,EMP09808,Female,23.0,1.0,Intern,2023-01-15,-10000,
9809,EMP09809,Male,27.0,5.0,Analyst,2023-01-15,350000,
9810,EMP09810,Female,52.0,6.0,Engineer,2023-01-15,6 LPA,INVALID
9811,EMP09811,,22.0,15.0,Analyst,2025-07-01,800000,
9812,EMP09812,F,29.0,19.0,Analyst,2023-01-15,350000,
9813,EMP09813,male,29.0,10.0,Intern,2025-07-01,6 LPA,emp9813@mail.com
9814,EMP09814,,39.0,12.0,Engineer,15/02/2024,-10000,
9815,EMP09815,male,58.0,3.0,Manager,2025-07-01,800000,emp9815@mail.com
9816,EMP09816,Female,,15.0,HR,2025-07-01,,emp9816@mail.com
9817,EMP09817,,31.0,2.0,Engineer,2023-01-15,350000,emp9817@mail.com
9818,EMP09818,male,49.0,3.0,Manager,,500000,
9819,EMP09819,Male,27.0,4.0,Intern,,500000,emp9819@mail.com
9820,EMP09820,Female,54.0,14.0,Analyst,,,INVALID
9821,EMP09821,Female,28.0,5.0,HR,,6 LPA,INVALID
9822,EMP09822,male,57.0,7.0,HR,2025-07-01,350000,
9823,EMP09823,F,42.0,1.0,Engineer,,500000,INVALID
9824,EMP09824,male,27.0,16.0,Intern,,-10000,emp9824@mail.com
9825,EMP09825,male,31.0,7.0,Intern,2023-01-15,6 LPA,emp9825@mail.com
9826,EMP09826,M,56.0,16.0,Manager,,6 LPA,
9827,EMP09827,male,59.0,11.0,Analyst,15/02/2024,-10000,INVALID
9828,EMP09828,F,55.0,9.0,QA,,500000,emp9828@mail.com
9829,EMP09829,F,32.0,14.0,Engineer,2025-07-01,350000,
9830,EMP09830,F,38.0,13.0,Engineer,2023-01-15,-10000,
9831,EMP09831,M,54.0,8.0,Analyst,2023-01-15,500000,
9832,EMP09832,Female,50.0,7.0,HR,15/02/2024,-10000,
9833,EMP09833,Female,38.0,11.0,QA,,6 LPA,
9834,EMP09834,male,36.0,4.0,Analyst,2023-01-15,-10000,INVALID
9835,EMP09835,Male,27.0,13.0,HR,,,emp9835@mail.com
9836,EMP09836,Female,25.0,15.0,Analyst,,-10000,
9837,EMP09837,M,41.0,11.0,Manager,15/02/2024,-10000,emp9837@mail.com
9838,EMP09838,male,42.0,17.0,Engineer,,500000,
9839,EMP09839,,58.0,13.0,Intern,15/02/2024,800000,
9840,EMP09840,M,55.0,11.0,Manager,2025-07-01,800000,
9841,EMP09841,F,29.0,14.0,Analyst,2023-01-15,,emp9841@mail.com
9842,EMP09842,Male,42.0,17.0,HR,,-10000,
9843,EMP09843,Male,52.0,,Manager,2025-07-01,,
9844,EMP09844,male,57.0,11.0,Intern,15/02/2024,500000,emp9844@mail.com
9845,EMP09845,Male,48.0,12.0,Manager,,800000,
9846,EMP09846,,37.0,13.0,QA,2023-01-15,500000,INVALID
9847,EMP09847,M,55.0,8.0,HR,15/02/2024,800000,emp9847@mail.com
9848,EMP09848,male,27.0,18.0,QA,2025-07-01,-10000,
9849,EMP09849,male,44.0,15.0,Manager,,500000,emp9849@mail.com
9850,EMP09850,F,49.0,,Analyst,2023-01-15,6 LPA,emp9850@mail.com
9851,EMP09851,F,52.0,16.0,QA,,500000,
9852,EMP09852,,57.0,3.0,Manager,2023-01-15,800000,INVALID
9853,EMP09853,,40.0,1.0,Intern,15/02/2024,500000,
9854,EMP09854,M,43.0,7.0,Analyst,,800000,emp9854@mail.com
9855,EMP09855,,32.0,99.0,HR,2023-01-15,350000,emp9855@mail.com
9856,EMP09856,Female,36.0,12.0,Engineer,2025-07-01,,emp9856@mail.com
9857,EMP09857,,30.0,19.0,Analyst,15/02/2024,500000,
9858,EMP09858,male,22.0,3.0,Intern,,-10000,
9859,EMP09859,M,55.0,6.0,Manager,15/02/2024,,
9860,EMP09860,male,36.0,20.0,Engineer,15/02/2024,-10000,
9861,EMP09861,male,45.0,16.0,Intern,2023-01-15,500000,INVALID
9862,EMP09862,M,28.0,2.0,Analyst,,500000,emp9862@mail.com
9863,EMP09863,F,44.0,19.0,QA,2025-07-01,-10000,
9864,EMP09864,Male,52.0,10.0,Engineer,15/02/2024,,INVALID
9865,EMP09865,male,59.0,1.0,Analyst,2025-07-01,-10000,
9866,EMP09866,F,26.0,20.0,Analyst,,-10000,emp9866@mail.com
9867,EMP09867,M,22.0,16.0,Analyst,,-10000,emp9867@mail.com
9868,EMP09868,F,,1.0,Engineer,2023-01-15,6 LPA,
9869,EMP09869,F,53.0,17.0,Manager,2025-07-01,6 LPA,
9870,EMP09870,F,26.0,17.0,Intern,,800000,INVALID
9871,EMP09871,,45.0,4.0,Manager,2025-07-01,-10000,emp9871@mail.com
9872,EMP09872,F,50.0,7.0,Intern,2025-07-01,800000,INVALID
9873,EMP09873,Male,50.0,6.0,Intern,15/02/2024,6 LPA,
9874,EMP09874,,24.0,17.0,Intern,,800000,
9875,EMP09875,F,21.0,17.0,Intern,2025-07-01,800000,emp9875@mail.com
9876,EMP09876,male,27.0,5.0,Manager,2025-07-01,500000,emp9876@mail.com
9877,EMP09877,Male,24.0,15.0,Intern,15/02/2024,6 LPA,
9878,EMP09878,Male,20.0,8.0,Intern,2025-07-01,6 LPA,INVALID
9879,EMP09879,Male,44.0,15.0,QA,,,
9880,EMP09880,Male,28.0,11.0,Intern,,500000,
9881,EMP09881,Female,55.0,10.0,QA,2025-07-01,-10000,
9882,EMP09882,Male,20.0,6.0,QA,15/02/2024,-10000,INVALID
9883,EMP09883,male,47.0,7.0,Analyst,2025-07-01,-10000,
9884,EMP09884,male,22.0,99.0,HR,2025-07-01,-10000,INVALID
9885,EMP09885,male,-2.0,8.0,Manager,15/02/2024,6 LPA,
9886,EMP09886,,50.0,17.0,Manager,2023-01-15,6 LPA,
9887,EMP09887,Male,32.0,,Manager,2023-01-15,6 LPA,emp9887@mail.com
9888,EMP09888,M,43.0,19.0,Intern,15/02/2024,6 LPA,emp9888@mail.com
9889,EMP09889,male,25.0,20.0,Manager,,,
9890,EMP09890,M,30.0,18.0,HR,2025-07-01,500000,INVALID
9891,EMP09891,,39.0,2.0,HR,2023-01-15,-10000,
9892,EMP09892,Female,35.0,7.0,Engineer,15/02/2024,,emp9892@mail.com
9893,EMP09893,F,51.0,3.0,Analyst,15/02/2024,350000,emp9893@mail.com
9894,EMP09894,F,38.0,20.0,HR,,800000,
9895,EMP09895,F,26.0,2.0,Analyst,2023-01-15,,INVALID
9896,EMP09896,Female,60.0,16.0,Manager,,-10000,
9897,EMP09897,M,54.0,3.0,Engineer,,500000,emp9897@mail.com
9898,EMP09898,F,34.0,2.0,Intern,2025-07-01,-10000,emp9898@mail.com
9899,EMP09899,male,31.0,5.0,Analyst,,350000,
9900,EMP09900,Male,46.0,19.0,HR,,6 LPA,
9901,EMP09901,M,50.0,1.0,Manager,2025-07-01,500000,INVALID
9902,EMP09902,Male,45.0,6.0,HR,15/02/2024,500000,emp9902@mail.com
9903,EMP09903,male,46.0,17.0,Engineer,2023-01-15,800000,
9904,EMP09904,male,37.0,18.0,Intern,,350000,emp9904@mail.com
9905,EMP09905,,21.0,14.0,Manager,,350000,INVALID
9906,EMP09906,M,37.0,13.0,Intern,15/02/2024,,
9907,EMP09907,male,57.0,3.0,Intern,2023-01-15,350000,
9908,EMP09908,F,58.0,9.0,Engineer,2023-01-15,350000,
9909,EMP09909,,24.0,4.0,Analyst,,,emp9909@mail.com
9910,EMP09910,F,40.0,19.0,Engineer,2023-01-15,800000,emp9910@mail.com
9911,EMP09911,F,42.0,4.0,Analyst,2023-01-15,-10000,
9912,EMP09912,Female,40.0,16.0,QA,2023-01-15,800000,INVALID
9913,EMP09913,Female,31.0,10.0,QA,2025-07-01,6 LPA,
9914,EMP09914,male,21.0,18.0,Engineer,,500000,INVALID
9915,EMP09915,Female,48.0,2.0,HR,2023-01-15,350000,
9916,EMP09916,F,53.0,8.0,Analyst,,350000,emp9916@mail.com
9917,EMP09917,,54.0,12.0,Analyst,,800000,
9918,EMP09918,male,43.0,16.0,HR,,800000,
9919,EMP09919,F,60.0,5.0,Manager,2025-07-01,350000,
9920,EMP09920,male,38.0,4.0,Engineer,,6 LPA,
9921,EMP09921,F,28.0,19.0,Analyst,15/02/2024,500000,
9922,EMP09922,Female,60.0,14.0,Intern,2023-01-15,500000,INVALID
9923,EMP09923,F,34.0,3.0,HR,,,
9924,EMP09924,male,47.0,7.0,Analyst,,350000,INVALID
9925,EMP09925,Male,,5.0,QA,2025-07-01,,INVALID
9926,EMP09926,male,42.0,10.0,Engineer,2025-07-01,350000,INVALID
9927,EMP09927,male,44.0,3.0,Intern,2025-07-01,6 LPA,emp9927@mail.com
9928,EMP09928,Female,41.0,,Analyst,2025-07-01,350000,
9929,EMP09929,F,56.0,18.0,HR,2023-01-15,350000,emp9929@mail.com
9930,EMP09930,M,39.0,4.0,Manager,15/02/2024,500000,emp9930@mail.com
9931,EMP09931,,38.0,17.0,Manager,15/02/2024,6 LPA,
9932,EMP09932,Male,40.0,11.0,Engineer,,,
9933,EMP09933,male,25.0,20.0,Engineer,2025-07-01,,
9934,EMP09934,Female,31.0,1.0,QA,2025-07-01,500000,emp9934@mail.com
9935,EMP09935,,36.0,14.0,Manager,,-10000,emp9935@mail.com
9936,EMP09936,Male,23.0,8.0,Engineer,2023-01-15,-10000,
9937,EMP09937,male,27.0,3.0,Engineer,2025-07-01,800000,
9938,EMP09938,male,54.0,8.0,Engineer,,-10000,
9939,EMP09939,M,52.0,6.0,Engineer,2025-07-01,800000,
9940,EMP09940,M,56.0,4.0,Engineer,15/02/2024,,
9941,EMP09941,male,30.0,7.0,HR,,,
9942,EMP09942,F,37.0,20.0,Intern,2025-07-01,-10000,INVALID
9943,EMP09943,M,45.0,2.0,Analyst,2025-07-01,6 LPA,INVALID
9944,EMP09944,male,31.0,19.0,HR,,500000,emp9944@mail.com
9945,EMP09945,M,39.0,99.0,Analyst,,800000,INVALID
9946,EMP09946,F,25.0,16.0,Analyst,,,emp9946@mail.com
9947,EMP09947,Male,42.0,1.0,Intern,15/02/2024,6 LPA,
9948,EMP09948,Male,47.0,99.0,Manager,,800000,
9949,EMP09949,Male,49.0,1.0,QA,,800000,
9950,EMP09950,male,43.0,5.0,Intern,,500000,INVALID
9951,EMP09951,male,57.0,12.0,Engineer,,,emp9951@mail.com
9952,EMP09952,Female,20.0,9.0,Manager,2025-07-01,6 LPA,INVALID
9953,EMP09953,F,23.0,15.0,Engineer,2023-01-15,350000,emp9953@mail.com
9954,EMP09954,F,51.0,9.0,Intern,,,INVALID
9955,EMP09955,Male,22.0,4.0,Manager,2025-07-01,350000,INVALID
9956,EMP09956,Female,41.0,99.0,Intern,,,
9957,EMP09957,male,43.0,4.0,Manager,2023-01-15,800000,
9958,EMP09958,Female,51.0,,QA,,6 LPA,emp9958@mail.com
9959,EMP09959,M,36.0,20.0,Manager,15/02/2024,-10000,
9960,EMP09960,male,60.0,6.0,QA,2025-07-01,6 LPA,INVALID
9961,EMP09961,Male,27.0,14.0,Manager,,350000,
9962,EMP09962,M,23.0,8.0,Engineer,15/02/2024,-10000,emp9962@mail.com
9963,EMP09963,M,38.0,14.0,Analyst,,350000,emp9963@mail.com
9964,EMP09964,F,46.0,5.0,Analyst,,500000,
9965,EMP09965,M,45.0,17.0,Engineer,,,
9966,EMP09966,Female,56.0,99.0,QA,2025-07-01,350000,
9967,EMP09967,Female,41.0,3.0,HR,2025-07-01,800000,INVALID
9968,EMP09968,,37.0,12.0,Analyst,,,INVALID
9969,EMP09969,F,25.0,18.0,QA,2025-07-01,-10000,INVALID
9970,EMP09970,,,11.0,Intern,15/02/2024,350000,emp9970@mail.com
9971,EMP09971,Male,30.0,3.0,Intern,,,
9972,EMP09972,Female,39.0,8.0,Analyst,2023-01-15,-10000,
9973,EMP09973,Female,47.0,9.0,Engineer,,6 LPA,INVALID
9974,EMP09974,F,53.0,1.0,Manager,,6 LPA,
9975,EMP09975,,28.0,8.0,Intern,,,
9976,EMP09976,Female,53.0,4.0,Analyst,2025-07-01,6 LPA,emp9976@mail.com
9977,EMP09977,male,41.0,9.0,Manager,,-10000,
9978,EMP09978,Male,-2.0,15.0,HR,2025-07-01,800000,
9979,EMP09979,male,30.0,,Intern,,500000,
9980,EMP09980,,,8.0,QA,2023-01-15,800000,emp9980@mail.com
9981,EMP09981,F,49.0,16.0,Manager,,6 LPA,emp9981@mail.com
9982,EMP09982,Male,38.0,20.0,QA,15/02/2024,350000,emp9982@mail.com
9983,EMP09983,Male,43.0,2.0,Manager,,800000,
9984,EMP09984,male,20.0,99.0,HR,,500000,emp9984@mail.com
9985,EMP09985,M,36.0,14.0,Intern,2023-01-15,6 LPA,
9986,EMP09986,Female,47.0,20.0,Analyst,2023-01-15,6 LPA,emp9986@mail.com
9987,EMP09987,F,55.0,16.0,Manager,15/02/2024,800000,
9988,EMP09988,Female,42.0,,Analyst,2023-01-15,,INVALID
9989,EMP09989,M,20.0,7.0,Engineer,2025-07-01,350000,
9990,EMP09990,male,24.0,99.0,Engineer,2023-01-15,-10000,
9991,EMP09991,,46.0,4.0,Analyst,2025-07-01,800000,
9992,EMP09992,F,25.0,10.0,HR,,500000,emp9992@mail.com
9993,EMP09993,M,58.0,,Intern,,500000,INVALID
9994,EMP09994,Female,39.0,17.0,Engineer,,500000,
9995,EMP09995,,55.0,16.0,Engineer,,-10000,
9996,EMP09996,Female,20.0,9.0,Engineer,2025-07-01,-10000,INVALID
9997,EMP09997,,38.0,99.0,Manager,15/02/2024,500000,emp9997@mail.com
9998,EMP09998,F,38.0,6.0,Manager,,,
9999,EMP09999,M,32.0,3.0,Engineer,2023-01-15,-10000,INVALID
10000,EMP10000,M,42.0,16.0,Engineer,2025-07-01,6 LPA,INVALID
9954,EMP09954,F,51.0,9.0,Intern,,,INVALID
3851,EMP03851,Female,42.0,12.0,Engineer,2025-07-01,,emp3851@mail.com
4963,EMP04963,Male,34.0,17.0,Engineer,2025-07-01,800000,emp4963@mail.com
3887,EMP03887,Male,59.0,9.0,HR,2023-01-15,350000,emp3887@mail.com
5438,EMP05438,,21.0,99.0,Engineer,2023-01-15,,
8518,EMP08518,M,50.0,1.0,QA,15/02/2024,6 LPA,INVALID
2042,EMP02042,F,58.0,8.0,Engineer,2023-01-15,,emp2042@mail.com
1990,EMP01990,male,,20.0,Manager,2025-07-01,350000,
1934,EMP01934,M,55.0,10.0,Manager,15/02/2024,-10000,
9985,EMP09985,M,36.0,14.0,Intern,2023-01-15,6 LPA,
8419,EMP08419,F,56.0,9.0,QA,,800000,
2419,EMP02419,M,59.0,10.0,Analyst,2025-07-01,6 LPA,
6812,EMP06812,F,40.0,14.0,Engineer,2025-07-01,-10000,emp6812@mail.com
1218,EMP01218,F,39.0,12.0,QA,,6 LPA,emp1218@mail.com
6979,EMP06979,M,28.0,15.0,Manager,15/02/2024,500000,emp6979@mail.com
6112,EMP06112,Female,40.0,5.0,Engineer,2023-01-15,,
7866,EMP07866,Female,42.0,1.0,Manager,15/02/2024,350000,
7782,EMP07782,male,38.0,20.0,Manager,15/02/2024,500000,
7776,EMP07776,male,45.0,11.0,HR,2025-07-01,350000,INVALID
7040,EMP07040,male,50.0,,Engineer,,,emp7040@mail.com
7674,EMP07674,male,38.0,13.0,QA,,500000,
2908,EMP02908,Male,39.0,10.0,HR,2023-01-15,-10000,
1267,EMP01267,,52.0,11.0,Analyst,,350000,
2371,EMP02371,male,55.0,11.0,Intern,,800000,
3093,EMP03093,F,35.0,14.0,Analyst,,800000,
131,EMP00131,male,60.0,14.0,Intern,2023-01-15,350000,emp131@mail.com
1989,EMP01989,,56.0,15.0,Intern,2025-07-01,800000,INVALID
7878,EMP07878,Male,24.0,17.0,Manager,,6 LPA,emp7878@mail.com
6451,EMP06451,F,51.0,7.0,QA,2023-01-15,,
6881,EMP06881,,38.0,13.0,Engineer,,800000,
1769,EMP01769,F,52.0,1.0,QA,2025-07-01,800000,emp1769@mail.com
9060,EMP09060,F,,19.0,HR,2025-07-01,350000,INVALID
5513,EMP05513,male,51.0,14.0,QA,,800000,
6344,EMP06344,male,55.0,5.0,Intern,,6 LPA,INVALID
6703,EMP06703,,25.0,10.0,Analyst,,800000,
575,EMP00575,F,29.0,13.0,Manager,,500000,emp575@mail.com
6427,EMP06427,F,50.0,99.0,Engineer,2023-01-15,800000,INVALID
1521,EMP01521,Male,38.0,6.0,Intern,,-10000,emp1521@mail.com
9888,EMP09888,M,43.0,19.0,Intern,15/02/2024,6 LPA,emp9888@mail.com
1959,EMP01959,Male,54.0,8.0,Manager,2023-01-15,500000,INVALID
4488,EMP04488,M,27.0,20.0,HR,2023-01-15,350000,emp4488@mail.com
860,EMP00860,F,26.0,17.0,HR,15/02/2024,350000,
2875,EMP02875,male,20.0,17.0,HR,2023-01-15,6 LPA,INVALID
8595,EMP08595,F,57.0,14.0,QA,,,INVALID
9726,EMP09726,Female,43.0,5.0,Intern,15/02/2024,-10000,INVALID
3266,EMP03266,Female,51.0,6.0,QA,,800000,INVALID
3728,EMP03728,,-2.0,19.0,Engineer,2023-01-15,500000,INVALID
8739,EMP08739,Female,26.0,12.0,Intern,,-10000,INVALID
4438,EMP04438,Female,27.0,4.0,HR,2025-07-01,6 LPA,
3305,EMP03305,male,46.0,5.0,QA,15/02/2024,,INVALID
8134,EMP08134,F,43.0,20.0,Intern,,,
8461,EMP08461,F,25.0,19.0,Manager,15/02/2024,800000,
3060,EMP03060,F,44.0,3.0,HR,,6 LPA,
1765,EMP01765,Female,32.0,15.0,Engineer,2023-01-15,350000,emp1765@mail.com
7566,EMP07566,,38.0,15.0,Manager,,800000,
4688,EMP04688,male,25.0,12.0,Engineer,,,
9782,EMP09782,male,22.0,5.0,Intern,,6 LPA,INVALID
4162,EMP04162,male,59.0,13.0,Engineer,2025-07-01,350000,
807,EMP00807,male,-2.0,8.0,Engineer,2025-07-01,6 LPA,
8075,EMP08075,male,28.0,3.0,Intern,15/02/2024,800000,
287,EMP00287,F,49.0,5.0,Intern,,500000,
5132,EMP05132,Male,44.0,20.0,Engineer,,-10000,emp5132@mail.com
7923,EMP07923,male,40.0,4.0,Engineer,,-10000,emp7923@mail.com
2857,EMP02857,Female,54.0,99.0,Analyst,,-10000,emp2857@mail.com
4062,EMP04062,Male,99.0,,Analyst,,350000,
4050,EMP04050,F,20.0,4.0,Manager,15/02/2024,,INVALID
6392,EMP06392,Female,52.0,9.0,Analyst,2023-01-15,500000,
5195,EMP05195,Female,25.0,1.0,Manager,,6 LPA,emp5195@mail.com
2160,EMP02160,F,41.0,4.0,Analyst,2023-01-15,-10000,INVALID
3589,EMP03589,Male,45.0,19.0,QA,2023-01-15,350000,emp3589@mail.com
255,EMP00255,Female,29.0,10.0,Intern,2025-07-01,,
4544,EMP04544,Male,49.0,14.0,Manager,15/02/2024,350000,INVALID
5288,EMP05288,male,43.0,20.0,Manager,,-10000,emp5288@mail.com
8629,EMP08629,M,36.0,6.0,QA,2023-01-15,350000,INVALID
1126,EMP01126,Female,21.0,19.0,Analyst,,6 LPA,
9015,EMP09015,male,58.0,6.0,HR,2025-07-01,-10000,INVALID
1322,EMP01322,F,38.0,13.0,Analyst,2023-01-15,,
4147,EMP04147,M,38.0,8.0,Manager,,,INVALID
9092,EMP09092,M,53.0,11.0,Intern,,500000,emp9092@mail.com
4361,EMP04361,M,22.0,3.0,Analyst,2023-01-15,-10000,emp4361@mail.com
5994,EMP05994,Female,50.0,16.0,HR,,500000,
5064,EMP05064,male,59.0,,Engineer,2025-07-01,,
7345,EMP07345,Male,33.0,1.0,Analyst,2025-07-01,,
7438,EMP07438,Female,59.0,15.0,QA,2023-01-15,6 LPA,emp7438@mail.com
5564,EMP05564,M,56.0,,HR,,500000,
2117,EMP02117,Female,99.0,9.0,HR,,6 LPA,emp2117@mail.com
2024,EMP02024,M,34.0,4.0,QA,,6 LPA,
9113,EMP09113,M,28.0,14.0,Manager,,800000,
7783,EMP07783,,36.0,2.0,HR,2023-01-15,-10000,INVALID
7205,EMP07205,male,,4.0,HR,,6 LPA,INVALID
223,EMP00223,Female,,2.0,Analyst,2025-07-01,6 LPA,
219,EMP00219,Female,46.0,7.0,QA,,6 LPA,
6238,EMP06238,Female,42.0,9.0,HR,2025-07-01,,emp6238@mail.com
626,EMP00626,F,38.0,8.0,QA,2025-07-01,6 LPA,INVALID
4718,EMP04718,Male,34.0,8.0,HR,15/02/2024,6 LPA,
4700,EMP04700,Male,46.0,15.0,Engineer,2025-07-01,500000,
3058,EMP03058,F,60.0,12.0,QA,,500000,
1186,EMP01186,M,44.0,4.0,Engineer,2023-01-15,800000,emp1186@mail.com
3208,EMP03208,male,32.0,14.0,Engineer,,500000,INVALID
9463,EMP09463,Male,25.0,5.0,HR,,-10000,
