review_id,employee_id,rating,remarks
1,1706.0,3.0,excellent
2,2178.0,5.0,Poor
3,6660.0,-1.0,
4,2175.0,5.0,Good
5,4335.0,5.0,Poor
6,7942.0,8.0,Excellent
7,7742.0,2.0,Excellent
8,6577.0,,Excellent
9,900.0,4.0,Good
10,4070.0,,
11,8011.0,,
12,6811.0,3.0,Poor
13,4003.0,-1.0,Poor
14,2949.0,8.0,Poor
15,1438.0,,Average
16,5000.0,1.0,excellent
17,3163.0,4.0,Average
18,3353.0,-1.0,Good
19,3115.0,5.0,Good
20,8460.0,5.0,excellent
21,5177.0,4.0,Good
22,8154.0,8.0,Good
23,4088.0,2.0,Good
24,6252.0,,Average
25,7597.0,5.0,Poor
26,4574.0,2.0,Average
27,6047.0,3.0,
28,2837.0,2.0,Average
29,9746.0,8.0,Excellent
30,8631.0,1.0,excellent
31,6140.0,8.0,Poor
32,1739.0,-1.0,Excellent
33,6062.0,-1.0,
34,2019.0,1.0,
35,7272.0,3.0,excellent
36,1290.0,-1.0,Good
37,7187.0,8.0,Excellent
38,5639.0,4.0,Good
39,7100.0,-1.0,Good
40,6075.0,5.0,Good
41,631.0,-1.0,Excellent
42,6479.0,4.0,
43,833.0,8.0,excellent
44,8802.0,-1.0,Excellent
45,5280.0,-1.0,
46,4268.0,4.0,
47,7472.0,1.0,Poor
48,9997.0,1.0,Average
49,9919.0,4.0,excellent
50,5383.0,,
51,4401.0,8.0,Good
52,344.0,3.0,Poor
53,7428.0,3.0,Excellent
54,6834.0,,
55,8778.0,4.0,Excellent
56,1905.0,2.0,Average
57,6898.0,-1.0,excellent
58,758.0,-1.0,excellent
59,2546.0,-1.0,Average
60,7125.0,8.0,excellent
61,8630.0,1.0,Average
62,8333.0,8.0,Good
63,3290.0,-1.0,excellent
64,4535.0,8.0,Poor
65,1898.0,2.0,
66,2460.0,2.0,Poor
67,5067.0,3.0,excellent
68,9384.0,2.0,
69,7659.0,2.0,Excellent
70,1959.0,5.0,Average
71,2110.0,-1.0,Good
72,6668.0,-1.0,Poor
73,8207.0,5.0,Average
74,4703.0,5.0,Excellent
75,8866.0,4.0,Excellent
76,4053.0,8.0,Average
77,338.0,8.0,excellent
78,8250.0,8.0,Poor
79,1799.0,4.0,Excellent
80,7532.0,,Average
81,6085.0,8.0,
82,1521.0,8.0,Poor
83,7205.0,5.0,Poor
84,4861.0,-1.0,Poor
85,5422.0,5.0,Excellent
86,4751.0,-1.0,
87,3982.0,1.0,Good
88,1338.0,5.0,Good
89,6443.0,8.0,excellent
90,4615.0,8.0,excellent
91,3324.0,3.0,Poor
92,3176.0,4.0,
93,2073.0,4.0,Average
94,8457.0,1.0,
95,6561.0,8.0,Good
96,7777.0,1.0,Excellent
97,2559.0,5.0,Good
98,1086.0,3.0,excellent
99,6523.0,8.0,excellent
100,4422.0,5.0,excellent
101,9870.0,1.0,Excellent
102,7535.0,2.0,excellent
103,4543.0,2.0,Average
104,6960.0,-1.0,excellent
105,4657.0,,Average
106,3941.0,8.0,Excellent
107,8289.0,2.0,
108,7385.0,4.0,Poor
109,1084.0,5.0,Average
110,2566.0,4.0,Poor
111,5077.0,4.0,
112,213.0,-1.0,excellent
113,3916.0,-1.0,Excellent
114,1349.0,3.0,excellent
115,1999.0,2.0,Excellent
116,9267.0,4.0,Poor
117,8928.0,1.0,Poor
118,5796.0,3.0,Average
119,1713.0,,
120,2491.0,2.0,Average
121,9729.0,4.0,Excellent
122,390.0,1.0,Good
123,5146.0,4.0,Poor
124,2953.0,,Average
125,2191.0,5.0,
126,8311.0,2.0,Excellent
127,5797.0,8.0,Poor
128,8294.0,1.0,Poor
129,3993.0,5.0,Average
130,6102.0,5.0,Average
131,4799.0,,
132,8925.0,1.0,Good
133,5497.0,-1.0,Poor
134,226.0,,Average
135,4988.0,,Excellent
136,7379.0,5.0,Good
137,612.0,3.0,
138,5565.0,2.0,Good
139,8146.0,4.0,Average
140,7316.0,5.0,Good
141,5014.0,,excellent
142,5466.0,1.0,Excellent
143,4041.0,3.0,Average
144,3544.0,,Excellent
145,8249.0,1.0,
146,3151.0,3.0,Poor
147,5038.0,,Average
148,101.0,2.0,Average
149,3875.0,5.0,Good
150,5657.0,5.0,
151,3586.0,-1.0,Excellent
152,9037.0,1.0,excellent
153,9120.0,,
154,2763.0,-1.0,Poor
155,319.0,1.0,Good
156,3860.0,,Good
157,3394.0,2.0,Good
158,2794.0,2.0,Poor
159,7787.0,-1.0,excellent
160,3735.0,,Good
161,2684.0,1.0,excellent
162,5691.0,2.0,Average
163,3219.0,,Good
164,4869.0,5.0,Poor
165,7377.0,2.0,excellent
166,5872.0,3.0,excellent
167,6879.0,-1.0,Good
168,8230.0,5.0,Excellent
169,9918.0,1.0,Poor
170,3185.0,2.0,excellent
171,3344.0,4.0,Excellent
172,5036.0,1.0,excellent
173,1818.0,3.0,Poor
174,8639.0,-1.0,Average
175,1831.0,3.0,Average
176,4001.0,3.0,Good
177,6417.0,1.0,Good
178,8582.0,2.0,Good
179,3708.0,3.0,Good
180,2034.0,8.0,Excellent
181,920.0,2.0,Good
182,4431.0,3.0,Average
183,717.0,2.0,excellent
184,7960.0,8.0,
185,8466.0,2.0,Good
186,9405.0,8.0,Excellent
187,9295.0,5.0,Excellent
188,1764.0,,Average
189,8394.0,2.0,excellent
190,9240.0,5.0,Average
191,1892.0,-1.0,excellent
192,1757.0,1.0,Poor
193,6067.0,1.0,Good
194,2043.0,8.0,Good
195,9018.0,4.0,Poor
196,7878.0,5.0,Poor
197,9936.0,,
198,2799.0,1.0,excellent
199,8066.0,5.0,Average
200,3486.0,5.0,excellent
201,9060.0,8.0,Good
202,2349.0,4.0,Average
203,454.0,-1.0,Average
204,8218.0,-1.0,Poor
205,9904.0,-1.0,Excellent
206,9711.0,4.0,
207,5934.0,,excellent
208,2102.0,3.0,excellent
209,2387.0,-1.0,Excellent
210,2489.0,1.0,Average
211,4075.0,1.0,Poor
212,9299.0,8.0,Excellent
213,9199.0,,Poor
214,4501.0,3.0,excellent
215,9291.0,,Excellent
216,4508.0,1.0,excellent
217,9500.0,,Excellent
218,6274.0,4.0,Good
219,9758.0,3.0,Poor
220,4941.0,1.0,Good
221,2356.0,2.0,
222,9189.0,8.0,Excellent
223,9964.0,3.0,Average
224,4614.0,2.0,
225,9593.0,1.0,Average
226,1714.0,-1.0,
227,9508.0,8.0,Average
228,6860.0,1.0,Excellent
229,6460.0,-1.0,Good
230,9578.0,3.0,Average
231,272.0,-1.0,Average
232,3560.0,,Average
233,3858.0,-1.0,Good
234,1692.0,4.0,Excellent
235,2519.0,3.0,Excellent
236,5393.0,4.0,Average
237,1051.0,-1.0,Poor
238,836.0,2.0,excellent
239,9890.0,,Good
240,7292.0,,excellent
241,920.0,,Poor
242,2440.0,4.0,excellent
243,6242.0,3.0,Excellent
244,726.0,2.0,Excellent
245,2257.0,8.0,Excellent
246,7722.0,5.0,
247,5799.0,-1.0,Excellent
248,5640.0,2.0,Good
249,5342.0,-1.0,Excellent
250,6899.0,-1.0,Excellent
251,5817.0,8.0,Excellent
252,7309.0,3.0,
253,5521.0,5.0,
254,501.0,-1.0,Excellent
255,8930.0,2.0,excellent
256,4792.0,4.0,Excellent
257,9581.0,,Good
258,511.0,2.0,excellent
259,5804.0,2.0,Excellent
260,1850.0,3.0,
261,9581.0,1.0,Good
262,2814.0,-1.0,Poor
263,1092.0,4.0,Poor
264,9024.0,5.0,Poor
265,1284.0,8.0,Excellent
266,3241.0,8.0,Poor
267,2243.0,5.0,
268,4124.0,8.0,Good
269,5037.0,4.0,excellent
270,4390.0,8.0,
271,4780.0,1.0,Average
272,727.0,2.0,Good
273,6565.0,8.0,excellent
274,9479.0,8.0,
275,459.0,-1.0,Excellent
276,6853.0,-1.0,
277,6643.0,3.0,Good
278,7072.0,4.0,Good
279,9824.0,1.0,
280,2620.0,-1.0,Good
281,2986.0,3.0,
282,8385.0,-1.0,Poor
283,5684.0,8.0,Excellent
284,8223.0,1.0,Good
285,7629.0,2.0,Good
286,1946.0,1.0,Poor
287,2787.0,2.0,Good
288,9842.0,3.0,excellent
289,301.0,2.0,Average
290,5889.0,3.0,Good
291,1171.0,1.0,Excellent
292,384.0,3.0,
293,5677.0,3.0,Average
294,8474.0,4.0,Average
295,4409.0,,Poor
296,2557.0,2.0,Good
297,6853.0,1.0,excellent
298,4438.0,2.0,Poor
299,6194.0,2.0,excellent
300,4408.0,4.0,Excellent
301,998.0,-1.0,Average
302,3555.0,1.0,excellent
303,8525.0,4.0,
304,5564.0,2.0,excellent
305,7818.0,5.0,
306,1374.0,1.0,Average
307,7181.0,1.0,Good
308,3625.0,8.0,Average
309,2561.0,,Excellent
310,6972.0,4.0,Average
311,8795.0,8.0,Excellent
312,1695.0,1.0,Average
313,4068.0,3.0,excellent
314,7649.0,8.0,Good
315,6728.0,3.0,excellent
316,8414.0,8.0,Poor
317,3804.0,-1.0,
318,383.0,5.0,Excellent
319,6258.0,,Good
320,8019.0,-1.0,Good
321,504.0,,excellent
322,5683.0,,Poor
323,1972.0,8.0,excellent
324,8064.0,-1.0,Excellent
325,5867.0,4.0,Good
326,68.0,3.0,excellent
327,2382.0,4.0,excellent
328,4149.0,1.0,Poor
329,9889.0,3.0,Average
330,9725.0,-1.0,Poor
331,8934.0,5.0,Average
332,136.0,5.0,Good
333,4968.0,-1.0,Poor
334,3389.0,8.0,excellent
335,7522.0,2.0,Good
336,9434.0,3.0,Good
337,8341.0,2.0,Excellent
338,6649.0,,Excellent
339,5924.0,4.0,Average
340,1480.0,2.0,
341,4595.0,-1.0,Good
342,7001.0,,Average
343,5363.0,,Excellent
344,3784.0,3.0,excellent
345,2512.0,-1.0,Excellent
346,6643.0,5.0,excellent
347,1287.0,-1.0,
348,2834.0,3.0,
349,2961.0,-1.0,Excellent
350,3575.0,4.0,Excellent
351,6219.0,4.0,excellent
352,4921.0,4.0,Average
353,3866.0,2.0,Excellent
354,1503.0,8.0,excellent
355,163.0,1.0,Excellent
356,7894.0,3.0,Excellent
357,2986.0,2.0,Poor
358,6947.0,-1.0,
359,9286.0,5.0,
360,6647.0,8.0,
361,2974.0,2.0,Excellent
362,4836.0,2.0,Average
363,1812.0,2.0,Poor
364,2489.0,2.0,Poor
365,3249.0,5.0,Poor
366,7455.0,,Excellent
367,4827.0,5.0,excellent
368,922.0,-1.0,Excellent
369,6755.0,2.0,
370,4464.0,8.0,Average
371,619.0,1.0,Excellent
372,946.0,4.0,excellent
373,21.0,2.0,Average
374,315.0,-1.0,
375,1383.0,2.0,
376,1387.0,4.0,
377,6645.0,1.0,Good
378,6380.0,3.0,Good
379,5679.0,5.0,Excellent
380,982.0,,Average
381,6157.0,8.0,
382,4841.0,8.0,Excellent
383,4412.0,8.0,Excellent
384,5821.0,1.0,Poor
385,9437.0,8.0,Good
386,8348.0,2.0,Poor
387,3613.0,3.0,Average
388,6961.0,,Excellent
389,7061.0,3.0,excellent
390,8755.0,1.0,
391,8647.0,,Good
392,6807.0,4.0,Excellent
393,7966.0,-1.0,excellent
394,5090.0,1.0,Excellent
395,6042.0,-1.0,Poor
396,2072.0,5.0,excellent
397,7994.0,2.0,excellent
398,316.0,-1.0,Excellent
399,1537.0,2.0,Good
400,4940.0,2.0,excellent
401,3645.0,5.0,Excellent
402,4894.0,5.0,Good
403,5711.0,8.0,Good
404,2773.0,3.0,Poor
405,6607.0,8.0,excellent
406,5292.0,-1.0,Good
407,9889.0,,Excellent
408,3423.0,3.0,Average
409,7482.0,2.0,Average
410,8500.0,,
411,3271.0,3.0,Good
412,7901.0,8.0,Excellent
413,8553.0,3.0,excellent
414,5490.0,8.0,Good
415,8775.0,4.0,Average
416,2724.0,,Average
417,4013.0,5.0,Excellent
418,4703.0,3.0,Excellent
419,5818.0,2.0,Average
420,1289.0,1.0,Poor
421,543.0,1.0,Poor
422,4297.0,5.0,
423,4770.0,1.0,excellent
424,7446.0,-1.0,Excellent
425,3236.0,8.0,Good
426,2462.0,-1.0,
427,4263.0,,Excellent
428,4238.0,2.0,Poor
429,1968.0,,excellent
430,8571.0,-1.0,Excellent
431,4360.0,8.0,
432,7330.0,3.0,excellent
433,3495.0,4.0,Average
434,8975.0,3.0,Poor
435,2133.0,2.0,Average
436,3645.0,,
437,7330.0,8.0,excellent
438,7546.0,4.0,
439,7936.0,1.0,
440,5123.0,5.0,Poor
441,6018.0,,excellent
442,6907.0,-1.0,Poor
443,7121.0,2.0,Poor
444,9450.0,1.0,Average
445,232.0,,Good
446,3747.0,,Excellent
447,1522.0,5.0,Average
448,2319.0,2.0,Average
449,7587.0,3.0,
450,3064.0,8.0,Excellent
451,5822.0,2.0,Excellent
452,9984.0,,excellent
453,4872.0,1.0,Good
454,5984.0,8.0,
455,9849.0,4.0,Good
456,7508.0,,Poor
457,3245.0,3.0,
458,6788.0,-1.0,Excellent
459,8568.0,3.0,Good
460,5961.0,5.0,
461,2497.0,1.0,Good
462,5206.0,4.0,
463,7438.0,2.0,Poor
464,4354.0,4.0,excellent
465,5994.0,,Average
466,9576.0,-1.0,
467,5618.0,5.0,excellent
468,9508.0,3.0,excellent
469,2432.0,8.0,Poor
470,3790.0,4.0,Average
471,5354.0,5.0,Good
472,4509.0,2.0,Good
473,5037.0,4.0,Average
474,2490.0,2.0,
475,1626.0,3.0,Average
476,4786.0,4.0,Average
477,6920.0,5.0,excellent
478,8828.0,,Poor
479,5730.0,3.0,Good
480,6509.0,-1.0,
481,999.0,-1.0,Excellent
482,4574.0,3.0,Excellent
483,1249.0,4.0,excellent
484,515.0,,excellent
485,3652.0,5.0,
486,4975.0,2.0,
487,5352.0,3.0,Poor
488,4401.0,4.0,Excellent
489,9973.0,3.0,Average
490,8025.0,8.0,Average
491,2239.0,8.0,Average
492,4709.0,4.0,Excellent
493,6632.0,,Poor
494,7502.0,5.0,excellent
495,26.0,-1.0,excellent
496,1695.0,8.0,Excellent
497,3062.0,8.0,Good
498,3830.0,,Poor
499,7416.0,4.0,
500,230.0,8.0,excellent
501,8917.0,1.0,Excellent
502,5510.0,,Excellent
503,5912.0,8.0,excellent
504,5906.0,1.0,Poor
505,2028.0,3.0,excellent
506,3127.0,3.0,Excellent
507,3650.0,-1.0,Excellent
508,8863.0,,Good
509,2534.0,4.0,
510,3566.0,1.0,Poor
511,2668.0,5.0,Poor
512,954.0,-1.0,Good
513,4552.0,4.0,Poor
514,6719.0,-1.0,
515,8648.0,5.0,Poor
516,9432.0,-1.0,Poor
517,3852.0,4.0,excellent
518,7910.0,8.0,
519,1865.0,4.0,Poor
520,1268.0,8.0,excellent
521,2357.0,4.0,excellent
522,1259.0,5.0,Good
523,8116.0,1.0,excellent
524,8003.0,2.0,Good
525,361.0,,Excellent
526,4893.0,3.0,excellent
527,232.0,,
528,5172.0,,Good
529,2276.0,,Good
530,4821.0,1.0,Poor
531,102.0,3.0,Good
532,9764.0,-1.0,Good
533,4751.0,5.0,Average
534,3654.0,4.0,
535,4464.0,,Excellent
536,9843.0,-1.0,Good
537,8578.0,8.0,Good
538,8540.0,8.0,Good
539,466.0,1.0,
540,6229.0,-1.0,
541,6380.0,2.0,Poor
542,1163.0,8.0,Average
543,5441.0,2.0,excellent
544,5827.0,2.0,Average
545,3750.0,8.0,excellent
546,8970.0,8.0,Poor
547,8159.0,4.0,
548,9595.0,8.0,excellent
549,6249.0,2.0,Excellent
550,6656.0,-1.0,Good
551,9290.0,2.0,Excellent
552,8363.0,2.0,Excellent
553,4279.0,1.0,excellent
554,4985.0,5.0,Excellent
555,9119.0,8.0,Good
556,3870.0,5.0,Poor
557,1508.0,1.0,
558,77.0,3.0,
559,1803.0,5.0,
560,3568.0,1.0,
561,9914.0,1.0,Poor
562,3292.0,8.0,Average
563,5323.0,4.0,Poor
564,6292.0,,Poor
565,7738.0,1.0,excellent
566,6781.0,2.0,excellent
567,3441.0,1.0,excellent
568,5219.0,,Average
569,6644.0,8.0,Average
570,1793.0,2.0,Good
571,927.0,-1.0,Good
572,616.0,2.0,
573,6371.0,1.0,Good
574,2268.0,2.0,excellent
575,5705.0,4.0,Poor
576,882.0,4.0,Poor
577,5796.0,5.0,Poor
578,4623.0,,Excellent
579,4241.0,1.0,Poor
580,1929.0,,Good
581,8634.0,5.0,Poor
582,301.0,2.0,
583,8603.0,3.0,
584,9337.0,2.0,Average
585,5524.0,3.0,Average
586,9809.0,8.0,Good
587,6286.0,4.0,
588,5866.0,3.0,Excellent
589,5962.0,-1.0,excellent
590,9566.0,-1.0,
591,627.0,4.0,Excellent
592,4339.0,1.0,Poor
593,5344.0,5.0,Average
594,6453.0,5.0,Good
595,2222.0,3.0,Good
596,1802.0,2.0,Excellent
597,8487.0,-1.0,Average
598,5820.0,2.0,Poor
599,925.0,-1.0,
600,7799.0,-1.0,
601,695.0,3.0,Poor
602,715.0,2.0,Average
603,1331.0,1.0,excellent
604,412.0,5.0,
605,3199.0,2.0,excellent
606,3106.0,5.0,Average
607,2047.0,2.0,Average
608,4610.0,1.0,excellent
609,8769.0,8.0,excellent
610,9737.0,5.0,Average
611,7381.0,5.0,Poor
612,1630.0,,Excellent
613,3920.0,4.0,excellent
614,7878.0,,Excellent
615,9088.0,4.0,excellent
616,6075.0,8.0,Poor
617,8331.0,2.0,
618,9361.0,3.0,Excellent
619,3955.0,2.0,
620,2359.0,1.0,excellent
621,4299.0,3.0,Poor
622,9244.0,1.0,
623,9159.0,,Poor
624,6322.0,8.0,
625,1271.0,1.0,Excellent
626,8254.0,4.0,excellent
627,6485.0,2.0,Poor
628,6063.0,1.0,Average
629,6121.0,1.0,Poor
630,9177.0,1.0,excellent
631,9570.0,1.0,Poor
632,8544.0,8.0,Good
633,2351.0,-1.0,
634,8133.0,,Good
635,5478.0,3.0,Good
636,4348.0,4.0,Excellent
637,1970.0,1.0,Average
638,1200.0,8.0,Poor
639,178.0,-1.0,Excellent
640,4202.0,8.0,Excellent
641,4304.0,3.0,Good
642,818.0,4.0,Poor
643,5892.0,4.0,excellent
644,7426.0,2.0,
645,6678.0,1.0,Average
646,7670.0,1.0,Poor
647,2371.0,3.0,excellent
648,6113.0,-1.0,Average
649,2331.0,4.0,Average
650,5125.0,-1.0,
651,23.0,-1.0,excellent
652,3572.0,,Poor
653,7930.0,,Excellent
654,6313.0,5.0,Poor
655,2737.0,3.0,Excellent
656,3052.0,1.0,
657,3696.0,2.0,Good
658,4457.0,3.0,Average
659,2815.0,3.0,Good
660,5574.0,8.0,excellent
661,1933.0,5.0,Average
662,8491.0,-1.0,Poor
663,1748.0,-1.0,excellent
664,1821.0,3.0,Excellent
665,6642.0,1.0,Good
666,9734.0,1.0,Average
667,7317.0,3.0,Average
668,7014.0,3.0,Excellent
669,6254.0,5.0,Excellent
670,6750.0,5.0,Good
671,9931.0,-1.0,Excellent
672,1604.0,8.0,Excellent
673,9460.0,8.0,excellent
674,792.0,,excellent
675,929.0,8.0,Average
676,7671.0,3.0,Excellent
677,9601.0,1.0,excellent
678,5928.0,1.0,Poor
679,954.0,8.0,Good
680,8674.0,-1.0,
681,3107.0,4.0,Good
682,4241.0,5.0,Excellent
683,1331.0,2.0,Average
684,6316.0,3.0,Average
685,5446.0,2.0,Average
686,9496.0,4.0,Good
687,3449.0,1.0,Excellent
688,3680.0,3.0,Excellent
689,3256.0,1.0,Poor
690,5920.0,-1.0,Poor
691,5558.0,3.0,Good
692,4949.0,3.0,excellent
693,2951.0,1.0,Poor
694,4157.0,,Average
695,5517.0,8.0,Poor
696,5955.0,-1.0,
697,6015.0,5.0,Poor
698,9607.0,5.0,Good
699,879.0,4.0,
700,3886.0,,Poor
701,2553.0,1.0,Excellent
702,6675.0,-1.0,Excellent
703,4084.0,,Good
704,4265.0,4.0,excellent
705,9436.0,4.0,Average
706,3558.0,8.0,excellent
707,549.0,3.0,excellent
708,7490.0,-1.0,Excellent
709,5212.0,1.0,Average
710,540.0,5.0,Poor
711,6554.0,1.0,Average
712,2867.0,8.0,Excellent
713,7747.0,4.0,Poor
714,253.0,2.0,excellent
715,7384.0,-1.0,Average
716,4424.0,8.0,Average
717,7681.0,5.0,
718,1032.0,4.0,Poor
719,933.0,-1.0,
720,5458.0,2.0,Average
721,3940.0,4.0,Excellent
722,5335.0,4.0,Average
723,7042.0,3.0,
724,6847.0,4.0,excellent
725,5694.0,8.0,Good
726,3501.0,2.0,Poor
727,4750.0,4.0,Good
728,8637.0,,
729,4858.0,1.0,
730,925.0,1.0,Average
731,7871.0,,Excellent
732,8205.0,5.0,Good
733,8979.0,5.0,
734,5486.0,,Good
735,3673.0,,Good
736,9864.0,4.0,excellent
737,674.0,8.0,Poor
738,8106.0,,
739,8782.0,,Poor
740,8626.0,,Excellent
741,2515.0,5.0,Excellent
742,6582.0,2.0,
743,3709.0,4.0,Poor
744,6838.0,5.0,Average
745,1251.0,3.0,Good
746,8869.0,,Good
747,478.0,4.0,Poor
748,8296.0,1.0,Average
749,2183.0,5.0,Excellent
750,1977.0,1.0,
751,3516.0,8.0,Poor
752,825.0,8.0,excellent
753,2783.0,3.0,Good
754,8815.0,5.0,
755,848.0,3.0,Excellent
756,1623.0,8.0,Average
757,2630.0,1.0,Poor
758,6788.0,5.0,excellent
759,79.0,8.0,Excellent
760,7873.0,-1.0,
761,2792.0,5.0,Poor
762,9888.0,,Poor
763,4266.0,3.0,
764,9963.0,,Excellent
765,4600.0,2.0,
766,4942.0,8.0,Average
767,6150.0,3.0,Average
768,6177.0,3.0,Excellent
769,7189.0,,Poor
770,72.0,3.0,excellent
771,3939.0,2.0,Average
772,2038.0,,Poor
773,9857.0,2.0,Good
774,3424.0,5.0,Good
775,4176.0,-1.0,Poor
776,3215.0,5.0,Poor
777,6067.0,3.0,excellent
778,4394.0,5.0,excellent
779,1129.0,2.0,Poor
780,4199.0,,Good
781,5075.0,1.0,
782,4080.0,2.0,Poor
783,4191.0,1.0,Poor
784,7703.0,8.0,Good
785,4054.0,5.0,Excellent
786,6339.0,1.0,
787,7497.0,-1.0,excellent
788,8577.0,-1.0,Poor
789,9995.0,2.0,Poor
790,1739.0,3.0,Excellent
791,2480.0,,Excellent
792,4052.0,2.0,Good
793,7883.0,8.0,Average
794,3412.0,5.0,Good
795,7388.0,5.0,Poor
796,8399.0,,Average
797,4234.0,5.0,Average
798,634.0,4.0,Good
799,3695.0,5.0,Excellent
800,5008.0,,Good
801,7458.0,-1.0,Poor
802,3101.0,-1.0,Good
803,110.0,5.0,
804,9562.0,1.0,Poor
805,6383.0,,Good
806,8904.0,2.0,Average
807,7308.0,1.0,
808,5855.0,1.0,Average
809,4000.0,4.0,Excellent
810,762.0,1.0,Poor
811,5384.0,,Average
812,5259.0,8.0,Excellent
813,5019.0,8.0,
814,8046.0,4.0,Average
815,4622.0,4.0,
816,3910.0,8.0,Poor
817,4013.0,,Good
818,3847.0,2.0,excellent
819,8620.0,1.0,
820,6245.0,1.0,Average
821,1539.0,4.0,Good
822,9221.0,2.0,
823,1310.0,-1.0,Excellent
824,5883.0,8.0,
825,1216.0,4.0,Good
826,480.0,3.0,Good
827,3740.0,3.0,
828,6092.0,5.0,excellent
829,4790.0,1.0,excellent
830,4898.0,5.0,Poor
831,3099.0,3.0,Average
832,9707.0,-1.0,Poor
833,4013.0,,Average
834,5277.0,1.0,Poor
835,2606.0,5.0,excellent
836,6999.0,4.0,Good
837,6150.0,4.0,excellent
838,4853.0,-1.0,Good
839,7270.0,3.0,Good
840,8907.0,3.0,Excellent
841,713.0,8.0,excellent
842,1595.0,5.0,Good
843,7080.0,4.0,Average
844,8273.0,1.0,Good
845,4133.0,,Poor
846,273.0,8.0,Good
847,2792.0,8.0,
848,1726.0,4.0,Average
849,3198.0,3.0,Excellent
850,3256.0,1.0,Good
851,9334.0,3.0,Average
852,2720.0,1.0,Poor
853,7150.0,3.0,Poor
854,659.0,3.0,Excellent
855,612.0,2.0,Good
856,4227.0,2.0,Average
857,9230.0,5.0,Poor
858,3100.0,5.0,excellent
859,2370.0,,Good
860,6807.0,5.0,
861,1175.0,,excellent
862,8338.0,2.0,Average
863,6573.0,-1.0,Good
864,8720.0,4.0,excellent
865,5023.0,1.0,
866,9029.0,3.0,
867,8124.0,2.0,Excellent
868,6648.0,4.0,Excellent
869,1634.0,4.0,Average
870,4280.0,-1.0,Average
871,1298.0,,Poor
872,3616.0,,
873,1580.0,5.0,Good
874,9882.0,2.0,Good
875,3021.0,1.0,
876,8361.0,5.0,excellent
877,9760.0,4.0,Excellent
878,5232.0,1.0,Poor
879,3255.0,,Average
880,206.0,1.0,Good
881,7509.0,1.0,excellent
882,5116.0,-1.0,
883,2508.0,4.0,Average
884,4327.0,4.0,Good
885,9843.0,5.0,excellent
886,7003.0,4.0,Good
887,1322.0,-1.0,Excellent
888,7431.0,2.0,Excellent
889,2955.0,3.0,
890,1162.0,5.0,Excellent
891,6903.0,,Good
892,8358.0,5.0,Good
893,5680.0,2.0,Average
894,310.0,2.0,Excellent
895,9665.0,5.0,excellent
896,1704.0,1.0,Average
897,9011.0,,
898,8216.0,8.0,
899,9984.0,-1.0,Excellent
900,6368.0,1.0,Excellent
901,9859.0,-1.0,Average
902,2027.0,-1.0,excellent
903,5874.0,5.0,
904,1130.0,1.0,Excellent
905,815.0,2.0,Good
906,1796.0,8.0,Good
907,4969.0,4.0,excellent
908,3769.0,8.0,excellent
909,4302.0,8.0,excellent
910,8248.0,5.0,
911,899.0,1.0,
912,7602.0,3.0,Good
913,1831.0,-1.0,
914,8921.0,1.0,excellent
915,7811.0,2.0,
916,7178.0,1.0,excellent
917,4291.0,5.0,
918,3822.0,-1.0,excellent
919,1389.0,3.0,Excellent
920,1165.0,4.0,excellent
921,3633.0,8.0,excellent
922,8647.0,-1.0,Excellent
923,1654.0,-1.0,excellent
924,4648.0,5.0,Good
925,3780.0,4.0,Good
926,2460.0,2.0,
927,4893.0,5.0,Excellent
928,7743.0,5.0,excellent
929,5871.0,3.0,Good
930,6636.0,5.0,Average
931,917.0,3.0,Good
932,6278.0,,Average
933,8707.0,4.0,
934,4171.0,4.0,Good
935,7853.0,5.0,
936,4475.0,,Poor
937,2858.0,4.0,
938,2309.0,4.0,
939,6435.0,-1.0,Average
940,2904.0,,Poor
941,7136.0,4.0,excellent
942,6410.0,5.0,Average
943,3710.0,,Good
944,2576.0,4.0,Poor
945,1781.0,,Good
946,5044.0,4.0,Poor
947,3030.0,4.0,Excellent
948,3798.0,1.0,Average
949,2085.0,1.0,excellent
950,9573.0,5.0,
951,5835.0,8.0,Poor
952,8327.0,2.0,Excellent
953,5643.0,3.0,Excellent
954,1531.0,3.0,Excellent
955,6645.0,4.0,Poor
956,9074.0,2.0,excellent
957,3641.0,-1.0,Excellent
958,7800.0,2.0,Good
959,3992.0,2.0,Excellent
960,744.0,2.0,Average
961,6316.0,2.0,Average
962,9629.0,1.0,excellent
963,2550.0,8.0,Poor
964,9427.0,-1.0,Average
965,3857.0,8.0,
966,504.0,3.0,excellent
967,43.0,2.0,Good
968,8014.0,5.0,Excellent
969,8722.0,3.0,excellent
970,2754.0,-1.0,Excellent
971,3029.0,,Excellent
972,281.0,1.0,
973,8395.0,1.0,
974,4815.0,-1.0,excellent
975,2466.0,-1.0,
976,9956.0,3.0,Good
977,4995.0,3.0,
978,9683.0,-1.0,
979,8881.0,2.0,excellent
980,577.0,8.0,Good
981,5304.0,8.0,Good
982,5052.0,-1.0,Average
983,3154.0,-1.0,Poor
984,7284.0,8.0,Good
985,6654.0,4.0,
986,206.0,5.0,Poor
987,2493.0,4.0,
988,562.0,4.0,Poor
989,8767.0,5.0,excellent
990,6082.0,3.0,excellent
991,5480.0,2.0,
992,499.0,5.0,
993,5438.0,-1.0,Excellent
994,8208.0,3.0,
995,7050.0,1.0,Poor
996,5723.0,3.0,Excellent
997,8914.0,1.0,Good
998,2096.0,2.0,Average
999,937.0,2.0,Average
1000,295.0,,Average
1001,1650.0,-1.0,Good
1002,3242.0,3.0,Excellent
1003,9748.0,4.0,excellent
1004,3157.0,,Good
1005,2291.0,2.0,Excellent
1006,6665.0,3.0,Good
1007,9444.0,5.0,
1008,2698.0,-1.0,Poor
1009,1896.0,1.0,Good
1010,1173.0,5.0,Good
1011,8640.0,4.0,Poor
1012,4307.0,8.0,
1013,1433.0,2.0,Average
1014,5779.0,1.0,Excellent
1015,6165.0,1.0,Average
1016,9438.0,-1.0,Average
1017,2939.0,8.0,Excellent
1018,2981.0,,Good
1019,2316.0,3.0,
1020,6963.0,2.0,Poor
1021,2358.0,4.0,Excellent
1022,3320.0,5.0,excellent
1023,6397.0,3.0,Average
1024,2006.0,3.0,Average
1025,6463.0,1.0,Good
1026,4011.0,3.0,Average
1027,7890.0,4.0,
1028,4424.0,5.0,Poor
1029,1214.0,8.0,excellent
1030,7773.0,1.0,
1031,4192.0,2.0,Excellent
1032,9591.0,2.0,Good
1033,7584.0,1.0,
1034,3068.0,3.0,Average
1035,4111.0,5.0,Excellent
1036,5942.0,4.0,excellent
1037,7746.0,,Average
1038,5873.0,8.0,Excellent
1039,6898.0,4.0,excellent
1040,2328.0,2.0,Excellent
1041,6424.0,3.0,excellent
1042,9830.0,4.0,
1043,6148.0,5.0,Average
1044,7942.0,5.0,
1045,5560.0,2.0,
1046,2946.0,1.0,Good
1047,6147.0,8.0,Poor
1048,8778.0,-1.0,Poor
1049,1976.0,,
1050,4314.0,1.0,Good
1051,595.0,-1.0,Average
1052,5476.0,8.0,Poor
1053,4702.0,4.0,Good
1054,177.0,3.0,Good
1055,9777.0,5.0,
1056,7461.0,4.0,excellent
1057,7915.0,4.0,Excellent
1058,6909.0,1.0,excellent
1059,5780.0,3.0,Average
1060,1866.0,8.0,excellent
1061,6211.0,8.0,excellent
1062,1467.0,3.0,Poor
1063,105.0,3.0,Excellent
1064,147.0,-1.0,excellent
1065,1684.0,2.0,Poor
1066,5837.0,5.0,
1067,2841.0,2.0,
1068,5065.0,4.0,excellent
1069,6714.0,-1.0,Good
1070,9297.0,2.0,Average
1071,345.0,4.0,excellent
1072,7894.0,4.0,excellent
1073,4007.0,,Average
1074,7130.0,3.0,Poor
1075,7764.0,4.0,excellent
1076,8405.0,,Average
1077,9915.0,4.0,excellent
1078,2096.0,3.0,
1079,5310.0,4.0,Good
1080,6207.0,4.0,excellent
1081,4349.0,,Good
1082,7284.0,-1.0,Poor
1083,3426.0,1.0,Poor
1084,669.0,4.0,
1085,9907.0,4.0,excellent
1086,620.0,1.0,Good
1087,5895.0,2.0,Excellent
1088,1558.0,1.0,excellent
1089,3863.0,3.0,Excellent
1090,1481.0,5.0,Excellent
1091,5022.0,2.0,
1092,8897.0,8.0,Good
1093,5354.0,4.0,Poor
1094,7589.0,2.0,Poor
1095,4161.0,2.0,Poor
1096,1521.0,2.0,
1097,7193.0,,Average
1098,7719.0,1.0,
1099,6883.0,,Good
1100,3138.0,-1.0,
1101,4354.0,4.0,Average
1102,4532.0,2.0,Excellent
1103,1849.0,-1.0,Excellent
1104,8795.0,4.0,Average
1105,9461.0,2.0,Average
1106,7322.0,8.0,Average
1107,2350.0,2.0,Average
1108,5283.0,1.0,Poor
1109,35.0,-1.0,Good
1110,539.0,,Average
1111,4707.0,3.0,Poor
1112,31.0,8.0,Average
1113,1374.0,2.0,excellent
1114,5052.0,1.0,Average
1115,6955.0,3.0,Excellent
1116,6023.0,1.0,Good
1117,4772.0,1.0,excellent
1118,9316.0,2.0,excellent
1119,2239.0,2.0,Good
1120,3215.0,2.0,Good
1121,5945.0,4.0,Excellent
1122,5830.0,4.0,Average
1123,1468.0,4.0,Average
1124,7612.0,4.0,Good
1125,3632.0,-1.0,Good
1126,3874.0,1.0,Average
1127,3244.0,2.0,
1128,1719.0,3.0,
1129,8472.0,3.0,Average
1130,4407.0,1.0,Poor
1131,5270.0,4.0,Poor
1132,4685.0,5.0,Excellent
1133,688.0,8.0,
1134,4043.0,2.0,Good
1135,4554.0,-1.0,Excellent
1136,701.0,,Excellent
1137,4640.0,-1.0,excellent
1138,9612.0,1.0,Poor
1139,2093.0,1.0,Excellent
1140,6178.0,5.0,excellent
1141,5272.0,,
1142,9719.0,8.0,Good
1143,8930.0,1.0,Poor
1144,5707.0,4.0,Average
1145,9065.0,3.0,Excellent
1146,7830.0,4.0,Good
1147,1825.0,1.0,Average
1148,2874.0,4.0,Average
1149,8410.0,-1.0,Average
1150,1225.0,5.0,Good
1151,9827.0,5.0,
1152,1016.0,8.0,Good
1153,1793.0,2.0,Good
1154,3407.0,3.0,Poor
1155,1176.0,3.0,Average
1156,6256.0,5.0,Excellent
1157,9918.0,,
1158,3498.0,,Average
1159,7510.0,1.0,
1160,513.0,3.0,Good
1161,9563.0,1.0,Average
1162,4286.0,3.0,Average
1163,155.0,5.0,Good
1164,3057.0,2.0,Poor
1165,1686.0,-1.0,Average
1166,6861.0,1.0,excellent
1167,6252.0,5.0,Excellent
1168,5714.0,1.0,Average
1169,1567.0,2.0,Poor
1170,689.0,8.0,
1171,7879.0,2.0,Poor
1172,7517.0,2.0,
1173,6516.0,5.0,excellent
1174,1792.0,1.0,Excellent
1175,7720.0,1.0,Good
1176,6929.0,,excellent
1177,2165.0,1.0,Average
1178,7445.0,-1.0,excellent
1179,4537.0,5.0,Good
1180,4942.0,1.0,
1181,1314.0,4.0,
1182,7701.0,-1.0,Good
1183,3816.0,2.0,Excellent
1184,2636.0,4.0,Good
1185,1621.0,8.0,Excellent
1186,7266.0,3.0,Good
1187,10000.0,3.0,
1188,3134.0,-1.0,excellent
1189,5898.0,1.0,
1190,9020.0,-1.0,Good
1191,8001.0,,
1192,6733.0,3.0,Average
1193,8931.0,5.0,Excellent
1194,5497.0,1.0,Poor
1195,2863.0,8.0,excellent
1196,9652.0,1.0,
1197,2246.0,2.0,excellent
1198,2815.0,4.0,Average
1199,980.0,-1.0,Excellent
1200,5994.0,-1.0,
1201,948.0,-1.0,
1202,2380.0,,Poor
1203,2669.0,5.0,Average
1204,7292.0,8.0,Average
1205,4563.0,3.0,
1206,1544.0,3.0,Excellent
1207,7321.0,4.0,Average
1208,6662.0,2.0,Good
1209,1301.0,4.0,
1210,7677.0,-1.0,
1211,1867.0,5.0,Good
1212,4245.0,2.0,excellent
1213,3695.0,2.0,Average
1214,2960.0,2.0,Poor
1215,7046.0,2.0,Poor
1216,3487.0,-1.0,Poor
1217,3125.0,4.0,excellent
1218,5386.0,1.0,Poor
1219,7025.0,8.0,Excellent
1220,3091.0,4.0,Poor
1221,7334.0,-1.0,Poor
1222,2824.0,5.0,excellent
1223,7376.0,2.0,Poor
1224,4727.0,8.0,Average
1225,8324.0,3.0,excellent
1226,2974.0,4.0,Poor
1227,8600.0,3.0,excellent
1228,5772.0,8.0,
1229,7570.0,3.0,excellent
1230,1997.0,4.0,Good
1231,6214.0,5.0,Good
1232,9782.0,8.0,Average
1233,8710.0,1.0,
1234,6876.0,1.0,Average
1235,485.0,1.0,
1236,9443.0,4.0,Average
1237,1153.0,4.0,Poor
1238,8545.0,3.0,Poor
1239,3126.0,5.0,Average
1240,8767.0,8.0,Excellent
1241,2314.0,1.0,Average
1242,391.0,1.0,Excellent
1243,1787.0,3.0,
1244,1313.0,3.0,Excellent
1245,2698.0,5.0,Good
1246,3910.0,8.0,Excellent
1247,1964.0,,
1248,1442.0,8.0,
1249,8351.0,,
1250,4275.0,4.0,excellent
1251,3527.0,-1.0,Excellent
1252,5135.0,-1.0,Poor
1253,6661.0,5.0,Excellent
1254,2747.0,,excellent
1255,9275.0,5.0,
1256,3729.0,,Average
1257,5196.0,4.0,Poor
1258,2685.0,2.0,excellent
1259,7181.0,1.0,Poor
1260,7557.0,2.0,excellent
1261,6990.0,3.0,Excellent
1262,4303.0,8.0,Average
1263,5637.0,4.0,Good
1264,1427.0,5.0,Excellent
1265,3415.0,5.0,excellent
1266,8086.0,8.0,Poor
1267,2080.0,,Good
1268,4853.0,1.0,Poor
1269,2330.0,4.0,Excellent
1270,1425.0,4.0,excellent
1271,715.0,2.0,excellent
1272,3119.0,4.0,Excellent
1273,2622.0,1.0,Good
1274,1428.0,-1.0,Poor
1275,3086.0,1.0,excellent
1276,8467.0,8.0,Poor
1277,2683.0,5.0,Good
1278,7515.0,,Good
1279,1449.0,1.0,Excellent
1280,3820.0,4.0,
1281,618.0,-1.0,Average
1282,2726.0,4.0,Poor
1283,668.0,3.0,excellent
1284,3751.0,8.0,Good
1285,5978.0,8.0,Excellent
1286,1355.0,,Average
1287,1909.0,3.0,
1288,5586.0,3.0,excellent
1289,8378.0,2.0,Average
1290,3695.0,,Poor
1291,2722.0,5.0,
1292,389.0,3.0,Good
1293,3528.0,,Good
1294,8925.0,2.0,Average
1295,9413.0,1.0,Good
1296,8095.0,4.0,Poor
1297,2467.0,1.0,Poor
1298,7542.0,5.0,Good
1299,3660.0,5.0,Excellent
1300,6304.0,5.0,Excellent
1301,3919.0,3.0,Poor
1302,1701.0,1.0,Poor
1303,7319.0,2.0,Poor
1304,814.0,4.0,Good
1305,1738.0,2.0,excellent
1306,444.0,-1.0,Poor
1307,3518.0,3.0,excellent
1308,8231.0,-1.0,Good
1309,3041.0,5.0,Average
1310,2274.0,1.0,excellent
1311,4365.0,,excellent
1312,6263.0,1.0,Average
1313,3800.0,4.0,Poor
1314,305.0,4.0,
1315,1662.0,,Excellent
1316,5135.0,3.0,
1317,7093.0,8.0,Excellent
1318,5681.0,-1.0,Poor
1319,5028.0,3.0,Excellent
1320,3438.0,4.0,
1321,5722.0,2.0,
1322,8433.0,1.0,
1323,4888.0,5.0,Good
1324,3336.0,3.0,Average
1325,3503.0,8.0,
1326,708.0,,
1327,6548.0,3.0,Average
1328,295.0,1.0,Good
1329,9926.0,3.0,
1330,3937.0,8.0,Poor
1331,9353.0,2.0,Excellent
1332,9254.0,4.0,Average
1333,9613.0,3.0,Poor
1334,5083.0,5.0,Good
1335,3322.0,,Average
1336,2737.0,-1.0,Average
1337,9795.0,5.0,excellent
1338,8611.0,5.0,excellent
1339,9989.0,,Excellent
1340,6910.0,3.0,Good
1341,8559.0,2.0,Excellent
1342,1752.0,5.0,excellent
1343,7230.0,5.0,excellent
1344,8464.0,1.0,Excellent
1345,948.0,4.0,excellent
1346,1204.0,,Good
1347,9352.0,8.0,Excellent
1348,355.0,4.0,Average
1349,376.0,-1.0,Poor
1350,3886.0,-1.0,Average
1351,7704.0,1.0,Average
1352,1036.0,-1.0,Good
1353,7337.0,5.0,Poor
1354,6028.0,3.0,Excellent
1355,9196.0,2.0,excellent
1356,625.0,8.0,excellent
1357,7198.0,3.0,Good
1358,8287.0,8.0,Excellent
1359,6191.0,4.0,Excellent
1360,985.0,1.0,Good
1361,6592.0,8.0,Good
1362,6789.0,4.0,Average
1363,6366.0,5.0,Excellent
1364,9590.0,,Good
1365,4891.0,4.0,Excellent
1366,9304.0,4.0,Good
1367,1404.0,2.0,Good
1368,8687.0,3.0,Excellent
1369,1996.0,1.0,Average
1370,5013.0,4.0,Average
1371,8619.0,3.0,Excellent
1372,4008.0,-1.0,Poor
1373,2121.0,-1.0,Average
1374,6791.0,-1.0,
1375,565.0,-1.0,Average
1376,1714.0,8.0,Average
1377,5929.0,8.0,Average
1378,1035.0,8.0,Poor
1379,9892.0,4.0,excellent
1380,6563.0,5.0,Average
1381,1981.0,2.0,excellent
1382,1748.0,2.0,
1383,8670.0,1.0,Excellent
1384,8626.0,5.0,Good
1385,5137.0,5.0,Average
1386,5278.0,8.0,
1387,6972.0,2.0,Poor
1388,2669.0,2.0,Good
1389,4691.0,,Good
1390,967.0,4.0,
1391,5737.0,3.0,Poor
1392,2213.0,5.0,Good
1393,9803.0,2.0,excellent
1394,6110.0,2.0,Excellent
1395,3556.0,5.0,Good
1396,80.0,2.0,excellent
1397,7214.0,-1.0,Poor
1398,6217.0,4.0,Poor
1399,4421.0,5.0,
1400,1452.0,2.0,Average
1401,1772.0,2.0,
1402,9948.0,,Good
1403,2650.0,2.0,
1404,8954.0,1.0,Poor
1405,2986.0,,
1406,3657.0,8.0,Good
1407,1460.0,5.0,Good
1408,4046.0,-1.0,excellent
1409,1866.0,8.0,
1410,1220.0,8.0,Average
1411,9611.0,5.0,Excellent
1412,8242.0,3.0,
1413,5334.0,4.0,Good
1414,5272.0,-1.0,
1415,7935.0,-1.0,excellent
1416,2282.0,4.0,Excellent
1417,161.0,8.0,Good
1418,7456.0,4.0,
1419,170.0,3.0,Good
1420,5026.0,2.0,Average
1421,4619.0,5.0,Average
1422,8647.0,4.0,
1423,1333.0,8.0,Average
1424,2146.0,-1.0,Excellent
1425,7155.0,-1.0,Poor
1426,5302.0,2.0,Average
1427,4378.0,3.0,Good
1428,782.0,-1.0,
1429,2614.0,,Excellent
1430,4909.0,5.0,Average
1431,6666.0,-1.0,excellent
1432,1121.0,3.0,Good
1433,4806.0,3.0,
1434,5475.0,1.0,Poor
1435,7475.0,2.0,Good
1436,3092.0,8.0,Poor
1437,8658.0,8.0,excellent
1438,9484.0,5.0,Average
1439,1200.0,2.0,Average
1440,7266.0,3.0,Excellent
1441,9050.0,4.0,Good
1442,6616.0,1.0,Excellent
1443,7968.0,4.0,Poor
1444,5535.0,3.0,
1445,1739.0,5.0,Excellent
1446,6293.0,,Poor
1447,5330.0,,Good
1448,9477.0,1.0,
1449,8370.0,3.0,
1450,6139.0,5.0,
1451,2499.0,4.0,Average
1452,9182.0,-1.0,Average
1453,4234.0,1.0,Average
1454,9383.0,1.0,
1455,2369.0,3.0,Excellent
1456,5539.0,2.0,Excellent
1457,1805.0,8.0,
1458,8405.0,4.0,Poor
1459,8365.0,-1.0,Excellent
1460,8498.0,,Excellent
1461,3096.0,8.0,excellent
1462,4421.0,,Average
1463,7064.0,5.0,excellent
1464,3617.0,2.0,Excellent
1465,167.0,,
1466,4947.0,5.0,Good
1467,6424.0,5.0,
1468,1428.0,5.0,Excellent
1469,3556.0,8.0,Poor
1470,510.0,,Average
1471,7072.0,-1.0,Poor
1472,8185.0,8.0,Excellent
1473,6213.0,-1.0,Average
1474,1957.0,2.0,Poor
1475,7894.0,4.0,excellent
1476,8601.0,1.0,Poor
1477,6192.0,2.0,excellent
1478,7732.0,8.0,Excellent
1479,8222.0,4.0,Poor
1480,7684.0,,Poor
1481,6145.0,2.0,excellent
1482,4184.0,8.0,Good
1483,2912.0,2.0,Average
1484,5650.0,-1.0,Excellent
1485,4673.0,4.0,Good
1486,1388.0,8.0,Good
1487,4922.0,3.0,Excellent
1488,7228.0,5.0,Average
1489,1180.0,4.0,Poor
1490,3730.0,3.0,Average
1491,3835.0,5.0,Poor
1492,6557.0,8.0,Average
1493,4171.0,2.0,Good
1494,4941.0,,Excellent
1495,3766.0,-1.0,
1496,1357.0,1.0,Excellent
1497,8328.0,2.0,
1498,2452.0,3.0,Good
1499,3733.0,2.0,Good
1500,3244.0,2.0,Good
1501,3545.0,1.0,Good
1502,2494.0,-1.0,Average
1503,9191.0,-1.0,excellent
1504,9306.0,5.0,excellent
1505,5562.0,3.0,
1506,446.0,-1.0,
1507,9211.0,3.0,Average
1508,8472.0,1.0,Good
1509,6121.0,5.0,
1510,2018.0,4.0,excellent
1511,3024.0,1.0,Poor
1512,6943.0,2.0,excellent
1513,5699.0,4.0,Poor
1514,8896.0,,excellent
1515,4960.0,1.0,Good
1516,1412.0,3.0,Poor
1517,5512.0,8.0,Good
1518,5058.0,2.0,
1519,1822.0,8.0,Excellent
1520,9989.0,5.0,Good
1521,3606.0,8.0,Excellent
1522,7223.0,4.0,Average
1523,1551.0,4.0,
1524,2197.0,,Excellent
1525,355.0,4.0,
1526,3562.0,-1.0,excellent
1527,7030.0,2.0,Average
1528,210.0,8.0,Poor
1529,7250.0,5.0,Average
1530,805.0,,excellent
1531,8082.0,8.0,Average
1532,5450.0,4.0,Average
1533,7155.0,2.0,Poor
1534,6754.0,2.0,Poor
1535,714.0,3.0,Excellent
1536,5444.0,,Excellent
1537,6949.0,8.0,
1538,8697.0,3.0,Excellent
1539,7837.0,1.0,
1540,3267.0,3.0,Average
1541,2983.0,,excellent
1542,8895.0,3.0,
1543,6906.0,3.0,
1544,7421.0,4.0,Good
1545,2199.0,5.0,
1546,8986.0,,excellent
1547,2889.0,3.0,Excellent
1548,7969.0,-1.0,Excellent
1549,184.0,3.0,excellent
1550,6674.0,,Poor
1551,4109.0,2.0,Poor
1552,3301.0,3.0,excellent
1553,4549.0,2.0,Good
1554,1577.0,4.0,Average
1555,5504.0,5.0,Excellent
1556,6214.0,1.0,Average
1557,8155.0,5.0,Average
1558,9433.0,2.0,Excellent
1559,3922.0,4.0,excellent
1560,1049.0,,Poor
1561,2188.0,2.0,Good
1562,660.0,-1.0,excellent
1563,1269.0,4.0,Poor
1564,115.0,1.0,
1565,2439.0,-1.0,Average
1566,3551.0,3.0,Poor
1567,6401.0,8.0,Excellent
1568,1085.0,3.0,Good
1569,175.0,2.0,Average
1570,7855.0,5.0,Poor
1571,9792.0,5.0,Average
1572,7381.0,8.0,Good
1573,6114.0,4.0,excellent
1574,4202.0,-1.0,Excellent
1575,5694.0,-1.0,excellent
1576,9169.0,2.0,Poor
1577,5300.0,4.0,excellent
1578,6507.0,4.0,Average
1579,3155.0,4.0,Poor
1580,9025.0,8.0,excellent
1581,3489.0,2.0,Poor
1582,4807.0,,excellent
1583,5608.0,8.0,Average
1584,5001.0,8.0,Excellent
1585,1179.0,-1.0,Good
1586,5212.0,4.0,excellent
1587,2838.0,3.0,Good
1588,9434.0,,Average
1589,7441.0,,excellent
1590,8785.0,1.0,Excellent
1591,6241.0,,excellent
1592,3623.0,-1.0,excellent
1593,95.0,8.0,Average
1594,7868.0,2.0,Good
1595,1015.0,4.0,
1596,4936.0,-1.0,Poor
1597,9775.0,8.0,excellent
1598,8489.0,4.0,
1599,3469.0,3.0,excellent
1600,7156.0,4.0,excellent
1601,2591.0,5.0,Excellent
1602,8533.0,1.0,Poor
1603,9033.0,8.0,Excellent
1604,2217.0,5.0,Excellent
1605,5763.0,8.0,excellent
1606,2566.0,-1.0,Average
1607,3769.0,3.0,Average
1608,4413.0,4.0,Poor
1609,6824.0,,Good
1610,1515.0,1.0,Excellent
1611,5704.0,5.0,Poor
1612,4869.0,3.0,Excellent
1613,214.0,4.0,Poor
1614,7892.0,3.0,excellent
1615,1197.0,-1.0,Good
1616,3641.0,1.0,Excellent
1617,9180.0,4.0,Good
1618,8708.0,,
1619,5022.0,-1.0,Average
1620,6607.0,,Excellent
1621,404.0,5.0,excellent
1622,9711.0,8.0,Poor
1623,8834.0,2.0,excellent
1624,6176.0,5.0,Excellent
1625,523.0,8.0,Average
1626,9317.0,4.0,Average
1627,1582.0,3.0,Average
1628,6659.0,4.0,
1629,7862.0,5.0,Excellent
1630,1931.0,3.0,Good
1631,3127.0,8.0,excellent
1632,3284.0,2.0,
1633,5561.0,2.0,Good
1634,3590.0,4.0,Excellent
1635,9610.0,-1.0,
1636,1973.0,,excellent
1637,3790.0,-1.0,Poor
1638,766.0,4.0,Good
1639,7564.0,,Good
1640,805.0,8.0,Good
1641,9343.0,5.0,Excellent
1642,2126.0,5.0,Poor
1643,2766.0,,Poor
1644,9240.0,1.0,excellent
1645,715.0,-1.0,
1646,1501.0,5.0,Excellent
1647,942.0,-1.0,Poor
1648,2178.0,-1.0,excellent
1649,3346.0,5.0,excellent
1650,6778.0,2.0,
1651,2200.0,4.0,excellent
1652,7638.0,4.0,
1653,3066.0,3.0,Good
1654,348.0,5.0,Average
1655,3805.0,-1.0,Excellent
1656,1573.0,3.0,Excellent
1657,1314.0,5.0,
1658,682.0,3.0,Good
1659,2277.0,,
1660,1242.0,5.0,Excellent
1661,2200.0,2.0,Excellent
1662,3377.0,1.0,Good
1663,7005.0,2.0,Average
1664,9596.0,-1.0,Excellent
1665,5418.0,-1.0,excellent
1666,8600.0,8.0,Poor
1667,9746.0,5.0,Excellent
1668,2269.0,2.0,Average
1669,7523.0,5.0,excellent
1670,8370.0,,Poor
1671,1451.0,5.0,excellent
1672,3550.0,3.0,Average
1673,2535.0,3.0,Excellent
1674,450.0,5.0,Excellent
1675,969.0,1.0,Excellent
1676,4672.0,2.0,Poor
1677,3153.0,-1.0,Poor
1678,1105.0,3.0,Good
1679,9552.0,5.0,excellent
1680,5683.0,8.0,Average
1681,9467.0,,Good
1682,2989.0,,excellent
1683,3176.0,2.0,Good
1684,196.0,1.0,
1685,1437.0,1.0,Good
1686,7736.0,-1.0,Average
1687,6314.0,4.0,
1688,1017.0,4.0,
1689,5561.0,3.0,excellent
1690,2859.0,3.0,Average
1691,8283.0,-1.0,Poor
1692,9499.0,4.0,Poor
1693,778.0,5.0,Poor
1694,1122.0,2.0,Excellent
1695,8972.0,8.0,Good
1696,9199.0,-1.0,excellent
1697,5668.0,2.0,Poor
1698,3149.0,-1.0,Poor
1699,5532.0,5.0,excellent
1700,3598.0,8.0,Poor
1701,8530.0,4.0,Excellent
1702,9766.0,3.0,excellent
1703,1518.0,4.0,
1704,2907.0,5.0,Average
1705,9437.0,-1.0,Excellent
1706,3639.0,,Excellent
1707,840.0,2.0,Average
1708,9708.0,2.0,Average
1709,3757.0,,Good
1710,899.0,,Average
1711,3501.0,8.0,Average
1712,1320.0,-1.0,Average
1713,9934.0,-1.0,
1714,2622.0,,Average
1715,9644.0,3.0,Average
1716,2765.0,8.0,excellent
1717,6175.0,8.0,excellent
1718,1118.0,8.0,Poor
1719,3942.0,2.0,
1720,7600.0,,Poor
1721,2269.0,5.0,Good
1722,2459.0,4.0,
1723,3002.0,-1.0,Average
1724,2661.0,,excellent
1725,4691.0,4.0,Poor
1726,9334.0,,
1727,5817.0,8.0,excellent
1728,2173.0,-1.0,Excellent
1729,8106.0,2.0,excellent
1730,8791.0,,Average
1731,5240.0,8.0,Poor
1732,810.0,2.0,Poor
1733,6342.0,1.0,excellent
1734,9017.0,-1.0,Poor
1735,1374.0,,
1736,4048.0,1.0,Excellent
1737,5797.0,2.0,Poor
1738,6870.0,8.0,Excellent
1739,864.0,,
1740,2286.0,5.0,Average
1741,5133.0,1.0,Good
1742,4173.0,8.0,Poor
1743,8147.0,3.0,Poor
1744,4521.0,-1.0,
1745,531.0,2.0,Poor
1746,8331.0,3.0,Average
1747,2462.0,-1.0,Poor
1748,6665.0,2.0,Average
1749,8351.0,5.0,Average
1750,3858.0,1.0,Good
1751,1906.0,1.0,Average
1752,549.0,-1.0,Good
1753,207.0,2.0,Good
1754,355.0,-1.0,excellent
1755,3574.0,5.0,Poor
1756,3618.0,8.0,Good
1757,3592.0,1.0,
1758,4069.0,,Poor
1759,7277.0,,Average
1760,7233.0,2.0,Excellent
1761,2153.0,4.0,Excellent
1762,2975.0,8.0,
1763,9159.0,5.0,excellent
1764,7808.0,5.0,Good
1765,3547.0,,Average
1766,5959.0,-1.0,
1767,3565.0,3.0,Average
1768,5633.0,8.0,Excellent
1769,5595.0,5.0,
1770,1837.0,-1.0,
1771,6628.0,,Good
1772,2582.0,-1.0,Average
1773,4922.0,2.0,Good
1774,905.0,1.0,Poor
1775,7362.0,3.0,
1776,6812.0,4.0,excellent
1777,5785.0,5.0,Good
1778,3909.0,,
1779,7744.0,2.0,Excellent
1780,2327.0,8.0,excellent
1781,2639.0,2.0,Average
1782,6063.0,,Average
1783,9315.0,-1.0,
1784,7678.0,4.0,Average
1785,1259.0,4.0,Average
1786,5840.0,8.0,
1787,7330.0,8.0,Excellent
1788,8459.0,1.0,Good
1789,8116.0,3.0,Excellent
1790,3067.0,5.0,
1791,4862.0,8.0,Poor
1792,3360.0,1.0,
1793,7528.0,5.0,Average
1794,9170.0,5.0,Excellent
1795,144.0,,
1796,8735.0,3.0,Good
1797,2614.0,4.0,Good
1798,9738.0,5.0,Excellent
1799,1641.0,5.0,Average
1800,8521.0,,Average
1801,1225.0,4.0,excellent
1802,5589.0,5.0,
1803,3888.0,-1.0,excellent
1804,5329.0,,Excellent
1805,1934.0,,Excellent
1806,7929.0,2.0,Average
1807,606.0,5.0,Good
1808,6190.0,5.0,Excellent
1809,2505.0,8.0,Poor
1810,7147.0,3.0,Poor
1811,8027.0,4.0,excellent
1812,7201.0,2.0,excellent
1813,8767.0,,Average
1814,3334.0,3.0,
1815,6071.0,8.0,Poor
1816,2555.0,3.0,Excellent
1817,8254.0,2.0,Good
1818,9581.0,,Poor
1819,3627.0,4.0,Average
1820,671.0,,excellent
1821,1174.0,4.0,excellent
1822,1840.0,8.0,Poor
1823,8695.0,5.0,Poor
1824,2019.0,3.0,Average
1825,7386.0,2.0,Poor
1826,9865.0,,
1827,7721.0,4.0,Poor
1828,8029.0,-1.0,Average
1829,3814.0,4.0,Poor
1830,5002.0,,excellent
1831,1785.0,1.0,Average
1832,7443.0,3.0,Poor
1833,2633.0,-1.0,Poor
1834,5284.0,1.0,excellent
1835,4202.0,,Excellent
1836,9959.0,4.0,Average
1837,3365.0,,Excellent
1838,413.0,,
1839,852.0,-1.0,Excellent
1840,2028.0,1.0,Good
1841,6631.0,,
1842,8228.0,2.0,Poor
1843,2669.0,4.0,Excellent
1844,5596.0,2.0,excellent
1845,7276.0,3.0,Excellent
1846,7355.0,2.0,Excellent
1847,2427.0,-1.0,
1848,8077.0,2.0,Good
1849,2251.0,,Excellent
1850,4339.0,5.0,Excellent
1851,1465.0,-1.0,Poor
1852,118.0,-1.0,excellent
1853,4916.0,1.0,Excellent
1854,7238.0,2.0,excellent
1855,3371.0,2.0,Good
1856,6514.0,,Average
1857,4253.0,2.0,Good
1858,2822.0,-1.0,
1859,5549.0,1.0,Average
1860,6014.0,-1.0,
1861,4847.0,3.0,
1862,7841.0,4.0,Poor
1863,2682.0,-1.0,Poor
1864,1832.0,8.0,Poor
1865,3912.0,5.0,Excellent
1866,7351.0,3.0,Poor
1867,2186.0,3.0,
1868,6473.0,-1.0,Excellent
1869,4254.0,4.0,
1870,4847.0,4.0,Good
1871,7928.0,4.0,Average
1872,281.0,4.0,Poor
1873,4456.0,2.0,Average
1874,6510.0,1.0,Poor
1875,4978.0,3.0,excellent
1876,252.0,1.0,excellent
1877,4893.0,-1.0,
1878,3365.0,,Poor
1879,2486.0,4.0,Average
1880,9914.0,2.0,
1881,7476.0,4.0,
1882,6036.0,-1.0,Poor
1883,9645.0,4.0,excellent
1884,276.0,1.0,Good
1885,4726.0,8.0,excellent
1886,3547.0,1.0,
1887,311.0,5.0,Poor
1888,676.0,2.0,excellent
1889,6408.0,8.0,excellent
1890,1146.0,,excellent
1891,7772.0,-1.0,Excellent
1892,754.0,4.0,Poor
1893,7678.0,,excellent
1894,2685.0,8.0,Good
1895,190.0,,excellent
1896,5564.0,1.0,Good
1897,6310.0,8.0,Average
1898,5272.0,2.0,Good
1899,7099.0,3.0,Poor
1900,2487.0,1.0,Average
1901,185.0,-1.0,Good
1902,895.0,4.0,Excellent
1903,3129.0,5.0,Good
1904,1915.0,2.0,Average
1905,360.0,,Poor
1906,212.0,3.0,Poor
1907,7163.0,,Good
1908,4129.0,8.0,Average
1909,6088.0,8.0,excellent
1910,174.0,2.0,Average
1911,6573.0,-1.0,Good
1912,1769.0,3.0,Good
1913,8860.0,3.0,
1914,3332.0,4.0,Poor
1915,6747.0,4.0,Average
1916,8888.0,8.0,
1917,6611.0,5.0,Excellent
1918,9703.0,1.0,Good
1919,1099.0,4.0,Average
1920,7831.0,2.0,
1921,3428.0,4.0,Excellent
1922,9324.0,3.0,Average
1923,9697.0,1.0,
1924,6008.0,5.0,
1925,4228.0,-1.0,
1926,4584.0,5.0,excellent
1927,5576.0,5.0,Excellent
1928,6591.0,3.0,Excellent
1929,9773.0,3.0,Average
1930,7984.0,8.0,excellent
1931,4236.0,3.0,excellent
1932,1570.0,-1.0,Good
1933,3239.0,1.0,Average
1934,3865.0,4.0,
1935,7401.0,2.0,Poor
1936,2872.0,-1.0,excellent
1937,3536.0,8.0,Good
1938,7193.0,,Average
1939,2272.0,,excellent
1940,4933.0,5.0,
1941,4800.0,5.0,Average
1942,9336.0,5.0,Poor
1943,1644.0,-1.0,Average
1944,2657.0,5.0,Average
1945,7843.0,8.0,excellent
1946,5786.0,5.0,Good
1947,5892.0,,Good
1948,9006.0,8.0,Excellent
1949,6841.0,4.0,Good
1950,1793.0,-1.0,excellent
1951,3013.0,2.0,
1952,7674.0,5.0,Excellent
1953,6742.0,8.0,Average
1954,5835.0,1.0,excellent
1955,6129.0,8.0,Excellent
1956,5901.0,2.0,excellent
1957,195.0,8.0,Good
1958,1510.0,,Average
1959,9081.0,,Average
1960,6263.0,2.0,
1961,5028.0,-1.0,Good
1962,8159.0,5.0,Excellent
1963,2271.0,5.0,excellent
1964,7098.0,4.0,Excellent
1965,8819.0,3.0,Excellent
1966,3863.0,3.0,excellent
1967,4661.0,4.0,
1968,5425.0,5.0,Excellent
1969,9476.0,2.0,
1970,9630.0,1.0,Average
1971,4187.0,1.0,Excellent
1972,1018.0,3.0,Excellent
1973,9785.0,-1.0,Poor
1974,8145.0,8.0,Poor
1975,2482.0,,Excellent
1976,8879.0,5.0,Poor
1977,3915.0,5.0,Excellent
1978,9426.0,1.0,excellent
1979,7741.0,-1.0,excellent
1980,2536.0,1.0,Poor
1981,6642.0,4.0,Excellent
1982,1341.0,,Excellent
1983,3643.0,2.0,excellent
1984,2953.0,,Poor
1985,8799.0,,Excellent
1986,6950.0,8.0,Excellent
1987,1593.0,2.0,
1988,8939.0,4.0,
1989,1041.0,,Average
1990,5114.0,2.0,
1991,4001.0,2.0,Average
1992,4884.0,2.0,Excellent
1993,8915.0,4.0,Average
1994,7834.0,4.0,
1995,5825.0,5.0,Average
1996,8876.0,3.0,Average
1997,6955.0,4.0,Good
1998,1824.0,-1.0,Average
1999,4426.0,8.0,Poor
2000,2307.0,1.0,Good
2001,6849.0,3.0,Average
2002,2201.0,-1.0,Excellent
2003,1374.0,-1.0,Poor
2004,9383.0,1.0,excellent
2005,4731.0,4.0,Average
2006,7075.0,4.0,
2007,9616.0,,excellent
2008,47.0,2.0,Poor
2009,7929.0,1.0,Good
2010,4252.0,-1.0,excellent
2011,843.0,5.0,
2012,2433.0,2.0,Poor
2013,9711.0,4.0,excellent
2014,4155.0,4.0,Good
2015,1789.0,8.0,Good
2016,8735.0,5.0,excellent
2017,8081.0,8.0,excellent
2018,9143.0,5.0,Average
2019,2797.0,3.0,Good
2020,4788.0,3.0,
2021,9787.0,,excellent
2022,2352.0,8.0,Poor
2023,9793.0,1.0,
2024,1290.0,3.0,Average
2025,6004.0,3.0,Good
2026,1281.0,4.0,excellent
2027,6273.0,8.0,Poor
2028,8633.0,,Average
2029,6641.0,-1.0,Average
2030,9921.0,,Average
2031,8099.0,3.0,Excellent
2032,8841.0,3.0,Excellent
2033,5418.0,2.0,
2034,1477.0,1.0,Average
2035,1693.0,2.0,Poor
2036,9255.0,8.0,Good
2037,2023.0,5.0,Excellent
2038,72.0,-1.0,Excellent
2039,4914.0,4.0,Good
2040,6203.0,-1.0,Poor
2041,8423.0,1.0,Average
2042,2492.0,3.0,excellent
2043,1727.0,,excellent
2044,9126.0,2.0,Good
2045,4034.0,,Good
2046,609.0,-1.0,
2047,4588.0,-1.0,
2048,7012.0,,Poor
2049,9968.0,,Poor
2050,6290.0,,Average
2051,8102.0,3.0,
2052,1635.0,-1.0,Excellent
2053,992.0,,Average
2054,8963.0,-1.0,Excellent
2055,3606.0,,
2056,6700.0,5.0,
2057,2409.0,8.0,Good
2058,8622.0,-1.0,excellent
2059,3622.0,,excellent
2060,2541.0,1.0,excellent
2061,7334.0,-1.0,Good
2062,3925.0,4.0,Good
2063,3391.0,5.0,Good
2064,9015.0,8.0,Average
2065,2899.0,1.0,Average
2066,2902.0,,Average
2067,6362.0,8.0,Excellent
2068,7259.0,2.0,Poor
2069,2555.0,2.0,
2070,2085.0,-1.0,Good
2071,2019.0,2.0,Average
2072,3123.0,1.0,Excellent
2073,5053.0,4.0,Average
2074,5450.0,,Excellent
2075,4682.0,1.0,Average
2076,3971.0,5.0,Poor
2077,5267.0,8.0,Average
2078,7303.0,-1.0,Excellent
2079,5547.0,3.0,Average
2080,927.0,4.0,excellent
2081,9373.0,3.0,excellent
2082,6622.0,,Average
2083,3301.0,3.0,Excellent
2084,8818.0,2.0,Poor
2085,4146.0,,excellent
2086,1220.0,8.0,Excellent
2087,280.0,4.0,
2088,2470.0,1.0,excellent
2089,3992.0,8.0,Excellent
2090,4650.0,2.0,Excellent
2091,6576.0,3.0,excellent
2092,1751.0,8.0,Excellent
2093,8833.0,8.0,Good
2094,7620.0,,excellent
2095,6254.0,2.0,Good
2096,5084.0,-1.0,Poor
2097,352.0,-1.0,Good
2098,197.0,,
2099,2193.0,2.0,Average
2100,1556.0,2.0,Average
2101,3649.0,8.0,
2102,8888.0,5.0,Poor
2103,1183.0,5.0,excellent
2104,5084.0,2.0,Good
2105,1584.0,-1.0,Good
2106,7664.0,1.0,
2107,2397.0,-1.0,Poor
2108,67.0,4.0,Good
2109,7751.0,3.0,Excellent
2110,4071.0,2.0,excellent
2111,8204.0,3.0,Average
2112,6966.0,5.0,Good
2113,6841.0,3.0,
2114,3106.0,5.0,excellent
2115,9909.0,,Poor
2116,7522.0,-1.0,Poor
2117,5394.0,5.0,excellent
2118,738.0,2.0,Excellent
2119,3459.0,3.0,Average
2120,2279.0,,Poor
2121,2874.0,5.0,Good
2122,3790.0,8.0,Average
2123,3929.0,1.0,excellent
2124,3184.0,-1.0,Average
2125,5473.0,-1.0,Poor
2126,6338.0,-1.0,
2127,1137.0,8.0,Excellent
2128,4853.0,1.0,
2129,5886.0,4.0,Poor
2130,5195.0,2.0,
2131,8542.0,8.0,Average
2132,5165.0,5.0,Poor
2133,3908.0,,Poor
2134,3066.0,-1.0,excellent
2135,8890.0,,
2136,3675.0,-1.0,Poor
2137,4634.0,3.0,excellent
2138,8758.0,-1.0,Poor
2139,4439.0,-1.0,
2140,3079.0,1.0,Average
2141,3585.0,5.0,Average
2142,8391.0,8.0,Excellent
2143,7954.0,5.0,excellent
2144,5081.0,4.0,Poor
2145,269.0,,Excellent
2146,713.0,5.0,
2147,2354.0,4.0,Excellent
2148,2169.0,5.0,Excellent
2149,3174.0,1.0,Good
2150,1803.0,,Excellent
2151,3220.0,5.0,excellent
2152,7881.0,4.0,Average
2153,6647.0,5.0,Average
2154,5156.0,3.0,Good
2155,6881.0,4.0,Average
2156,568.0,2.0,Good
2157,4295.0,3.0,Excellent
2158,9957.0,1.0,Excellent
2159,3785.0,,Good
2160,1619.0,1.0,Poor
2161,6764.0,2.0,Good
2162,4576.0,-1.0,Poor
2163,92.0,5.0,Average
2164,2849.0,2.0,Poor
2165,1122.0,2.0,Good
2166,3179.0,-1.0,Excellent
2167,5954.0,5.0,excellent
2168,2141.0,,Poor
2169,4347.0,1.0,Good
2170,3302.0,5.0,
2171,9541.0,1.0,Poor
2172,8967.0,1.0,Poor
2173,4494.0,-1.0,excellent
2174,1896.0,1.0,
2175,754.0,4.0,excellent
2176,5808.0,-1.0,
2177,6830.0,,Good
2178,3617.0,4.0,Average
2179,2344.0,5.0,Good
2180,283.0,-1.0,Poor
2181,1070.0,2.0,Poor
2182,5740.0,2.0,
2183,2028.0,4.0,Good
2184,2809.0,2.0,excellent
2185,5251.0,2.0,
2186,6488.0,5.0,Average
2187,9181.0,8.0,Good
2188,8149.0,1.0,
2189,257.0,3.0,
2190,9832.0,2.0,Poor
2191,7950.0,-1.0,Average
2192,5364.0,2.0,Good
2193,2068.0,,excellent
2194,1292.0,5.0,Excellent
2195,4419.0,,Poor
2196,8381.0,-1.0,Average
2197,8778.0,2.0,
2198,2489.0,-1.0,Excellent
2199,4212.0,,Good
2200,9138.0,2.0,Good
2201,9502.0,-1.0,excellent
2202,5308.0,1.0,Average
2203,7147.0,8.0,Excellent
2204,9022.0,8.0,excellent
2205,7602.0,2.0,
2206,5531.0,4.0,excellent
2207,1200.0,5.0,Good
2208,4278.0,3.0,Excellent
2209,9573.0,2.0,Average
2210,7694.0,,excellent
2211,5275.0,5.0,excellent
2212,3446.0,2.0,Good
2213,5830.0,8.0,Average
2214,3611.0,3.0,Average
2215,6371.0,1.0,Good
2216,5110.0,,Poor
2217,754.0,5.0,Good
2218,5314.0,2.0,Good
2219,936.0,3.0,Poor
2220,283.0,-1.0,Excellent
2221,8687.0,,Poor
2222,5200.0,8.0,Average
2223,7615.0,3.0,Poor
2224,4450.0,8.0,
2225,9334.0,4.0,Good
2226,7252.0,,Excellent
2227,3357.0,-1.0,Average
2228,7439.0,-1.0,
2229,8262.0,3.0,
2230,6785.0,1.0,Excellent
2231,2027.0,2.0,
2232,7543.0,2.0,excellent
2233,2629.0,4.0,Average
2234,9233.0,-1.0,
2235,3740.0,,excellent
2236,4893.0,4.0,
2237,1757.0,1.0,Excellent
2238,1318.0,,Excellent
2239,2728.0,8.0,
2240,6734.0,-1.0,Good
2241,4795.0,-1.0,
2242,7785.0,-1.0,Average
2243,6094.0,-1.0,Excellent
2244,661.0,4.0,Average
2245,9355.0,5.0,Poor
2246,4136.0,5.0,Excellent
2247,9946.0,,excellent
2248,5140.0,-1.0,Good
2249,8588.0,3.0,Average
2250,5762.0,-1.0,Average
2251,5217.0,-1.0,Excellent
2252,2612.0,1.0,
2253,7981.0,2.0,Average
2254,2564.0,-1.0,Average
2255,5884.0,-1.0,Average
2256,4462.0,,Average
2257,1555.0,8.0,Poor
2258,9383.0,2.0,Average
2259,1892.0,1.0,Average
2260,8104.0,1.0,Poor
2261,9187.0,-1.0,excellent
2262,9454.0,-1.0,Excellent
2263,8506.0,-1.0,Average
2264,4971.0,3.0,Good
2265,5908.0,3.0,Good
2266,342.0,8.0,Good
2267,9024.0,1.0,
2268,3259.0,-1.0,Excellent
2269,6348.0,4.0,Good
2270,6168.0,2.0,Excellent
2271,2880.0,-1.0,excellent
2272,6470.0,,Average
2273,4540.0,1.0,Excellent
2274,6584.0,3.0,
2275,3325.0,-1.0,Good
2276,7921.0,1.0,Good
2277,6900.0,1.0,
2278,8267.0,8.0,Poor
2279,4910.0,8.0,Poor
2280,7755.0,8.0,Poor
2281,3898.0,4.0,Average
2282,9434.0,-1.0,Excellent
2283,9297.0,-1.0,Excellent
2284,4621.0,4.0,Average
2285,5278.0,3.0,Good
2286,3679.0,1.0,Average
2287,7376.0,3.0,
2288,424.0,2.0,
2289,3592.0,-1.0,Excellent
2290,6375.0,2.0,Poor
2291,2603.0,2.0,Good
2292,9926.0,3.0,Poor
2293,6792.0,8.0,Good
2294,967.0,4.0,Good
2295,4969.0,-1.0,Poor
2296,9951.0,2.0,Poor
2297,800.0,-1.0,Poor
2298,8474.0,8.0,Average
2299,8685.0,2.0,Poor
2300,1867.0,-1.0,excellent
2301,436.0,8.0,
2302,4797.0,4.0,Poor
2303,4380.0,4.0,
2304,4038.0,2.0,Average
2305,8466.0,4.0,Excellent
2306,2935.0,,Excellent
2307,8675.0,1.0,Good
2308,6312.0,4.0,
2309,5664.0,2.0,Good
2310,3853.0,4.0,
2311,5642.0,3.0,Good
2312,9764.0,4.0,Excellent
2313,5739.0,-1.0,Good
2314,2403.0,2.0,Good
2315,353.0,1.0,Average
2316,4861.0,,Average
2317,5495.0,5.0,excellent
2318,284.0,3.0,
2319,9255.0,3.0,Excellent
2320,5806.0,-1.0,Poor
2321,8679.0,2.0,
2322,2873.0,1.0,excellent
2323,91.0,8.0,Good
2324,7338.0,-1.0,excellent
2325,1296.0,3.0,Good
2326,3703.0,,excellent
2327,9051.0,8.0,Excellent
2328,1082.0,,excellent
2329,9310.0,3.0,excellent
2330,1724.0,4.0,excellent
2331,4699.0,-1.0,Average
2332,4047.0,5.0,Excellent
2333,2259.0,,Average
2334,5312.0,4.0,
2335,2646.0,,Good
2336,7178.0,3.0,Poor
2337,993.0,3.0,Poor
2338,6498.0,8.0,Poor
2339,421.0,4.0,Average
2340,2896.0,1.0,excellent
2341,8532.0,-1.0,Poor
2342,4938.0,2.0,Average
2343,354.0,1.0,Average
2344,5653.0,4.0,
2345,7444.0,-1.0,Excellent
2346,1332.0,,excellent
2347,7847.0,8.0,excellent
2348,7162.0,,Excellent
2349,5043.0,-1.0,Excellent
2350,6374.0,4.0,excellent
2351,402.0,8.0,Excellent
2352,9124.0,3.0,Excellent
2353,7467.0,5.0,Poor
2354,197.0,5.0,Poor
2355,8655.0,3.0,Poor
2356,422.0,1.0,Good
2357,857.0,,Excellent
2358,2988.0,2.0,Good
2359,6572.0,5.0,Excellent
2360,3231.0,5.0,Average
2361,8602.0,4.0,Good
2362,1321.0,1.0,Excellent
2363,8100.0,1.0,Average
2364,5692.0,,Poor
2365,9297.0,2.0,Poor
2366,6642.0,3.0,Good
2367,9152.0,4.0,
2368,9865.0,-1.0,Excellent
2369,6126.0,3.0,excellent
2370,8272.0,8.0,
2371,1784.0,,Good
2372,174.0,5.0,Good
2373,9140.0,8.0,excellent
2374,153.0,,Good
2375,6389.0,1.0,Average
2376,5178.0,1.0,Average
2377,1026.0,5.0,
2378,8024.0,3.0,Average
2379,6072.0,,Poor
2380,6764.0,3.0,excellent
2381,9238.0,8.0,excellent
2382,9873.0,4.0,Average
2383,2721.0,,excellent
2384,243.0,8.0,Poor
2385,4032.0,5.0,excellent
2386,7933.0,,Poor
2387,9871.0,,Poor
2388,6832.0,-1.0,
2389,6616.0,8.0,Good
2390,2958.0,4.0,
2391,8597.0,2.0,excellent
2392,400.0,5.0,Excellent
2393,4783.0,3.0,
2394,6686.0,-1.0,
2395,7418.0,,Good
2396,1009.0,-1.0,excellent
2397,8197.0,-1.0,Good
2398,2538.0,,excellent
2399,5795.0,2.0,excellent
2400,9771.0,5.0,
2401,5612.0,2.0,Good
2402,8489.0,4.0,Poor
2403,6057.0,4.0,Good
2404,5139.0,8.0,excellent
2405,5590.0,1.0,Excellent
2406,8279.0,-1.0,
2407,1141.0,-1.0,Excellent
2408,3448.0,8.0,excellent
2409,4604.0,,Average
2410,2353.0,1.0,Poor
2411,2887.0,2.0,
2412,5686.0,-1.0,Excellent
2413,7883.0,-1.0,Average
2414,5563.0,4.0,
2415,8384.0,,excellent
2416,9989.0,1.0,Excellent
2417,2363.0,,excellent
2418,4324.0,5.0,Excellent
2419,5089.0,,Good
2420,1026.0,5.0,Excellent
2421,5275.0,5.0,Good
2422,3271.0,1.0,Good
2423,6185.0,5.0,Average
2424,8002.0,,Poor
2425,5356.0,-1.0,excellent
2426,3648.0,2.0,
2427,8257.0,-1.0,Excellent
2428,3351.0,4.0,Good
2429,263.0,4.0,
2430,4701.0,3.0,Poor
2431,9851.0,,Average
2432,4880.0,2.0,Good
2433,6141.0,8.0,Average
2434,3142.0,-1.0,Average
2435,4504.0,8.0,
2436,4785.0,3.0,excellent
2437,129.0,4.0,Average
2438,2013.0,8.0,excellent
2439,8353.0,8.0,
2440,6799.0,4.0,Excellent
2441,8455.0,8.0,excellent
2442,3675.0,,excellent
2443,8944.0,4.0,Excellent
2444,7764.0,5.0,
2445,7232.0,,Good
2446,6805.0,5.0,Excellent
2447,1496.0,,Excellent
2448,6229.0,8.0,Average
2449,5801.0,1.0,Average
2450,38.0,-1.0,Excellent
2451,9807.0,1.0,Good
2452,260.0,1.0,Poor
2453,8409.0,8.0,excellent
2454,4998.0,2.0,Good
2455,9075.0,8.0,Poor
2456,4619.0,3.0,excellent
2457,8799.0,3.0,Good
2458,458.0,3.0,Poor
2459,830.0,8.0,excellent
2460,7420.0,1.0,Poor
2461,183.0,3.0,Excellent
2462,3904.0,3.0,excellent
2463,8569.0,5.0,Excellent
2464,2023.0,8.0,excellent
2465,6558.0,5.0,Excellent
2466,2986.0,-1.0,
2467,957.0,1.0,Good
2468,6591.0,3.0,excellent
2469,262.0,-1.0,Excellent
2470,7889.0,-1.0,
2471,3504.0,-1.0,excellent
2472,5574.0,1.0,Average
2473,4381.0,4.0,Poor
2474,5638.0,3.0,Poor
2475,1563.0,4.0,Good
2476,1382.0,5.0,excellent
2477,5208.0,5.0,Excellent
2478,9312.0,4.0,Poor
2479,6877.0,5.0,Excellent
2480,4064.0,5.0,Poor
2481,7185.0,1.0,
2482,1193.0,8.0,excellent
2483,4428.0,2.0,excellent
2484,5118.0,5.0,Poor
2485,1104.0,4.0,Good
2486,3217.0,2.0,
2487,3231.0,8.0,Average
2488,9406.0,4.0,Excellent
2489,977.0,5.0,
2490,6157.0,5.0,excellent
2491,3778.0,,
2492,3640.0,5.0,Excellent
2493,9797.0,4.0,Average
2494,5270.0,,excellent
2495,1707.0,4.0,
2496,4040.0,3.0,Good
2497,8471.0,4.0,Excellent
2498,7476.0,8.0,Poor
2499,5733.0,,Excellent
2500,26.0,2.0,excellent
2501,1698.0,1.0,Average
2502,7943.0,2.0,excellent
2503,4783.0,-1.0,excellent
2504,9859.0,8.0,
2505,5967.0,-1.0,Average
2506,7046.0,4.0,Average
2507,8660.0,3.0,Average
2508,2449.0,1.0,
2509,2082.0,1.0,excellent
2510,8538.0,5.0,
2511,8347.0,8.0,
2512,8049.0,1.0,Average
2513,9177.0,5.0,Good
2514,3246.0,1.0,Good
2515,7047.0,,Average
2516,2101.0,8.0,
2517,492.0,8.0,Good
2518,5271.0,1.0,excellent
2519,729.0,5.0,Average
2520,5762.0,,Poor
2521,316.0,,Good
2522,147.0,3.0,Good
2523,9096.0,5.0,
2524,9179.0,5.0,Good
2525,9593.0,5.0,Average
2526,9264.0,,Excellent
2527,5812.0,4.0,Poor
2528,6049.0,1.0,Excellent
2529,9504.0,8.0,Average
2530,9898.0,8.0,Poor
2531,7603.0,2.0,Excellent
2532,6438.0,3.0,Excellent
2533,6172.0,3.0,Poor
2534,9779.0,2.0,
2535,3756.0,3.0,
2536,7849.0,2.0,Average
2537,1217.0,-1.0,Average
2538,2823.0,-1.0,Excellent
2539,6714.0,1.0,Good
2540,2284.0,4.0,Poor
2541,4060.0,-1.0,Poor
2542,8795.0,,Poor
2543,5282.0,2.0,Excellent
2544,6600.0,8.0,
2545,9630.0,-1.0,Excellent
2546,2692.0,1.0,excellent
2547,3802.0,2.0,
2548,1331.0,4.0,Poor
2549,8834.0,2.0,
2550,517.0,,
2551,9477.0,,excellent
2552,1810.0,8.0,excellent
2553,4808.0,-1.0,excellent
2554,6678.0,2.0,
2555,923.0,5.0,
2556,3879.0,3.0,excellent
2557,2761.0,-1.0,Average
2558,9196.0,1.0,excellent
2559,6772.0,5.0,Poor
2560,3915.0,,
2561,4323.0,5.0,
2562,2505.0,,Average
2563,8564.0,4.0,Poor
2564,5989.0,1.0,Excellent
2565,4166.0,1.0,Good
2566,3027.0,,Excellent
2567,6802.0,4.0,Excellent
2568,3362.0,-1.0,
2569,3365.0,8.0,
2570,1450.0,5.0,Average
2571,3907.0,3.0,Good
2572,8938.0,5.0,
2573,8765.0,,Excellent
2574,8686.0,3.0,
2575,1880.0,4.0,Excellent
2576,516.0,8.0,Average
2577,2516.0,5.0,
2578,8575.0,2.0,Poor
2579,6110.0,8.0,excellent
2580,4546.0,4.0,Excellent
2581,8593.0,4.0,
2582,900.0,4.0,
2583,6217.0,4.0,Poor
2584,8155.0,8.0,
2585,9341.0,8.0,
2586,4544.0,8.0,Poor
2587,4353.0,3.0,Excellent
2588,8818.0,4.0,Excellent
2589,2678.0,,Poor
2590,774.0,1.0,Poor
2591,6912.0,-1.0,Excellent
2592,5637.0,,Poor
2593,8338.0,-1.0,excellent
2594,7476.0,,Excellent
2595,8702.0,,Excellent
2596,1769.0,1.0,Good
2597,3364.0,4.0,
2598,7086.0,5.0,excellent
2599,2680.0,8.0,excellent
2600,1096.0,8.0,Average
2601,1531.0,2.0,Poor
2602,8836.0,2.0,Poor
2603,7020.0,1.0,
2604,5025.0,1.0,excellent
2605,6321.0,8.0,Excellent
2606,412.0,,Good
2607,8574.0,,Average
2608,6178.0,,excellent
2609,963.0,5.0,Excellent
2610,5638.0,-1.0,excellent
2611,4434.0,3.0,Excellent
2612,3285.0,4.0,
2613,272.0,8.0,Average
2614,5795.0,1.0,Average
2615,5858.0,8.0,
2616,3663.0,5.0,
2617,7074.0,3.0,Excellent
2618,7173.0,5.0,Average
2619,7708.0,1.0,excellent
2620,8895.0,2.0,Average
2621,2148.0,,
2622,4561.0,1.0,
2623,5133.0,3.0,Excellent
2624,3705.0,-1.0,Good
2625,8895.0,8.0,
2626,1345.0,5.0,Average
2627,6103.0,1.0,Average
2628,4819.0,4.0,
2629,1586.0,3.0,
2630,1346.0,-1.0,Good
2631,6665.0,5.0,excellent
2632,2079.0,8.0,Good
2633,3251.0,,Average
2634,8855.0,8.0,Excellent
2635,2690.0,2.0,Average
2636,8686.0,1.0,excellent
2637,2134.0,5.0,Good
2638,8485.0,5.0,
2639,7318.0,2.0,Poor
2640,6824.0,5.0,Excellent
2641,1857.0,1.0,excellent
2642,698.0,8.0,excellent
2643,9306.0,2.0,Average
2644,5312.0,8.0,Good
2645,6426.0,1.0,Good
2646,7828.0,8.0,excellent
2647,6913.0,5.0,Good
2648,3419.0,1.0,excellent
2649,1604.0,3.0,
2650,1538.0,,Excellent
2651,8674.0,1.0,Excellent
2652,3973.0,8.0,excellent
2653,9620.0,4.0,excellent
2654,340.0,,Average
2655,2585.0,5.0,
2656,6139.0,2.0,
2657,2987.0,2.0,
2658,312.0,4.0,Excellent
2659,5458.0,2.0,excellent
2660,9681.0,3.0,Good
2661,4139.0,1.0,Good
2662,6928.0,4.0,Average
2663,3017.0,-1.0,
2664,3437.0,,Average
2665,5739.0,-1.0,Excellent
2666,9068.0,5.0,Excellent
2667,3000.0,-1.0,
2668,3706.0,8.0,Excellent
2669,3011.0,2.0,Good
2670,5813.0,-1.0,Poor
2671,9569.0,4.0,Excellent
2672,9854.0,2.0,Average
2673,75.0,8.0,Good
2674,2856.0,8.0,Good
2675,9062.0,8.0,Poor
2676,8106.0,,Average
2677,8275.0,-1.0,Good
2678,3486.0,-1.0,Poor
2679,4967.0,4.0,Poor
2680,3559.0,1.0,excellent
2681,2590.0,8.0,Average
2682,4349.0,3.0,
2683,7056.0,1.0,excellent
2684,5534.0,5.0,Average
2685,9025.0,-1.0,Good
2686,4354.0,4.0,
2687,7524.0,,Average
2688,9967.0,,Poor
2689,5861.0,,Excellent
2690,7062.0,5.0,
2691,9568.0,,Average
2692,7192.0,5.0,Average
2693,9275.0,3.0,Good
2694,5041.0,1.0,Average
2695,6232.0,,Average
2696,8291.0,4.0,excellent
2697,6757.0,4.0,Excellent
2698,8481.0,1.0,Poor
2699,1303.0,2.0,Good
2700,8018.0,3.0,Good
2701,5765.0,,
2702,2214.0,,Excellent
2703,1392.0,5.0,Excellent
2704,8826.0,8.0,Poor
2705,9516.0,4.0,Good
2706,7550.0,,Poor
2707,21.0,5.0,Excellent
2708,4310.0,-1.0,Average
2709,1625.0,,Good
2710,7830.0,-1.0,Good
2711,5195.0,-1.0,excellent
2712,6565.0,2.0,Excellent
2713,6951.0,5.0,Poor
2714,8251.0,5.0,excellent
2715,5284.0,2.0,Poor
2716,2315.0,3.0,excellent
2717,4140.0,5.0,Poor
2718,6442.0,,Poor
2719,2409.0,,Poor
2720,134.0,8.0,Good
2721,7539.0,3.0,Good
2722,3169.0,-1.0,Good
2723,3109.0,,Excellent
2724,3552.0,5.0,excellent
2725,2069.0,3.0,Poor
2726,7051.0,1.0,Excellent
2727,6817.0,2.0,Excellent
2728,961.0,,Good
2729,6089.0,2.0,
2730,5031.0,4.0,Poor
2731,6737.0,-1.0,excellent
2732,1113.0,1.0,excellent
2733,9413.0,3.0,Average
2734,5373.0,1.0,Excellent
2735,3139.0,5.0,Average
2736,6071.0,1.0,excellent
2737,4503.0,3.0,Good
2738,499.0,-1.0,Excellent
2739,1155.0,5.0,Average
2740,6592.0,8.0,Good
2741,1828.0,4.0,excellent
2742,6648.0,-1.0,Good
2743,3915.0,-1.0,Excellent
2744,5281.0,8.0,Excellent
2745,7349.0,1.0,Poor
2746,9086.0,1.0,Average
2747,717.0,-1.0,excellent
2748,1766.0,5.0,Poor
2749,99.0,3.0,Poor
2750,5839.0,-1.0,Poor
2751,6764.0,-1.0,excellent
2752,4138.0,1.0,
2753,819.0,5.0,Poor
2754,1477.0,3.0,Good
2755,1476.0,8.0,Good
2756,9028.0,4.0,excellent
2757,5940.0,4.0,Good
2758,7350.0,2.0,Poor
2759,3879.0,1.0,excellent
2760,357.0,4.0,excellent
2761,1315.0,,Poor
2762,1806.0,1.0,excellent
2763,1325.0,8.0,Average
2764,6497.0,-1.0,Good
2765,6203.0,2.0,
2766,9596.0,2.0,Poor
2767,8429.0,1.0,Poor
2768,521.0,3.0,excellent
2769,7868.0,,Average
2770,1361.0,-1.0,Good
2771,9885.0,3.0,Excellent
2772,2295.0,2.0,Poor
2773,2796.0,8.0,
2774,8458.0,4.0,Average
2775,7582.0,2.0,Good
2776,29.0,-1.0,
2777,4618.0,4.0,
2778,6400.0,2.0,Excellent
2779,1970.0,1.0,Average
2780,7684.0,5.0,
2781,7391.0,-1.0,Average
2782,223.0,2.0,
2783,1680.0,-1.0,
2784,9274.0,3.0,Good
2785,2828.0,4.0,excellent
2786,3877.0,2.0,Good
2787,9077.0,4.0,Average
2788,2330.0,1.0,excellent
2789,6693.0,4.0,Excellent
2790,7901.0,5.0,excellent
2791,7044.0,8.0,Good
2792,6537.0,5.0,
2793,1232.0,8.0,Poor
2794,7648.0,,Average
2795,7331.0,8.0,Excellent
2796,1087.0,8.0,Excellent
2797,3481.0,3.0,excellent
2798,6280.0,1.0,Excellent
2799,66.0,4.0,Excellent
2800,8230.0,4.0,Average
2801,9360.0,8.0,excellent
2802,5376.0,,
2803,3793.0,-1.0,excellent
2804,5192.0,5.0,Good
2805,2720.0,1.0,
2806,8079.0,3.0,Average
2807,7594.0,5.0,Good
2808,5896.0,2.0,Excellent
2809,2925.0,-1.0,Poor
2810,5010.0,8.0,
2811,7552.0,3.0,
2812,80.0,2.0,
2813,8983.0,3.0,Average
2814,1791.0,2.0,Poor
2815,80.0,-1.0,excellent
2816,7602.0,2.0,Poor
2817,5247.0,2.0,
2818,4693.0,5.0,
2819,778.0,,Poor
2820,87.0,2.0,excellent
2821,2563.0,5.0,Good
2822,9674.0,5.0,excellent
2823,87.0,-1.0,Average
2824,3862.0,,Good
2825,842.0,8.0,excellent
2826,4632.0,8.0,Average
2827,7757.0,1.0,Average
2828,2552.0,3.0,
2829,7272.0,,Excellent
2830,1055.0,3.0,Excellent
2831,6943.0,5.0,Poor
2832,3524.0,3.0,Good
2833,7788.0,,Average
2834,1490.0,-1.0,Excellent
2835,6751.0,-1.0,
2836,6382.0,5.0,Excellent
2837,8221.0,3.0,
2838,4439.0,,Poor
2839,2981.0,2.0,Good
2840,1447.0,-1.0,Average
2841,8688.0,-1.0,
2842,6395.0,5.0,Excellent
2843,7363.0,4.0,excellent
2844,741.0,2.0,Good
2845,4845.0,1.0,Excellent
2846,8455.0,5.0,
2847,9751.0,2.0,excellent
2848,9879.0,1.0,Excellent
2849,3244.0,8.0,Average
2850,4072.0,2.0,excellent
2851,5580.0,4.0,Excellent
2852,3939.0,1.0,Good
2853,7408.0,5.0,Poor
2854,3162.0,-1.0,Average
2855,6657.0,8.0,Average
2856,9909.0,2.0,Poor
2857,9344.0,8.0,Good
2858,8839.0,4.0,Poor
2859,2415.0,5.0,Excellent
2860,1685.0,2.0,Poor
2861,2053.0,8.0,Good
2862,5660.0,2.0,Poor
2863,9779.0,-1.0,Poor
2864,932.0,3.0,Good
2865,4802.0,1.0,excellent
2866,5081.0,4.0,excellent
2867,4685.0,8.0,Poor
2868,8630.0,-1.0,Average
2869,2986.0,5.0,Poor
2870,1245.0,8.0,Good
2871,8253.0,4.0,Average
2872,200.0,2.0,Average
2873,716.0,8.0,Good
2874,4487.0,4.0,Good
2875,2659.0,-1.0,Excellent
2876,3945.0,,Average
2877,8662.0,1.0,Poor
2878,8277.0,-1.0,Average
2879,1857.0,-1.0,Poor
2880,5042.0,-1.0,Excellent
2881,4291.0,3.0,excellent
2882,7844.0,4.0,excellent
2883,118.0,5.0,Good
2884,4953.0,3.0,Average
2885,8631.0,5.0,Excellent
2886,8514.0,,Average
2887,6295.0,3.0,excellent
2888,900.0,5.0,excellent
2889,5850.0,-1.0,Excellent
2890,3677.0,8.0,Excellent
2891,8765.0,2.0,excellent
2892,8340.0,5.0,
2893,1034.0,5.0,Poor
2894,3181.0,5.0,Average
2895,3469.0,8.0,excellent
2896,6080.0,-1.0,Excellent
2897,4920.0,-1.0,excellent
2898,1554.0,,Excellent
2899,7195.0,3.0,Good
2900,8587.0,3.0,Poor
2901,520.0,-1.0,Good
2902,8517.0,5.0,Poor
2903,5098.0,-1.0,Poor
2904,6785.0,-1.0,Good
2905,4952.0,5.0,Excellent
2906,2146.0,8.0,Average
2907,9447.0,8.0,Average
2908,9980.0,2.0,Poor
2909,8519.0,,
2910,996.0,4.0,
2911,7813.0,1.0,Good
2912,3920.0,3.0,Excellent
2913,8143.0,,
2914,5654.0,,
2915,6664.0,,Average
2916,6735.0,8.0,Average
2917,4361.0,4.0,Good
2918,2329.0,3.0,
2919,6502.0,1.0,Average
2920,9216.0,1.0,Poor
2921,3183.0,8.0,Excellent
2922,4559.0,8.0,Excellent
2923,2460.0,-1.0,Excellent
2924,8162.0,4.0,Average
2925,869.0,5.0,Average
2926,2486.0,,Poor
2927,7944.0,5.0,
2928,8732.0,5.0,Good
2929,3460.0,3.0,excellent
2930,7531.0,-1.0,Good
2931,650.0,2.0,Poor
2932,7723.0,4.0,
2933,5465.0,,Poor
2934,9264.0,8.0,excellent
2935,8325.0,2.0,Good
2936,8447.0,1.0,Average
2937,9310.0,,
2938,2515.0,2.0,excellent
2939,2953.0,8.0,Excellent
2940,5899.0,2.0,Excellent
2941,3914.0,2.0,
2942,729.0,3.0,Average
2943,1984.0,5.0,Average
2944,9423.0,8.0,
2945,6384.0,1.0,Excellent
2946,915.0,8.0,Good
2947,5452.0,,Excellent
2948,7928.0,4.0,
2949,9487.0,3.0,Excellent
2950,3837.0,1.0,excellent
2951,6377.0,3.0,
2952,6144.0,3.0,
2953,4543.0,4.0,excellent
2954,3682.0,3.0,Poor
2955,5378.0,5.0,Average
2956,2737.0,3.0,excellent
2957,883.0,5.0,Excellent
2958,8114.0,1.0,
2959,2327.0,5.0,Poor
2960,8945.0,1.0,
2961,3671.0,,excellent
2962,8086.0,1.0,Good
2963,3995.0,,Average
2964,9323.0,5.0,Good
2965,695.0,8.0,Average
2966,4954.0,1.0,Good
2967,8207.0,1.0,Excellent
2968,4582.0,1.0,Average
2969,8454.0,8.0,Average
2970,8039.0,1.0,Average
2971,1971.0,2.0,Excellent
2972,2198.0,-1.0,Poor
2973,3968.0,5.0,Average
2974,3820.0,4.0,Good
2975,523.0,-1.0,Good
2976,1815.0,-1.0,Good
2977,1903.0,3.0,excellent
2978,1866.0,5.0,
2979,4462.0,8.0,
2980,7656.0,1.0,Excellent
2981,3504.0,2.0,Poor
2982,9952.0,3.0,Average
2983,6064.0,4.0,Poor
2984,4854.0,,
2985,2366.0,-1.0,excellent
2986,3952.0,,Poor
2987,9950.0,8.0,Average
2988,4478.0,2.0,Excellent
2989,1080.0,4.0,Poor
2990,3452.0,1.0,Excellent
2991,7569.0,-1.0,Good
2992,1869.0,,Average
2993,5983.0,8.0,excellent
2994,1501.0,,Average
2995,546.0,1.0,Poor
2996,1337.0,1.0,Poor
2997,3628.0,8.0,Good
2998,4529.0,1.0,Poor
2999,5123.0,1.0,Average
3000,798.0,4.0,Good
3001,173.0,5.0,Excellent
3002,6399.0,,Good
3003,5633.0,3.0,
3004,877.0,,Good
3005,5881.0,3.0,excellent
3006,8388.0,3.0,
3007,8551.0,1.0,Excellent
3008,3705.0,2.0,Good
3009,1560.0,4.0,Poor
3010,9436.0,8.0,excellent
3011,5355.0,5.0,excellent
3012,4758.0,1.0,Good
3013,8925.0,8.0,Average
3014,6156.0,-1.0,excellent
3015,8588.0,1.0,Poor
3016,9841.0,4.0,
3017,9596.0,8.0,Excellent
3018,579.0,-1.0,
3019,6812.0,1.0,Excellent
3020,1125.0,8.0,Excellent
3021,5596.0,4.0,excellent
3022,6066.0,5.0,
3023,9163.0,-1.0,Poor
3024,1292.0,4.0,Average
3025,7391.0,2.0,excellent
3026,3635.0,3.0,excellent
3027,6931.0,5.0,Poor
3028,2282.0,8.0,
3029,660.0,3.0,Good
3030,3360.0,4.0,
3031,237.0,8.0,
3032,4042.0,-1.0,excellent
3033,8924.0,,Excellent
3034,4360.0,2.0,excellent
3035,7878.0,3.0,Good
3036,4284.0,5.0,Poor
3037,9648.0,3.0,Average
3038,4701.0,4.0,
3039,2777.0,1.0,Poor
3040,6178.0,2.0,Excellent
3041,8229.0,2.0,
3042,1215.0,,Poor
3043,6959.0,,Average
3044,2933.0,3.0,Excellent
3045,1042.0,,Average
3046,341.0,8.0,Good
3047,3643.0,2.0,Average
3048,12.0,4.0,Good
3049,213.0,8.0,Good
3050,2087.0,4.0,Poor
3051,6324.0,1.0,
3052,582.0,2.0,Poor
3053,5282.0,,Excellent
3054,6684.0,4.0,
3055,6008.0,-1.0,Excellent
3056,8882.0,,excellent
3057,7190.0,1.0,
3058,5094.0,2.0,Good
3059,4739.0,8.0,excellent
3060,3210.0,,excellent
3061,3055.0,,Excellent
3062,8992.0,3.0,Average
3063,1457.0,8.0,excellent
3064,7275.0,3.0,
3065,4947.0,3.0,Good
3066,4472.0,1.0,excellent
3067,9311.0,-1.0,Good
3068,5889.0,8.0,excellent
3069,2232.0,5.0,Average
3070,9429.0,,Poor
3071,6097.0,5.0,Average
3072,765.0,5.0,Excellent
3073,4543.0,-1.0,Poor
3074,2072.0,2.0,excellent
3075,6121.0,-1.0,Excellent
3076,4558.0,4.0,Poor
3077,6033.0,,Average
3078,1268.0,8.0,excellent
3079,2965.0,-1.0,Good
3080,2135.0,8.0,Poor
3081,4982.0,-1.0,Good
3082,973.0,1.0,excellent
3083,5337.0,4.0,excellent
3084,9441.0,,Poor
3085,534.0,3.0,Poor
3086,8179.0,8.0,excellent
3087,7878.0,8.0,Good
3088,7247.0,1.0,
3089,9982.0,-1.0,
3090,420.0,,Excellent
3091,9519.0,4.0,excellent
3092,7208.0,4.0,Good
3093,6109.0,2.0,
3094,7068.0,-1.0,excellent
3095,5030.0,-1.0,Excellent
3096,551.0,3.0,Average
3097,8043.0,-1.0,
3098,1781.0,1.0,Average
3099,7868.0,2.0,excellent
3100,4478.0,1.0,Good
3101,6581.0,,
3102,918.0,3.0,Good
3103,645.0,-1.0,Good
3104,7970.0,1.0,Poor
3105,7442.0,,excellent
3106,2744.0,-1.0,Average
3107,5274.0,4.0,Good
3108,2722.0,8.0,excellent
3109,6423.0,2.0,
3110,7001.0,2.0,Excellent
3111,2791.0,2.0,Average
3112,1657.0,5.0,Average
3113,4226.0,1.0,Good
3114,2912.0,2.0,Excellent
3115,5449.0,,Average
3116,5769.0,3.0,
3117,9377.0,4.0,Poor
3118,3242.0,1.0,Good
3119,548.0,-1.0,Good
3120,8015.0,8.0,Excellent
3121,9440.0,4.0,Good
3122,9608.0,2.0,Average
3123,8113.0,-1.0,Excellent
3124,689.0,4.0,Poor
3125,4295.0,8.0,Excellent
3126,6613.0,8.0,Poor
3127,239.0,1.0,excellent
3128,557.0,5.0,Excellent
3129,710.0,2.0,Poor
3130,4376.0,-1.0,Excellent
3131,4776.0,1.0,Average
3132,8612.0,,Poor
3133,9381.0,,Poor
3134,2468.0,,
3135,5280.0,-1.0,excellent
3136,4942.0,1.0,excellent
3137,2142.0,-1.0,Poor
3138,7867.0,1.0,excellent
3139,3960.0,,Poor
3140,818.0,,Good
3141,5268.0,4.0,Good
3142,6465.0,3.0,Average
3143,9828.0,-1.0,Poor
3144,1216.0,,excellent
3145,236.0,1.0,Poor
3146,7825.0,,excellent
3147,1280.0,-1.0,Excellent
3148,9394.0,,Average
3149,6134.0,5.0,excellent
3150,2088.0,-1.0,Poor
3151,2240.0,4.0,excellent
3152,1815.0,1.0,Good
3153,9190.0,3.0,
3154,2175.0,3.0,Excellent
3155,4889.0,8.0,Poor
3156,8890.0,5.0,Average
3157,7156.0,5.0,Excellent
3158,8576.0,8.0,excellent
3159,4872.0,2.0,Excellent
3160,4955.0,-1.0,Average
3161,6283.0,3.0,excellent
3162,5668.0,2.0,excellent
3163,5524.0,2.0,Good
3164,5998.0,,
3165,3419.0,3.0,excellent
3166,9113.0,1.0,
3167,1855.0,4.0,Good
3168,4126.0,5.0,Poor
3169,8793.0,8.0,excellent
3170,3321.0,,
3171,4796.0,,Poor
3172,164.0,,
3173,9843.0,2.0,
3174,1263.0,8.0,Poor
3175,930.0,8.0,excellent
3176,7702.0,1.0,excellent
3177,7162.0,3.0,Good
3178,2752.0,8.0,Good
3179,53.0,3.0,Poor
3180,9763.0,4.0,Average
3181,2660.0,,Excellent
3182,185.0,1.0,Excellent
3183,1752.0,3.0,
3184,4033.0,5.0,Average
3185,7156.0,1.0,excellent
3186,1158.0,1.0,Good
3187,817.0,,Good
3188,2954.0,5.0,Good
3189,2371.0,,
3190,6265.0,2.0,
3191,9385.0,5.0,excellent
3192,6590.0,4.0,Average
3193,9755.0,,excellent
3194,8476.0,4.0,Excellent
3195,8690.0,,Excellent
3196,4089.0,4.0,Excellent
3197,3413.0,-1.0,
3198,2624.0,2.0,Excellent
3199,6860.0,8.0,Average
3200,660.0,1.0,Poor
3201,2211.0,8.0,Average
3202,8292.0,3.0,Excellent
3203,9245.0,-1.0,excellent
3204,7395.0,3.0,Excellent
3205,2519.0,2.0,Excellent
3206,5839.0,4.0,Excellent
3207,7998.0,1.0,Average
3208,8351.0,,Average
3209,8822.0,4.0,Excellent
3210,5280.0,5.0,Poor
3211,7357.0,3.0,Excellent
3212,4316.0,2.0,Good
3213,7489.0,4.0,Excellent
3214,1331.0,1.0,Excellent
3215,9281.0,4.0,
3216,3109.0,8.0,
3217,7288.0,4.0,Excellent
3218,322.0,3.0,excellent
3219,1298.0,1.0,excellent
3220,9345.0,1.0,Poor
3221,2785.0,2.0,Good
3222,1508.0,8.0,Good
3223,3878.0,8.0,Excellent
3224,9346.0,4.0,excellent
3225,530.0,2.0,Good
3226,1901.0,2.0,
3227,9800.0,2.0,Good
3228,3863.0,-1.0,Excellent
3229,9773.0,,Poor
3230,8917.0,,Average
3231,8621.0,2.0,Excellent
3232,9620.0,5.0,Poor
3233,6292.0,8.0,Poor
3234,41.0,1.0,excellent
3235,194.0,2.0,Average
3236,1479.0,4.0,excellent
3237,1037.0,8.0,Good
3238,7953.0,1.0,Average
3239,3853.0,-1.0,Average
3240,6353.0,8.0,excellent
3241,1605.0,4.0,Average
3242,1000.0,2.0,
3243,1842.0,1.0,Average
3244,8641.0,8.0,
3245,3401.0,-1.0,Good
3246,3355.0,1.0,Poor
3247,9122.0,,Good
3248,773.0,2.0,
3249,406.0,2.0,Average
3250,2900.0,3.0,Excellent
3251,6897.0,1.0,Poor
3252,1413.0,1.0,Average
3253,2152.0,2.0,excellent
3254,3932.0,4.0,Excellent
3255,6006.0,8.0,Poor
3256,1498.0,4.0,Excellent
3257,1505.0,4.0,Average
3258,8294.0,3.0,Good
3259,896.0,3.0,Excellent
3260,60.0,5.0,Poor
3261,6833.0,-1.0,excellent
3262,3994.0,4.0,excellent
3263,6049.0,4.0,Average
3264,9158.0,1.0,
3265,797.0,4.0,Good
3266,9051.0,-1.0,
3267,4864.0,2.0,Average
3268,9143.0,8.0,Average
3269,3816.0,4.0,excellent
3270,8480.0,,Excellent
3271,1746.0,,excellent
3272,6983.0,4.0,Excellent
3273,8403.0,8.0,
3274,2167.0,3.0,Poor
3275,8131.0,8.0,excellent
3276,9658.0,1.0,Good
3277,2206.0,2.0,Poor
3278,4469.0,3.0,Excellent
3279,244.0,1.0,Excellent
3280,7161.0,-1.0,Good
3281,1256.0,-1.0,Average
3282,4634.0,8.0,Average
3283,4983.0,8.0,
3284,9314.0,1.0,Poor
3285,9272.0,8.0,Poor
3286,15.0,8.0,Poor
3287,4980.0,-1.0,Poor
3288,4803.0,5.0,Excellent
3289,7270.0,,
3290,5111.0,1.0,Poor
3291,3107.0,4.0,Good
3292,3213.0,4.0,Excellent
3293,1893.0,,
3294,1204.0,3.0,Good
3295,6658.0,8.0,excellent
3296,2936.0,2.0,Average
3297,22.0,3.0,Excellent
3298,5497.0,,
3299,657.0,2.0,excellent
3300,9094.0,,
3301,8388.0,3.0,Good
3302,9175.0,4.0,Poor
3303,8473.0,3.0,
3304,32.0,2.0,excellent
3305,9320.0,4.0,
3306,7010.0,2.0,Average
3307,1359.0,8.0,Poor
3308,4855.0,3.0,Average
3309,6039.0,2.0,Excellent
3310,9794.0,8.0,Average
3311,8816.0,3.0,Good
3312,2779.0,8.0,Poor
3313,4236.0,4.0,
3314,7752.0,3.0,
3315,6793.0,3.0,Excellent
3316,9492.0,-1.0,Average
3317,547.0,,excellent
3318,8277.0,,Good
3319,9902.0,,Poor
3320,4014.0,-1.0,excellent
3321,7550.0,1.0,
3322,8004.0,-1.0,Average
3323,4643.0,3.0,Poor
3324,5852.0,1.0,Good
3325,379.0,1.0,Poor
3326,3886.0,8.0,excellent
3327,6709.0,1.0,
3328,4817.0,1.0,Good
3329,2243.0,-1.0,excellent
3330,9810.0,1.0,
3331,9019.0,3.0,
3332,6402.0,-1.0,Average
3333,4994.0,,Excellent
3334,1138.0,-1.0,Average
3335,360.0,-1.0,Excellent
3336,3187.0,8.0,excellent
3337,8578.0,8.0,Good
3338,670.0,4.0,excellent
3339,8612.0,-1.0,
3340,2245.0,3.0,Excellent
3341,8513.0,2.0,
3342,1672.0,1.0,excellent
3343,4837.0,-1.0,Poor
3344,7768.0,,Excellent
3345,3182.0,,Poor
3346,4111.0,3.0,Poor
3347,4070.0,3.0,Poor
3348,5692.0,3.0,Excellent
3349,1674.0,5.0,excellent
3350,12.0,8.0,Good
3351,6682.0,8.0,Average
3352,2465.0,-1.0,Poor
3353,5743.0,2.0,excellent
3354,2698.0,5.0,Poor
3355,5992.0,5.0,Average
3356,1283.0,2.0,Good
3357,6193.0,-1.0,Average
3358,7342.0,,excellent
3359,3775.0,,
3360,5939.0,-1.0,Poor
3361,1121.0,-1.0,Average
3362,722.0,1.0,Poor
3363,876.0,4.0,
3364,8246.0,2.0,Excellent
3365,1305.0,1.0,excellent
3366,5847.0,2.0,Average
3367,5700.0,1.0,Average
3368,2099.0,8.0,Excellent
3369,9366.0,8.0,Excellent
3370,7765.0,2.0,Good
3371,7810.0,3.0,
3372,3081.0,4.0,Good
3373,1575.0,,Average
3374,3615.0,4.0,Good
3375,9458.0,4.0,Average
3376,6625.0,5.0,Good
3377,2377.0,1.0,Poor
3378,5258.0,4.0,
3379,2830.0,,
3380,9214.0,-1.0,
3381,2474.0,1.0,excellent
3382,2622.0,1.0,
3383,7530.0,2.0,Good
3384,7408.0,1.0,Excellent
3385,102.0,4.0,Good
3386,4064.0,-1.0,Poor
3387,78.0,4.0,Poor
3388,8303.0,4.0,Good
3389,6420.0,1.0,Excellent
3390,3621.0,1.0,
3391,2564.0,1.0,Poor
3392,8910.0,1.0,Good
3393,6786.0,-1.0,excellent
3394,1776.0,8.0,Average
3395,1102.0,,Excellent
3396,2377.0,8.0,excellent
3397,5562.0,2.0,Poor
3398,1509.0,4.0,Good
3399,5285.0,,Average
3400,8166.0,8.0,Good
3401,4843.0,3.0,Average
3402,8628.0,5.0,excellent
3403,6208.0,-1.0,excellent
3404,5079.0,8.0,
3405,9818.0,3.0,Average
3406,7086.0,-1.0,Average
3407,271.0,1.0,Good
3408,9364.0,1.0,Good
3409,9059.0,-1.0,Average
3410,1948.0,-1.0,Good
3411,2581.0,3.0,Good
3412,4798.0,-1.0,Average
3413,1494.0,5.0,Average
3414,661.0,3.0,Poor
3415,4770.0,8.0,excellent
3416,3509.0,5.0,Good
3417,531.0,-1.0,Excellent
3418,2487.0,4.0,Average
3419,850.0,4.0,Average
3420,7027.0,,Good
3421,7342.0,4.0,Poor
3422,7726.0,8.0,excellent
3423,389.0,4.0,Good
3424,494.0,4.0,Poor
3425,294.0,-1.0,Excellent
3426,3584.0,,Excellent
3427,936.0,5.0,Average
3428,4330.0,2.0,
3429,3509.0,1.0,Poor
3430,5589.0,1.0,Excellent
3431,4893.0,5.0,Excellent
3432,5135.0,5.0,Excellent
3433,1747.0,-1.0,Average
3434,5073.0,8.0,excellent
3435,125.0,5.0,
3436,5899.0,4.0,Poor
3437,2611.0,3.0,Excellent
3438,5591.0,4.0,Poor
3439,207.0,5.0,Poor
3440,693.0,8.0,Poor
3441,2715.0,2.0,
3442,2651.0,5.0,Average
3443,9158.0,2.0,Poor
3444,3844.0,8.0,Poor
3445,3984.0,1.0,
3446,1060.0,5.0,Excellent
3447,1660.0,4.0,Good
3448,6823.0,2.0,Good
3449,5696.0,,Excellent
3450,7492.0,4.0,excellent
3451,460.0,,Poor
3452,2635.0,1.0,Good
3453,2434.0,2.0,Excellent
3454,4443.0,8.0,Excellent
3455,4661.0,8.0,Good
3456,6823.0,4.0,excellent
3457,248.0,2.0,Excellent
3458,4440.0,8.0,Average
3459,8066.0,2.0,Excellent
3460,4471.0,4.0,excellent
3461,5467.0,4.0,Average
3462,9816.0,4.0,excellent
3463,7043.0,2.0,Excellent
3464,2793.0,5.0,Poor
3465,9958.0,5.0,Poor
3466,8197.0,-1.0,Good
3467,249.0,8.0,Average
3468,7570.0,1.0,Poor
3469,285.0,8.0,Good
3470,7084.0,3.0,
3471,283.0,8.0,Good
3472,9206.0,3.0,Poor
3473,8386.0,,excellent
3474,3057.0,4.0,excellent
3475,9871.0,-1.0,
3476,5406.0,3.0,Average
3477,4123.0,8.0,Good
3478,2711.0,5.0,Average
3479,4526.0,1.0,
3480,7411.0,8.0,
3481,2481.0,4.0,Average
3482,3491.0,,Excellent
3483,1461.0,8.0,Average
3484,9703.0,5.0,Excellent
3485,6419.0,2.0,Average
3486,5209.0,4.0,Average
3487,3076.0,,Poor
3488,8203.0,-1.0,Average
3489,2563.0,2.0,Average
3490,1844.0,-1.0,Good
3491,9399.0,8.0,Excellent
3492,2473.0,2.0,Good
3493,187.0,2.0,Good
3494,5607.0,8.0,Good
3495,695.0,,Poor
3496,9381.0,1.0,Poor
3497,8069.0,4.0,Good
3498,1927.0,2.0,excellent
3499,7639.0,5.0,Poor
3500,955.0,3.0,Excellent
3501,8702.0,,Poor
3502,813.0,8.0,Good
3503,4044.0,2.0,
3504,4768.0,1.0,excellent
3505,8246.0,8.0,
3506,142.0,4.0,Excellent
3507,3758.0,4.0,Excellent
3508,5889.0,8.0,Good
3509,7467.0,4.0,Excellent
3510,1935.0,4.0,Excellent
3511,5545.0,3.0,excellent
3512,3151.0,3.0,Poor
3513,1396.0,5.0,excellent
3514,922.0,3.0,Average
3515,4932.0,8.0,excellent
3516,8658.0,-1.0,Average
3517,4029.0,4.0,Poor
3518,2643.0,-1.0,Excellent
3519,5494.0,2.0,excellent
3520,1291.0,-1.0,excellent
3521,6361.0,8.0,Good
3522,7027.0,2.0,Average
3523,3533.0,4.0,Good
3524,3446.0,3.0,Good
3525,5605.0,2.0,Good
3526,8591.0,4.0,Poor
3527,8916.0,4.0,
3528,3590.0,1.0,Average
3529,2407.0,5.0,Poor
3530,6559.0,1.0,
3531,6620.0,2.0,Good
3532,2041.0,5.0,Average
3533,2976.0,5.0,excellent
3534,6199.0,,
3535,8553.0,,
3536,4344.0,3.0,Excellent
3537,5725.0,2.0,Excellent
3538,595.0,-1.0,Average
3539,9846.0,1.0,Good
3540,2490.0,-1.0,
3541,7140.0,4.0,excellent
3542,7879.0,2.0,
3543,8336.0,2.0,excellent
3544,8519.0,4.0,Excellent
3545,2621.0,5.0,
3546,8156.0,-1.0,Good
3547,955.0,4.0,
3548,5821.0,1.0,Good
3549,4159.0,-1.0,excellent
3550,6174.0,4.0,Poor
3551,6486.0,3.0,excellent
3552,8937.0,-1.0,Good
3553,1767.0,4.0,Good
3554,9572.0,8.0,excellent
3555,7018.0,4.0,Excellent
3556,5734.0,8.0,Average
3557,7668.0,1.0,Average
3558,7520.0,1.0,Poor
3559,500.0,-1.0,excellent
3560,1331.0,3.0,Average
3561,8169.0,2.0,Average
3562,4409.0,2.0,Poor
3563,369.0,2.0,Excellent
3564,9862.0,4.0,
3565,2044.0,5.0,Poor
3566,2949.0,2.0,Good
3567,1306.0,3.0,Average
3568,5963.0,8.0,Good
3569,4673.0,4.0,Poor
3570,5754.0,3.0,Excellent
3571,4877.0,,excellent
3572,6390.0,4.0,Good
3573,5449.0,5.0,
3574,2445.0,3.0,Good
3575,6122.0,-1.0,Poor
3576,7024.0,,Poor
3577,8215.0,5.0,
3578,8622.0,,Excellent
3579,8824.0,8.0,Average
3580,5662.0,8.0,
3581,3468.0,1.0,Good
3582,7679.0,1.0,Poor
3583,5034.0,4.0,Poor
3584,8044.0,5.0,Good
3585,7686.0,8.0,Excellent
3586,5607.0,,Poor
3587,3909.0,1.0,
3588,1618.0,3.0,
3589,1000.0,2.0,Good
3590,2117.0,2.0,Good
3591,3304.0,5.0,
3592,2777.0,2.0,Poor
3593,3048.0,1.0,
3594,5516.0,2.0,
3595,4625.0,-1.0,
3596,3331.0,1.0,Excellent
3597,9833.0,5.0,
3598,2155.0,-1.0,excellent
3599,8087.0,2.0,excellent
3600,685.0,4.0,excellent
3601,9449.0,5.0,Excellent
3602,1020.0,,Good
3603,9765.0,,Good
3604,5256.0,-1.0,Good
3605,6267.0,2.0,Average
3606,9722.0,8.0,Excellent
3607,9565.0,1.0,Poor
3608,556.0,-1.0,excellent
3609,8547.0,3.0,Poor
3610,8697.0,3.0,Excellent
3611,1693.0,,Average
3612,8469.0,1.0,excellent
3613,9179.0,5.0,Average
3614,9054.0,5.0,Average
3615,6569.0,2.0,
3616,9402.0,-1.0,Poor
3617,8664.0,5.0,Poor
3618,3185.0,,excellent
3619,7426.0,3.0,Poor
3620,3913.0,5.0,Poor
3621,1607.0,2.0,Excellent
3622,2039.0,2.0,excellent
3623,1130.0,2.0,Good
3624,5460.0,5.0,Average
3625,6865.0,8.0,Poor
3626,7215.0,8.0,excellent
3627,4531.0,1.0,Excellent
3628,8008.0,-1.0,Average
3629,3617.0,2.0,Good
3630,5503.0,8.0,Good
3631,7041.0,-1.0,Poor
3632,4700.0,3.0,Average
3633,8347.0,-1.0,Good
3634,7449.0,4.0,Poor
3635,5644.0,,Excellent
3636,4407.0,2.0,Good
3637,1476.0,4.0,Excellent
3638,1102.0,4.0,Average
3639,772.0,-1.0,Poor
3640,2637.0,4.0,Good
3641,6651.0,4.0,Average
3642,7077.0,1.0,Average
3643,5971.0,5.0,Good
3644,9458.0,-1.0,Excellent
3645,5172.0,8.0,Good
3646,6891.0,1.0,
3647,4287.0,5.0,
3648,6193.0,2.0,excellent
3649,4634.0,1.0,Poor
3650,1814.0,-1.0,
3651,7558.0,-1.0,excellent
3652,6666.0,-1.0,excellent
3653,3134.0,4.0,excellent
3654,130.0,4.0,Poor
3655,8204.0,,Average
3656,8282.0,4.0,
3657,4823.0,8.0,Excellent
3658,7400.0,,Average
3659,7753.0,,Excellent
3660,9946.0,-1.0,
3661,5939.0,-1.0,Excellent
3662,3881.0,4.0,Poor
3663,4206.0,4.0,
3664,8439.0,2.0,excellent
3665,1236.0,8.0,Poor
3666,1621.0,-1.0,Poor
3667,7035.0,3.0,Average
3668,888.0,8.0,Good
3669,47.0,8.0,Good
3670,6874.0,2.0,Poor
3671,115.0,,Excellent
3672,6425.0,8.0,Good
3673,6866.0,,excellent
3674,816.0,4.0,Excellent
3675,469.0,5.0,Average
3676,643.0,3.0,Poor
3677,9945.0,4.0,Good
3678,6818.0,-1.0,Excellent
3679,9002.0,2.0,excellent
3680,7882.0,4.0,excellent
3681,1448.0,1.0,Poor
3682,2396.0,4.0,
3683,5796.0,4.0,Poor
3684,749.0,1.0,Good
3685,2534.0,4.0,Good
3686,968.0,8.0,Excellent
3687,3118.0,-1.0,Poor
3688,5156.0,5.0,
3689,3362.0,5.0,Good
3690,9198.0,,
3691,4592.0,3.0,Average
3692,9272.0,4.0,Poor
3693,3346.0,8.0,excellent
3694,4935.0,2.0,Excellent
3695,7388.0,,Good
3696,6001.0,5.0,Poor
3697,4391.0,3.0,Excellent
3698,1550.0,,
3699,3829.0,8.0,Poor
3700,1790.0,5.0,Good
3701,8231.0,,excellent
3702,6225.0,3.0,Excellent
3703,298.0,5.0,excellent
3704,3054.0,-1.0,excellent
3705,8730.0,8.0,Excellent
3706,149.0,3.0,Average
3707,7041.0,-1.0,Poor
3708,7078.0,8.0,Poor
3709,9520.0,,Poor
3710,9146.0,,Average
3711,5509.0,1.0,Poor
3712,5006.0,-1.0,Excellent
3713,7471.0,3.0,Poor
3714,680.0,4.0,Excellent
3715,2828.0,8.0,Average
3716,7011.0,3.0,excellent
3717,5943.0,,Average
3718,4118.0,3.0,Excellent
3719,7753.0,3.0,Good
3720,4164.0,5.0,Poor
3721,4724.0,2.0,Good
3722,7990.0,-1.0,Good
3723,2925.0,1.0,excellent
3724,5266.0,1.0,
3725,3974.0,8.0,Average
3726,965.0,8.0,Poor
3727,6260.0,1.0,Excellent
3728,3798.0,3.0,Poor
3729,4785.0,4.0,excellent
3730,67.0,3.0,Average
3731,5385.0,-1.0,Excellent
3732,225.0,5.0,Good
3733,5420.0,,Poor
3734,1252.0,2.0,Excellent
3735,7045.0,3.0,Excellent
3736,6337.0,8.0,Good
3737,743.0,4.0,Excellent
3738,2790.0,4.0,excellent
3739,7081.0,3.0,Good
3740,7762.0,,Excellent
3741,1903.0,2.0,
3742,4664.0,5.0,Average
3743,9049.0,8.0,Good
3744,3561.0,-1.0,Average
3745,8909.0,8.0,Average
3746,890.0,4.0,Good
3747,9639.0,3.0,excellent
3748,5767.0,3.0,
3749,9192.0,8.0,Poor
3750,9264.0,8.0,excellent
3751,7157.0,5.0,excellent
3752,1246.0,5.0,Good
3753,8826.0,-1.0,Excellent
3754,4199.0,4.0,excellent
3755,2378.0,8.0,excellent
3756,5388.0,-1.0,Poor
3757,6749.0,5.0,Good
3758,9984.0,2.0,Excellent
3759,6215.0,4.0,excellent
3760,1630.0,1.0,
3761,2404.0,4.0,Poor
3762,5671.0,1.0,Good
3763,467.0,5.0,excellent
3764,622.0,,excellent
3765,3555.0,-1.0,Average
3766,1248.0,5.0,excellent
3767,3430.0,3.0,Poor
3768,2431.0,1.0,Average
3769,5102.0,1.0,Good
3770,2603.0,3.0,Average
3771,8068.0,,excellent
3772,1485.0,-1.0,
3773,3732.0,5.0,Poor
3774,3806.0,-1.0,Poor
3775,9527.0,2.0,Excellent
3776,2228.0,-1.0,excellent
3777,896.0,1.0,Excellent
3778,5942.0,,Good
3779,825.0,5.0,Excellent
3780,9098.0,,excellent
3781,6978.0,5.0,excellent
3782,5102.0,,Good
3783,8000.0,5.0,Poor
3784,3105.0,,Poor
3785,4251.0,-1.0,Excellent
3786,7703.0,4.0,Excellent
3787,1557.0,,Poor
3788,2744.0,5.0,Excellent
3789,2820.0,,Excellent
3790,1609.0,5.0,excellent
3791,662.0,1.0,Poor
3792,1559.0,5.0,
3793,8082.0,1.0,Poor
3794,3438.0,5.0,Excellent
3795,3248.0,3.0,Excellent
3796,7869.0,1.0,Poor
3797,9046.0,3.0,Poor
3798,4378.0,8.0,Average
3799,6816.0,5.0,
3800,8057.0,1.0,Excellent
3801,5806.0,5.0,Excellent
3802,5056.0,4.0,Excellent
3803,9740.0,,Poor
3804,2451.0,3.0,Good
3805,6816.0,8.0,Good
3806,5154.0,,Excellent
3807,9777.0,,excellent
3808,1768.0,,excellent
3809,3914.0,-1.0,
3810,9640.0,1.0,Average
3811,80.0,8.0,Average
3812,8152.0,5.0,
3813,3228.0,1.0,Poor
3814,1838.0,1.0,Poor
3815,5011.0,4.0,excellent
3816,8337.0,,
3817,2144.0,1.0,Good
3818,1044.0,2.0,
3819,5075.0,4.0,Excellent
3820,9442.0,8.0,excellent
3821,984.0,-1.0,Good
3822,4783.0,2.0,Excellent
3823,4091.0,2.0,Excellent
3824,7626.0,4.0,Poor
3825,1211.0,2.0,excellent
3826,719.0,,Average
3827,8994.0,-1.0,Poor
3828,5175.0,1.0,Average
3829,1551.0,5.0,Good
3830,1008.0,2.0,Excellent
3831,5726.0,5.0,Excellent
3832,7138.0,5.0,excellent
3833,360.0,2.0,Average
3834,2973.0,2.0,
3835,7132.0,-1.0,Poor
3836,4456.0,1.0,Excellent
3837,9988.0,5.0,Average
3838,6342.0,1.0,Poor
3839,4789.0,3.0,Average
3840,8748.0,4.0,excellent
3841,9219.0,1.0,excellent
3842,9870.0,2.0,excellent
3843,1577.0,4.0,excellent
3844,4634.0,1.0,Poor
3845,9716.0,-1.0,Poor
3846,6636.0,,Poor
3847,5970.0,-1.0,Excellent
3848,1349.0,5.0,excellent
3849,1060.0,5.0,Good
3850,9527.0,8.0,Good
3851,3265.0,8.0,Average
3852,1377.0,-1.0,excellent
3853,4738.0,3.0,Average
3854,9705.0,-1.0,
3855,6563.0,5.0,
3856,2452.0,5.0,Average
3857,2974.0,8.0,Excellent
3858,3455.0,4.0,excellent
3859,7063.0,5.0,Excellent
3860,6225.0,3.0,
3861,6761.0,5.0,excellent
3862,9721.0,8.0,Average
3863,1348.0,,Poor
3864,4251.0,5.0,Good
3865,8587.0,1.0,excellent
3866,1475.0,8.0,Average
3867,5419.0,2.0,Average
3868,3056.0,1.0,
3869,8737.0,4.0,
3870,1519.0,,
3871,7963.0,,Average
3872,1331.0,3.0,Poor
3873,7707.0,8.0,Average
3874,1834.0,4.0,Poor
3875,8107.0,8.0,Good
3876,9695.0,8.0,
3877,1245.0,5.0,
3878,978.0,3.0,excellent
3879,935.0,-1.0,Good
3880,158.0,1.0,
3881,4249.0,-1.0,Poor
3882,7809.0,1.0,Excellent
3883,2638.0,3.0,Average
3884,2327.0,8.0,Poor
3885,3675.0,1.0,Good
3886,2825.0,-1.0,Excellent
3887,7114.0,1.0,
3888,5017.0,3.0,excellent
3889,6848.0,3.0,Average
3890,130.0,2.0,
3891,7533.0,2.0,
3892,7411.0,3.0,Poor
3893,2194.0,3.0,
3894,4982.0,4.0,Excellent
3895,7280.0,2.0,Average
3896,7114.0,3.0,Excellent
3897,9831.0,4.0,
3898,704.0,5.0,excellent
3899,4854.0,3.0,
3900,1421.0,4.0,Poor
3901,3648.0,-1.0,excellent
3902,8396.0,8.0,Average
3903,2153.0,8.0,Average
3904,1545.0,8.0,Excellent
3905,1608.0,,Excellent
3906,7604.0,1.0,Poor
3907,7300.0,-1.0,Poor
3908,1309.0,,excellent
3909,3628.0,8.0,
3910,2920.0,5.0,Average
3911,9901.0,8.0,Average
3912,5035.0,1.0,
3913,975.0,2.0,Good
3914,8467.0,3.0,Excellent
3915,9890.0,1.0,Excellent
3916,2176.0,5.0,
3917,1163.0,1.0,Average
3918,3675.0,5.0,Average
3919,2446.0,8.0,Good
3920,573.0,1.0,Excellent
3921,6556.0,-1.0,excellent
3922,8556.0,3.0,excellent
3923,4398.0,4.0,excellent
3924,3882.0,5.0,Poor
3925,325.0,-1.0,Excellent
3926,6110.0,-1.0,Good
3927,6039.0,,Excellent
3928,9027.0,-1.0,
3929,5692.0,,excellent
3930,4016.0,1.0,excellent
3931,3855.0,5.0,Excellent
3932,1768.0,8.0,Good
3933,618.0,2.0,Poor
3934,6287.0,,Average
3935,5302.0,1.0,Good
3936,2614.0,3.0,Excellent
3937,1216.0,3.0,Average
3938,4239.0,4.0,excellent
3939,5441.0,3.0,
3940,6749.0,,Good
3941,4371.0,5.0,Average
3942,118.0,3.0,Good
3943,1911.0,1.0,Good
3944,871.0,-1.0,Excellent
3945,6749.0,-1.0,Good
3946,8918.0,8.0,Average
3947,3706.0,,Excellent
3948,7098.0,,excellent
3949,1592.0,3.0,
3950,680.0,3.0,Poor
3951,5802.0,,
3952,917.0,8.0,Good
3953,2008.0,8.0,Poor
3954,979.0,-1.0,Excellent
3955,7007.0,8.0,Good
3956,5865.0,8.0,Excellent
3957,4760.0,5.0,Poor
3958,599.0,5.0,Excellent
3959,8629.0,,excellent
3960,6229.0,2.0,Poor
3961,5278.0,2.0,excellent
3962,9937.0,,Average
3963,299.0,3.0,Poor
3964,5948.0,,Excellent
3965,4246.0,3.0,excellent
3966,6880.0,5.0,Excellent
3967,1364.0,8.0,
3968,7128.0,4.0,excellent
3969,3988.0,-1.0,Average
3970,8194.0,1.0,Good
3971,769.0,,Poor
3972,972.0,,Good
3973,2038.0,3.0,Average
3974,6651.0,,Good
3975,2859.0,-1.0,Good
3976,8305.0,,
3977,2614.0,-1.0,Excellent
3978,5258.0,,Good
3979,4948.0,3.0,Poor
3980,322.0,2.0,Poor
3981,7673.0,,Average
3982,6139.0,-1.0,Excellent
3983,7906.0,8.0,Excellent
3984,800.0,,Good
3985,8024.0,3.0,Excellent
3986,1502.0,4.0,Excellent
3987,6334.0,5.0,Poor
3988,7259.0,-1.0,Good
3989,431.0,3.0,Average
3990,2275.0,4.0,Good
3991,2632.0,,Excellent
3992,8615.0,5.0,Average
3993,5509.0,4.0,Average
3994,7273.0,-1.0,Average
3995,9091.0,1.0,
3996,7584.0,2.0,excellent
3997,2074.0,3.0,Excellent
3998,178.0,5.0,Poor
3999,6177.0,1.0,Poor
4000,3147.0,1.0,Excellent
4001,9241.0,3.0,Average
4002,1218.0,5.0,
4003,4385.0,,Poor
4004,5265.0,8.0,Poor
4005,3164.0,8.0,Poor
4006,7923.0,-1.0,Average
4007,1916.0,-1.0,Poor
4008,5633.0,3.0,excellent
4009,3463.0,3.0,Average
4010,2459.0,4.0,Average
4011,9862.0,,Average
4012,7730.0,-1.0,Good
4013,6465.0,1.0,Poor
4014,7004.0,-1.0,Good
4015,5564.0,-1.0,excellent
4016,2511.0,3.0,excellent
4017,6352.0,4.0,Average
4018,4484.0,2.0,Excellent
4019,874.0,2.0,excellent
4020,7863.0,,Poor
4021,1609.0,4.0,Excellent
4022,5126.0,2.0,Excellent
4023,5006.0,-1.0,
4024,4022.0,,Poor
4025,2970.0,,excellent
4026,7412.0,2.0,
4027,3593.0,1.0,
4028,6990.0,2.0,Average
4029,2509.0,8.0,
4030,9643.0,5.0,Average
4031,1231.0,3.0,excellent
4032,5942.0,5.0,
4033,9762.0,-1.0,Poor
4034,2014.0,2.0,Poor
4035,7587.0,5.0,Poor
4036,910.0,3.0,excellent
4037,4897.0,4.0,
4038,376.0,8.0,Poor
4039,3276.0,8.0,
4040,3797.0,4.0,Average
4041,8829.0,,excellent
4042,3893.0,1.0,Excellent
4043,4417.0,3.0,Excellent
4044,2340.0,5.0,
4045,7256.0,2.0,Poor
4046,9007.0,8.0,excellent
4047,1800.0,-1.0,excellent
4048,8701.0,4.0,Poor
4049,3507.0,5.0,Poor
4050,3747.0,-1.0,Average
4051,2028.0,2.0,excellent
4052,5071.0,3.0,Excellent
4053,8186.0,4.0,Good
4054,4294.0,5.0,Good
4055,3804.0,3.0,Poor
4056,9618.0,8.0,
4057,5207.0,,
4058,2699.0,1.0,Poor
4059,1562.0,3.0,Good
4060,4261.0,2.0,Poor
4061,3043.0,8.0,Average
4062,8638.0,1.0,Poor
4063,9867.0,1.0,
4064,2208.0,,Poor
4065,2672.0,2.0,excellent
4066,3143.0,2.0,Good
4067,4771.0,1.0,Excellent
4068,9511.0,1.0,
4069,3514.0,1.0,Poor
4070,9985.0,5.0,excellent
4071,8698.0,3.0,Average
4072,807.0,8.0,Average
4073,1354.0,2.0,Excellent
4074,9079.0,5.0,
4075,8845.0,1.0,Good
4076,2551.0,4.0,excellent
4077,9993.0,,Average
4078,6887.0,1.0,Good
4079,2399.0,5.0,Excellent
4080,6165.0,-1.0,Good
4081,1946.0,-1.0,Excellent
4082,7269.0,2.0,Poor
4083,4860.0,2.0,Average
4084,9493.0,1.0,excellent
4085,823.0,5.0,Poor
4086,7990.0,-1.0,excellent
4087,8478.0,2.0,Excellent
4088,9289.0,3.0,Good
4089,2087.0,4.0,Average
4090,4701.0,3.0,Poor
4091,3870.0,8.0,
4092,6944.0,5.0,Excellent
4093,1090.0,-1.0,
4094,963.0,5.0,Good
4095,2445.0,4.0,Poor
4096,6119.0,,Excellent
4097,3045.0,8.0,
4098,645.0,5.0,
4099,1030.0,5.0,
4100,278.0,8.0,excellent
4101,7213.0,1.0,
4102,9535.0,8.0,Poor
4103,9301.0,3.0,Poor
4104,8184.0,3.0,Average
4105,9413.0,8.0,Average
4106,2107.0,-1.0,Good
4107,9868.0,,Good
4108,2784.0,,Poor
4109,9589.0,8.0,Poor
4110,514.0,2.0,Excellent
4111,9487.0,1.0,Poor
4112,890.0,,excellent
4113,7602.0,3.0,Good
4114,126.0,8.0,
4115,9388.0,,Good
4116,4841.0,,excellent
4117,6387.0,,Excellent
4118,4588.0,3.0,Excellent
4119,9666.0,8.0,Average
4120,3778.0,3.0,Excellent
4121,6729.0,,Poor
4122,9056.0,4.0,
4123,61.0,4.0,Excellent
4124,4744.0,2.0,Poor
4125,6450.0,-1.0,Average
4126,5418.0,-1.0,excellent
4127,6198.0,5.0,Average
4128,1139.0,2.0,Excellent
4129,3584.0,,Poor
4130,2590.0,4.0,
4131,664.0,3.0,Poor
4132,8863.0,1.0,Poor
4133,5520.0,1.0,excellent
4134,5087.0,,Poor
4135,8885.0,5.0,Poor
4136,4905.0,8.0,Average
4137,6401.0,-1.0,Poor
4138,4613.0,,
4139,8936.0,8.0,excellent
4140,9348.0,-1.0,excellent
4141,1090.0,3.0,Good
4142,3915.0,4.0,Good
4143,2136.0,-1.0,
4144,5683.0,8.0,Poor
4145,47.0,,
4146,557.0,8.0,Poor
4147,5402.0,8.0,Average
4148,7262.0,4.0,Poor
4149,3695.0,8.0,excellent
4150,2723.0,5.0,
4151,3647.0,1.0,Excellent
4152,2299.0,,Average
4153,5151.0,2.0,
4154,8436.0,8.0,excellent
4155,1787.0,-1.0,
4156,1801.0,,Good
4157,6276.0,5.0,Excellent
4158,4278.0,2.0,Excellent
4159,5831.0,8.0,Excellent
4160,5175.0,-1.0,Excellent
4161,1343.0,-1.0,
4162,1057.0,8.0,Good
4163,3126.0,3.0,Average
4164,2697.0,3.0,Good
4165,4705.0,,excellent
4166,5195.0,2.0,
4167,731.0,,Good
4168,8925.0,3.0,Excellent
4169,2857.0,1.0,Excellent
4170,9579.0,5.0,excellent
4171,2249.0,2.0,Average
4172,3817.0,1.0,
4173,350.0,4.0,Excellent
4174,5226.0,3.0,excellent
4175,7276.0,3.0,Poor
4176,988.0,,Average
4177,9464.0,1.0,Excellent
4178,3198.0,2.0,excellent
4179,2929.0,1.0,Poor
4180,4365.0,3.0,Good
4181,2584.0,,excellent
4182,1623.0,5.0,
4183,6168.0,2.0,Excellent
4184,2016.0,2.0,Average
4185,7816.0,4.0,Average
4186,6494.0,1.0,Poor
4187,1778.0,-1.0,Poor
4188,1409.0,-1.0,Excellent
4189,4195.0,2.0,Poor
4190,7778.0,3.0,Excellent
4191,1300.0,8.0,excellent
4192,2749.0,8.0,excellent
4193,7207.0,1.0,Excellent
4194,4152.0,2.0,Average
4195,9521.0,-1.0,Good
4196,4823.0,4.0,Good
4197,9454.0,3.0,excellent
4198,905.0,4.0,Average
4199,8644.0,5.0,Excellent
4200,2708.0,3.0,Excellent
4201,9452.0,8.0,Good
4202,2535.0,8.0,excellent
4203,2159.0,2.0,Good
4204,8666.0,1.0,
4205,5085.0,-1.0,Average
4206,4087.0,4.0,
4207,4189.0,8.0,Average
4208,6395.0,8.0,Excellent
4209,3939.0,8.0,
4210,4727.0,2.0,Excellent
4211,7472.0,,Average
4212,9230.0,5.0,Poor
4213,7576.0,-1.0,Average
4214,7878.0,2.0,Average
4215,7956.0,,Poor
4216,3466.0,3.0,Good
4217,6367.0,,Good
4218,6439.0,,Poor
4219,484.0,,
4220,2300.0,4.0,Poor
4221,1724.0,,Excellent
4222,8187.0,-1.0,
4223,6195.0,-1.0,Average
4224,6702.0,1.0,excellent
4225,5210.0,-1.0,Average
4226,5987.0,1.0,Average
4227,2096.0,8.0,Poor
4228,2794.0,-1.0,Excellent
4229,8473.0,5.0,Average
4230,9797.0,-1.0,Average
4231,5182.0,2.0,excellent
4232,3662.0,,Good
4233,9081.0,2.0,Average
4234,7019.0,,Poor
4235,5402.0,,excellent
4236,6486.0,-1.0,
4237,8166.0,4.0,Good
4238,8479.0,5.0,
4239,1661.0,5.0,
4240,5949.0,,Average
4241,1184.0,-1.0,Average
4242,1735.0,4.0,
4243,6022.0,3.0,excellent
4244,5547.0,-1.0,excellent
4245,7986.0,1.0,Average
4246,2431.0,,excellent
4247,7084.0,5.0,Poor
4248,9248.0,8.0,Poor
4249,7100.0,1.0,Excellent
4250,7880.0,5.0,Poor
4251,4610.0,4.0,
4252,345.0,-1.0,Average
4253,9446.0,8.0,Average
4254,7864.0,1.0,Average
4255,2063.0,1.0,
4256,7326.0,5.0,Average
4257,5356.0,2.0,excellent
4258,9001.0,8.0,
4259,9925.0,3.0,Good
4260,6626.0,-1.0,excellent
4261,3057.0,,
4262,1004.0,4.0,
4263,7966.0,,excellent
4264,2698.0,4.0,Good
4265,3349.0,,Good
4266,5711.0,-1.0,Poor
4267,3402.0,,Good
4268,9359.0,8.0,
4269,5518.0,5.0,
4270,9570.0,3.0,Average
4271,8079.0,8.0,Average
4272,2639.0,4.0,excellent
4273,6353.0,8.0,
4274,1331.0,3.0,excellent
4275,2296.0,8.0,Average
4276,2990.0,2.0,Poor
4277,7050.0,4.0,Good
4278,3738.0,-1.0,excellent
4279,4440.0,2.0,Excellent
4280,2713.0,-1.0,excellent
4281,1663.0,2.0,Good
4282,5896.0,1.0,
4283,7858.0,-1.0,excellent
4284,3284.0,8.0,
4285,1384.0,1.0,Poor
4286,9835.0,4.0,
4287,4837.0,2.0,Good
4288,187.0,8.0,Average
4289,6803.0,5.0,Average
4290,9355.0,3.0,
4291,8811.0,2.0,Average
4292,2853.0,1.0,excellent
4293,1449.0,-1.0,Average
4294,2134.0,-1.0,
4295,7464.0,8.0,Average
4296,4828.0,5.0,Excellent
4297,2200.0,3.0,Average
4298,183.0,,
4299,8758.0,-1.0,Excellent
4300,1332.0,4.0,Average
4301,3351.0,,Excellent
4302,236.0,4.0,Good
4303,6177.0,,Average
4304,6305.0,8.0,Average
4305,2511.0,8.0,Good
4306,7099.0,8.0,
4307,489.0,2.0,Poor
4308,9105.0,2.0,Poor
4309,8022.0,3.0,Poor
4310,8716.0,3.0,Average
4311,2862.0,5.0,excellent
4312,7525.0,,Average
4313,9619.0,4.0,Good
4314,918.0,,Average
4315,4994.0,8.0,Average
4316,8654.0,-1.0,Good
4317,1091.0,-1.0,Excellent
4318,3306.0,8.0,excellent
4319,2714.0,1.0,Good
4320,5108.0,5.0,Average
4321,5856.0,2.0,Average
4322,7981.0,5.0,Poor
4323,9371.0,-1.0,
4324,1921.0,4.0,Excellent
4325,1886.0,-1.0,Average
4326,4012.0,2.0,
4327,1380.0,8.0,Poor
4328,3223.0,-1.0,Good
4329,8378.0,2.0,Excellent
4330,7507.0,4.0,Excellent
4331,1052.0,3.0,Average
4332,9559.0,5.0,Average
4333,3678.0,-1.0,excellent
4334,4981.0,-1.0,Average
4335,4135.0,4.0,Excellent
4336,5687.0,,Poor
4337,9081.0,1.0,Good
4338,3128.0,3.0,Average
4339,5391.0,1.0,Good
4340,2335.0,5.0,
4341,1974.0,5.0,Average
4342,699.0,,Good
4343,2365.0,4.0,
4344,3132.0,2.0,excellent
4345,20.0,1.0,Excellent
4346,1219.0,5.0,
4347,6933.0,8.0,Good
4348,9811.0,-1.0,Average
4349,6720.0,5.0,Good
4350,1551.0,-1.0,Good
4351,6315.0,,excellent
4352,8701.0,4.0,excellent
4353,3481.0,,excellent
4354,1377.0,8.0,Average
4355,5596.0,-1.0,excellent
4356,6750.0,-1.0,
4357,8976.0,4.0,Poor
4358,5315.0,2.0,Good
4359,8222.0,4.0,Average
4360,1958.0,,Poor
4361,2357.0,3.0,excellent
4362,5983.0,-1.0,Excellent
4363,4316.0,3.0,
4364,6845.0,8.0,excellent
4365,4655.0,4.0,Average
4366,8112.0,5.0,Good
4367,2772.0,8.0,Good
4368,6646.0,2.0,Excellent
4369,7392.0,1.0,Poor
4370,7864.0,2.0,Excellent
4371,4337.0,,Good
4372,8576.0,3.0,Excellent
4373,3433.0,3.0,excellent
4374,9125.0,2.0,excellent
4375,964.0,-1.0,Average
4376,3536.0,2.0,Average
4377,7830.0,2.0,Excellent
4378,5417.0,1.0,Good
4379,6585.0,,Excellent
4380,2762.0,1.0,Poor
4381,1042.0,-1.0,Average
4382,1218.0,4.0,Poor
4383,8821.0,2.0,Good
4384,5896.0,8.0,
4385,5701.0,3.0,Good
4386,8186.0,4.0,Excellent
4387,8096.0,1.0,excellent
4388,9389.0,3.0,Average
4389,6962.0,8.0,Good
4390,1800.0,4.0,
4391,6497.0,1.0,Average
4392,72.0,2.0,Good
4393,4754.0,3.0,Excellent
4394,6630.0,1.0,Average
4395,2640.0,8.0,Excellent
4396,3333.0,5.0,
4397,9009.0,8.0,excellent
4398,9207.0,8.0,excellent
4399,7502.0,3.0,excellent
4400,2350.0,-1.0,
4401,3862.0,2.0,
4402,79.0,3.0,Poor
4403,7511.0,5.0,Good
4404,9452.0,,
4405,1085.0,8.0,Good
4406,403.0,,Average
4407,2139.0,8.0,
4408,1273.0,8.0,Excellent
4409,4071.0,4.0,Good
4410,6037.0,3.0,excellent
4411,6477.0,-1.0,Poor
4412,1431.0,2.0,
4413,245.0,,Good
4414,4082.0,1.0,excellent
4415,909.0,-1.0,excellent
4416,1717.0,1.0,Good
4417,5298.0,4.0,Good
4418,3815.0,4.0,Excellent
4419,3639.0,-1.0,
4420,9331.0,5.0,Excellent
4421,6184.0,3.0,Poor
4422,9334.0,,Excellent
4423,9762.0,-1.0,Poor
4424,4161.0,1.0,excellent
4425,5416.0,-1.0,Good
4426,4523.0,5.0,excellent
4427,7524.0,-1.0,excellent
4428,3954.0,5.0,Excellent
4429,2734.0,-1.0,
4430,1978.0,5.0,Excellent
4431,5591.0,1.0,Poor
4432,4472.0,-1.0,excellent
4433,1123.0,,Excellent
4434,6907.0,4.0,
4435,2993.0,-1.0,excellent
4436,3557.0,4.0,excellent
4437,7936.0,5.0,Good
4438,2285.0,-1.0,excellent
4439,8133.0,5.0,Excellent
4440,5.0,5.0,Average
4441,6717.0,1.0,Average
4442,3257.0,1.0,Average
4443,537.0,3.0,Good
4444,6421.0,2.0,excellent
4445,2387.0,-1.0,Poor
4446,4537.0,3.0,
4447,6937.0,2.0,Poor
4448,4983.0,5.0,excellent
4449,8070.0,8.0,Excellent
4450,9511.0,,Average
4451,438.0,3.0,Excellent
4452,2681.0,4.0,Average
4453,950.0,2.0,excellent
4454,5711.0,8.0,Excellent
4455,1046.0,3.0,Average
4456,5382.0,,Average
4457,3417.0,1.0,Excellent
4458,6214.0,1.0,
4459,1814.0,,Good
4460,5389.0,4.0,Average
4461,3167.0,8.0,Average
4462,4003.0,1.0,Excellent
4463,3064.0,1.0,Average
4464,2480.0,3.0,
4465,1154.0,1.0,
4466,4177.0,2.0,Poor
4467,3435.0,2.0,Poor
4468,7818.0,3.0,excellent
4469,111.0,4.0,Good
4470,7047.0,4.0,Excellent
4471,6496.0,,
4472,8464.0,5.0,Average
4473,1935.0,-1.0,Good
4474,6550.0,1.0,Average
4475,9585.0,8.0,Poor
4476,5783.0,4.0,Poor
4477,6052.0,4.0,Good
4478,6613.0,,Average
4479,8219.0,,excellent
4480,7292.0,4.0,Poor
4481,3586.0,8.0,excellent
4482,9421.0,8.0,Excellent
4483,9772.0,,excellent
4484,3805.0,3.0,excellent
4485,5153.0,5.0,
4486,4513.0,5.0,Good
4487,7049.0,5.0,excellent
4488,2722.0,,excellent
4489,9474.0,4.0,Excellent
4490,8524.0,5.0,Poor
4491,1348.0,2.0,Good
4492,6169.0,3.0,Excellent
4493,102.0,8.0,Poor
4494,8822.0,3.0,excellent
4495,1833.0,5.0,excellent
4496,5949.0,2.0,Excellent
4497,9706.0,5.0,Excellent
4498,6162.0,-1.0,
4499,7005.0,3.0,
4500,5383.0,5.0,Average
4501,1615.0,8.0,Good
4502,8854.0,3.0,Good
4503,8136.0,,
4504,2702.0,,Excellent
4505,9761.0,8.0,excellent
4506,7144.0,4.0,Good
4507,7495.0,3.0,Poor
4508,2609.0,2.0,Poor
4509,6736.0,3.0,Excellent
4510,2389.0,,Excellent
4511,1713.0,5.0,Excellent
4512,1609.0,1.0,
4513,6662.0,4.0,Poor
4514,5968.0,3.0,Excellent
4515,7571.0,2.0,excellent
4516,105.0,3.0,Excellent
4517,7302.0,1.0,Good
4518,8399.0,4.0,excellent
4519,560.0,8.0,Average
4520,7089.0,2.0,
4521,1808.0,3.0,Excellent
4522,1368.0,8.0,Average
4523,7441.0,1.0,
4524,1557.0,-1.0,Good
4525,255.0,1.0,Good
4526,6494.0,,
4527,8001.0,5.0,Average
4528,1057.0,2.0,Excellent
4529,3719.0,5.0,excellent
4530,2444.0,3.0,
4531,1250.0,,Average
4532,1841.0,5.0,Average
4533,7049.0,3.0,excellent
4534,7609.0,1.0,Good
4535,9361.0,3.0,
4536,9005.0,-1.0,Average
4537,5613.0,5.0,excellent
4538,7609.0,5.0,excellent
4539,4207.0,3.0,Average
4540,9450.0,1.0,excellent
4541,9323.0,8.0,Average
4542,5020.0,5.0,excellent
4543,658.0,-1.0,Excellent
4544,1190.0,3.0,
4545,951.0,2.0,excellent
4546,3195.0,3.0,Poor
4547,2527.0,5.0,Excellent
4548,1412.0,,Excellent
4549,3542.0,4.0,Good
4550,6106.0,5.0,
4551,2869.0,1.0,
4552,7653.0,-1.0,Poor
4553,4137.0,-1.0,excellent
4554,9978.0,8.0,Poor
4555,6335.0,3.0,Good
4556,8556.0,,Good
4557,8597.0,4.0,Average
4558,9901.0,2.0,excellent
4559,2547.0,2.0,excellent
4560,9563.0,5.0,Excellent
4561,5196.0,,Poor
4562,8706.0,2.0,Good
4563,1672.0,2.0,Excellent
4564,524.0,4.0,Good
4565,8845.0,1.0,excellent
4566,7977.0,2.0,excellent
4567,4130.0,5.0,Good
4568,8548.0,,
4569,8071.0,4.0,Average
4570,7509.0,,Good
4571,4359.0,-1.0,Average
4572,6640.0,2.0,Average
4573,4857.0,1.0,Average
4574,4826.0,3.0,Average
4575,2889.0,-1.0,Good
4576,5151.0,4.0,Average
4577,2116.0,5.0,Excellent
4578,1379.0,,
4579,9870.0,4.0,excellent
4580,8705.0,1.0,Good
4581,2526.0,,excellent
4582,1227.0,-1.0,Good
4583,2282.0,2.0,Good
4584,9762.0,4.0,Excellent
4585,2523.0,5.0,Excellent
4586,6875.0,-1.0,Good
4587,6696.0,-1.0,Excellent
4588,3939.0,5.0,excellent
4589,5885.0,8.0,
4590,3166.0,2.0,Excellent
4591,5827.0,8.0,Average
4592,8325.0,-1.0,Excellent
4593,2105.0,5.0,
4594,6949.0,,Good
4595,4076.0,-1.0,Poor
4596,1504.0,4.0,Good
4597,1419.0,,Good
4598,5620.0,2.0,Average
4599,93.0,5.0,Average
4600,9069.0,3.0,excellent
4601,6049.0,4.0,Average
4602,8713.0,8.0,excellent
4603,6556.0,2.0,
4604,4168.0,5.0,Poor
4605,7778.0,5.0,Average
4606,6462.0,1.0,excellent
4607,5113.0,-1.0,Excellent
4608,9582.0,-1.0,Average
4609,1643.0,8.0,
4610,2756.0,1.0,excellent
4611,7858.0,5.0,Good
4612,6213.0,4.0,Good
4613,5612.0,1.0,Good
4614,7139.0,3.0,Poor
4615,7835.0,,Excellent
4616,1757.0,8.0,
4617,567.0,1.0,
4618,5781.0,1.0,
4619,419.0,-1.0,Excellent
4620,3921.0,2.0,
4621,2659.0,1.0,
4622,7897.0,3.0,
4623,150.0,4.0,
4624,9351.0,8.0,Poor
4625,670.0,3.0,
4626,2056.0,5.0,Average
4627,220.0,,
4628,9178.0,5.0,Average
4629,1885.0,4.0,Excellent
4630,2256.0,2.0,Excellent
4631,6978.0,5.0,excellent
4632,8677.0,-1.0,
4633,6050.0,4.0,excellent
4634,9375.0,-1.0,Excellent
4635,2639.0,5.0,excellent
4636,2858.0,1.0,excellent
4637,1145.0,4.0,Excellent
4638,4223.0,4.0,
4639,7505.0,-1.0,excellent
4640,9344.0,4.0,excellent
4641,3940.0,1.0,Excellent
4642,5982.0,3.0,Good
4643,6816.0,2.0,excellent
4644,6074.0,2.0,Poor
4645,129.0,,Poor
4646,9247.0,-1.0,Average
4647,36.0,2.0,Good
4648,3530.0,4.0,Good
4649,4198.0,3.0,Average
4650,4017.0,5.0,Poor
4651,5370.0,3.0,
4652,2146.0,3.0,Poor
4653,9240.0,,Excellent
4654,738.0,-1.0,Excellent
4655,4204.0,5.0,Good
4656,1908.0,,excellent
4657,6041.0,3.0,excellent
4658,7586.0,8.0,Poor
4659,9423.0,,
4660,2290.0,8.0,excellent
4661,7.0,5.0,Average
4662,5324.0,5.0,Excellent
4663,8923.0,3.0,Excellent
4664,7833.0,5.0,
4665,3800.0,8.0,Average
4666,127.0,8.0,Average
4667,8240.0,-1.0,excellent
4668,9408.0,1.0,Poor
4669,5195.0,8.0,Good
4670,5471.0,8.0,excellent
4671,5139.0,5.0,Excellent
4672,6585.0,,Good
4673,2776.0,2.0,excellent
4674,1742.0,8.0,
4675,7697.0,1.0,Average
4676,9949.0,2.0,Average
4677,9697.0,1.0,
4678,9145.0,2.0,Excellent
4679,4125.0,,Poor
4680,11.0,3.0,
4681,1482.0,-1.0,excellent
4682,4594.0,3.0,Excellent
4683,6888.0,5.0,Excellent
4684,3726.0,8.0,Good
4685,663.0,8.0,Good
4686,9442.0,5.0,Poor
4687,3402.0,,Good
4688,635.0,3.0,Good
4689,7084.0,,Good
4690,4117.0,-1.0,Good
4691,5275.0,,Average
4692,7515.0,4.0,
4693,1460.0,3.0,Poor
4694,8800.0,1.0,Good
4695,8512.0,2.0,Excellent
4696,2945.0,1.0,Poor
4697,2227.0,2.0,Excellent
4698,9451.0,2.0,Excellent
4699,69.0,1.0,excellent
4700,3670.0,4.0,Average
4701,1376.0,3.0,Poor
4702,8642.0,,
4703,9498.0,1.0,Excellent
4704,3420.0,3.0,Average
4705,3182.0,2.0,Poor
4706,653.0,5.0,Excellent
4707,1653.0,1.0,Good
4708,2646.0,1.0,
4709,7868.0,2.0,excellent
4710,6071.0,5.0,Excellent
4711,9042.0,2.0,Good
4712,3503.0,3.0,
4713,4259.0,5.0,excellent
4714,208.0,2.0,excellent
4715,3860.0,2.0,Poor
4716,8131.0,3.0,Average
4717,5928.0,5.0,Poor
4718,4409.0,-1.0,
4719,3851.0,8.0,Good
4720,6552.0,1.0,excellent
4721,7666.0,-1.0,Good
4722,1530.0,1.0,Excellent
4723,8451.0,4.0,
4724,8201.0,4.0,Poor
4725,5141.0,,Excellent
4726,3141.0,-1.0,excellent
4727,2165.0,,excellent
4728,8863.0,,Poor
4729,2782.0,8.0,Good
4730,6531.0,1.0,Excellent
4731,2862.0,8.0,
4732,9904.0,1.0,Average
4733,6380.0,3.0,Average
4734,5874.0,3.0,Good
4735,1718.0,-1.0,Poor
4736,6627.0,8.0,
4737,7806.0,8.0,
4738,443.0,1.0,Good
4739,483.0,2.0,Average
4740,2777.0,3.0,Average
4741,4657.0,,
4742,265.0,2.0,excellent
4743,5122.0,5.0,Poor
4744,4471.0,2.0,
4745,9957.0,2.0,Excellent
4746,1451.0,5.0,Average
4747,6958.0,-1.0,Good
4748,3978.0,8.0,Good
4749,5478.0,3.0,Poor
4750,2839.0,8.0,
4751,5205.0,-1.0,Good
4752,7656.0,-1.0,Average
4753,4585.0,1.0,Excellent
4754,3363.0,2.0,Average
4755,7018.0,5.0,excellent
4756,8901.0,-1.0,Excellent
4757,3176.0,4.0,Good
4758,6843.0,,Good
4759,5531.0,8.0,excellent
4760,6171.0,-1.0,
4761,9499.0,4.0,Excellent
4762,2282.0,8.0,Average
4763,4122.0,-1.0,
4764,3944.0,-1.0,Poor
4765,3149.0,1.0,
4766,7423.0,,Average
4767,2018.0,3.0,Poor
4768,5879.0,4.0,Average
4769,5320.0,8.0,Poor
4770,3378.0,2.0,Good
4771,4541.0,5.0,
4772,3372.0,5.0,Excellent
4773,5775.0,8.0,Good
4774,3665.0,8.0,Excellent
4775,3879.0,3.0,Average
4776,5928.0,3.0,Good
4777,4373.0,1.0,Average
4778,7068.0,5.0,Good
4779,2693.0,4.0,Poor
4780,2364.0,2.0,excellent
4781,5479.0,3.0,Poor
4782,6889.0,5.0,excellent
4783,4199.0,1.0,excellent
4784,9939.0,5.0,Good
4785,6962.0,2.0,
4786,9223.0,1.0,Good
4787,5151.0,8.0,Average
4788,2759.0,,
4789,9429.0,,Poor
4790,7430.0,1.0,Good
4791,5312.0,1.0,Average
4792,3909.0,,Average
4793,956.0,4.0,Average
4794,5420.0,1.0,Excellent
4795,8342.0,-1.0,Good
4796,9708.0,,
4797,7923.0,5.0,Good
4798,9144.0,8.0,Average
4799,4034.0,4.0,Excellent
4800,9708.0,3.0,
4801,5496.0,1.0,Excellent
4802,9499.0,4.0,Excellent
4803,4352.0,5.0,Excellent
4804,9656.0,-1.0,excellent
4805,2529.0,3.0,Good
4806,3841.0,1.0,Poor
4807,7482.0,8.0,Excellent
4808,4759.0,3.0,Poor
4809,4877.0,3.0,Poor
4810,4634.0,4.0,Good
4811,251.0,1.0,
4812,6690.0,1.0,Good
4813,7309.0,1.0,Good
4814,6708.0,1.0,
4815,5733.0,,Good
4816,9205.0,2.0,Poor
4817,2171.0,,Good
4818,7848.0,-1.0,
4819,5900.0,1.0,Good
4820,507.0,3.0,Poor
4821,9385.0,,Average
4822,4198.0,1.0,Excellent
4823,9295.0,8.0,
4824,9631.0,4.0,excellent
4825,9116.0,8.0,Excellent
4826,4763.0,1.0,excellent
4827,8408.0,5.0,
4828,9415.0,2.0,Average
4829,5401.0,8.0,Poor
4830,8906.0,1.0,Poor
4831,9084.0,-1.0,excellent
4832,4784.0,,excellent
4833,626.0,2.0,excellent
4834,5620.0,-1.0,Average
4835,8911.0,4.0,Excellent
4836,7845.0,5.0,Good
4837,8853.0,1.0,Average
4838,7711.0,4.0,
4839,8486.0,-1.0,Average
4840,2741.0,4.0,Good
4841,1212.0,5.0,Average
4842,8600.0,4.0,Poor
4843,8912.0,2.0,excellent
4844,9397.0,-1.0,Average
4845,6147.0,8.0,
4846,4180.0,8.0,Poor
4847,4357.0,8.0,Good
4848,9871.0,1.0,
4849,7996.0,5.0,excellent
4850,1486.0,8.0,Good
4851,1186.0,5.0,excellent
4852,1260.0,1.0,Poor
4853,4173.0,8.0,excellent
4854,7763.0,5.0,Good
4855,3144.0,8.0,Excellent
4856,8992.0,2.0,Average
4857,5303.0,-1.0,Poor
4858,603.0,8.0,Good
4859,385.0,1.0,excellent
4860,58.0,4.0,excellent
4861,1763.0,5.0,excellent
4862,777.0,,Excellent
4863,4237.0,3.0,
4864,9387.0,1.0,excellent
4865,5573.0,-1.0,Average
4866,1280.0,1.0,Poor
4867,6484.0,8.0,Good
4868,8933.0,,Poor
4869,1894.0,1.0,
4870,1578.0,2.0,Excellent
4871,1612.0,,Excellent
4872,3942.0,,Excellent
4873,4555.0,5.0,Average
4874,1019.0,4.0,Good
4875,6098.0,1.0,Excellent
4876,5794.0,,Excellent
4877,127.0,4.0,Poor
4878,725.0,3.0,Excellent
4879,7808.0,2.0,Excellent
4880,2649.0,5.0,Poor
4881,8023.0,-1.0,Excellent
4882,1343.0,5.0,
4883,8518.0,5.0,Average
4884,6853.0,,
4885,4375.0,-1.0,
4886,5934.0,4.0,Excellent
4887,8609.0,2.0,Poor
4888,6786.0,2.0,Excellent
4889,1436.0,1.0,Good
4890,4632.0,-1.0,Excellent
4891,7331.0,5.0,Poor
4892,7797.0,8.0,excellent
4893,7554.0,,Excellent
4894,2050.0,4.0,Poor
4895,126.0,8.0,Average
4896,2253.0,-1.0,excellent
4897,4648.0,4.0,excellent
4898,1721.0,4.0,Excellent
4899,4504.0,-1.0,
4900,8651.0,1.0,Poor
4901,2961.0,3.0,excellent
4902,8675.0,,Poor
4903,9907.0,2.0,Poor
4904,5797.0,-1.0,Excellent
4905,3228.0,-1.0,excellent
4906,5048.0,-1.0,
4907,391.0,1.0,
4908,3884.0,4.0,
4909,1941.0,-1.0,excellent
4910,4397.0,,
4911,647.0,5.0,Excellent
4912,6529.0,5.0,
4913,7342.0,1.0,Excellent
4914,4795.0,5.0,Excellent
4915,7150.0,1.0,
4916,4948.0,,
4917,3534.0,-1.0,excellent
4918,8226.0,5.0,Good
4919,2886.0,8.0,Good
4920,8640.0,2.0,Excellent
4921,3862.0,4.0,Excellent
4922,6289.0,3.0,Good
4923,121.0,2.0,excellent
4924,8807.0,-1.0,Poor
4925,4290.0,4.0,Good
4926,4492.0,2.0,Poor
4927,7578.0,1.0,excellent
4928,2426.0,8.0,excellent
4929,2551.0,1.0,
4930,2217.0,-1.0,Average
4931,7022.0,5.0,excellent
4932,7909.0,3.0,Poor
4933,6124.0,8.0,Excellent
4934,5305.0,5.0,Good
4935,1824.0,1.0,excellent
4936,3333.0,4.0,Poor
4937,1122.0,-1.0,Excellent
4938,1755.0,-1.0,excellent
4939,9141.0,-1.0,excellent
4940,7423.0,4.0,Poor
4941,8308.0,,excellent
4942,3999.0,8.0,Good
4943,4246.0,4.0,excellent
4944,7282.0,1.0,Poor
4945,5725.0,,Good
4946,8958.0,5.0,Excellent
4947,8190.0,-1.0,Poor
4948,8842.0,,Excellent
4949,257.0,5.0,
4950,8457.0,5.0,Poor
4951,4397.0,,
4952,9430.0,5.0,
4953,3652.0,8.0,Average
4954,1847.0,2.0,Poor
4955,9806.0,4.0,excellent
4956,9974.0,3.0,Good
4957,3903.0,4.0,Good
4958,5757.0,3.0,Good
4959,1336.0,,Poor
4960,7063.0,1.0,Excellent
4961,2436.0,2.0,Excellent
4962,5618.0,3.0,excellent
4963,3200.0,4.0,Poor
4964,8825.0,1.0,Good
4965,6944.0,8.0,
4966,2982.0,8.0,Good
4967,3240.0,1.0,Excellent
4968,4616.0,8.0,Poor
4969,9684.0,-1.0,Good
4970,5850.0,8.0,Excellent
4971,7798.0,4.0,Average
4972,1126.0,,excellent
4973,8507.0,3.0,excellent
4974,1629.0,5.0,Average
4975,5486.0,2.0,Good
4976,4311.0,1.0,Excellent
4977,3373.0,-1.0,Excellent
4978,8555.0,-1.0,excellent
4979,444.0,5.0,Good
4980,8194.0,5.0,excellent
4981,933.0,3.0,Poor
4982,8314.0,-1.0,Poor
4983,2061.0,8.0,Excellent
4984,8827.0,,Average
4985,2591.0,1.0,Good
4986,9631.0,8.0,Excellent
4987,2299.0,4.0,Excellent
4988,4003.0,8.0,Good
4989,7770.0,,Excellent
4990,4430.0,1.0,
4991,5519.0,5.0,excellent
4992,110.0,,Good
4993,3629.0,3.0,Average
4994,9511.0,2.0,excellent
4995,5913.0,1.0,Good
4996,3771.0,1.0,Poor
4997,5014.0,3.0,
4998,3127.0,1.0,Good
4999,4505.0,8.0,excellent
5000,9927.0,-1.0,
5001,5518.0,4.0,Average
5002,3852.0,-1.0,Poor
5003,2963.0,8.0,Poor
5004,824.0,5.0,Good
5005,7086.0,8.0,Good
5006,7339.0,2.0,Good
5007,7694.0,1.0,Average
5008,634.0,4.0,
5009,1191.0,2.0,
5010,1094.0,,Average
5011,2770.0,,Average
5012,6624.0,4.0,
5013,1710.0,4.0,excellent
5014,6315.0,-1.0,Poor
5015,1074.0,2.0,Excellent
5016,9666.0,3.0,excellent
5017,6567.0,1.0,Poor
5018,880.0,3.0,Poor
5019,6471.0,8.0,
5020,247.0,3.0,Good
5021,9007.0,2.0,
5022,3850.0,4.0,Poor
5023,6355.0,3.0,Excellent
5024,5064.0,8.0,Excellent
5025,757.0,3.0,
5026,4484.0,1.0,Excellent
5027,4187.0,3.0,Good
5028,3180.0,8.0,Average
5029,277.0,2.0,Average
5030,9433.0,-1.0,Excellent
5031,9223.0,2.0,excellent
5032,6513.0,2.0,excellent
5033,5622.0,4.0,Average
5034,7926.0,3.0,Excellent
5035,8832.0,1.0,excellent
5036,9731.0,1.0,Good
5037,9773.0,1.0,
5038,9056.0,8.0,Average
5039,794.0,-1.0,
5040,2478.0,2.0,Poor
5041,1089.0,2.0,
5042,4114.0,5.0,Poor
5043,3507.0,8.0,Poor
5044,9118.0,1.0,
5045,7427.0,1.0,excellent
5046,6994.0,-1.0,Excellent
5047,9654.0,2.0,Average
5048,2926.0,,Poor
5049,7358.0,3.0,
5050,3156.0,8.0,excellent
5051,9459.0,1.0,
5052,834.0,1.0,Good
5053,2918.0,2.0,Average
5054,1662.0,8.0,Good
5055,9756.0,8.0,excellent
5056,1278.0,8.0,Poor
5057,7412.0,,Poor
5058,6556.0,5.0,excellent
5059,7601.0,5.0,excellent
5060,7052.0,3.0,excellent
5061,9688.0,3.0,Excellent
5062,5452.0,8.0,Poor
5063,1650.0,5.0,
5064,4511.0,2.0,Average
5065,3860.0,3.0,excellent
5066,6929.0,3.0,Poor
5067,4142.0,8.0,Good
5068,2358.0,,Average
5069,9556.0,2.0,
5070,3812.0,5.0,Good
5071,5751.0,-1.0,excellent
5072,194.0,,Good
5073,7802.0,1.0,Poor
5074,699.0,5.0,excellent
5075,5038.0,1.0,Average
5076,7029.0,1.0,Good
5077,4617.0,8.0,Poor
5078,8388.0,3.0,Poor
5079,7019.0,2.0,Average
5080,5072.0,8.0,Poor
5081,8230.0,1.0,Excellent
5082,7137.0,-1.0,Average
5083,4367.0,1.0,Excellent
5084,5194.0,3.0,Good
5085,5367.0,,Good
5086,4648.0,8.0,
5087,4914.0,,Poor
5088,9120.0,4.0,Good
5089,8895.0,,Good
5090,4151.0,5.0,
5091,3423.0,-1.0,Poor
5092,3253.0,5.0,
5093,707.0,5.0,excellent
5094,7740.0,4.0,Good
5095,2933.0,,Good
5096,8462.0,2.0,
5097,117.0,,
5098,5746.0,-1.0,Average
5099,7490.0,3.0,Excellent
5100,5772.0,5.0,Average
5101,2978.0,-1.0,Good
5102,7364.0,4.0,Poor
5103,9994.0,5.0,excellent
5104,4050.0,2.0,excellent
5105,4537.0,-1.0,Good
5106,7827.0,2.0,Good
5107,5457.0,-1.0,
5108,4838.0,5.0,Excellent
5109,6750.0,5.0,Poor
5110,5171.0,8.0,excellent
5111,5.0,,Average
5112,8315.0,-1.0,Poor
5113,9090.0,4.0,
5114,5579.0,5.0,Excellent
5115,5651.0,2.0,excellent
5116,4993.0,5.0,Excellent
5117,2372.0,3.0,Average
5118,4815.0,4.0,
5119,2501.0,3.0,Poor
5120,792.0,2.0,excellent
5121,5738.0,-1.0,Good
5122,9168.0,-1.0,Average
5123,709.0,5.0,Average
5124,2071.0,2.0,Average
5125,7864.0,5.0,Good
5126,3412.0,,Excellent
5127,7523.0,3.0,Excellent
5128,5464.0,4.0,excellent
5129,8244.0,5.0,
5130,8620.0,-1.0,Excellent
5131,5214.0,-1.0,Excellent
5132,8036.0,3.0,Poor
5133,2969.0,3.0,excellent
5134,9881.0,-1.0,Poor
5135,9811.0,3.0,Average
5136,7578.0,4.0,Good
5137,4273.0,-1.0,Average
5138,6607.0,5.0,Good
5139,4743.0,1.0,
5140,8518.0,,Good
5141,4370.0,2.0,excellent
5142,3216.0,1.0,Poor
5143,3237.0,4.0,Good
5144,6207.0,-1.0,Poor
5145,777.0,1.0,Average
5146,3536.0,3.0,Good
5147,9624.0,3.0,Good
5148,9835.0,-1.0,Average
5149,7544.0,5.0,Average
5150,2694.0,-1.0,excellent
5151,9869.0,3.0,Poor
5152,9361.0,-1.0,Excellent
5153,2437.0,8.0,Average
5154,7696.0,3.0,Good
5155,2964.0,2.0,excellent
5156,8245.0,3.0,
5157,7340.0,1.0,excellent
5158,2443.0,,Poor
5159,7592.0,4.0,Excellent
5160,8725.0,2.0,Poor
5161,3121.0,-1.0,Average
5162,2603.0,-1.0,excellent
5163,2583.0,2.0,excellent
5164,477.0,,excellent
5165,5184.0,3.0,Poor
5166,7740.0,2.0,Average
5167,4093.0,,Good
5168,7233.0,5.0,
5169,9632.0,3.0,Average
5170,9312.0,2.0,
5171,9548.0,4.0,
5172,1175.0,-1.0,Average
5173,6248.0,5.0,Excellent
5174,3992.0,,Poor
5175,1991.0,4.0,
5176,5667.0,4.0,
5177,2150.0,5.0,
5178,4410.0,2.0,
5179,8818.0,2.0,
5180,8894.0,,Good
5181,3585.0,4.0,
5182,5528.0,3.0,Good
5183,874.0,5.0,Excellent
5184,7216.0,5.0,
5185,7700.0,2.0,Average
5186,9750.0,1.0,
5187,308.0,-1.0,Poor
5188,7611.0,2.0,Poor
5189,5530.0,1.0,Poor
5190,5629.0,,
5191,2498.0,-1.0,
5192,1068.0,4.0,Good
5193,5543.0,4.0,Average
5194,9133.0,2.0,Average
5195,8808.0,4.0,Average
5196,3956.0,2.0,
5197,9162.0,,Average
5198,2041.0,8.0,Excellent
5199,300.0,-1.0,Average
5200,540.0,,
5201,2767.0,,excellent
5202,6313.0,,
5203,5069.0,5.0,Poor
5204,23.0,2.0,Poor
5205,3460.0,3.0,
5206,4426.0,3.0,
5207,3026.0,-1.0,Poor
5208,6557.0,3.0,excellent
5209,8722.0,1.0,excellent
5210,8077.0,8.0,Good
5211,8360.0,3.0,Excellent
5212,9206.0,1.0,Excellent
5213,1632.0,3.0,Average
5214,3503.0,2.0,Average
5215,4877.0,1.0,Excellent
5216,1533.0,5.0,Excellent
5217,5943.0,1.0,excellent
5218,8754.0,3.0,Good
5219,7073.0,1.0,Good
5220,3583.0,2.0,Average
5221,768.0,8.0,Average
5222,327.0,-1.0,excellent
5223,4338.0,-1.0,Average
5224,2976.0,4.0,Average
5225,7650.0,,Average
5226,1456.0,,Average
5227,4177.0,8.0,Excellent
5228,3055.0,-1.0,Average
5229,9603.0,2.0,Good
5230,3859.0,5.0,Poor
5231,2189.0,3.0,Average
5232,7173.0,8.0,Poor
5233,5949.0,5.0,excellent
5234,7374.0,3.0,Poor
5235,3378.0,5.0,Poor
5236,5262.0,2.0,Average
5237,8306.0,1.0,excellent
5238,1637.0,3.0,Poor
5239,8726.0,2.0,
5240,8041.0,3.0,excellent
5241,5224.0,8.0,Excellent
5242,3162.0,,
5243,1823.0,-1.0,Poor
5244,7661.0,-1.0,Good
5245,9932.0,4.0,Poor
5246,862.0,2.0,Excellent
5247,9112.0,3.0,
5248,7445.0,1.0,Good
5249,3490.0,1.0,Good
5250,8002.0,2.0,excellent
5251,4275.0,3.0,Poor
5252,5408.0,8.0,Average
5253,7793.0,5.0,excellent
5254,1441.0,-1.0,Poor
5255,8873.0,4.0,Poor
5256,4097.0,2.0,Good
5257,3211.0,-1.0,Average
5258,5287.0,,Poor
5259,6561.0,3.0,Excellent
5260,9162.0,1.0,excellent
5261,1250.0,4.0,Poor
5262,4572.0,5.0,Excellent
5263,9744.0,-1.0,
5264,7141.0,3.0,Average
5265,3283.0,,Average
5266,7574.0,3.0,Excellent
5267,791.0,-1.0,Poor
5268,6409.0,8.0,Good
5269,276.0,-1.0,Excellent
5270,3388.0,5.0,excellent
5271,5052.0,5.0,excellent
5272,9496.0,3.0,
5273,5667.0,8.0,
5274,1262.0,2.0,
5275,3881.0,5.0,Poor
5276,5975.0,1.0,Poor
5277,1528.0,,Good
5278,3131.0,-1.0,
5279,4422.0,-1.0,Good
5280,5567.0,-1.0,Average
5281,4296.0,2.0,
5282,9995.0,2.0,Poor
5283,9574.0,3.0,
5284,553.0,1.0,Poor
5285,4081.0,3.0,Good
5286,9241.0,5.0,
5287,2862.0,-1.0,excellent
5288,3914.0,1.0,Good
5289,7847.0,8.0,Excellent
5290,5091.0,1.0,Good
5291,4150.0,1.0,Good
5292,4296.0,,Average
5293,4394.0,2.0,
5294,1796.0,-1.0,Average
5295,1103.0,8.0,Average
5296,4822.0,5.0,Poor
5297,803.0,1.0,excellent
5298,6191.0,1.0,excellent
5299,3599.0,8.0,Poor
5300,3892.0,2.0,Good
5301,4085.0,1.0,excellent
5302,4707.0,2.0,Good
5303,901.0,2.0,excellent
5304,9883.0,8.0,
5305,2042.0,4.0,Poor
5306,3771.0,2.0,Average
5307,7877.0,2.0,
5308,318.0,1.0,Excellent
5309,8249.0,1.0,Good
5310,9908.0,4.0,excellent
5311,9873.0,5.0,excellent
5312,6783.0,,excellent
5313,9455.0,8.0,excellent
5314,626.0,8.0,Poor
5315,1409.0,,
5316,1720.0,,
5317,8009.0,5.0,Poor
5318,5332.0,8.0,Average
5319,5988.0,4.0,excellent
5320,4797.0,1.0,Poor
5321,9934.0,2.0,excellent
5322,7516.0,2.0,Excellent
5323,5324.0,1.0,excellent
5324,8402.0,1.0,Excellent
5325,6873.0,,Average
5326,7584.0,1.0,Poor
5327,4602.0,1.0,excellent
5328,2237.0,8.0,Average
5329,7962.0,,
5330,7996.0,8.0,excellent
5331,552.0,8.0,
5332,6591.0,4.0,Average
5333,8520.0,-1.0,excellent
5334,5415.0,4.0,Excellent
5335,2326.0,3.0,Excellent
5336,2262.0,4.0,Good
5337,7123.0,5.0,Average
5338,9334.0,2.0,Poor
5339,7020.0,1.0,Average
5340,5848.0,3.0,excellent
5341,377.0,-1.0,excellent
5342,9546.0,3.0,Average
5343,2588.0,2.0,Average
5344,5849.0,2.0,Excellent
5345,9273.0,2.0,Good
5346,444.0,3.0,Good
5347,4427.0,,excellent
5348,4111.0,2.0,
5349,851.0,8.0,
5350,1814.0,-1.0,Good
5351,7940.0,5.0,Good
5352,5271.0,1.0,Poor
5353,2777.0,,Average
5354,4201.0,2.0,Excellent
5355,4645.0,8.0,Excellent
5356,458.0,2.0,
5357,579.0,,Good
5358,1293.0,-1.0,Excellent
5359,4302.0,4.0,Poor
5360,346.0,-1.0,Good
5361,4599.0,1.0,Excellent
5362,7722.0,2.0,Good
5363,4134.0,1.0,Average
5364,2501.0,4.0,Average
5365,564.0,4.0,Good
5366,1129.0,-1.0,excellent
5367,2195.0,1.0,Good
5368,5193.0,8.0,
5369,7255.0,,Average
5370,4541.0,4.0,excellent
5371,5214.0,1.0,Poor
5372,4167.0,3.0,Excellent
5373,8222.0,3.0,Poor
5374,8672.0,3.0,
5375,5833.0,-1.0,
5376,1050.0,4.0,Poor
5377,6755.0,5.0,Good
5378,8110.0,5.0,Poor
5379,5421.0,1.0,Excellent
5380,2169.0,5.0,Average
5381,5753.0,3.0,Good
5382,1156.0,4.0,
5383,2861.0,1.0,excellent
5384,7937.0,1.0,Poor
5385,135.0,-1.0,Poor
5386,961.0,1.0,Average
5387,4416.0,-1.0,Excellent
5388,7407.0,,
5389,6278.0,2.0,excellent
5390,56.0,8.0,Excellent
5391,7235.0,4.0,excellent
5392,5043.0,4.0,Good
5393,4820.0,4.0,Excellent
5394,6670.0,8.0,excellent
5395,2059.0,5.0,excellent
5396,3659.0,,excellent
5397,7268.0,8.0,Excellent
5398,4220.0,2.0,
5399,9803.0,3.0,Good
5400,3950.0,1.0,Good
5401,1873.0,1.0,Average
5402,8738.0,5.0,Good
5403,2108.0,,Poor
5404,9053.0,3.0,excellent
5405,8589.0,2.0,Excellent
5406,1675.0,4.0,
5407,8588.0,8.0,Excellent
5408,9743.0,-1.0,Average
5409,6048.0,4.0,Average
5410,7566.0,,Poor
5411,2841.0,8.0,Good
5412,4007.0,-1.0,Good
5413,1060.0,5.0,Poor
5414,6305.0,1.0,excellent
5415,1249.0,3.0,Average
5416,1730.0,,Good
5417,6439.0,1.0,Average
5418,7427.0,1.0,Excellent
5419,3613.0,5.0,Poor
5420,6207.0,3.0,
5421,9333.0,2.0,Good
5422,6901.0,4.0,Poor
5423,3591.0,1.0,excellent
5424,5774.0,2.0,Excellent
5425,9622.0,,Average
5426,2074.0,4.0,
5427,4762.0,4.0,Excellent
5428,738.0,1.0,
5429,475.0,8.0,
5430,6325.0,1.0,excellent
5431,9689.0,-1.0,Excellent
5432,351.0,4.0,Average
5433,2541.0,4.0,
5434,64.0,4.0,Average
5435,2953.0,-1.0,Good
5436,2564.0,4.0,Good
5437,9007.0,2.0,Average
5438,9792.0,3.0,excellent
5439,7363.0,5.0,Average
5440,550.0,4.0,
5441,6117.0,3.0,Poor
5442,2914.0,4.0,
5443,218.0,5.0,
5444,8900.0,2.0,excellent
5445,1790.0,1.0,
5446,4764.0,,excellent
5447,3695.0,5.0,Average
5448,5520.0,3.0,Average
5449,6951.0,-1.0,Poor
5450,3925.0,,Excellent
5451,3406.0,4.0,Average
5452,8794.0,1.0,Good
5453,4636.0,2.0,Poor
5454,4050.0,2.0,Good
5455,8203.0,2.0,Good
5456,4410.0,-1.0,Excellent
5457,5397.0,5.0,Excellent
5458,4339.0,2.0,excellent
5459,4598.0,-1.0,Poor
5460,5847.0,3.0,Good
5461,2653.0,3.0,
5462,6249.0,5.0,
5463,6384.0,,Poor
5464,1086.0,8.0,Good
5465,9663.0,4.0,excellent
5466,3413.0,-1.0,Average
5467,1243.0,2.0,Good
5468,387.0,4.0,Good
5469,6742.0,5.0,Average
5470,8853.0,2.0,Poor
5471,2383.0,1.0,excellent
5472,4178.0,3.0,
5473,4635.0,,Poor
5474,3823.0,2.0,Average
5475,6656.0,8.0,Good
5476,781.0,1.0,
5477,7172.0,2.0,Average
5478,3182.0,8.0,
5479,6373.0,4.0,Average
5480,9947.0,1.0,Average
5481,7219.0,5.0,Excellent
5482,4255.0,4.0,Poor
5483,9051.0,4.0,Excellent
5484,8726.0,,excellent
5485,6308.0,,Excellent
5486,641.0,,Average
5487,8283.0,5.0,Good
5488,1832.0,4.0,Poor
5489,4985.0,2.0,Excellent
5490,9714.0,2.0,Poor
5491,4289.0,1.0,excellent
5492,3860.0,1.0,Average
5493,72.0,4.0,excellent
5494,4181.0,-1.0,Poor
5495,5661.0,-1.0,Excellent
5496,9651.0,-1.0,Poor
5497,4640.0,8.0,Average
5498,3125.0,2.0,Average
5499,1807.0,4.0,Good
5500,9850.0,,Average
5501,3364.0,,Average
5502,5408.0,1.0,Good
5503,9435.0,,excellent
5504,1662.0,8.0,Average
5505,4621.0,3.0,Excellent
5506,6260.0,4.0,Good
5507,9895.0,3.0,Good
5508,2666.0,4.0,Good
5509,689.0,-1.0,Poor
5510,6237.0,2.0,excellent
5511,7078.0,8.0,
5512,5580.0,8.0,excellent
5513,6022.0,4.0,Good
5514,7260.0,4.0,Poor
5515,5641.0,4.0,Average
5516,9683.0,-1.0,Excellent
5517,1543.0,4.0,Poor
5518,5600.0,,Good
5519,73.0,-1.0,
5520,4009.0,5.0,Excellent
5521,7393.0,1.0,Poor
5522,3704.0,4.0,Average
5523,4842.0,3.0,
5524,270.0,3.0,
5525,7038.0,3.0,Average
5526,4641.0,8.0,
5527,3218.0,4.0,Average
5528,9455.0,4.0,Good
5529,4329.0,8.0,
5530,3433.0,,Poor
5531,8956.0,-1.0,
5532,9345.0,-1.0,Excellent
5533,2087.0,8.0,
5534,873.0,5.0,Excellent
5535,5003.0,8.0,
5536,7224.0,5.0,Good
5537,9537.0,8.0,Average
5538,2800.0,2.0,Good
5539,8011.0,,Average
5540,1578.0,1.0,
5541,9088.0,3.0,Excellent
5542,7281.0,2.0,Poor
5543,4350.0,3.0,Good
5544,3200.0,3.0,Good
5545,5563.0,5.0,excellent
5546,6119.0,-1.0,Average
5547,8174.0,1.0,Average
5548,907.0,5.0,Excellent
5549,3532.0,5.0,excellent
5550,2816.0,8.0,Average
5551,4441.0,1.0,Excellent
5552,7003.0,-1.0,Good
5553,3965.0,2.0,Good
5554,9478.0,1.0,Good
5555,5061.0,,Poor
5556,6537.0,1.0,Good
5557,8530.0,3.0,Excellent
5558,6619.0,8.0,Excellent
5559,7512.0,-1.0,Excellent
5560,3648.0,,excellent
5561,2317.0,-1.0,Good
5562,1152.0,-1.0,Good
5563,2974.0,2.0,Good
5564,5430.0,1.0,Excellent
5565,2323.0,-1.0,Average
5566,9391.0,2.0,Good
5567,8483.0,3.0,Good
5568,7111.0,2.0,Good
5569,4357.0,4.0,Excellent
5570,8698.0,,Poor
5571,4010.0,4.0,
5572,834.0,,Poor
5573,4670.0,1.0,Poor
5574,3392.0,8.0,
5575,769.0,,Excellent
5576,2308.0,8.0,Excellent
5577,9199.0,2.0,
5578,2356.0,5.0,excellent
5579,7197.0,,excellent
5580,5759.0,,Good
5581,242.0,3.0,Good
5582,7862.0,,excellent
5583,3974.0,3.0,Average
5584,3238.0,5.0,Excellent
5585,9251.0,5.0,Good
5586,3570.0,,Good
5587,3397.0,2.0,Average
5588,3290.0,-1.0,Average
5589,6719.0,4.0,excellent
5590,3156.0,,Excellent
5591,6457.0,4.0,Average
5592,8537.0,-1.0,
5593,7052.0,4.0,
5594,1094.0,5.0,Average
5595,8753.0,-1.0,excellent
5596,4649.0,3.0,Average
5597,6483.0,3.0,Average
5598,4382.0,,Good
5599,9635.0,8.0,Poor
5600,8484.0,1.0,Excellent
5601,730.0,1.0,Good
5602,5090.0,,Average
5603,4658.0,5.0,Good
5604,4559.0,,Good
5605,3784.0,4.0,Excellent
5606,4645.0,5.0,excellent
5607,1527.0,-1.0,
5608,7105.0,-1.0,excellent
5609,3010.0,5.0,Excellent
5610,3587.0,8.0,Poor
5611,1285.0,,
5612,2056.0,2.0,Average
5613,135.0,5.0,Average
5614,8975.0,5.0,Good
5615,953.0,4.0,
5616,9780.0,5.0,
5617,1603.0,1.0,Poor
5618,8294.0,2.0,Poor
5619,370.0,-1.0,excellent
5620,1616.0,1.0,Excellent
5621,2269.0,2.0,
5622,1723.0,5.0,Average
5623,1905.0,8.0,Average
5624,4293.0,1.0,Poor
5625,2636.0,3.0,Poor
5626,4035.0,8.0,excellent
5627,3777.0,5.0,Excellent
5628,3218.0,2.0,excellent
5629,3450.0,-1.0,Good
5630,4808.0,3.0,Poor
5631,9851.0,3.0,Poor
5632,1565.0,2.0,Poor
5633,1733.0,5.0,Average
5634,8332.0,4.0,excellent
5635,7161.0,-1.0,Poor
5636,2991.0,2.0,Good
5637,6584.0,3.0,excellent
5638,707.0,5.0,Average
5639,2928.0,1.0,
5640,3377.0,2.0,
5641,1945.0,5.0,Average
5642,4665.0,4.0,Poor
5643,4624.0,1.0,excellent
5644,4940.0,-1.0,excellent
5645,1737.0,1.0,excellent
5646,4814.0,,excellent
5647,912.0,4.0,Average
5648,4516.0,,Good
5649,4111.0,5.0,Poor
5650,2343.0,1.0,Good
5651,8021.0,4.0,Excellent
5652,8409.0,4.0,Good
5653,9743.0,-1.0,Poor
5654,5330.0,,Average
5655,6345.0,3.0,excellent
5656,8528.0,8.0,Good
5657,7455.0,-1.0,Average
5658,9733.0,,excellent
5659,380.0,-1.0,
5660,2717.0,,excellent
5661,7962.0,,Excellent
5662,1147.0,4.0,Poor
5663,8268.0,5.0,Excellent
5664,3955.0,8.0,Poor
5665,3050.0,4.0,Average
5666,6424.0,5.0,Average
5667,9480.0,2.0,Good
5668,3213.0,3.0,Average
5669,7603.0,2.0,Average
5670,7206.0,8.0,
5671,4191.0,5.0,Good
5672,3143.0,4.0,excellent
5673,7373.0,4.0,Average
5674,6442.0,1.0,Excellent
5675,6290.0,-1.0,Good
5676,8604.0,3.0,Excellent
5677,9266.0,2.0,Average
5678,1754.0,8.0,Excellent
5679,8108.0,1.0,Excellent
5680,7196.0,4.0,excellent
5681,3176.0,-1.0,excellent
5682,1746.0,2.0,Average
5683,1763.0,3.0,Excellent
5684,7252.0,2.0,Poor
5685,9039.0,2.0,Good
5686,8008.0,3.0,Poor
5687,4364.0,1.0,Excellent
5688,2737.0,1.0,
5689,1444.0,5.0,Excellent
5690,215.0,8.0,excellent
5691,9146.0,4.0,Good
5692,4778.0,,excellent
5693,8710.0,2.0,Good
5694,6772.0,5.0,Good
5695,2815.0,-1.0,Excellent
5696,2402.0,5.0,Poor
5697,3052.0,8.0,excellent
5698,8963.0,8.0,excellent
5699,153.0,-1.0,Excellent
5700,7940.0,2.0,Excellent
5701,4474.0,5.0,
5702,928.0,2.0,Excellent
5703,9734.0,,Average
5704,4358.0,,Excellent
5705,2879.0,1.0,Average
5706,1502.0,-1.0,Excellent
5707,7372.0,8.0,Average
5708,8372.0,3.0,Excellent
5709,4809.0,,Excellent
5710,8543.0,2.0,Good
5711,4454.0,-1.0,Good
5712,2228.0,8.0,Average
5713,8068.0,2.0,Poor
5714,5899.0,-1.0,Average
5715,6035.0,,Poor
5716,6006.0,2.0,Good
5717,3802.0,2.0,
5718,1058.0,3.0,
5719,4613.0,,excellent
5720,2637.0,4.0,Average
5721,2282.0,1.0,Excellent
5722,5434.0,2.0,Good
5723,5511.0,-1.0,Excellent
5724,6116.0,,Average
5725,3365.0,1.0,Excellent
5726,752.0,4.0,excellent
5727,390.0,3.0,Average
5728,2066.0,2.0,Poor
5729,7502.0,1.0,Poor
5730,9576.0,-1.0,Poor
5731,7682.0,5.0,Poor
5732,9104.0,4.0,Excellent
5733,8577.0,-1.0,Excellent
5734,9368.0,8.0,Average
5735,5070.0,8.0,Excellent
5736,8447.0,,Good
5737,2348.0,4.0,Good
5738,9671.0,8.0,Average
5739,8017.0,2.0,Average
5740,4212.0,3.0,Average
5741,8235.0,8.0,
5742,3241.0,4.0,excellent
5743,7734.0,4.0,
5744,6977.0,-1.0,Good
5745,9208.0,5.0,Average
5746,4462.0,-1.0,excellent
5747,8345.0,2.0,Average
5748,7821.0,3.0,Average
5749,6946.0,4.0,Good
5750,5108.0,-1.0,Average
5751,4532.0,4.0,Good
5752,6013.0,5.0,Poor
5753,4939.0,-1.0,
5754,9077.0,1.0,Good
5755,8197.0,4.0,
5756,7131.0,4.0,Poor
5757,8746.0,3.0,Good
5758,2092.0,2.0,Good
5759,1920.0,1.0,Poor
5760,1129.0,,Good
5761,6375.0,4.0,Excellent
5762,5884.0,,Excellent
5763,9412.0,5.0,Average
5764,616.0,-1.0,Average
5765,9543.0,1.0,
5766,7446.0,2.0,excellent
5767,6446.0,5.0,Excellent
5768,7353.0,,Average
5769,9522.0,5.0,Excellent
5770,5939.0,4.0,Excellent
5771,5551.0,4.0,Average
5772,1756.0,3.0,excellent
5773,2354.0,2.0,Poor
5774,7619.0,2.0,
5775,1810.0,3.0,
5776,4849.0,4.0,Average
5777,4993.0,3.0,Good
5778,9537.0,-1.0,excellent
5779,9256.0,,
5780,7154.0,4.0,
5781,2284.0,5.0,excellent
5782,2254.0,1.0,excellent
5783,9780.0,8.0,Poor
5784,7013.0,1.0,Good
5785,137.0,4.0,Excellent
5786,7377.0,4.0,Good
5787,691.0,,Excellent
5788,3302.0,,excellent
5789,5646.0,1.0,Poor
5790,1577.0,5.0,Average
5791,4895.0,,excellent
5792,9085.0,5.0,Good
5793,7879.0,2.0,Excellent
5794,9312.0,-1.0,excellent
5795,8185.0,-1.0,Excellent
5796,9285.0,3.0,
5797,9120.0,-1.0,
5798,4011.0,4.0,Excellent
5799,1294.0,2.0,Good
5800,3296.0,1.0,
5801,864.0,4.0,Poor
5802,9913.0,3.0,Excellent
5803,496.0,8.0,Excellent
5804,2830.0,3.0,excellent
5805,4833.0,1.0,Average
5806,1732.0,,
5807,4320.0,-1.0,Good
5808,5891.0,4.0,Excellent
5809,6271.0,5.0,
5810,3300.0,2.0,excellent
5811,7616.0,1.0,
5812,3924.0,8.0,Excellent
5813,8195.0,5.0,excellent
5814,4927.0,4.0,Poor
5815,7550.0,,excellent
5816,9118.0,-1.0,excellent
5817,1177.0,1.0,Poor
5818,5843.0,,Average
5819,6937.0,1.0,excellent
5820,4967.0,1.0,Poor
5821,1871.0,4.0,excellent
5822,8488.0,5.0,
5823,3768.0,-1.0,Poor
5824,4176.0,5.0,Poor
5825,9586.0,-1.0,excellent
5826,3719.0,2.0,
5827,9568.0,,
5828,9522.0,1.0,Excellent
5829,8316.0,-1.0,Poor
5830,4881.0,8.0,Poor
5831,1813.0,8.0,Poor
5832,4252.0,,excellent
5833,9528.0,8.0,excellent
5834,8658.0,5.0,Average
5835,298.0,5.0,Average
5836,2953.0,-1.0,Excellent
5837,2082.0,-1.0,Average
5838,8627.0,2.0,Good
5839,5552.0,1.0,Excellent
5840,1822.0,5.0,Excellent
5841,2372.0,8.0,Good
5842,8103.0,3.0,
5843,3216.0,5.0,
5844,2646.0,1.0,Excellent
5845,9648.0,,Poor
5846,444.0,,
5847,2707.0,3.0,Good
5848,1133.0,5.0,Average
5849,5145.0,4.0,Average
5850,24.0,8.0,excellent
5851,6706.0,8.0,Excellent
5852,3626.0,2.0,excellent
5853,8943.0,-1.0,Average
5854,8389.0,1.0,Excellent
5855,6096.0,-1.0,
5856,8404.0,2.0,Excellent
5857,4391.0,3.0,Poor
5858,1257.0,2.0,Excellent
5859,5860.0,4.0,Good
5860,5969.0,,Good
5861,7353.0,4.0,Average
5862,1726.0,-1.0,
5863,8223.0,5.0,Excellent
5864,5451.0,3.0,Excellent
5865,1281.0,8.0,Excellent
5866,2138.0,3.0,Excellent
5867,1159.0,1.0,Average
5868,3877.0,8.0,
5869,9160.0,-1.0,Excellent
5870,5264.0,5.0,excellent
5871,2569.0,4.0,
5872,3272.0,2.0,Excellent
5873,7336.0,-1.0,Good
5874,1544.0,1.0,Poor
5875,5635.0,3.0,Good
5876,4540.0,3.0,Poor
5877,173.0,3.0,
5878,4685.0,-1.0,excellent
5879,47.0,3.0,Good
5880,1257.0,2.0,excellent
5881,2685.0,2.0,excellent
5882,6491.0,3.0,Average
5883,4171.0,1.0,Good
5884,2757.0,2.0,Excellent
5885,9802.0,2.0,Good
5886,5588.0,,Poor
5887,1881.0,2.0,excellent
5888,2130.0,1.0,Excellent
5889,6056.0,4.0,Average
5890,8043.0,-1.0,Good
5891,8009.0,4.0,Good
5892,6097.0,,Good
5893,1665.0,-1.0,Average
5894,9014.0,5.0,Average
5895,4217.0,1.0,Excellent
5896,1703.0,8.0,Good
5897,7541.0,5.0,Poor
5898,5380.0,-1.0,
5899,5529.0,,Average
5900,4695.0,-1.0,Average
5901,1621.0,2.0,Poor
5902,176.0,,Excellent
5903,5238.0,3.0,
5904,9516.0,3.0,
5905,3177.0,1.0,Excellent
5906,887.0,8.0,excellent
5907,7779.0,1.0,Average
5908,6594.0,8.0,Poor
5909,1579.0,,Poor
5910,9657.0,1.0,Good
5911,5040.0,-1.0,Excellent
5912,5491.0,5.0,Average
5913,3388.0,4.0,Poor
5914,3230.0,1.0,Poor
5915,6838.0,-1.0,Excellent
5916,2633.0,4.0,Good
5917,1266.0,3.0,Poor
5918,1963.0,5.0,Excellent
5919,7885.0,3.0,excellent
5920,2609.0,3.0,Poor
5921,164.0,2.0,Poor
5922,2103.0,2.0,Poor
5923,3357.0,8.0,Average
5924,6832.0,8.0,Average
5925,7445.0,4.0,Good
5926,8573.0,3.0,Average
5927,5619.0,4.0,Good
5928,7913.0,8.0,excellent
5929,9826.0,,
5930,9350.0,3.0,excellent
5931,5747.0,4.0,Poor
5932,133.0,4.0,Excellent
5933,2940.0,2.0,Average
5934,2449.0,1.0,Poor
5935,3773.0,5.0,excellent
5936,4198.0,4.0,
5937,573.0,3.0,Poor
5938,7546.0,8.0,Poor
5939,5477.0,1.0,Good
5940,5522.0,5.0,Average
5941,9139.0,4.0,Good
5942,2043.0,5.0,
5943,1721.0,3.0,Excellent
5944,2374.0,1.0,excellent
5945,3915.0,5.0,Good
5946,2256.0,4.0,
5947,5170.0,1.0,Good
5948,5284.0,2.0,Average
5949,642.0,5.0,
5950,8677.0,8.0,excellent
5951,6136.0,3.0,Poor
5952,8087.0,-1.0,Excellent
5953,310.0,3.0,Excellent
5954,1969.0,1.0,Average
5955,426.0,2.0,Average
5956,2333.0,-1.0,Good
5957,1969.0,1.0,
5958,9702.0,4.0,excellent
5959,8101.0,4.0,excellent
5960,1416.0,1.0,
5961,3331.0,,
5962,1032.0,8.0,Poor
5963,5424.0,2.0,
5964,2451.0,5.0,Good
5965,4431.0,2.0,excellent
5966,8179.0,,Excellent
5967,9327.0,-1.0,
5968,8933.0,-1.0,Good
5969,89.0,1.0,excellent
5970,2172.0,2.0,
5971,1910.0,3.0,Excellent
5972,3715.0,,excellent
5973,9140.0,4.0,Excellent
5974,891.0,2.0,Poor
5975,2312.0,2.0,Good
5976,7652.0,4.0,Average
5977,919.0,2.0,Average
5978,1013.0,,Good
5979,8300.0,1.0,excellent
5980,2544.0,2.0,Average
5981,3182.0,-1.0,Poor
5982,6434.0,8.0,excellent
5983,3337.0,,Average
5984,1333.0,8.0,
5985,6493.0,,
5986,1152.0,1.0,excellent
5987,4612.0,5.0,Average
5988,1445.0,4.0,
5989,9244.0,,Excellent
5990,5117.0,,Good
5991,7016.0,8.0,Average
5992,2538.0,8.0,Excellent
5993,4310.0,-1.0,Good
5994,1295.0,4.0,Average
5995,1503.0,,excellent
5996,3550.0,5.0,Excellent
5997,6946.0,1.0,Good
5998,6281.0,2.0,Poor
5999,832.0,1.0,Poor
6000,7823.0,2.0,Excellent
6001,5933.0,8.0,Excellent
6002,717.0,1.0,Average
6003,1299.0,4.0,Average
6004,1519.0,5.0,Good
6005,3761.0,1.0,Average
6006,891.0,3.0,Excellent
6007,5382.0,2.0,Good
6008,2569.0,4.0,Excellent
6009,4645.0,,Poor
6010,8164.0,3.0,Average
6011,6025.0,5.0,Good
6012,4424.0,-1.0,Excellent
6013,3339.0,4.0,Excellent
6014,8083.0,1.0,Excellent
6015,381.0,8.0,Excellent
6016,7897.0,5.0,Good
6017,5223.0,3.0,Excellent
6018,6599.0,1.0,Good
6019,9505.0,-1.0,Good
6020,7401.0,-1.0,Excellent
6021,722.0,,Good
6022,6552.0,2.0,Average
6023,5082.0,2.0,Good
6024,1471.0,5.0,Excellent
6025,8643.0,3.0,Average
6026,9866.0,1.0,excellent
6027,3995.0,3.0,Excellent
6028,5034.0,2.0,Good
6029,4969.0,,excellent
6030,3966.0,1.0,Good
6031,9005.0,-1.0,
6032,1431.0,2.0,Good
6033,3719.0,5.0,Poor
6034,1990.0,3.0,Poor
6035,2033.0,2.0,
6036,4411.0,,Good
6037,8192.0,2.0,Excellent
6038,8224.0,5.0,
6039,9732.0,3.0,Excellent
6040,201.0,3.0,Excellent
6041,1486.0,-1.0,Excellent
6042,6491.0,5.0,
6043,6932.0,2.0,Poor
6044,9133.0,4.0,Poor
6045,7401.0,5.0,Excellent
6046,9392.0,5.0,Good
6047,1845.0,5.0,
6048,1680.0,2.0,Average
6049,9314.0,1.0,Good
6050,6253.0,4.0,excellent
6051,579.0,,Poor
6052,3341.0,-1.0,
6053,7262.0,3.0,excellent
6054,1509.0,3.0,Good
6055,515.0,,
6056,8275.0,8.0,Excellent
6057,9944.0,8.0,excellent
6058,6154.0,1.0,Excellent
6059,8534.0,,Good
6060,9687.0,8.0,Poor
6061,4509.0,3.0,Average
6062,8536.0,1.0,Poor
6063,2810.0,5.0,excellent
6064,3604.0,3.0,excellent
6065,7173.0,2.0,excellent
6066,7385.0,4.0,Average
6067,2702.0,-1.0,Excellent
6068,5615.0,5.0,
6069,5722.0,5.0,Good
6070,1961.0,2.0,Excellent
6071,2610.0,5.0,
6072,4282.0,,Poor
6073,3403.0,-1.0,Average
6074,3591.0,8.0,Excellent
6075,9846.0,8.0,Average
6076,8175.0,1.0,excellent
6077,1123.0,3.0,
6078,9032.0,,Poor
6079,6252.0,5.0,Average
6080,1197.0,,Good
6081,9428.0,5.0,Good
6082,7392.0,8.0,Poor
6083,8382.0,2.0,Average
6084,9736.0,2.0,Average
6085,3034.0,,Good
6086,1071.0,-1.0,excellent
6087,3400.0,2.0,Excellent
6088,2806.0,4.0,Excellent
6089,3592.0,,Excellent
6090,930.0,-1.0,
6091,992.0,3.0,excellent
6092,3205.0,2.0,excellent
6093,5987.0,-1.0,Excellent
6094,2931.0,8.0,
6095,5319.0,5.0,excellent
6096,5585.0,-1.0,Excellent
6097,2126.0,3.0,Average
6098,7104.0,-1.0,Poor
6099,6814.0,-1.0,Good
6100,9339.0,,Poor
6101,8587.0,2.0,
6102,9235.0,5.0,Good
6103,9701.0,-1.0,Average
6104,9737.0,3.0,
6105,4930.0,-1.0,Good
6106,4665.0,8.0,Poor
6107,6287.0,4.0,Poor
6108,4767.0,4.0,excellent
6109,4455.0,2.0,Poor
6110,1219.0,-1.0,Poor
6111,7999.0,1.0,Good
6112,5595.0,4.0,Good
6113,9047.0,4.0,
6114,6605.0,1.0,excellent
6115,641.0,,Excellent
6116,8325.0,2.0,excellent
6117,3155.0,1.0,
6118,3715.0,1.0,excellent
6119,1928.0,4.0,Poor
6120,2261.0,2.0,Average
6121,6289.0,5.0,excellent
6122,4470.0,5.0,Poor
6123,5313.0,5.0,Good
6124,5628.0,8.0,excellent
6125,6310.0,-1.0,Excellent
6126,9600.0,2.0,
6127,8593.0,4.0,Poor
6128,2908.0,3.0,Poor
6129,5692.0,,excellent
6130,2386.0,2.0,Excellent
6131,1663.0,3.0,Excellent
6132,9550.0,8.0,Average
6133,854.0,,excellent
6134,5369.0,4.0,excellent
6135,3594.0,-1.0,Good
6136,4532.0,5.0,Average
6137,2082.0,4.0,Excellent
6138,8582.0,-1.0,Poor
6139,6675.0,,Average
6140,6468.0,3.0,Average
6141,2229.0,5.0,excellent
6142,2829.0,2.0,Poor
6143,9737.0,1.0,
6144,963.0,4.0,Poor
6145,3637.0,4.0,Average
6146,8323.0,3.0,
6147,3705.0,8.0,Good
6148,6662.0,3.0,Average
6149,9270.0,-1.0,Good
6150,3333.0,-1.0,Good
6151,2517.0,-1.0,excellent
6152,2748.0,,
6153,7549.0,3.0,Average
6154,5901.0,2.0,excellent
6155,6902.0,3.0,Poor
6156,602.0,3.0,Good
6157,2971.0,8.0,
6158,4089.0,2.0,Average
6159,4833.0,1.0,Average
6160,5712.0,5.0,excellent
6161,4162.0,4.0,excellent
6162,2723.0,3.0,Average
6163,4941.0,1.0,
6164,3918.0,1.0,Poor
6165,8496.0,-1.0,
6166,4681.0,2.0,Poor
6167,2626.0,-1.0,Excellent
6168,4487.0,8.0,Excellent
6169,7604.0,5.0,Average
6170,254.0,-1.0,Poor
6171,1066.0,3.0,Poor
6172,7981.0,2.0,Excellent
6173,7113.0,,
6174,2997.0,1.0,Poor
6175,9027.0,4.0,Good
6176,8643.0,,excellent
6177,6024.0,8.0,
6178,473.0,,Good
6179,7526.0,,Average
6180,9581.0,1.0,Average
6181,68.0,4.0,excellent
6182,9464.0,8.0,Excellent
6183,7748.0,3.0,Good
6184,9226.0,1.0,Average
6185,2263.0,3.0,
6186,5593.0,8.0,excellent
6187,5297.0,5.0,Poor
6188,4269.0,3.0,
6189,6775.0,5.0,
6190,3154.0,3.0,Poor
6191,5167.0,8.0,
6192,3198.0,5.0,Average
6193,4347.0,1.0,
6194,6058.0,2.0,Average
6195,7750.0,3.0,excellent
6196,8079.0,,Average
6197,4315.0,8.0,Excellent
6198,9326.0,,Excellent
6199,8360.0,-1.0,Poor
6200,613.0,2.0,excellent
6201,8331.0,-1.0,Excellent
6202,5953.0,2.0,
6203,6465.0,5.0,excellent
6204,8261.0,3.0,excellent
6205,2362.0,1.0,excellent
6206,4134.0,2.0,Poor
6207,6059.0,8.0,Good
6208,3163.0,3.0,Poor
6209,9745.0,2.0,Good
6210,9224.0,8.0,Good
6211,8839.0,8.0,
6212,7343.0,8.0,Excellent
6213,7407.0,3.0,Poor
6214,3627.0,5.0,Average
6215,6840.0,5.0,Average
6216,9561.0,-1.0,Excellent
6217,6644.0,5.0,
6218,3791.0,-1.0,Good
6219,6931.0,8.0,Poor
6220,5018.0,8.0,Average
6221,1000.0,4.0,Poor
6222,1968.0,1.0,Good
6223,7069.0,1.0,Good
6224,2692.0,2.0,Excellent
6225,9322.0,3.0,Average
6226,5151.0,2.0,excellent
6227,1228.0,4.0,Good
6228,527.0,-1.0,
6229,5667.0,-1.0,
6230,5432.0,2.0,
6231,677.0,5.0,Good
6232,6077.0,4.0,Good
6233,9192.0,3.0,Excellent
6234,1630.0,2.0,Average
6235,853.0,1.0,excellent
6236,4560.0,,Good
6237,1470.0,,Good
6238,5352.0,5.0,
6239,6573.0,2.0,
6240,2014.0,8.0,Average
6241,1941.0,-1.0,
6242,4596.0,-1.0,
6243,5279.0,4.0,
6244,9371.0,8.0,Poor
6245,2669.0,8.0,Poor
6246,7642.0,2.0,Average
6247,2576.0,3.0,excellent
6248,4685.0,2.0,excellent
6249,8268.0,3.0,Poor
6250,867.0,2.0,
6251,4750.0,,excellent
6252,4781.0,4.0,excellent
6253,3779.0,,
6254,675.0,4.0,Average
6255,7440.0,1.0,Good
6256,640.0,,Poor
6257,6963.0,8.0,Average
6258,3936.0,8.0,Excellent
6259,1832.0,3.0,excellent
6260,516.0,2.0,
6261,8789.0,3.0,Good
6262,9092.0,8.0,
6263,1666.0,3.0,excellent
6264,8543.0,2.0,Average
6265,7980.0,1.0,
6266,6300.0,5.0,Average
6267,887.0,2.0,
6268,5208.0,1.0,Excellent
6269,293.0,4.0,Excellent
6270,3890.0,-1.0,excellent
6271,3452.0,2.0,Poor
6272,2511.0,5.0,Good
6273,372.0,-1.0,Average
6274,9708.0,,Excellent
6275,6420.0,,Poor
6276,6890.0,5.0,excellent
6277,4331.0,5.0,Poor
6278,4126.0,4.0,
6279,5913.0,4.0,
6280,8640.0,,Good
6281,3362.0,5.0,
6282,6663.0,2.0,
6283,5866.0,5.0,Excellent
6284,6739.0,2.0,Poor
6285,8858.0,5.0,Excellent
6286,4077.0,5.0,Average
6287,2071.0,8.0,Good
6288,4788.0,5.0,
6289,2755.0,5.0,Average
6290,8379.0,3.0,Good
6291,9409.0,2.0,
6292,1825.0,4.0,Average
6293,3808.0,,Average
6294,252.0,8.0,Poor
6295,5878.0,8.0,Excellent
6296,1059.0,5.0,
6297,4990.0,,
6298,7274.0,5.0,Good
6299,6293.0,,Poor
6300,4903.0,4.0,
6301,4309.0,-1.0,Good
6302,5465.0,1.0,Excellent
6303,5536.0,2.0,excellent
6304,4884.0,-1.0,excellent
6305,5666.0,1.0,excellent
6306,6646.0,3.0,Good
6307,588.0,3.0,excellent
6308,7889.0,-1.0,Average
6309,4872.0,4.0,Average
6310,6887.0,1.0,excellent
6311,522.0,2.0,Poor
6312,6285.0,2.0,excellent
6313,6569.0,,Good
6314,2429.0,1.0,Excellent
6315,8314.0,2.0,
6316,6995.0,,Poor
6317,2651.0,-1.0,Good
6318,4760.0,,Poor
6319,3143.0,3.0,Excellent
6320,3067.0,3.0,
6321,5150.0,-1.0,excellent
6322,5920.0,8.0,Good
6323,184.0,3.0,
6324,1046.0,3.0,Good
6325,8102.0,1.0,Poor
6326,6046.0,1.0,
6327,4796.0,8.0,excellent
6328,6355.0,4.0,excellent
6329,571.0,8.0,Excellent
6330,1354.0,5.0,Good
6331,372.0,2.0,Average
6332,1248.0,5.0,Excellent
6333,5540.0,5.0,Excellent
6334,7204.0,3.0,Good
6335,464.0,-1.0,Good
6336,9687.0,4.0,Average
6337,9890.0,,Excellent
6338,4614.0,5.0,excellent
6339,7141.0,1.0,Poor
6340,9873.0,4.0,Average
6341,2844.0,1.0,Excellent
6342,5566.0,-1.0,
6343,9338.0,2.0,excellent
6344,6951.0,3.0,
6345,5750.0,1.0,
6346,2546.0,5.0,excellent
6347,7985.0,5.0,Poor
6348,9599.0,3.0,Excellent
6349,6367.0,1.0,Average
6350,1753.0,4.0,Excellent
6351,1181.0,,
6352,4443.0,8.0,Excellent
6353,2075.0,5.0,Average
6354,1637.0,3.0,Good
6355,2181.0,5.0,Poor
6356,6563.0,,
6357,306.0,4.0,Average
6358,534.0,-1.0,Excellent
6359,2077.0,2.0,Excellent
6360,4035.0,8.0,
6361,1341.0,-1.0,
6362,2839.0,-1.0,Poor
6363,1811.0,4.0,Average
6364,2773.0,,Excellent
6365,3042.0,5.0,Excellent
6366,9840.0,5.0,excellent
6367,8520.0,5.0,Poor
6368,5499.0,-1.0,Good
6369,1857.0,1.0,Poor
6370,9886.0,5.0,Good
6371,5353.0,1.0,Excellent
6372,9502.0,1.0,Excellent
6373,7933.0,,Excellent
6374,5223.0,3.0,Poor
6375,662.0,1.0,Poor
6376,8840.0,5.0,Poor
6377,3252.0,5.0,excellent
6378,1866.0,2.0,Good
6379,8678.0,-1.0,Average
6380,9970.0,4.0,Average
6381,5768.0,-1.0,Poor
6382,9827.0,3.0,Average
6383,8091.0,3.0,Average
6384,1949.0,1.0,
6385,4509.0,2.0,excellent
6386,9562.0,3.0,excellent
6387,1103.0,3.0,Good
6388,771.0,2.0,excellent
6389,9288.0,3.0,excellent
6390,774.0,3.0,Excellent
6391,8218.0,1.0,Poor
6392,3449.0,4.0,excellent
6393,9477.0,2.0,Poor
6394,274.0,8.0,Average
6395,1029.0,2.0,Average
6396,6695.0,8.0,
6397,4823.0,8.0,Average
6398,1110.0,3.0,Excellent
6399,122.0,8.0,
6400,7465.0,,Excellent
6401,1010.0,5.0,Good
6402,5377.0,3.0,Average
6403,9556.0,5.0,Good
6404,6264.0,4.0,Poor
6405,7318.0,1.0,Excellent
6406,1572.0,4.0,Poor
6407,6839.0,-1.0,Good
6408,4310.0,3.0,excellent
6409,565.0,1.0,Poor
6410,7097.0,3.0,Good
6411,1945.0,2.0,Good
6412,1705.0,5.0,Average
6413,6492.0,5.0,Poor
6414,5316.0,4.0,excellent
6415,4808.0,5.0,
6416,7400.0,1.0,Excellent
6417,2087.0,-1.0,Average
6418,4212.0,2.0,Average
6419,5780.0,3.0,Average
6420,4954.0,,Poor
6421,8440.0,8.0,Poor
6422,7916.0,3.0,excellent
6423,2345.0,3.0,excellent
6424,887.0,-1.0,Average
6425,7168.0,4.0,Average
6426,4544.0,5.0,Excellent
6427,726.0,,Excellent
6428,4556.0,1.0,Poor
6429,7795.0,,Poor
6430,6513.0,4.0,Poor
6431,4968.0,,
6432,4821.0,-1.0,excellent
6433,6214.0,2.0,Average
6434,6591.0,8.0,Good
6435,1391.0,4.0,Good
6436,3204.0,2.0,Poor
6437,4025.0,4.0,Poor
6438,7922.0,,excellent
6439,3538.0,-1.0,Good
6440,1097.0,1.0,
6441,5649.0,3.0,Good
6442,6567.0,8.0,excellent
6443,1966.0,,Excellent
6444,4138.0,3.0,
6445,6936.0,8.0,Average
6446,1978.0,4.0,excellent
6447,6964.0,3.0,Average
6448,4692.0,1.0,Excellent
6449,1847.0,8.0,Average
6450,6005.0,2.0,Average
6451,8766.0,-1.0,Excellent
6452,1755.0,4.0,excellent
6453,5071.0,5.0,excellent
6454,7886.0,4.0,Excellent
6455,4977.0,4.0,Average
6456,7199.0,5.0,Poor
6457,1557.0,5.0,Good
6458,8304.0,8.0,
6459,9674.0,2.0,
6460,4396.0,8.0,excellent
6461,4649.0,-1.0,excellent
6462,1661.0,,Good
6463,5815.0,3.0,
6464,7307.0,8.0,excellent
6465,2232.0,3.0,
6466,8827.0,3.0,Poor
6467,9518.0,2.0,Good
6468,3552.0,-1.0,excellent
6469,8879.0,4.0,
6470,3171.0,,Excellent
6471,5476.0,8.0,excellent
6472,690.0,1.0,Poor
6473,6743.0,3.0,
6474,1397.0,4.0,excellent
6475,1157.0,5.0,Average
6476,3580.0,5.0,Average
6477,4678.0,4.0,Good
6478,8471.0,,excellent
6479,4499.0,8.0,Good
6480,5179.0,3.0,Poor
6481,1316.0,2.0,Good
6482,9783.0,1.0,Average
6483,3320.0,-1.0,Good
6484,2972.0,3.0,Excellent
6485,7965.0,1.0,Poor
6486,3491.0,1.0,Poor
6487,1395.0,5.0,Excellent
6488,8982.0,-1.0,excellent
6489,9983.0,-1.0,Poor
6490,9163.0,-1.0,excellent
6491,1211.0,2.0,excellent
6492,9841.0,8.0,Average
6493,1625.0,3.0,excellent
6494,3098.0,1.0,Excellent
6495,7782.0,5.0,Average
6496,7249.0,4.0,Good
6497,910.0,3.0,Excellent
6498,3229.0,4.0,
6499,6869.0,1.0,excellent
6500,86.0,8.0,excellent
6501,4764.0,,Poor
6502,7558.0,-1.0,Poor
6503,1502.0,-1.0,excellent
6504,4432.0,5.0,Average
6505,7984.0,2.0,Average
6506,6586.0,2.0,Average
6507,644.0,2.0,Excellent
6508,6294.0,5.0,excellent
6509,1674.0,5.0,Excellent
6510,2247.0,,Good
6511,7601.0,2.0,excellent
6512,9031.0,1.0,
6513,2599.0,5.0,Excellent
6514,6753.0,3.0,
6515,8918.0,8.0,Excellent
6516,7413.0,5.0,Excellent
6517,8112.0,4.0,Poor
6518,7788.0,1.0,excellent
6519,3394.0,3.0,
6520,608.0,8.0,Poor
6521,9775.0,5.0,Poor
6522,7327.0,3.0,Excellent
6523,6958.0,3.0,Average
6524,2640.0,3.0,Good
6525,4542.0,2.0,
6526,46.0,,Excellent
6527,354.0,5.0,Poor
6528,8062.0,3.0,Good
6529,7517.0,-1.0,Average
6530,8768.0,4.0,excellent
6531,1262.0,3.0,Excellent
6532,5962.0,5.0,Good
6533,2056.0,,Average
6534,9762.0,2.0,Good
6535,4497.0,4.0,Average
6536,8553.0,2.0,Poor
6537,8001.0,2.0,
6538,4285.0,,
6539,2046.0,1.0,Average
6540,6201.0,4.0,excellent
6541,8908.0,5.0,
6542,7305.0,1.0,Average
6543,2653.0,-1.0,Good
6544,6730.0,-1.0,Good
6545,6929.0,-1.0,Average
6546,2373.0,,Excellent
6547,4936.0,8.0,
6548,6489.0,8.0,Excellent
6549,2774.0,2.0,Excellent
6550,6145.0,-1.0,excellent
6551,4002.0,1.0,Average
6552,3352.0,8.0,
6553,6909.0,5.0,Poor
6554,5662.0,,Good
6555,8726.0,3.0,Excellent
6556,4859.0,5.0,Excellent
6557,9139.0,1.0,Excellent
6558,7159.0,4.0,Average
6559,1684.0,1.0,Poor
6560,6556.0,2.0,excellent
6561,789.0,1.0,Excellent
6562,1038.0,3.0,excellent
6563,8416.0,,Excellent
6564,7489.0,,
6565,7497.0,,Good
6566,1084.0,1.0,Average
6567,6059.0,1.0,excellent
6568,8205.0,8.0,Excellent
6569,2748.0,3.0,excellent
6570,7040.0,8.0,excellent
6571,8696.0,4.0,
6572,137.0,-1.0,Excellent
6573,1553.0,5.0,Excellent
6574,3727.0,5.0,
6575,2994.0,8.0,Poor
6576,4694.0,-1.0,Average
6577,8288.0,5.0,Average
6578,9664.0,1.0,
6579,899.0,2.0,Excellent
6580,9046.0,,
6581,9143.0,8.0,Good
6582,4054.0,2.0,Good
6583,5501.0,5.0,excellent
6584,839.0,4.0,Excellent
6585,6587.0,2.0,Average
6586,2312.0,1.0,Excellent
6587,3619.0,2.0,Poor
6588,6597.0,5.0,excellent
6589,8278.0,1.0,Excellent
6590,3476.0,3.0,excellent
6591,9072.0,4.0,Good
6592,5392.0,,Average
6593,3794.0,2.0,Good
6594,9087.0,-1.0,Excellent
6595,9780.0,3.0,Excellent
6596,452.0,8.0,excellent
6597,7561.0,8.0,Average
6598,5205.0,2.0,Excellent
6599,9913.0,1.0,Good
6600,4120.0,4.0,Good
6601,2084.0,5.0,
6602,3129.0,3.0,excellent
6603,1747.0,4.0,Average
6604,4248.0,1.0,
6605,3933.0,,Excellent
6606,7156.0,4.0,excellent
6607,4327.0,5.0,excellent
6608,5046.0,5.0,excellent
6609,8675.0,,Good
6610,7939.0,5.0,Excellent
6611,3594.0,3.0,
6612,6803.0,8.0,Poor
6613,5934.0,4.0,Excellent
6614,6102.0,1.0,Good
6615,6851.0,2.0,Average
6616,6473.0,-1.0,Poor
6617,4629.0,8.0,excellent
6618,1385.0,4.0,excellent
6619,6103.0,4.0,Excellent
6620,1408.0,8.0,Average
6621,3185.0,1.0,
6622,3752.0,5.0,excellent
6623,7706.0,2.0,Good
6624,1318.0,5.0,
6625,4614.0,,
6626,7476.0,4.0,
6627,2104.0,1.0,Excellent
6628,7447.0,,Average
6629,4473.0,-1.0,Good
6630,9876.0,1.0,Excellent
6631,8231.0,5.0,excellent
6632,5458.0,,Excellent
6633,4542.0,5.0,
6634,6290.0,3.0,Good
6635,5258.0,5.0,Good
6636,4054.0,4.0,Average
6637,5760.0,1.0,Poor
6638,5110.0,5.0,Excellent
6639,3640.0,,excellent
6640,9985.0,8.0,Average
6641,6888.0,1.0,Poor
6642,4204.0,5.0,Average
6643,2304.0,4.0,Average
6644,769.0,1.0,Excellent
6645,279.0,2.0,Poor
6646,7630.0,1.0,excellent
6647,5933.0,4.0,excellent
6648,104.0,2.0,Average
6649,28.0,2.0,
6650,3089.0,4.0,
6651,2513.0,1.0,Excellent
6652,175.0,-1.0,Poor
6653,1794.0,1.0,Good
6654,23.0,,excellent
6655,3690.0,,Good
6656,7225.0,3.0,Poor
6657,6796.0,8.0,Good
6658,431.0,1.0,Good
6659,8304.0,5.0,Average
6660,2823.0,,Poor
6661,6516.0,3.0,Average
6662,9777.0,1.0,Good
6663,7077.0,3.0,Good
6664,2606.0,5.0,Excellent
6665,9006.0,4.0,Excellent
6666,3361.0,,Excellent
6667,9063.0,5.0,Excellent
6668,7666.0,-1.0,Excellent
6669,2235.0,1.0,Poor
6670,9213.0,1.0,Average
6671,2651.0,4.0,Average
6672,4781.0,4.0,Good
6673,7773.0,5.0,Excellent
6674,9216.0,2.0,excellent
6675,6420.0,-1.0,
6676,2358.0,4.0,Average
6677,6838.0,4.0,
6678,5029.0,-1.0,excellent
6679,8823.0,5.0,Poor
6680,9052.0,4.0,Poor
6681,4941.0,2.0,Poor
6682,4690.0,5.0,Poor
6683,3909.0,1.0,excellent
6684,8988.0,4.0,
6685,1949.0,1.0,excellent
6686,3251.0,2.0,Average
6687,2457.0,2.0,Good
6688,3592.0,1.0,excellent
6689,7665.0,-1.0,Average
6690,3398.0,4.0,excellent
6691,5471.0,1.0,Excellent
6692,5555.0,3.0,
6693,5738.0,4.0,Average
6694,1915.0,-1.0,Average
6695,8492.0,2.0,Excellent
6696,7283.0,2.0,Poor
6697,6906.0,4.0,Poor
6698,2787.0,5.0,Poor
6699,4841.0,1.0,
6700,6078.0,2.0,Poor
6701,707.0,8.0,Poor
6702,5398.0,8.0,Poor
6703,4651.0,3.0,Good
6704,1224.0,3.0,excellent
6705,1081.0,5.0,Poor
6706,4364.0,4.0,
6707,2883.0,4.0,Average
6708,6089.0,4.0,Average
6709,8295.0,2.0,Poor
6710,7508.0,-1.0,Poor
6711,2812.0,,excellent
6712,3663.0,5.0,Excellent
6713,9070.0,5.0,Good
6714,1563.0,1.0,Good
6715,4365.0,1.0,Excellent
6716,3367.0,,
6717,9705.0,-1.0,excellent
6718,7907.0,4.0,Poor
6719,4120.0,-1.0,excellent
6720,2994.0,3.0,Average
6721,7558.0,3.0,Average
6722,3797.0,,Poor
6723,9810.0,8.0,Excellent
6724,6603.0,8.0,Good
6725,6933.0,3.0,Excellent
6726,2272.0,,
6727,3989.0,-1.0,Poor
6728,5292.0,4.0,Excellent
6729,4137.0,1.0,Excellent
6730,1387.0,8.0,Excellent
6731,181.0,3.0,
6732,9803.0,1.0,Average
6733,6489.0,1.0,
6734,1493.0,2.0,excellent
6735,2405.0,-1.0,Poor
6736,9891.0,-1.0,Average
6737,7662.0,4.0,excellent
6738,2053.0,,
6739,4492.0,-1.0,Average
6740,9644.0,8.0,Poor
6741,3858.0,,
6742,2820.0,8.0,
6743,5102.0,2.0,excellent
6744,3554.0,,Excellent
6745,8198.0,8.0,Average
6746,4068.0,-1.0,Average
6747,7721.0,2.0,Good
6748,3609.0,2.0,Good
6749,1590.0,4.0,Average
6750,3918.0,1.0,Good
6751,3995.0,-1.0,Poor
6752,479.0,2.0,Average
6753,5449.0,3.0,Excellent
6754,2275.0,1.0,Excellent
6755,2004.0,-1.0,Excellent
6756,5118.0,,excellent
6757,365.0,-1.0,Poor
6758,976.0,5.0,
6759,2597.0,,excellent
6760,9125.0,,Average
6761,5995.0,4.0,Good
6762,5045.0,8.0,Excellent
6763,5207.0,1.0,Excellent
6764,9682.0,,
6765,3408.0,3.0,Average
6766,7916.0,,Excellent
6767,5326.0,1.0,Average
6768,5441.0,8.0,excellent
6769,3814.0,8.0,excellent
6770,6216.0,,excellent
6771,2332.0,4.0,
6772,1290.0,5.0,excellent
6773,5440.0,3.0,Average
6774,9556.0,,Average
6775,9974.0,5.0,excellent
6776,7034.0,8.0,Poor
6777,2101.0,8.0,Poor
6778,772.0,1.0,Poor
6779,7584.0,-1.0,Good
6780,1174.0,2.0,Excellent
6781,3736.0,-1.0,Average
6782,8310.0,3.0,Good
6783,6072.0,5.0,
6784,4622.0,1.0,Average
6785,416.0,2.0,Excellent
6786,3516.0,4.0,Poor
6787,8445.0,1.0,Good
6788,4943.0,2.0,
6789,237.0,2.0,Average
6790,2090.0,1.0,
6791,4249.0,2.0,Average
6792,8593.0,,
6793,9926.0,,excellent
6794,6010.0,-1.0,Average
6795,4335.0,5.0,excellent
6796,7496.0,-1.0,
6797,9396.0,,Excellent
6798,1354.0,8.0,Poor
6799,9210.0,5.0,Excellent
6800,6336.0,4.0,Average
6801,6068.0,4.0,
6802,5249.0,5.0,Good
6803,6340.0,5.0,Excellent
6804,8776.0,8.0,Average
6805,6194.0,,Poor
6806,6916.0,5.0,
6807,8590.0,1.0,Poor
6808,3764.0,5.0,Good
6809,1157.0,4.0,
6810,2451.0,,Good
6811,3322.0,1.0,excellent
6812,2701.0,5.0,Poor
6813,1909.0,5.0,Poor
6814,3808.0,4.0,excellent
6815,5170.0,8.0,Poor
6816,9805.0,1.0,Good
6817,4204.0,1.0,excellent
6818,1013.0,5.0,Average
6819,6231.0,5.0,excellent
6820,4787.0,1.0,
6821,732.0,1.0,Good
6822,4451.0,5.0,Excellent
6823,2054.0,2.0,Average
6824,5431.0,-1.0,Poor
6825,6054.0,4.0,Poor
6826,3006.0,,Average
6827,8299.0,-1.0,Poor
6828,7565.0,3.0,Poor
6829,3235.0,,excellent
6830,3027.0,8.0,Poor
6831,117.0,3.0,Excellent
6832,3016.0,4.0,Good
6833,2476.0,,
6834,3255.0,5.0,Average
6835,1099.0,8.0,Good
6836,2945.0,3.0,Poor
6837,9511.0,2.0,
6838,532.0,1.0,Excellent
6839,5072.0,4.0,
6840,9655.0,5.0,Good
6841,7882.0,8.0,Excellent
6842,5981.0,5.0,excellent
6843,3170.0,3.0,Excellent
6844,2433.0,1.0,excellent
6845,3205.0,8.0,Good
6846,2777.0,5.0,excellent
6847,4847.0,4.0,Good
6848,1223.0,4.0,excellent
6849,3785.0,8.0,Good
6850,5495.0,1.0,Good
6851,9858.0,8.0,excellent
6852,8719.0,,Good
6853,9867.0,-1.0,
6854,3035.0,4.0,Good
6855,6113.0,3.0,excellent
6856,8954.0,-1.0,
6857,922.0,8.0,Poor
6858,50.0,-1.0,Good
6859,7702.0,8.0,Poor
6860,3320.0,2.0,Excellent
6861,7848.0,1.0,Poor
6862,7663.0,5.0,Excellent
6863,9507.0,,excellent
6864,5527.0,,Excellent
6865,5181.0,3.0,Average
6866,4733.0,8.0,excellent
6867,1112.0,2.0,Average
6868,836.0,-1.0,
6869,2423.0,3.0,Average
6870,7723.0,1.0,excellent
6871,770.0,3.0,
6872,3347.0,2.0,Poor
6873,3451.0,,excellent
6874,5067.0,3.0,Average
6875,759.0,2.0,Poor
6876,8544.0,3.0,Excellent
6877,4102.0,8.0,Poor
6878,5662.0,5.0,Poor
6879,722.0,,Excellent
6880,3992.0,2.0,
6881,3176.0,5.0,Poor
6882,7176.0,-1.0,
6883,6774.0,5.0,Average
6884,4740.0,-1.0,
6885,4243.0,3.0,
6886,6623.0,8.0,Average
6887,6774.0,5.0,Poor
6888,4050.0,4.0,Excellent
6889,3567.0,5.0,Average
6890,3064.0,,Poor
6891,7336.0,3.0,excellent
6892,7091.0,8.0,Good
6893,315.0,5.0,Poor
6894,3158.0,-1.0,Average
6895,6198.0,,Good
6896,3671.0,,
6897,9443.0,3.0,Excellent
6898,1001.0,2.0,Average
6899,223.0,1.0,
6900,1228.0,5.0,Average
6901,3022.0,3.0,excellent
6902,2539.0,,excellent
6903,7919.0,-1.0,
6904,7175.0,4.0,Average
6905,6966.0,2.0,Average
6906,4354.0,1.0,excellent
6907,8433.0,,Excellent
6908,1606.0,3.0,Poor
6909,2562.0,3.0,Poor
6910,7579.0,5.0,excellent
6911,4718.0,3.0,excellent
6912,5725.0,4.0,Poor
6913,8346.0,1.0,excellent
6914,5075.0,3.0,Good
6915,8270.0,8.0,Poor
6916,6974.0,8.0,Excellent
6917,8815.0,8.0,Excellent
6918,1732.0,2.0,Average
6919,1449.0,4.0,Average
6920,7816.0,8.0,Average
6921,4162.0,8.0,
6922,4958.0,5.0,excellent
6923,5962.0,-1.0,Good
6924,1478.0,2.0,excellent
6925,9391.0,-1.0,Good
6926,7907.0,8.0,excellent
6927,8888.0,8.0,Average
6928,8006.0,8.0,excellent
6929,8341.0,4.0,Excellent
6930,3448.0,1.0,Poor
6931,1415.0,8.0,
6932,5901.0,8.0,Excellent
6933,4049.0,5.0,Average
6934,1906.0,1.0,Excellent
6935,4171.0,8.0,
6936,8381.0,5.0,Poor
6937,1616.0,8.0,Good
6938,9747.0,4.0,Average
6939,4691.0,3.0,Good
6940,3362.0,1.0,excellent
6941,6045.0,5.0,Good
6942,1533.0,5.0,excellent
6943,1114.0,8.0,Average
6944,8251.0,5.0,Average
6945,3548.0,4.0,Poor
6946,3199.0,4.0,
6947,6584.0,,Poor
6948,8950.0,4.0,
6949,8540.0,3.0,Average
6950,9615.0,5.0,Poor
6951,9330.0,-1.0,Poor
6952,9262.0,1.0,Good
6953,2518.0,2.0,Good
6954,5005.0,1.0,
6955,5350.0,5.0,
6956,1336.0,4.0,Average
6957,8550.0,1.0,Poor
6958,7357.0,3.0,
6959,8104.0,8.0,Poor
6960,4772.0,3.0,
6961,4659.0,-1.0,Excellent
6962,2750.0,8.0,Good
6963,3242.0,-1.0,Excellent
6964,7701.0,3.0,
6965,9579.0,5.0,
6966,1889.0,3.0,Good
6967,9076.0,2.0,
6968,7562.0,-1.0,Poor
6969,1720.0,4.0,Good
6970,3155.0,4.0,
6971,1026.0,1.0,Good
6972,8263.0,3.0,
6973,3664.0,5.0,Excellent
6974,7662.0,4.0,Poor
6975,5785.0,4.0,excellent
6976,3642.0,8.0,
6977,8928.0,2.0,excellent
6978,8780.0,4.0,Good
6979,3248.0,1.0,excellent
6980,2276.0,,Excellent
6981,4896.0,1.0,
6982,3749.0,3.0,excellent
6983,8882.0,5.0,Poor
6984,6003.0,-1.0,Excellent
6985,322.0,3.0,Excellent
6986,1912.0,3.0,Average
6987,6890.0,4.0,Poor
6988,3182.0,3.0,Excellent
6989,1615.0,,
6990,8434.0,5.0,
6991,9657.0,5.0,Average
6992,7806.0,4.0,Average
6993,7264.0,8.0,excellent
6994,4420.0,2.0,Average
6995,9975.0,4.0,Excellent
6996,1232.0,-1.0,Good
6997,4009.0,,Good
6998,5787.0,4.0,
6999,7330.0,4.0,Average
7000,4045.0,2.0,Good
7001,7450.0,2.0,Average
7002,3237.0,3.0,Average
7003,9044.0,3.0,Average
7004,3917.0,,Poor
7005,7639.0,1.0,Poor
7006,8316.0,1.0,Poor
7007,8393.0,1.0,Average
7008,8362.0,4.0,Excellent
7009,5599.0,3.0,Excellent
7010,3175.0,4.0,
7011,3905.0,2.0,excellent
7012,5265.0,3.0,Excellent
7013,1706.0,8.0,
7014,4538.0,4.0,Excellent
7015,5073.0,-1.0,excellent
7016,312.0,4.0,Poor
7017,5678.0,4.0,Poor
7018,7294.0,5.0,Average
7019,7884.0,4.0,Excellent
7020,5156.0,3.0,Poor
7021,4627.0,5.0,excellent
7022,6273.0,8.0,
7023,5286.0,-1.0,Excellent
7024,5123.0,-1.0,Excellent
7025,6929.0,2.0,Poor
7026,4582.0,3.0,Excellent
7027,3097.0,5.0,Average
7028,7515.0,5.0,Average
7029,2498.0,4.0,excellent
7030,7506.0,1.0,
7031,3711.0,4.0,Average
7032,6752.0,,excellent
7033,2568.0,1.0,
7034,700.0,5.0,Average
7035,5377.0,8.0,Good
7036,2042.0,-1.0,excellent
7037,1095.0,,
7038,5214.0,5.0,excellent
7039,4319.0,-1.0,excellent
7040,4809.0,8.0,Excellent
7041,2851.0,1.0,Poor
7042,3858.0,4.0,Poor
7043,6485.0,5.0,Average
7044,400.0,3.0,
7045,2331.0,5.0,
7046,7231.0,1.0,Excellent
7047,4915.0,1.0,Average
7048,7827.0,3.0,
7049,9873.0,8.0,Good
7050,3215.0,-1.0,excellent
7051,4535.0,8.0,Poor
7052,6602.0,5.0,excellent
7053,6505.0,5.0,Excellent
7054,7619.0,,Good
7055,2500.0,8.0,Good
7056,2418.0,8.0,Poor
7057,3941.0,4.0,excellent
7058,3449.0,8.0,
7059,3249.0,5.0,Excellent
7060,7073.0,8.0,Good
7061,2347.0,3.0,excellent
7062,724.0,5.0,Poor
7063,848.0,8.0,excellent
7064,9607.0,1.0,Excellent
7065,73.0,8.0,Excellent
7066,7739.0,-1.0,Poor
7067,7613.0,8.0,Poor
7068,7317.0,3.0,Average
7069,5572.0,-1.0,Good
7070,9342.0,,Good
7071,1327.0,4.0,Excellent
7072,3413.0,-1.0,Average
7073,576.0,-1.0,Average
7074,1989.0,5.0,Excellent
7075,8849.0,5.0,excellent
7076,9692.0,,Poor
7077,8301.0,3.0,Excellent
7078,2928.0,-1.0,Poor
7079,864.0,8.0,Poor
7080,3060.0,-1.0,Good
7081,3064.0,-1.0,excellent
7082,3757.0,2.0,Good
7083,2688.0,5.0,Excellent
7084,3190.0,,
7085,6991.0,8.0,Excellent
7086,6174.0,2.0,
7087,1303.0,4.0,Average
7088,7722.0,,
7089,8497.0,4.0,excellent
7090,4276.0,3.0,Average
7091,4243.0,-1.0,Excellent
7092,7028.0,8.0,Excellent
7093,7627.0,4.0,Excellent
7094,9082.0,4.0,Poor
7095,9828.0,3.0,Poor
7096,5253.0,1.0,excellent
7097,3058.0,2.0,Average
7098,8004.0,4.0,Poor
7099,4878.0,3.0,excellent
7100,9032.0,3.0,Poor
7101,2565.0,4.0,excellent
7102,7446.0,8.0,Poor
7103,528.0,2.0,
7104,8695.0,-1.0,Excellent
7105,6887.0,,Average
7106,5586.0,1.0,Poor
7107,4532.0,2.0,Poor
7108,5743.0,-1.0,
7109,7647.0,-1.0,Average
7110,1294.0,8.0,Average
7111,11.0,2.0,Good
7112,9669.0,1.0,Poor
7113,3325.0,,Good
7114,9401.0,1.0,Average
7115,7572.0,1.0,Poor
7116,4287.0,1.0,Good
7117,570.0,1.0,Excellent
7118,2882.0,8.0,Poor
7119,9743.0,2.0,Excellent
7120,1567.0,-1.0,Average
7121,3068.0,-1.0,excellent
7122,6800.0,8.0,Excellent
7123,4483.0,-1.0,excellent
7124,1035.0,3.0,
7125,5753.0,3.0,Average
7126,840.0,5.0,Average
7127,9504.0,1.0,excellent
7128,8120.0,2.0,Average
7129,9002.0,,Excellent
7130,7538.0,4.0,Excellent
7131,4237.0,2.0,excellent
7132,8446.0,8.0,excellent
7133,9590.0,-1.0,Average
7134,4383.0,4.0,Poor
7135,100.0,1.0,Excellent
7136,2126.0,5.0,Poor
7137,6822.0,8.0,Good
7138,3352.0,1.0,Average
7139,9446.0,-1.0,excellent
7140,1295.0,,Poor
7141,3216.0,8.0,
7142,75.0,5.0,Excellent
7143,3386.0,3.0,Poor
7144,6588.0,5.0,excellent
7145,4363.0,8.0,excellent
7146,1094.0,8.0,Poor
7147,3665.0,3.0,Poor
7148,429.0,,Good
7149,7634.0,4.0,excellent
7150,6437.0,5.0,excellent
7151,7025.0,-1.0,Average
7152,2100.0,2.0,Excellent
7153,8567.0,4.0,Average
7154,7099.0,8.0,Good
7155,2570.0,,Average
7156,3540.0,8.0,
7157,9285.0,5.0,Good
7158,1732.0,,excellent
7159,5024.0,,Poor
7160,5793.0,2.0,Excellent
7161,8541.0,3.0,excellent
7162,5327.0,-1.0,Excellent
7163,856.0,,excellent
7164,7206.0,,Poor
7165,7393.0,,Good
7166,9230.0,2.0,Poor
7167,4198.0,4.0,Excellent
7168,6716.0,2.0,Excellent
7169,939.0,5.0,Good
7170,3522.0,2.0,Average
7171,8923.0,-1.0,
7172,2519.0,8.0,Good
7173,6526.0,8.0,excellent
7174,9235.0,4.0,excellent
7175,6501.0,5.0,Good
7176,6481.0,3.0,
7177,3257.0,5.0,excellent
7178,893.0,4.0,excellent
7179,4727.0,4.0,excellent
7180,807.0,8.0,Poor
7181,1204.0,5.0,
7182,5696.0,8.0,Excellent
7183,1060.0,3.0,Good
7184,2140.0,,Good
7185,3916.0,8.0,Average
7186,6841.0,4.0,
7187,5013.0,4.0,
7188,7861.0,4.0,
7189,6064.0,1.0,Good
7190,5372.0,1.0,Average
7191,5919.0,4.0,excellent
7192,3441.0,5.0,
7193,2639.0,4.0,Poor
7194,7302.0,-1.0,Good
7195,2784.0,-1.0,Average
7196,1457.0,2.0,Average
7197,4308.0,4.0,Good
7198,590.0,2.0,Good
7199,3232.0,3.0,Good
7200,3753.0,,
7201,6770.0,2.0,excellent
7202,3499.0,,excellent
7203,9461.0,-1.0,Excellent
7204,128.0,1.0,Poor
7205,9501.0,2.0,excellent
7206,565.0,-1.0,Excellent
7207,1518.0,5.0,Average
7208,3903.0,-1.0,Excellent
7209,5266.0,,
7210,4156.0,,
7211,6301.0,3.0,
7212,7302.0,8.0,excellent
7213,2289.0,1.0,
7214,4850.0,-1.0,Good
7215,5931.0,4.0,Poor
7216,1904.0,-1.0,Average
7217,1695.0,3.0,Good
7218,9528.0,1.0,Poor
7219,7359.0,,Average
7220,3653.0,2.0,Good
7221,5478.0,5.0,Excellent
7222,3536.0,-1.0,Average
7223,4385.0,,Poor
7224,3972.0,5.0,
7225,1465.0,,Good
7226,5088.0,8.0,Excellent
7227,3452.0,2.0,Poor
7228,889.0,8.0,
7229,5669.0,3.0,excellent
7230,4536.0,3.0,Good
7231,5779.0,2.0,Average
7232,8544.0,2.0,excellent
7233,7753.0,2.0,Poor
7234,661.0,5.0,Excellent
7235,7130.0,2.0,Average
7236,5935.0,3.0,Average
7237,2099.0,3.0,Poor
7238,3558.0,,Good
7239,1.0,1.0,Average
7240,8659.0,5.0,Good
7241,8836.0,-1.0,Excellent
7242,517.0,3.0,Good
7243,947.0,1.0,Poor
7244,7226.0,5.0,excellent
7245,4931.0,4.0,Good
7246,5641.0,,Good
7247,1568.0,2.0,Poor
7248,7285.0,,Average
7249,8925.0,,Average
7250,5839.0,,Good
7251,7944.0,1.0,Poor
7252,3678.0,-1.0,Poor
7253,3673.0,8.0,Average
7254,1841.0,5.0,
7255,1343.0,2.0,Average
7256,7300.0,2.0,Excellent
7257,2689.0,4.0,Excellent
7258,7764.0,3.0,excellent
7259,661.0,4.0,excellent
7260,8647.0,,Good
7261,9284.0,8.0,
7262,8064.0,2.0,excellent
7263,323.0,1.0,excellent
7264,7644.0,-1.0,
7265,1229.0,3.0,excellent
7266,9711.0,5.0,excellent
7267,6697.0,2.0,excellent
7268,776.0,8.0,excellent
7269,5301.0,3.0,Excellent
7270,2355.0,2.0,Average
7271,2591.0,1.0,Average
7272,5647.0,,Average
7273,5282.0,4.0,Excellent
7274,9242.0,2.0,Good
7275,4937.0,8.0,
7276,5268.0,2.0,Average
7277,7468.0,-1.0,excellent
7278,6326.0,,Poor
7279,8446.0,,Average
7280,3776.0,2.0,excellent
7281,1866.0,,Good
7282,9520.0,4.0,Good
7283,4798.0,4.0,excellent
7284,7483.0,5.0,Good
7285,3831.0,5.0,
7286,9431.0,3.0,excellent
7287,6487.0,,Excellent
7288,5890.0,3.0,excellent
7289,5422.0,1.0,Poor
7290,1849.0,1.0,Average
7291,4507.0,5.0,Average
7292,2503.0,-1.0,Poor
7293,3661.0,,
7294,992.0,-1.0,excellent
7295,3353.0,2.0,excellent
7296,2061.0,8.0,Excellent
7297,4890.0,,Good
7298,5927.0,5.0,Excellent
7299,6838.0,4.0,Poor
7300,3102.0,3.0,Average
7301,1403.0,4.0,Average
7302,5139.0,-1.0,
7303,6426.0,3.0,Poor
7304,4501.0,8.0,Excellent
7305,193.0,2.0,
7306,3280.0,3.0,Average
7307,1656.0,8.0,excellent
7308,8756.0,4.0,Poor
7309,9414.0,4.0,
7310,6814.0,5.0,Poor
7311,7920.0,2.0,Poor
7312,6806.0,5.0,
7313,525.0,-1.0,
7314,3005.0,2.0,Average
7315,2626.0,3.0,Average
7316,925.0,1.0,
7317,6390.0,-1.0,Excellent
7318,8960.0,8.0,Good
7319,9008.0,8.0,Average
7320,4552.0,4.0,Poor
7321,2250.0,,Poor
7322,1647.0,-1.0,Average
7323,3040.0,,Good
7324,3457.0,5.0,excellent
7325,5067.0,1.0,Poor
7326,1837.0,5.0,Average
7327,3356.0,5.0,Excellent
7328,3156.0,-1.0,excellent
7329,77.0,2.0,Excellent
7330,6554.0,8.0,Poor
7331,4689.0,4.0,Excellent
7332,2172.0,,
7333,8926.0,8.0,Excellent
7334,7533.0,5.0,Poor
7335,5365.0,5.0,Poor
7336,7283.0,8.0,
7337,3424.0,1.0,excellent
7338,6925.0,5.0,Poor
7339,1254.0,1.0,excellent
7340,6506.0,4.0,Good
7341,7913.0,2.0,Poor
7342,1765.0,,Average
7343,7121.0,1.0,
7344,5661.0,5.0,Poor
7345,5881.0,5.0,Average
7346,3663.0,3.0,Good
7347,6152.0,-1.0,Excellent
7348,5950.0,5.0,excellent
7349,850.0,2.0,Good
7350,325.0,8.0,Poor
7351,6302.0,1.0,Average
7352,1109.0,5.0,Average
7353,9849.0,3.0,Good
7354,1614.0,2.0,Average
7355,5641.0,2.0,Good
7356,3244.0,3.0,Average
7357,4961.0,3.0,Excellent
7358,4933.0,1.0,excellent
7359,9087.0,4.0,
7360,1983.0,,Excellent
7361,6398.0,1.0,
7362,8650.0,,Excellent
7363,2720.0,-1.0,Average
7364,4148.0,1.0,
7365,8276.0,-1.0,Poor
7366,9053.0,5.0,Average
7367,2539.0,,excellent
7368,6590.0,-1.0,Good
7369,419.0,-1.0,Average
7370,6778.0,,
7371,2595.0,2.0,
7372,9584.0,5.0,
7373,2656.0,,Average
7374,4512.0,3.0,excellent
7375,4454.0,2.0,Average
7376,974.0,4.0,Good
7377,8241.0,2.0,excellent
7378,9650.0,4.0,excellent
7379,9897.0,4.0,Good
7380,8805.0,,excellent
7381,4148.0,2.0,excellent
7382,3551.0,,
7383,6449.0,5.0,
7384,7564.0,3.0,
7385,2245.0,1.0,Good
7386,,5.0,Poor
7387,5696.0,4.0,
7388,1660.0,,excellent
7389,4065.0,5.0,
7390,6747.0,-1.0,Poor
7391,9442.0,-1.0,Poor
7392,5180.0,,Excellent
7393,3112.0,,
7394,1623.0,4.0,Poor
7395,2533.0,,Poor
7396,8028.0,,Poor
7397,8146.0,2.0,Good
7398,5234.0,5.0,
7399,7342.0,8.0,excellent
7400,8933.0,3.0,
7401,8012.0,3.0,Average
7402,1867.0,4.0,Good
7403,5797.0,3.0,
7404,3302.0,3.0,excellent
7405,4483.0,-1.0,Poor
7406,2102.0,2.0,Average
7407,4417.0,4.0,Average
7408,1539.0,8.0,Average
7409,370.0,5.0,
7410,1437.0,2.0,Good
7411,4572.0,3.0,excellent
7412,1711.0,1.0,Poor
7413,6417.0,8.0,Poor
7414,3115.0,5.0,Poor
7415,1736.0,-1.0,excellent
7416,3869.0,1.0,
7417,8850.0,-1.0,Good
7418,4173.0,,Average
7419,4470.0,2.0,Average
7420,9921.0,,Poor
7421,2024.0,2.0,Average
7422,9339.0,5.0,excellent
7423,2700.0,8.0,Excellent
7424,2200.0,5.0,Excellent
7425,5467.0,5.0,Good
7426,3362.0,1.0,Average
7427,2452.0,-1.0,Poor
7428,3600.0,2.0,
7429,3439.0,-1.0,Excellent
7430,4153.0,4.0,Average
7431,4439.0,-1.0,excellent
7432,1282.0,1.0,excellent
7433,2347.0,,excellent
7434,5073.0,3.0,Poor
7435,8222.0,3.0,Average
7436,3542.0,8.0,
7437,5585.0,1.0,
7438,1452.0,4.0,
7439,4853.0,3.0,Excellent
7440,7750.0,3.0,Good
7441,1492.0,1.0,Average
7442,4157.0,8.0,Excellent
7443,1112.0,,Excellent
7444,6050.0,3.0,Excellent
7445,7271.0,4.0,excellent
7446,3782.0,,Excellent
7447,3721.0,2.0,Excellent
7448,3339.0,4.0,Good
7449,691.0,1.0,Excellent
7450,4927.0,1.0,Average
7451,1566.0,,
7452,5898.0,,Excellent
7453,9594.0,5.0,excellent
7454,950.0,3.0,
7455,7709.0,-1.0,Poor
7456,2269.0,5.0,Excellent
7457,7941.0,,Average
7458,2285.0,5.0,Poor
7459,9224.0,4.0,Average
7460,8833.0,4.0,
7461,1212.0,,Poor
7462,280.0,2.0,
7463,5302.0,-1.0,Poor
7464,3056.0,2.0,Good
7465,9420.0,2.0,
7466,6537.0,-1.0,excellent
7467,9158.0,5.0,Excellent
7468,4465.0,5.0,Poor
7469,6545.0,-1.0,excellent
7470,8128.0,1.0,Poor
7471,4933.0,3.0,
7472,2284.0,5.0,Excellent
7473,2000.0,,Average
7474,6687.0,4.0,Poor
7475,3211.0,5.0,excellent
7476,7273.0,3.0,Good
7477,5120.0,-1.0,Excellent
7478,8321.0,2.0,Average
7479,6875.0,2.0,
7480,5112.0,1.0,Excellent
7481,4266.0,-1.0,Excellent
7482,1415.0,1.0,Average
7483,5302.0,1.0,excellent
7484,4070.0,-1.0,Good
7485,6226.0,4.0,excellent
7486,9178.0,5.0,Good
7487,146.0,4.0,Good
7488,5011.0,8.0,Excellent
7489,2913.0,8.0,Average
7490,8518.0,4.0,
7491,9282.0,1.0,excellent
7492,7682.0,8.0,Good
7493,5610.0,3.0,Good
7494,5588.0,1.0,Average
7495,3883.0,-1.0,Average
7496,2757.0,5.0,excellent
7497,9922.0,5.0,Excellent
7498,8335.0,5.0,
7499,5647.0,1.0,Good
7500,1377.0,,Poor
7501,7299.0,1.0,excellent
7502,5165.0,,Average
7503,1587.0,3.0,Poor
7504,6894.0,8.0,Poor
7505,9210.0,1.0,excellent
7506,3902.0,2.0,Good
7507,3606.0,,Average
7508,137.0,3.0,Average
7509,9000.0,5.0,Average
7510,5308.0,8.0,excellent
7511,1371.0,,Good
7512,7761.0,-1.0,Excellent
7513,8747.0,2.0,excellent
7514,5484.0,8.0,excellent
7515,487.0,,Average
7516,4122.0,5.0,excellent
7517,7572.0,5.0,Poor
7518,9327.0,4.0,Average
7519,3770.0,2.0,
7520,1257.0,4.0,Excellent
7521,8955.0,4.0,Poor
7522,7446.0,2.0,Poor
7523,4419.0,8.0,Good
7524,7095.0,-1.0,Good
7525,2364.0,4.0,Poor
7526,6756.0,8.0,
7527,9480.0,-1.0,Excellent
7528,7009.0,5.0,Average
7529,7110.0,-1.0,
7530,8194.0,4.0,
7531,2790.0,4.0,Average
7532,3583.0,1.0,Good
7533,5005.0,8.0,Average
7534,2999.0,-1.0,Poor
7535,3021.0,8.0,Average
7536,9012.0,3.0,Good
7537,1440.0,2.0,Average
7538,8846.0,4.0,Poor
7539,9904.0,,Average
7540,2691.0,,Excellent
7541,4763.0,2.0,Good
7542,7447.0,,Good
7543,2669.0,8.0,excellent
7544,5879.0,2.0,excellent
7545,73.0,-1.0,Poor
7546,3078.0,3.0,Excellent
7547,7990.0,2.0,Excellent
7548,6989.0,4.0,excellent
7549,2893.0,1.0,Excellent
7550,4832.0,8.0,Excellent
7551,8822.0,-1.0,
7552,9834.0,4.0,excellent
7553,3767.0,4.0,Poor
7554,1834.0,4.0,excellent
7555,1313.0,1.0,Poor
7556,4798.0,4.0,Excellent
7557,7650.0,8.0,Excellent
7558,3472.0,-1.0,Excellent
7559,7444.0,2.0,excellent
7560,5058.0,3.0,excellent
7561,5295.0,3.0,Good
7562,6438.0,8.0,Poor
7563,6556.0,8.0,excellent
7564,4173.0,-1.0,excellent
7565,6402.0,5.0,
7566,9829.0,,Poor
7567,4155.0,4.0,Poor
7568,1999.0,4.0,Good
7569,4292.0,-1.0,Excellent
7570,2222.0,3.0,Good
7571,1149.0,3.0,Poor
7572,203.0,3.0,
7573,6889.0,5.0,Excellent
7574,5473.0,1.0,
7575,8694.0,4.0,Poor
7576,4426.0,,Excellent
7577,1169.0,5.0,
7578,2316.0,1.0,Poor
7579,2770.0,,Poor
7580,8966.0,5.0,
7581,5807.0,3.0,Average
7582,2961.0,8.0,
7583,9947.0,,excellent
7584,6241.0,-1.0,Poor
7585,5447.0,-1.0,
7586,9977.0,,Excellent
7587,1575.0,-1.0,Good
7588,5920.0,-1.0,
7589,5339.0,2.0,Good
7590,6978.0,8.0,Poor
7591,8575.0,4.0,Good
7592,822.0,5.0,excellent
7593,9240.0,1.0,Excellent
7594,2421.0,,
7595,5772.0,,
7596,4381.0,2.0,Excellent
7597,2782.0,4.0,
7598,6214.0,,Average
7599,4433.0,2.0,Average
7600,2797.0,5.0,Excellent
7601,324.0,5.0,Excellent
7602,6250.0,4.0,Average
7603,6514.0,1.0,Good
7604,373.0,-1.0,
7605,7829.0,-1.0,excellent
7606,6052.0,5.0,Good
7607,3094.0,5.0,Good
7608,1869.0,4.0,Average
7609,7943.0,,excellent
7610,4085.0,2.0,Average
7611,808.0,8.0,
7612,8563.0,5.0,Poor
7613,41.0,4.0,Poor
7614,1958.0,1.0,
7615,1459.0,,Average
7616,1577.0,,Average
7617,8303.0,-1.0,Average
7618,5502.0,,Excellent
7619,3377.0,8.0,excellent
7620,4069.0,4.0,Excellent
7621,1423.0,8.0,Average
7622,6267.0,3.0,Good
7623,5487.0,,Poor
7624,6199.0,2.0,Poor
7625,1585.0,,Good
7626,2250.0,,
7627,3351.0,1.0,Excellent
7628,9678.0,5.0,Excellent
7629,5573.0,5.0,
7630,1126.0,1.0,Average
7631,8675.0,3.0,Poor
7632,824.0,1.0,Good
7633,1674.0,8.0,Poor
7634,9556.0,4.0,Good
7635,6090.0,1.0,Average
7636,198.0,2.0,Excellent
7637,8300.0,3.0,Poor
7638,360.0,5.0,Average
7639,7657.0,,Average
7640,3681.0,8.0,Good
7641,3416.0,-1.0,Good
7642,4762.0,4.0,
7643,5141.0,3.0,Average
7644,1645.0,4.0,
7645,6837.0,2.0,
7646,1372.0,8.0,Excellent
7647,9420.0,3.0,Good
7648,6948.0,,Average
7649,6585.0,-1.0,Good
7650,5560.0,,
7651,2805.0,3.0,
7652,1649.0,8.0,Average
7653,3360.0,8.0,Good
7654,4475.0,2.0,excellent
7655,6699.0,8.0,Poor
7656,4188.0,4.0,Poor
7657,9620.0,1.0,Good
7658,8657.0,3.0,Average
7659,8134.0,8.0,
7660,5034.0,-1.0,Good
7661,6025.0,,Average
7662,7449.0,1.0,Good
7663,2103.0,1.0,excellent
7664,5072.0,5.0,Poor
7665,8787.0,2.0,Excellent
7666,6933.0,1.0,excellent
7667,4802.0,3.0,Average
7668,2454.0,3.0,excellent
7669,2301.0,,Poor
7670,9813.0,,excellent
7671,2390.0,1.0,Average
7672,1897.0,,Excellent
7673,8275.0,,excellent
7674,5995.0,1.0,Excellent
7675,2667.0,1.0,Average
7676,3002.0,4.0,Average
7677,9462.0,5.0,Good
7678,5247.0,1.0,Excellent
7679,2340.0,8.0,Average
7680,4863.0,4.0,Excellent
7681,3138.0,3.0,Poor
7682,5262.0,1.0,excellent
7683,80.0,,Excellent
7684,7839.0,1.0,Excellent
7685,138.0,,Excellent
7686,9411.0,,Average
7687,7122.0,2.0,Excellent
7688,9863.0,8.0,excellent
7689,7048.0,3.0,excellent
7690,5574.0,,
7691,7041.0,,Average
7692,919.0,-1.0,Average
7693,1876.0,8.0,Good
7694,5050.0,3.0,Average
7695,150.0,4.0,Poor
7696,7804.0,5.0,Good
7697,3706.0,8.0,excellent
7698,680.0,3.0,excellent
7699,4628.0,1.0,Excellent
7700,5916.0,2.0,Average
7701,5967.0,8.0,Good
7702,4020.0,4.0,
7703,4246.0,2.0,Average
7704,1477.0,3.0,Excellent
7705,8644.0,4.0,Excellent
7706,8388.0,5.0,
7707,1420.0,,Poor
7708,7467.0,4.0,
7709,4727.0,1.0,excellent
7710,8030.0,,Poor
7711,623.0,,excellent
7712,7355.0,3.0,Poor
7713,3276.0,2.0,excellent
7714,6879.0,,Excellent
7715,5091.0,,
7716,4983.0,8.0,
7717,4777.0,4.0,
7718,808.0,-1.0,excellent
7719,4512.0,3.0,
7720,6055.0,2.0,Good
7721,8896.0,3.0,Excellent
7722,9654.0,1.0,
7723,9876.0,5.0,
7724,9830.0,2.0,excellent
7725,5217.0,5.0,excellent
7726,680.0,3.0,excellent
7727,3517.0,8.0,Excellent
7728,2169.0,1.0,Excellent
7729,9176.0,1.0,Good
7730,1028.0,3.0,Excellent
7731,9422.0,3.0,Good
7732,4338.0,4.0,Excellent
7733,8335.0,8.0,Good
7734,6096.0,5.0,Average
7735,8108.0,4.0,Poor
7736,4176.0,1.0,Average
7737,6561.0,3.0,
7738,7828.0,5.0,Excellent
7739,3187.0,8.0,Good
7740,4599.0,5.0,Good
7741,4475.0,2.0,Poor
7742,4871.0,-1.0,Excellent
7743,456.0,5.0,Poor
7744,2707.0,,Excellent
7745,8092.0,5.0,Average
7746,4915.0,8.0,excellent
7747,3526.0,2.0,excellent
7748,4741.0,5.0,
7749,2948.0,3.0,Excellent
7750,1913.0,,Good
7751,9689.0,3.0,Poor
7752,5866.0,8.0,Excellent
7753,1234.0,8.0,
7754,1283.0,2.0,Excellent
7755,4299.0,8.0,
7756,7131.0,4.0,Excellent
7757,2201.0,8.0,excellent
7758,9364.0,-1.0,
7759,2874.0,4.0,
7760,7220.0,8.0,
7761,5149.0,5.0,Average
7762,6717.0,3.0,
7763,576.0,,Average
7764,7104.0,1.0,Average
7765,7084.0,-1.0,Excellent
7766,6653.0,4.0,Good
7767,7733.0,5.0,Excellent
7768,5751.0,1.0,excellent
7769,3042.0,,Excellent
7770,9857.0,2.0,Good
7771,2091.0,-1.0,Excellent
7772,9075.0,1.0,excellent
7773,8145.0,-1.0,Average
7774,7668.0,-1.0,Excellent
7775,5600.0,8.0,Poor
7776,9744.0,-1.0,Good
7777,5980.0,1.0,Poor
7778,5350.0,3.0,Average
7779,8535.0,,
7780,6490.0,5.0,excellent
7781,90.0,3.0,Excellent
7782,6762.0,-1.0,Excellent
7783,8106.0,-1.0,Poor
7784,947.0,8.0,Good
7785,2827.0,2.0,Good
7786,9970.0,-1.0,Average
7787,1490.0,4.0,Average
7788,150.0,,Excellent
7789,5221.0,1.0,Excellent
7790,1730.0,5.0,excellent
7791,8978.0,3.0,Poor
7792,1528.0,2.0,Average
7793,4760.0,3.0,Poor
7794,3076.0,8.0,
7795,6772.0,4.0,Poor
7796,8438.0,4.0,Poor
7797,1272.0,5.0,Excellent
7798,8015.0,8.0,
7799,6037.0,5.0,excellent
7800,3010.0,2.0,Average
7801,7779.0,8.0,Excellent
7802,4348.0,8.0,excellent
7803,9833.0,8.0,excellent
7804,2720.0,4.0,excellent
7805,1518.0,,Poor
7806,3710.0,4.0,Poor
7807,5202.0,5.0,Poor
7808,7357.0,8.0,
7809,3855.0,-1.0,Good
7810,2941.0,5.0,excellent
7811,7343.0,5.0,Good
7812,9447.0,8.0,Excellent
7813,2984.0,-1.0,
7814,1965.0,3.0,Excellent
7815,6577.0,3.0,Good
7816,6282.0,3.0,Excellent
7817,2194.0,5.0,
7818,3898.0,-1.0,Average
7819,4896.0,8.0,Poor
7820,7967.0,2.0,Good
7821,717.0,-1.0,Poor
7822,1074.0,1.0,Good
7823,236.0,5.0,Good
7824,8202.0,,excellent
7825,3884.0,,Average
7826,3772.0,4.0,Poor
7827,8195.0,2.0,Good
7828,8897.0,4.0,excellent
7829,2498.0,2.0,
7830,9142.0,1.0,Excellent
7831,7427.0,3.0,excellent
7832,1149.0,,excellent
7833,6825.0,4.0,Good
7834,1768.0,1.0,excellent
7835,6957.0,-1.0,excellent
7836,9157.0,5.0,Average
7837,1549.0,4.0,Excellent
7838,4000.0,2.0,Excellent
7839,1828.0,-1.0,Good
7840,5196.0,4.0,Average
7841,6129.0,5.0,Average
7842,770.0,3.0,Average
7843,4993.0,8.0,excellent
7844,4723.0,5.0,Good
7845,3213.0,-1.0,
7846,1937.0,3.0,Poor
7847,8868.0,3.0,Poor
7848,4719.0,4.0,excellent
7849,9682.0,5.0,Average
7850,75.0,8.0,Excellent
7851,9267.0,1.0,Average
7852,7191.0,3.0,Good
7853,7009.0,3.0,Poor
7854,262.0,8.0,Good
7855,4293.0,3.0,Poor
7856,4228.0,4.0,Excellent
7857,8759.0,2.0,Average
7858,6721.0,-1.0,
7859,5387.0,1.0,Average
7860,4033.0,8.0,excellent
7861,9479.0,4.0,Excellent
7862,178.0,-1.0,Excellent
7863,6581.0,4.0,excellent
7864,7306.0,,
7865,7913.0,1.0,
7866,9054.0,1.0,Poor
7867,5836.0,-1.0,Excellent
7868,8565.0,-1.0,
7869,5828.0,5.0,excellent
7870,5820.0,3.0,Good
7871,7398.0,-1.0,Good
7872,4260.0,-1.0,Average
7873,5430.0,5.0,Poor
7874,1797.0,4.0,Good
7875,5823.0,2.0,Average
7876,9155.0,8.0,Good
7877,9589.0,,Good
7878,3263.0,-1.0,Average
7879,8500.0,,Excellent
7880,78.0,3.0,excellent
7881,2504.0,3.0,Good
7882,8595.0,-1.0,
7883,2668.0,3.0,Average
7884,1658.0,4.0,
7885,4308.0,,Average
7886,6518.0,-1.0,excellent
7887,59.0,4.0,Good
7888,3720.0,,
7889,7647.0,5.0,Excellent
7890,8831.0,5.0,excellent
7891,6253.0,1.0,excellent
7892,6211.0,1.0,Poor
7893,1963.0,,
7894,8.0,-1.0,excellent
7895,4470.0,,Poor
7896,6925.0,4.0,Average
7897,3726.0,5.0,excellent
7898,5023.0,3.0,
7899,8495.0,-1.0,Excellent
7900,905.0,1.0,Poor
7901,4341.0,8.0,Average
7902,7646.0,3.0,Poor
7903,9638.0,4.0,Good
7904,6143.0,-1.0,Good
7905,5657.0,-1.0,Poor
7906,912.0,1.0,
7907,8527.0,4.0,Excellent
7908,8202.0,2.0,Excellent
7909,1281.0,8.0,Good
7910,9748.0,1.0,Average
7911,5835.0,8.0,Poor
7912,1777.0,2.0,Poor
7913,1314.0,4.0,excellent
7914,9201.0,1.0,Excellent
7915,2094.0,3.0,
7916,9741.0,1.0,excellent
7917,2514.0,8.0,Good
7918,1488.0,5.0,excellent
7919,6690.0,4.0,Poor
7920,9366.0,,excellent
7921,8376.0,3.0,Good
7922,5643.0,-1.0,Good
7923,1571.0,-1.0,excellent
7924,1312.0,,Average
7925,4429.0,4.0,
7926,6909.0,3.0,Good
7927,3663.0,4.0,Excellent
7928,7550.0,8.0,
7929,2690.0,5.0,Excellent
7930,7377.0,8.0,Good
7931,6866.0,1.0,
7932,4318.0,1.0,Poor
7933,6946.0,,Good
7934,4765.0,1.0,Excellent
7935,1812.0,,Excellent
7936,1234.0,-1.0,Poor
7937,1602.0,-1.0,Poor
7938,6853.0,2.0,Excellent
7939,846.0,,
7940,7173.0,5.0,Good
7941,1104.0,,Excellent
7942,5196.0,4.0,Average
7943,3387.0,,Excellent
7944,99999.0,,Poor
7945,7470.0,-1.0,Poor
7946,961.0,5.0,
7947,7141.0,8.0,
7948,8135.0,-1.0,Average
7949,3106.0,5.0,
7950,5076.0,-1.0,excellent
7951,8646.0,4.0,excellent
7952,4127.0,1.0,excellent
7953,4681.0,1.0,Average
7954,8870.0,8.0,excellent
7955,5098.0,3.0,Excellent
7956,9535.0,5.0,excellent
7957,314.0,4.0,Poor
7958,2203.0,1.0,excellent
7959,6044.0,8.0,Poor
7960,697.0,-1.0,Excellent
7961,3754.0,-1.0,Excellent
7962,7496.0,4.0,Excellent
7963,778.0,4.0,Average
7964,3908.0,2.0,Excellent
7965,7756.0,8.0,Average
7966,9278.0,3.0,Good
7967,4820.0,-1.0,Good
7968,6279.0,2.0,Excellent
7969,1836.0,2.0,
7970,7542.0,4.0,Excellent
7971,4368.0,3.0,Average
7972,1974.0,8.0,Good
7973,2952.0,4.0,Good
7974,7549.0,8.0,Excellent
7975,1625.0,1.0,
7976,417.0,,Average
7977,3207.0,1.0,
7978,3431.0,8.0,Excellent
7979,21.0,5.0,
7980,1653.0,,Excellent
7981,7800.0,2.0,Poor
7982,6264.0,,Good
7983,2508.0,8.0,Poor
7984,3295.0,-1.0,
7985,1733.0,3.0,Excellent
7986,2149.0,3.0,excellent
7987,5140.0,5.0,excellent
7988,4893.0,3.0,excellent
7989,7931.0,1.0,
7990,5015.0,,
7991,8986.0,4.0,Poor
7992,2531.0,8.0,Excellent
7993,7906.0,8.0,excellent
7994,1316.0,,excellent
7995,1089.0,2.0,Poor
7996,6267.0,3.0,excellent
7997,1098.0,,Average
7998,1031.0,-1.0,Excellent
7999,80.0,5.0,Excellent
8000,170.0,4.0,
8001,2239.0,8.0,excellent
8002,3474.0,8.0,Excellent
8003,3072.0,2.0,Excellent
8004,8477.0,,Excellent
8005,5408.0,3.0,excellent
8006,6609.0,4.0,
8007,9221.0,4.0,Average
8008,3935.0,-1.0,Poor
8009,8042.0,8.0,Poor
8010,96.0,2.0,
8011,4456.0,2.0,
8012,9178.0,2.0,excellent
8013,6512.0,4.0,Average
8014,8804.0,,Excellent
8015,3524.0,5.0,excellent
8016,8104.0,4.0,Excellent
8017,8122.0,-1.0,
8018,6955.0,1.0,Average
8019,379.0,8.0,Excellent
8020,3509.0,3.0,excellent
8021,920.0,3.0,
8022,6434.0,,Poor
8023,284.0,3.0,Average
8024,4369.0,,Excellent
8025,2491.0,8.0,Poor
8026,9025.0,2.0,Average
8027,6620.0,,Good
8028,3332.0,8.0,Excellent
8029,6287.0,-1.0,Excellent
8030,812.0,-1.0,excellent
8031,4297.0,2.0,excellent
8032,9304.0,5.0,
8033,979.0,5.0,excellent
8034,2102.0,4.0,excellent
8035,7743.0,-1.0,
8036,8346.0,-1.0,Excellent
8037,3535.0,5.0,
8038,9178.0,5.0,Poor
8039,2528.0,-1.0,Good
8040,4175.0,-1.0,Average
8041,2413.0,1.0,
8042,2449.0,2.0,Poor
8043,2780.0,8.0,excellent
8044,6703.0,5.0,Excellent
8045,8561.0,8.0,excellent
8046,9887.0,2.0,excellent
8047,2192.0,2.0,Average
8048,2694.0,2.0,Poor
8049,8958.0,-1.0,Poor
8050,885.0,2.0,Excellent
8051,7047.0,3.0,Average
8052,6917.0,-1.0,Poor
8053,3111.0,3.0,excellent
8054,3409.0,5.0,excellent
8055,1707.0,5.0,Good
8056,5476.0,1.0,Excellent
8057,3753.0,-1.0,Average
8058,194.0,1.0,Poor
8059,1498.0,3.0,Poor
8060,6069.0,4.0,Excellent
8061,165.0,3.0,excellent
8062,5995.0,3.0,Good
8063,9259.0,3.0,Average
8064,1913.0,2.0,Average
8065,7121.0,1.0,excellent
8066,972.0,1.0,excellent
8067,4278.0,2.0,Average
8068,1590.0,3.0,Excellent
8069,3866.0,-1.0,
8070,3105.0,1.0,Average
8071,6693.0,3.0,Average
8072,9619.0,,Average
8073,5684.0,,Excellent
8074,7768.0,3.0,Excellent
8075,5895.0,2.0,Average
8076,3645.0,5.0,Poor
8077,7306.0,2.0,Excellent
8078,6978.0,2.0,Poor
8079,6726.0,,Excellent
8080,7196.0,3.0,Poor
8081,933.0,-1.0,excellent
8082,8792.0,,
8083,7742.0,3.0,Average
8084,7046.0,5.0,excellent
8085,8851.0,-1.0,Average
8086,9312.0,2.0,
8087,9056.0,1.0,Excellent
8088,9106.0,8.0,Average
8089,8721.0,2.0,Average
8090,7478.0,3.0,excellent
8091,9563.0,,excellent
8092,532.0,8.0,Good
8093,7565.0,-1.0,Average
8094,9937.0,,Average
8095,4891.0,-1.0,Poor
8096,9660.0,1.0,
8097,8433.0,,Average
8098,3791.0,,Average
8099,8494.0,5.0,Good
8100,7208.0,1.0,Good
8101,1151.0,1.0,
8102,7937.0,2.0,
8103,3223.0,8.0,Good
8104,5316.0,4.0,
8105,5019.0,4.0,Excellent
8106,5834.0,8.0,excellent
8107,5781.0,5.0,Average
8108,330.0,3.0,Average
8109,8995.0,8.0,Good
8110,5018.0,8.0,Average
8111,1684.0,,
8112,7331.0,,
8113,5142.0,1.0,Good
8114,5485.0,5.0,Good
8115,4776.0,8.0,excellent
8116,4300.0,5.0,Excellent
8117,2291.0,4.0,excellent
8118,6047.0,5.0,
8119,279.0,-1.0,Good
8120,5401.0,-1.0,Poor
8121,4536.0,8.0,
8122,7815.0,,Good
8123,1328.0,-1.0,
8124,3064.0,2.0,
8125,6600.0,,
8126,9400.0,5.0,excellent
8127,9617.0,1.0,Excellent
8128,721.0,-1.0,Good
8129,507.0,-1.0,excellent
8130,4672.0,2.0,excellent
8131,3218.0,1.0,
8132,5608.0,3.0,Average
8133,4448.0,8.0,excellent
8134,442.0,5.0,Excellent
8135,6582.0,1.0,Average
8136,6883.0,3.0,Average
8137,9971.0,5.0,Poor
8138,1538.0,5.0,Average
8139,4577.0,2.0,excellent
8140,8563.0,,Average
8141,9320.0,2.0,
8142,5850.0,4.0,Poor
8143,8295.0,4.0,
8144,4829.0,8.0,Poor
8145,4458.0,1.0,excellent
8146,8798.0,3.0,Average
8147,8914.0,8.0,excellent
8148,2435.0,8.0,Average
8149,1185.0,3.0,Poor
8150,5701.0,4.0,Poor
8151,4248.0,-1.0,Excellent
8152,6098.0,1.0,excellent
8153,4576.0,2.0,Good
8154,2090.0,5.0,excellent
8155,3287.0,5.0,Average
8156,1400.0,8.0,Good
8157,9752.0,8.0,Excellent
8158,3790.0,2.0,excellent
8159,5256.0,8.0,Excellent
8160,8836.0,5.0,excellent
8161,4317.0,2.0,excellent
8162,7216.0,3.0,
8163,2702.0,4.0,excellent
8164,8598.0,4.0,Average
8165,6499.0,3.0,
8166,1188.0,1.0,Excellent
8167,3662.0,4.0,excellent
8168,1645.0,-1.0,excellent
8169,3201.0,-1.0,Good
8170,9707.0,8.0,Average
8171,8491.0,5.0,excellent
8172,514.0,4.0,excellent
8173,2995.0,-1.0,Good
8174,3048.0,1.0,excellent
8175,3349.0,-1.0,Poor
8176,8505.0,-1.0,Good
8177,8287.0,5.0,
8178,5471.0,1.0,
8179,1082.0,3.0,Poor
8180,5349.0,5.0,Good
8181,5465.0,4.0,
8182,1106.0,1.0,Average
8183,4629.0,4.0,excellent
8184,3566.0,5.0,
8185,1494.0,-1.0,excellent
8186,3087.0,3.0,Good
8187,9434.0,1.0,Poor
8188,4106.0,3.0,Good
8189,7999.0,5.0,
8190,2126.0,-1.0,
8191,3463.0,4.0,Poor
8192,7653.0,-1.0,Excellent
8193,9125.0,,Good
8194,5298.0,,excellent
8195,5673.0,-1.0,Poor
8196,6060.0,5.0,
8197,258.0,3.0,Excellent
8198,6305.0,-1.0,Average
8199,8108.0,5.0,Poor
8200,3563.0,3.0,
8201,9237.0,1.0,Poor
8202,5378.0,,Excellent
8203,8329.0,,Excellent
8204,5199.0,4.0,
8205,1902.0,8.0,Excellent
8206,5125.0,2.0,Good
8207,8096.0,4.0,Excellent
8208,3050.0,,Excellent
8209,5687.0,8.0,Average
8210,7544.0,-1.0,Average
8211,2176.0,3.0,Poor
8212,4795.0,8.0,excellent
8213,1670.0,-1.0,Average
8214,289.0,-1.0,excellent
8215,1764.0,2.0,Average
8216,9134.0,8.0,Average
8217,9024.0,3.0,
8218,7906.0,5.0,Average
8219,7781.0,1.0,
8220,4838.0,5.0,
8221,2968.0,5.0,Good
8222,9625.0,5.0,excellent
8223,2323.0,-1.0,Average
8224,7886.0,2.0,Average
8225,2936.0,1.0,Poor
8226,9605.0,1.0,Good
8227,8924.0,,Average
8228,4127.0,4.0,
8229,3493.0,5.0,Excellent
8230,3786.0,2.0,Poor
8231,2777.0,5.0,Poor
8232,3752.0,2.0,Average
8233,278.0,4.0,
8234,36.0,8.0,Excellent
8235,6069.0,-1.0,Excellent
8236,8917.0,8.0,Good
8237,1972.0,4.0,Good
8238,997.0,1.0,excellent
8239,8633.0,5.0,
8240,810.0,,Average
8241,4736.0,1.0,excellent
8242,7436.0,1.0,Average
8243,6680.0,1.0,Average
8244,2798.0,3.0,Excellent
8245,7677.0,8.0,Poor
8246,3471.0,1.0,Poor
8247,6312.0,3.0,Excellent
8248,8832.0,4.0,Good
8249,3544.0,-1.0,Poor
8250,4245.0,2.0,excellent
8251,8317.0,-1.0,excellent
8252,9094.0,,Excellent
8253,5358.0,3.0,Poor
8254,439.0,3.0,
8255,447.0,1.0,Good
8256,5358.0,2.0,excellent
8257,2724.0,8.0,
8258,8911.0,2.0,Poor
8259,6348.0,4.0,Excellent
8260,8608.0,1.0,excellent
8261,8751.0,8.0,excellent
8262,5012.0,-1.0,Good
8263,2445.0,2.0,
8264,9651.0,3.0,
8265,1128.0,-1.0,Average
8266,939.0,1.0,Excellent
8267,3796.0,1.0,Poor
8268,1324.0,1.0,
8269,218.0,4.0,excellent
8270,5415.0,4.0,
8271,6019.0,8.0,Excellent
8272,3803.0,3.0,
8273,8949.0,,Excellent
8274,1173.0,4.0,Average
8275,8593.0,3.0,Excellent
8276,6787.0,8.0,Average
8277,6175.0,,Poor
8278,9061.0,3.0,excellent
8279,4463.0,8.0,Good
8280,5160.0,,Good
8281,7342.0,4.0,Average
8282,3601.0,5.0,Good
8283,3368.0,3.0,Poor
8284,1843.0,2.0,Average
8285,9433.0,,
8286,4286.0,,Average
8287,2843.0,3.0,Good
8288,8800.0,1.0,Excellent
8289,7991.0,5.0,Good
8290,615.0,8.0,Poor
8291,4468.0,2.0,Excellent
8292,2384.0,4.0,Poor
8293,2184.0,,Average
8294,2119.0,,excellent
8295,1179.0,-1.0,excellent
8296,3788.0,4.0,Excellent
8297,3966.0,4.0,Excellent
8298,2419.0,,Good
8299,239.0,4.0,Good
8300,1744.0,3.0,Excellent
8301,1214.0,4.0,Poor
8302,6180.0,2.0,Good
8303,7582.0,3.0,Excellent
8304,3455.0,1.0,Good
8305,3829.0,,
8306,3923.0,,Average
8307,8955.0,1.0,Average
8308,6425.0,-1.0,excellent
8309,3163.0,2.0,Average
8310,7484.0,3.0,Good
8311,3486.0,3.0,excellent
8312,3927.0,,
8313,3516.0,,Good
8314,3572.0,4.0,Poor
8315,6647.0,,Good
8316,823.0,8.0,
8317,3462.0,,Excellent
8318,8890.0,1.0,Poor
8319,179.0,,Excellent
8320,6884.0,5.0,Average
8321,9916.0,,Poor
8322,6301.0,4.0,Poor
8323,5009.0,1.0,Average
8324,3558.0,3.0,Good
8325,7949.0,2.0,Good
8326,9998.0,4.0,Average
8327,4157.0,2.0,excellent
8328,8592.0,4.0,
8329,1201.0,-1.0,Average
8330,6497.0,8.0,Excellent
8331,1953.0,1.0,Excellent
8332,9800.0,2.0,excellent
8333,727.0,2.0,Excellent
8334,7202.0,-1.0,Poor
8335,5325.0,,
8336,4669.0,8.0,
8337,3120.0,4.0,excellent
8338,4636.0,8.0,Good
8339,3114.0,2.0,
8340,9701.0,1.0,Average
8341,9287.0,1.0,Poor
8342,6357.0,8.0,Poor
8343,7983.0,2.0,Good
8344,2744.0,1.0,Good
8345,1726.0,5.0,Good
8346,2100.0,4.0,
8347,8122.0,-1.0,Good
8348,1528.0,,Good
8349,2121.0,4.0,Average
8350,8229.0,,Excellent
8351,3060.0,,
8352,8652.0,3.0,
8353,7233.0,8.0,Excellent
8354,6006.0,1.0,excellent
8355,8002.0,8.0,Excellent
8356,4225.0,3.0,Excellent
8357,4399.0,2.0,
8358,1280.0,-1.0,
8359,2323.0,,excellent
8360,5688.0,3.0,Excellent
8361,8525.0,-1.0,Average
8362,4069.0,8.0,excellent
8363,2563.0,,Excellent
8364,6672.0,1.0,Excellent
8365,2341.0,,Excellent
8366,7640.0,1.0,excellent
8367,6897.0,3.0,Poor
8368,7550.0,4.0,excellent
8369,6726.0,5.0,Good
8370,8044.0,1.0,
8371,6663.0,5.0,excellent
8372,3378.0,,Good
8373,9244.0,2.0,excellent
8374,116.0,,
8375,9109.0,-1.0,Poor
8376,686.0,3.0,
8377,6307.0,3.0,Excellent
8378,5612.0,-1.0,
8379,6148.0,3.0,excellent
8380,7512.0,1.0,Poor
8381,3175.0,,
8382,5651.0,,Excellent
8383,2860.0,4.0,excellent
8384,6087.0,-1.0,excellent
8385,2369.0,,excellent
8386,2155.0,4.0,Good
8387,9686.0,-1.0,Poor
8388,9661.0,-1.0,Average
8389,5178.0,2.0,excellent
8390,6730.0,2.0,excellent
8391,4563.0,8.0,Good
8392,93.0,,excellent
8393,6978.0,,Good
8394,9863.0,,Good
8395,7583.0,8.0,
8396,4332.0,2.0,Poor
8397,1753.0,-1.0,
8398,8935.0,1.0,Average
8399,2244.0,1.0,Excellent
8400,8787.0,5.0,excellent
8401,4591.0,3.0,Good
8402,8521.0,-1.0,Good
8403,5148.0,2.0,excellent
8404,8748.0,1.0,Poor
8405,5115.0,5.0,Poor
8406,1624.0,3.0,Excellent
8407,727.0,4.0,
8408,7824.0,4.0,
8409,6166.0,1.0,Average
8410,6798.0,2.0,
8411,4782.0,4.0,Poor
8412,2351.0,8.0,excellent
8413,2664.0,-1.0,Average
8414,175.0,5.0,
8415,8201.0,3.0,
8416,5874.0,4.0,Good
8417,5630.0,-1.0,Good
8418,3502.0,,Poor
8419,1475.0,1.0,
8420,8014.0,,Good
8421,5744.0,-1.0,
8422,7911.0,3.0,Good
8423,9724.0,2.0,excellent
8424,3525.0,-1.0,Good
8425,2760.0,2.0,
8426,1009.0,,Average
8427,57.0,,Excellent
8428,1761.0,3.0,Poor
8429,2928.0,5.0,Good
8430,9988.0,-1.0,Good
8431,9391.0,-1.0,Poor
8432,5273.0,3.0,excellent
8433,2260.0,8.0,
8434,8303.0,3.0,excellent
8435,5370.0,4.0,
8436,5012.0,5.0,Poor
8437,3693.0,8.0,Good
8438,5297.0,,Poor
8439,9191.0,5.0,excellent
8440,3296.0,5.0,
8441,9552.0,-1.0,Good
8442,2364.0,-1.0,Excellent
8443,4952.0,-1.0,Poor
8444,7569.0,8.0,excellent
8445,4944.0,2.0,Average
8446,4715.0,,
8447,7068.0,3.0,excellent
8448,3668.0,3.0,
8449,1601.0,-1.0,
8450,910.0,,
8451,7788.0,-1.0,
8452,5096.0,-1.0,Average
8453,4347.0,8.0,Excellent
8454,5167.0,5.0,Poor
8455,2718.0,-1.0,Excellent
8456,3816.0,2.0,Good
8457,3431.0,8.0,
8458,5347.0,3.0,Average
8459,5181.0,,Poor
8460,4854.0,2.0,excellent
8461,3187.0,-1.0,Poor
8462,394.0,,Poor
8463,6046.0,4.0,excellent
8464,8960.0,8.0,
8465,6792.0,3.0,Excellent
8466,8013.0,8.0,Good
8467,9168.0,3.0,Good
8468,8668.0,8.0,Poor
8469,7141.0,4.0,Average
8470,5567.0,,Poor
8471,8678.0,2.0,Average
8472,8620.0,8.0,Good
8473,3025.0,4.0,Poor
8474,7423.0,1.0,Excellent
8475,9645.0,1.0,Good
8476,953.0,-1.0,Poor
8477,2595.0,3.0,excellent
8478,3337.0,3.0,Good
8479,1095.0,1.0,Poor
8480,624.0,-1.0,excellent
8481,9139.0,-1.0,excellent
8482,346.0,,excellent
8483,2830.0,-1.0,Good
8484,4546.0,8.0,
8485,8731.0,1.0,excellent
8486,2111.0,8.0,Poor
8487,852.0,,
8488,192.0,8.0,Good
8489,5911.0,2.0,Average
8490,4331.0,3.0,Excellent
8491,3667.0,-1.0,Poor
8492,4726.0,-1.0,Average
8493,739.0,1.0,Poor
8494,4048.0,,Good
8495,8497.0,4.0,excellent
8496,9322.0,2.0,Poor
8497,1745.0,3.0,Good
8498,2290.0,8.0,Excellent
8499,3103.0,1.0,Excellent
8500,5419.0,,Good
8501,6160.0,5.0,excellent
8502,873.0,3.0,
8503,2110.0,-1.0,Excellent
8504,2054.0,1.0,Poor
8505,7343.0,4.0,Average
8506,2884.0,1.0,Good
8507,5337.0,1.0,Excellent
8508,5037.0,5.0,
8509,260.0,-1.0,Poor
8510,7183.0,3.0,Good
8511,2861.0,5.0,Good
8512,2840.0,1.0,Good
8513,8242.0,4.0,Average
8514,8801.0,4.0,excellent
8515,8231.0,-1.0,Good
8516,7001.0,8.0,
8517,4631.0,5.0,Excellent
8518,4111.0,2.0,Poor
8519,7599.0,,Poor
8520,807.0,2.0,excellent
8521,4185.0,3.0,Good
8522,1569.0,5.0,excellent
8523,5589.0,3.0,Average
8524,3537.0,5.0,Good
8525,9007.0,1.0,Poor
8526,3814.0,5.0,excellent
8527,4181.0,,Excellent
8528,6548.0,,Poor
8529,6465.0,2.0,excellent
8530,8188.0,1.0,
8531,7153.0,-1.0,Good
8532,2124.0,1.0,
8533,9615.0,3.0,
8534,8481.0,,excellent
8535,7984.0,2.0,Excellent
8536,6785.0,2.0,excellent
8537,6953.0,8.0,Average
8538,5816.0,-1.0,excellent
8539,7940.0,3.0,Poor
8540,4515.0,5.0,Good
8541,4397.0,4.0,Poor
8542,3660.0,,Excellent
8543,5512.0,-1.0,excellent
8544,5376.0,3.0,Poor
8545,1557.0,2.0,excellent
8546,6840.0,-1.0,Good
8547,1999.0,8.0,
8548,7279.0,4.0,excellent
8549,5708.0,1.0,Excellent
8550,277.0,3.0,Excellent
8551,8641.0,,
8552,5042.0,2.0,excellent
8553,4604.0,3.0,Poor
8554,6007.0,5.0,
8555,4641.0,,
8556,2961.0,5.0,Good
8557,7922.0,4.0,Poor
8558,7913.0,4.0,Good
8559,7835.0,2.0,Poor
8560,1109.0,4.0,Excellent
8561,5100.0,8.0,Average
8562,8503.0,3.0,Poor
8563,2338.0,1.0,excellent
8564,9159.0,8.0,Poor
8565,9062.0,-1.0,excellent
8566,3018.0,3.0,Excellent
8567,6838.0,2.0,Good
8568,3224.0,1.0,excellent
8569,1593.0,3.0,Poor
8570,8992.0,1.0,Good
8571,3229.0,8.0,excellent
8572,1223.0,1.0,Good
8573,7565.0,,Average
8574,315.0,8.0,Poor
8575,3223.0,5.0,Good
8576,3975.0,3.0,Good
8577,8909.0,2.0,excellent
8578,9268.0,3.0,Average
8579,6108.0,8.0,Excellent
8580,5969.0,3.0,
8581,5731.0,5.0,excellent
8582,6234.0,8.0,Poor
8583,4248.0,3.0,Average
8584,28.0,3.0,Poor
8585,9749.0,4.0,
8586,8152.0,4.0,Good
8587,2213.0,1.0,Average
8588,8136.0,-1.0,
8589,2599.0,2.0,Poor
8590,2300.0,2.0,
8591,7822.0,1.0,Average
8592,2174.0,,Average
8593,3156.0,8.0,Excellent
8594,6797.0,,excellent
8595,6401.0,,excellent
8596,7126.0,1.0,Excellent
8597,6851.0,5.0,
8598,1317.0,3.0,
8599,2891.0,5.0,excellent
8600,4910.0,4.0,Poor
8601,3650.0,4.0,Poor
8602,697.0,2.0,Good
8603,3040.0,2.0,
8604,8874.0,4.0,Average
8605,2879.0,4.0,Average
8606,9130.0,3.0,Poor
8607,2452.0,-1.0,Poor
8608,1398.0,4.0,excellent
8609,7103.0,4.0,Average
8610,6405.0,1.0,excellent
8611,8905.0,4.0,excellent
8612,9606.0,3.0,Excellent
8613,9925.0,1.0,Poor
8614,7471.0,3.0,excellent
8615,4250.0,8.0,Good
8616,9497.0,1.0,Excellent
8617,9415.0,5.0,Average
8618,3996.0,2.0,Poor
8619,5644.0,3.0,Excellent
8620,2252.0,1.0,Average
8621,3336.0,5.0,excellent
8622,2899.0,1.0,Excellent
8623,9366.0,,Excellent
8624,6198.0,4.0,excellent
8625,2215.0,2.0,Excellent
8626,3828.0,1.0,
8627,4680.0,2.0,Good
8628,2047.0,-1.0,Excellent
8629,7619.0,5.0,Good
8630,3239.0,-1.0,
8631,6133.0,2.0,excellent
8632,4867.0,,Poor
8633,8201.0,,
8634,8466.0,,Average
8635,5484.0,,
8636,6961.0,4.0,Poor
8637,3660.0,4.0,Excellent
8638,7784.0,-1.0,
8639,9702.0,3.0,Average
8640,513.0,2.0,Excellent
8641,5032.0,5.0,excellent
8642,7378.0,2.0,excellent
8643,5752.0,8.0,excellent
8644,436.0,3.0,
8645,5148.0,5.0,excellent
8646,6979.0,1.0,Poor
8647,8853.0,,Average
8648,7462.0,8.0,Excellent
8649,6935.0,,Good
8650,384.0,5.0,Poor
8651,8946.0,2.0,Average
8652,1552.0,3.0,excellent
8653,5623.0,4.0,Poor
8654,1504.0,2.0,Average
8655,5820.0,3.0,Good
8656,2020.0,,Excellent
8657,4734.0,4.0,
8658,5544.0,-1.0,excellent
8659,9277.0,-1.0,Poor
8660,8126.0,3.0,Poor
8661,3680.0,5.0,excellent
8662,3605.0,4.0,Excellent
8663,5049.0,,Good
8664,2571.0,5.0,Average
8665,306.0,3.0,excellent
8666,1545.0,3.0,Excellent
8667,1874.0,8.0,Poor
8668,3781.0,-1.0,Excellent
8669,3241.0,5.0,excellent
8670,7423.0,8.0,
8671,3734.0,2.0,Average
8672,5322.0,,Poor
8673,5062.0,,Average
8674,18.0,5.0,Good
8675,4270.0,1.0,Poor
8676,6410.0,-1.0,Poor
8677,3182.0,8.0,Excellent
8678,3430.0,4.0,Good
8679,270.0,,
8680,861.0,3.0,excellent
8681,7318.0,5.0,excellent
8682,9442.0,-1.0,Excellent
8683,3143.0,2.0,Excellent
8684,7096.0,8.0,Average
8685,3546.0,5.0,Poor
8686,1444.0,2.0,Excellent
8687,5620.0,8.0,Average
8688,6321.0,3.0,Good
8689,7145.0,8.0,Average
8690,3701.0,8.0,Poor
8691,5183.0,,Good
8692,6912.0,8.0,Average
8693,6459.0,3.0,
8694,3276.0,-1.0,Excellent
8695,6428.0,-1.0,Excellent
8696,9235.0,5.0,Excellent
8697,8511.0,8.0,Poor
8698,2927.0,3.0,Excellent
8699,4973.0,3.0,
8700,1038.0,8.0,excellent
8701,8155.0,8.0,Good
8702,376.0,,Poor
8703,8485.0,,Average
8704,6627.0,-1.0,Average
8705,3221.0,-1.0,Excellent
8706,8195.0,1.0,Excellent
8707,2267.0,-1.0,excellent
8708,8131.0,5.0,Poor
8709,5300.0,4.0,
8710,2470.0,1.0,excellent
8711,3798.0,5.0,excellent
8712,3250.0,-1.0,
8713,927.0,2.0,Excellent
8714,2304.0,4.0,excellent
8715,3238.0,-1.0,
8716,6441.0,-1.0,Average
8717,6640.0,4.0,Good
8718,9822.0,,Poor
8719,8897.0,5.0,Average
8720,3597.0,-1.0,Excellent
8721,689.0,-1.0,Good
8722,8604.0,,excellent
8723,2067.0,2.0,
8724,8269.0,2.0,Excellent
8725,4598.0,2.0,Good
8726,8489.0,1.0,Average
8727,8544.0,1.0,excellent
8728,4480.0,3.0,
8729,5048.0,2.0,Excellent
8730,8348.0,1.0,Average
8731,8940.0,-1.0,
8732,2054.0,1.0,Excellent
8733,582.0,5.0,Average
8734,4488.0,8.0,Excellent
8735,2158.0,-1.0,Poor
8736,1609.0,1.0,Excellent
8737,1128.0,3.0,Poor
8738,6563.0,4.0,
8739,5479.0,8.0,Good
8740,2372.0,2.0,excellent
8741,1984.0,5.0,excellent
8742,2742.0,2.0,Average
8743,4427.0,2.0,excellent
8744,8570.0,3.0,excellent
8745,5565.0,4.0,excellent
8746,9865.0,4.0,Average
8747,1007.0,3.0,
8748,6140.0,-1.0,Good
8749,5557.0,-1.0,
8750,1166.0,4.0,Average
8751,5935.0,8.0,excellent
8752,3209.0,8.0,
8753,3964.0,1.0,Excellent
8754,5990.0,5.0,Poor
8755,813.0,1.0,
8756,1794.0,,
8757,8647.0,-1.0,Average
8758,2631.0,-1.0,
8759,3308.0,4.0,excellent
8760,7549.0,-1.0,Poor
8761,9857.0,5.0,excellent
8762,6095.0,3.0,excellent
8763,1774.0,5.0,excellent
8764,1092.0,8.0,Poor
8765,334.0,1.0,
8766,6619.0,4.0,Average
8767,9268.0,2.0,
8768,6082.0,4.0,
8769,984.0,2.0,Excellent
8770,7426.0,4.0,excellent
8771,6413.0,3.0,Good
8772,5508.0,5.0,Poor
8773,4939.0,-1.0,Poor
8774,6684.0,-1.0,Good
8775,4092.0,3.0,Good
8776,3989.0,3.0,Poor
8777,6500.0,3.0,Poor
8778,8199.0,1.0,excellent
8779,630.0,4.0,
8780,8867.0,5.0,Poor
8781,1710.0,-1.0,excellent
8782,2270.0,3.0,Poor
8783,5625.0,2.0,Average
8784,3549.0,8.0,Excellent
8785,3975.0,8.0,Excellent
8786,4586.0,,
8787,7275.0,2.0,Good
8788,8302.0,3.0,Excellent
8789,4034.0,4.0,Average
8790,4777.0,8.0,Good
8791,226.0,5.0,
8792,2195.0,2.0,Average
8793,5224.0,4.0,
8794,8975.0,3.0,Good
8795,5551.0,3.0,
8796,9358.0,4.0,Average
8797,3135.0,,Poor
8798,8881.0,,Good
8799,6415.0,4.0,Good
8800,9961.0,1.0,Poor
8801,7073.0,1.0,Excellent
8802,1338.0,3.0,Excellent
8803,5309.0,-1.0,Poor
8804,55.0,8.0,Average
8805,1951.0,4.0,Good
8806,1608.0,1.0,Poor
8807,1741.0,1.0,Excellent
8808,6644.0,3.0,excellent
8809,3158.0,2.0,Good
8810,182.0,3.0,Poor
8811,5745.0,8.0,Poor
8812,8957.0,2.0,excellent
8813,7421.0,-1.0,
8814,3522.0,1.0,Average
8815,5169.0,4.0,Good
8816,8677.0,,Good
8817,3041.0,-1.0,Excellent
8818,7457.0,,excellent
8819,4471.0,1.0,Average
8820,937.0,-1.0,Excellent
8821,519.0,3.0,Average
8822,1211.0,,
8823,2359.0,3.0,excellent
8824,6999.0,1.0,Good
8825,2586.0,3.0,excellent
8826,9105.0,,Good
8827,3501.0,-1.0,Poor
8828,2263.0,1.0,Good
8829,4271.0,5.0,Good
8830,6236.0,,Excellent
8831,7265.0,1.0,Poor
8832,2491.0,,
8833,6368.0,4.0,Good
8834,1951.0,-1.0,
8835,6266.0,2.0,Average
8836,5562.0,1.0,Excellent
8837,7959.0,,Average
8838,4394.0,-1.0,Average
8839,1891.0,4.0,Excellent
8840,8776.0,1.0,Good
8841,8696.0,,Excellent
8842,318.0,-1.0,Good
8843,8282.0,,Poor
8844,6473.0,1.0,excellent
8845,5055.0,,Poor
8846,4262.0,1.0,Poor
8847,3059.0,-1.0,Good
8848,9714.0,3.0,Average
8849,3513.0,-1.0,
8850,3818.0,-1.0,Poor
8851,2558.0,4.0,Good
8852,6044.0,5.0,Good
8853,8349.0,,Average
8854,9471.0,4.0,Poor
8855,8513.0,2.0,excellent
8856,3596.0,8.0,Average
8857,7714.0,,
8858,6553.0,4.0,
8859,3526.0,8.0,excellent
8860,4781.0,2.0,Poor
8861,1499.0,8.0,Poor
8862,266.0,1.0,Poor
8863,5886.0,,Good
8864,8988.0,2.0,Poor
8865,7436.0,5.0,Poor
8866,8238.0,4.0,Average
8867,1099.0,8.0,
8868,2487.0,4.0,Excellent
8869,9873.0,1.0,excellent
8870,5696.0,1.0,Good
8871,6648.0,3.0,excellent
8872,159.0,1.0,
8873,8658.0,5.0,
8874,78.0,-1.0,Good
8875,4433.0,1.0,Average
8876,7321.0,3.0,excellent
8877,253.0,8.0,Average
8878,30.0,-1.0,Good
8879,8569.0,8.0,Poor
8880,2411.0,8.0,Good
8881,8865.0,5.0,Poor
8882,5067.0,8.0,excellent
8883,4478.0,8.0,Good
8884,6814.0,1.0,
8885,7250.0,4.0,excellent
8886,6749.0,2.0,
8887,626.0,3.0,Good
8888,1383.0,8.0,Good
8889,5093.0,2.0,
8890,1843.0,5.0,Good
8891,3861.0,1.0,Good
8892,1712.0,-1.0,Excellent
8893,4990.0,1.0,
8894,3136.0,5.0,Poor
8895,8652.0,-1.0,Excellent
8896,8953.0,8.0,Average
8897,7071.0,,Good
8898,6834.0,5.0,
8899,4353.0,-1.0,Average
8900,1231.0,5.0,Excellent
8901,7592.0,5.0,
8902,616.0,-1.0,Poor
8903,4275.0,3.0,Average
8904,9674.0,8.0,excellent
8905,3446.0,4.0,Average
8906,4442.0,2.0,
8907,323.0,8.0,excellent
8908,9574.0,2.0,
8909,5270.0,4.0,
8910,2783.0,-1.0,Poor
8911,5090.0,8.0,Excellent
8912,3007.0,-1.0,excellent
8913,2865.0,-1.0,
8914,8141.0,-1.0,
8915,5820.0,,excellent
8916,2184.0,2.0,excellent
8917,6505.0,8.0,Excellent
8918,7349.0,1.0,
8919,778.0,3.0,Average
8920,7436.0,1.0,excellent
8921,8303.0,1.0,excellent
8922,161.0,2.0,Good
8923,5059.0,5.0,Poor
8924,4287.0,4.0,Good
8925,6951.0,2.0,Excellent
8926,2668.0,3.0,Good
8927,2836.0,3.0,Average
8928,753.0,2.0,Good
8929,6400.0,4.0,Poor
8930,7557.0,3.0,
8931,7766.0,-1.0,Excellent
8932,5756.0,3.0,Good
8933,5574.0,5.0,Good
8934,3172.0,-1.0,Poor
8935,6097.0,2.0,
8936,1099.0,5.0,Good
8937,8685.0,,
8938,4087.0,4.0,Good
8939,4815.0,8.0,
8940,9728.0,,excellent
8941,2467.0,3.0,Excellent
8942,9420.0,-1.0,excellent
8943,8346.0,3.0,Good
8944,5667.0,8.0,excellent
8945,4593.0,4.0,Average
8946,3467.0,1.0,Excellent
8947,4355.0,5.0,Average
8948,4525.0,4.0,
8949,4350.0,3.0,
8950,21.0,8.0,
8951,3172.0,8.0,Good
8952,6071.0,2.0,Average
8953,586.0,-1.0,excellent
8954,338.0,2.0,excellent
8955,9109.0,-1.0,Average
8956,1324.0,-1.0,Excellent
8957,9869.0,2.0,Excellent
8958,6590.0,,excellent
8959,4217.0,2.0,Good
8960,9689.0,8.0,Excellent
8961,3371.0,1.0,Excellent
8962,6302.0,-1.0,Poor
8963,99999.0,,Good
8964,9098.0,2.0,Poor
8965,1708.0,8.0,Average
8966,7771.0,-1.0,Good
8967,8902.0,1.0,Excellent
8968,3689.0,8.0,excellent
8969,3228.0,4.0,Good
8970,5484.0,-1.0,Poor
8971,5239.0,3.0,excellent
8972,8926.0,8.0,Poor
8973,8036.0,-1.0,Average
8974,8578.0,,Excellent
8975,5246.0,2.0,Good
8976,659.0,3.0,excellent
8977,1641.0,2.0,Average
8978,1049.0,2.0,Excellent
8979,6772.0,1.0,excellent
8980,9386.0,3.0,Average
8981,4871.0,1.0,Excellent
8982,481.0,5.0,Average
8983,4508.0,,excellent
8984,2998.0,5.0,Poor
8985,5972.0,5.0,
8986,2221.0,,Poor
8987,1377.0,2.0,
8988,4657.0,-1.0,Average
8989,2451.0,3.0,excellent
8990,1851.0,3.0,Excellent
8991,8078.0,2.0,excellent
8992,5227.0,3.0,
8993,9864.0,2.0,excellent
8994,9811.0,2.0,
8995,898.0,4.0,
8996,9843.0,,Average
8997,4086.0,4.0,Excellent
8998,7878.0,8.0,Poor
8999,7300.0,,
9000,5451.0,1.0,Poor
9001,3151.0,4.0,Excellent
9002,6623.0,8.0,Excellent
9003,7062.0,3.0,Average
9004,2370.0,1.0,Poor
9005,3249.0,8.0,Average
9006,7197.0,-1.0,excellent
9007,5843.0,2.0,Poor
9008,8312.0,,Average
9009,8908.0,8.0,Average
9010,9550.0,3.0,Poor
9011,373.0,,Excellent
9012,3457.0,,Poor
9013,5662.0,1.0,
9014,3272.0,4.0,excellent
9015,6392.0,5.0,Excellent
9016,7644.0,-1.0,Good
9017,7109.0,,
9018,3123.0,2.0,excellent
9019,5554.0,-1.0,Average
9020,9819.0,,Good
9021,3099.0,2.0,Poor
9022,4831.0,5.0,excellent
9023,5555.0,-1.0,
9024,9115.0,-1.0,Excellent
9025,1075.0,1.0,Excellent
9026,8952.0,,Poor
9027,7284.0,8.0,Good
9028,6414.0,-1.0,Excellent
9029,6296.0,-1.0,Poor
9030,5770.0,4.0,Poor
9031,3362.0,5.0,Average
9032,5978.0,5.0,Good
9033,8619.0,5.0,Poor
9034,3521.0,,Good
9035,7323.0,5.0,
9036,1197.0,2.0,Poor
9037,6883.0,2.0,Good
9038,5494.0,-1.0,Excellent
9039,4219.0,5.0,Good
9040,653.0,2.0,Poor
9041,131.0,2.0,Average
9042,496.0,3.0,
9043,7719.0,-1.0,Poor
9044,1100.0,8.0,Excellent
9045,9424.0,,Good
9046,3114.0,5.0,Good
9047,3780.0,5.0,Average
9048,7565.0,2.0,excellent
9049,3225.0,1.0,Poor
9050,9964.0,2.0,Poor
9051,5658.0,5.0,Poor
9052,3984.0,5.0,Poor
9053,6976.0,5.0,Good
9054,2464.0,3.0,Poor
9055,211.0,4.0,Average
9056,1469.0,,Average
9057,6533.0,8.0,Average
9058,2523.0,2.0,Good
9059,4489.0,2.0,excellent
9060,3833.0,,Excellent
9061,8595.0,4.0,Excellent
9062,2167.0,3.0,Poor
9063,5969.0,8.0,
9064,8783.0,8.0,Poor
9065,9163.0,8.0,Poor
9066,455.0,-1.0,excellent
9067,6622.0,5.0,Good
9068,3759.0,,Average
9069,7160.0,2.0,excellent
9070,2924.0,2.0,Good
9071,7712.0,5.0,Average
9072,2178.0,-1.0,Poor
9073,8393.0,5.0,Average
9074,9680.0,5.0,Excellent
9075,2736.0,,Excellent
9076,5986.0,2.0,
9077,2848.0,-1.0,Excellent
9078,2546.0,2.0,Good
9079,7096.0,1.0,excellent
9080,4253.0,3.0,Excellent
9081,1783.0,4.0,
9082,4853.0,4.0,excellent
9083,9221.0,2.0,Excellent
9084,6338.0,5.0,Excellent
9085,7944.0,1.0,
9086,1670.0,4.0,Good
9087,1273.0,-1.0,Poor
9088,8967.0,8.0,excellent
9089,9606.0,,excellent
9090,3216.0,-1.0,Average
9091,9876.0,8.0,
9092,4911.0,2.0,Average
9093,7478.0,1.0,Excellent
9094,5944.0,2.0,
9095,7522.0,3.0,
9096,699.0,4.0,Excellent
9097,1906.0,3.0,Poor
9098,8531.0,,excellent
9099,5567.0,8.0,Excellent
9100,1397.0,1.0,Poor
9101,2228.0,2.0,Poor
9102,3962.0,1.0,excellent
9103,4513.0,3.0,Excellent
9104,8794.0,2.0,Good
9105,9031.0,8.0,excellent
9106,2158.0,,
9107,3385.0,5.0,Good
9108,2463.0,8.0,Poor
9109,4410.0,4.0,Poor
9110,6733.0,4.0,excellent
9111,1483.0,3.0,Excellent
9112,2709.0,,Good
9113,6518.0,-1.0,Good
9114,2449.0,3.0,Average
9115,8801.0,8.0,Average
9116,2368.0,,
9117,6384.0,-1.0,Average
9118,6654.0,-1.0,Average
9119,6878.0,3.0,Excellent
9120,1576.0,5.0,excellent
9121,2760.0,3.0,Excellent
9122,6018.0,5.0,Average
9123,329.0,3.0,Average
9124,1745.0,8.0,Excellent
9125,5902.0,1.0,Good
9126,4709.0,2.0,Good
9127,3249.0,-1.0,Average
9128,1912.0,,
9129,7149.0,2.0,Excellent
9130,7539.0,5.0,excellent
9131,7463.0,-1.0,excellent
9132,5577.0,3.0,Poor
9133,5327.0,8.0,Average
9134,3328.0,-1.0,excellent
9135,371.0,1.0,Poor
9136,8532.0,,Poor
9137,3386.0,,Excellent
9138,3785.0,-1.0,
9139,468.0,2.0,Good
9140,910.0,5.0,Poor
9141,7361.0,3.0,
9142,3841.0,8.0,
9143,3751.0,5.0,Average
9144,9571.0,2.0,Excellent
9145,4564.0,,excellent
9146,2956.0,8.0,
9147,1898.0,,Good
9148,5214.0,4.0,Excellent
9149,9460.0,-1.0,Poor
9150,7961.0,5.0,
9151,7034.0,8.0,Excellent
9152,1228.0,8.0,Average
9153,4281.0,8.0,Average
9154,6184.0,4.0,
9155,2168.0,-1.0,excellent
9156,742.0,1.0,
9157,4309.0,4.0,Average
9158,8971.0,-1.0,Poor
9159,3822.0,,excellent
9160,4879.0,-1.0,Good
9161,3829.0,8.0,Good
9162,2982.0,4.0,Good
9163,9018.0,,Good
9164,5326.0,4.0,Poor
9165,5277.0,-1.0,
9166,7021.0,4.0,Good
9167,1174.0,4.0,Average
9168,8152.0,8.0,excellent
9169,1243.0,8.0,Excellent
9170,9375.0,5.0,Good
9171,1608.0,-1.0,Good
9172,8135.0,3.0,Poor
9173,1343.0,5.0,Excellent
9174,3027.0,,Poor
9175,752.0,-1.0,excellent
9176,3123.0,1.0,Poor
9177,7189.0,1.0,
9178,6487.0,3.0,Excellent
9179,4300.0,-1.0,Excellent
9180,429.0,3.0,Excellent
9181,8294.0,8.0,Poor
9182,7412.0,5.0,excellent
9183,7989.0,-1.0,Average
9184,2822.0,,Poor
9185,7964.0,1.0,Good
9186,3984.0,-1.0,
9187,9480.0,1.0,Poor
9188,8983.0,-1.0,excellent
9189,9326.0,5.0,excellent
9190,5539.0,5.0,excellent
9191,1451.0,-1.0,
9192,3145.0,-1.0,excellent
9193,244.0,8.0,
9194,9541.0,5.0,Average
9195,7044.0,2.0,Excellent
9196,1276.0,4.0,Good
9197,2168.0,4.0,Excellent
9198,2017.0,3.0,Poor
9199,8881.0,5.0,excellent
9200,5584.0,5.0,
9201,7757.0,5.0,Excellent
9202,3799.0,1.0,Good
9203,8641.0,5.0,Poor
9204,3117.0,8.0,Excellent
9205,6422.0,5.0,
9206,4380.0,5.0,excellent
9207,3413.0,2.0,
9208,4154.0,2.0,Poor
9209,3358.0,,Excellent
9210,7980.0,,excellent
9211,5897.0,8.0,Excellent
9212,8854.0,4.0,excellent
9213,6285.0,2.0,Excellent
9214,8306.0,2.0,Poor
9215,2536.0,5.0,Excellent
9216,2121.0,3.0,Average
9217,9235.0,2.0,Excellent
9218,7720.0,,Good
9219,9289.0,1.0,Average
9220,4425.0,,
9221,4470.0,,Good
9222,7733.0,2.0,Average
9223,4910.0,,Excellent
9224,8095.0,8.0,Excellent
9225,2465.0,5.0,excellent
9226,8569.0,3.0,Good
9227,4841.0,-1.0,excellent
9228,7378.0,,Good
9229,8456.0,-1.0,excellent
9230,5100.0,3.0,
9231,829.0,2.0,excellent
9232,3466.0,,Good
9233,6891.0,8.0,Poor
9234,193.0,1.0,Good
9235,1828.0,3.0,Average
9236,6959.0,8.0,Excellent
9237,9189.0,3.0,excellent
9238,3208.0,,excellent
9239,3710.0,1.0,
9240,5600.0,3.0,Good
9241,2107.0,-1.0,Excellent
9242,7092.0,8.0,Good
9243,3692.0,1.0,Poor
9244,1076.0,4.0,Good
9245,408.0,8.0,Average
9246,8664.0,1.0,Average
9247,4861.0,8.0,Average
9248,2843.0,,Good
9249,5476.0,-1.0,excellent
9250,5925.0,1.0,Poor
9251,9178.0,-1.0,Good
9252,2672.0,-1.0,excellent
9253,131.0,1.0,Poor
9254,8429.0,2.0,excellent
9255,1369.0,,Good
9256,7584.0,-1.0,
9257,1690.0,1.0,excellent
9258,1910.0,-1.0,Average
9259,1669.0,5.0,Average
9260,132.0,8.0,Average
9261,4419.0,-1.0,excellent
9262,6283.0,,Good
9263,5075.0,3.0,
9264,5247.0,8.0,Average
9265,3201.0,8.0,Good
9266,4652.0,2.0,Poor
9267,6307.0,5.0,Average
9268,8241.0,8.0,Average
9269,6953.0,-1.0,
9270,3957.0,1.0,
9271,8639.0,8.0,Average
9272,6249.0,3.0,Excellent
9273,8925.0,-1.0,Average
9274,6267.0,,Poor
9275,6541.0,4.0,
9276,1439.0,3.0,
9277,3100.0,3.0,excellent
9278,4140.0,,Poor
9279,3223.0,8.0,
9280,6596.0,1.0,Excellent
9281,5338.0,5.0,Good
9282,5547.0,2.0,Good
9283,6506.0,8.0,Good
9284,5922.0,2.0,Average
9285,9705.0,-1.0,Poor
9286,7984.0,3.0,Poor
9287,7364.0,1.0,Good
9288,8561.0,,Excellent
9289,9415.0,2.0,Poor
9290,4737.0,2.0,
9291,3124.0,,excellent
9292,8565.0,8.0,
9293,3186.0,,excellent
9294,2705.0,2.0,excellent
9295,6283.0,1.0,Good
9296,2833.0,5.0,Average
9297,3344.0,4.0,excellent
9298,4010.0,1.0,Average
9299,5686.0,4.0,Poor
9300,7611.0,3.0,Poor
9301,2344.0,5.0,Excellent
9302,756.0,,Poor
9303,2273.0,5.0,Good
9304,8399.0,2.0,Good
9305,6258.0,5.0,Poor
9306,5079.0,-1.0,excellent
9307,3231.0,1.0,
9308,9407.0,4.0,excellent
9309,3979.0,,Good
9310,8521.0,8.0,Poor
9311,3824.0,5.0,Excellent
9312,8179.0,-1.0,
9313,3798.0,1.0,
9314,9938.0,,Good
9315,3753.0,,
9316,9909.0,8.0,Poor
9317,2051.0,1.0,Excellent
9318,5294.0,,Poor
9319,9843.0,5.0,excellent
9320,5597.0,3.0,excellent
9321,2279.0,8.0,Poor
9322,9939.0,-1.0,Average
9323,3686.0,8.0,Good
9324,8469.0,4.0,
9325,5835.0,-1.0,Excellent
9326,5926.0,5.0,Poor
9327,1263.0,3.0,Excellent
9328,988.0,8.0,Good
9329,125.0,5.0,
9330,4878.0,5.0,excellent
9331,8465.0,1.0,Excellent
9332,9238.0,3.0,Poor
9333,9902.0,8.0,excellent
9334,7614.0,-1.0,
9335,9299.0,,Excellent
9336,2817.0,3.0,
9337,5972.0,3.0,Average
9338,5374.0,-1.0,excellent
9339,579.0,-1.0,excellent
9340,6972.0,1.0,Poor
9341,2021.0,1.0,Poor
9342,6027.0,,Good
9343,3127.0,,Poor
9344,3991.0,,Average
9345,8428.0,,excellent
9346,8800.0,3.0,Good
9347,5845.0,2.0,excellent
9348,2949.0,,Poor
9349,5087.0,2.0,
9350,8796.0,8.0,Average
9351,6525.0,3.0,Poor
9352,8177.0,-1.0,
9353,340.0,3.0,Poor
9354,5471.0,1.0,Poor
9355,3685.0,2.0,Good
9356,2684.0,,
9357,1682.0,,Good
9358,5314.0,4.0,Poor
9359,5610.0,4.0,excellent
9360,8782.0,,Good
9361,8411.0,5.0,Excellent
9362,3471.0,,
9363,3068.0,,Good
9364,5113.0,-1.0,Excellent
9365,4614.0,5.0,excellent
9366,5435.0,3.0,excellent
9367,7160.0,4.0,excellent
9368,3214.0,2.0,excellent
9369,8630.0,4.0,excellent
9370,3169.0,5.0,Excellent
9371,6755.0,8.0,excellent
9372,8791.0,8.0,Average
9373,7762.0,2.0,Average
9374,8818.0,5.0,Poor
9375,6920.0,5.0,Average
9376,6915.0,3.0,Excellent
9377,990.0,1.0,
9378,9532.0,5.0,Average
9379,5100.0,1.0,excellent
9380,7938.0,4.0,excellent
9381,7148.0,4.0,Good
9382,1656.0,1.0,Average
9383,4977.0,8.0,
9384,209.0,3.0,Good
9385,2610.0,,
9386,7325.0,2.0,Good
9387,5893.0,-1.0,Excellent
9388,6798.0,2.0,Excellent
9389,3155.0,4.0,Poor
9390,6137.0,5.0,Excellent
9391,1666.0,1.0,
9392,9899.0,1.0,Excellent
9393,4517.0,5.0,Good
9394,4323.0,5.0,Poor
9395,3500.0,4.0,excellent
9396,8321.0,4.0,excellent
9397,484.0,-1.0,excellent
9398,6704.0,8.0,Poor
9399,9313.0,2.0,Poor
9400,5832.0,,Average
9401,9784.0,8.0,excellent
9402,3312.0,,excellent
9403,5574.0,3.0,Poor
9404,149.0,3.0,Average
9405,3057.0,5.0,
9406,3144.0,1.0,Poor
9407,1496.0,-1.0,Good
9408,3583.0,1.0,Average
9409,332.0,1.0,
9410,2733.0,,Good
9411,6895.0,2.0,Excellent
9412,4306.0,-1.0,Average
9413,2026.0,-1.0,Poor
9414,6853.0,4.0,Poor
9415,8453.0,3.0,excellent
9416,6729.0,,Average
9417,5421.0,3.0,Good
9418,2932.0,2.0,excellent
9419,409.0,,excellent
9420,7108.0,4.0,excellent
9421,2412.0,,Good
9422,109.0,5.0,excellent
9423,8431.0,3.0,
9424,8303.0,3.0,
9425,4628.0,5.0,
9426,9399.0,5.0,Average
9427,2958.0,4.0,Average
9428,3857.0,2.0,Excellent
9429,688.0,8.0,Excellent
9430,429.0,2.0,
9431,9293.0,2.0,
9432,9062.0,5.0,Good
9433,4152.0,2.0,Poor
9434,9030.0,,Poor
9435,6180.0,8.0,Good
9436,7730.0,,Excellent
9437,6708.0,2.0,Excellent
9438,6863.0,8.0,Excellent
9439,8431.0,5.0,
9440,6826.0,5.0,excellent
9441,4976.0,3.0,Good
9442,5283.0,4.0,Good
9443,7926.0,-1.0,Excellent
9444,4878.0,1.0,Excellent
9445,4001.0,4.0,Good
9446,1631.0,2.0,
9447,8199.0,1.0,Poor
9448,1359.0,,Excellent
9449,4010.0,1.0,Excellent
9450,3739.0,3.0,
9451,1891.0,8.0,Good
9452,2576.0,1.0,Good
9453,1316.0,8.0,Poor
9454,6731.0,,Good
9455,5726.0,3.0,
9456,772.0,3.0,excellent
9457,4817.0,1.0,Average
9458,4881.0,5.0,Good
9459,6084.0,4.0,
9460,8782.0,2.0,
9461,2448.0,5.0,Poor
9462,4738.0,1.0,Good
9463,388.0,2.0,Good
9464,2887.0,2.0,Poor
9465,2480.0,1.0,Good
9466,744.0,5.0,Average
9467,7302.0,-1.0,Average
9468,6985.0,3.0,
9469,4954.0,8.0,Good
9470,9573.0,8.0,Poor
9471,3389.0,3.0,Good
9472,4214.0,,excellent
9473,6750.0,2.0,Poor
9474,8987.0,5.0,Good
9475,8120.0,8.0,Good
9476,1226.0,-1.0,Average
9477,8297.0,8.0,excellent
9478,1364.0,1.0,Excellent
9479,8530.0,-1.0,Average
9480,1660.0,4.0,excellent
9481,7123.0,8.0,Good
9482,3370.0,3.0,Average
9483,143.0,1.0,Average
9484,9742.0,4.0,Poor
9485,9853.0,5.0,
9486,1602.0,8.0,Good
9487,5624.0,5.0,excellent
9488,6060.0,3.0,Poor
9489,8448.0,3.0,Poor
9490,4543.0,3.0,
9491,7385.0,2.0,excellent
9492,8820.0,1.0,Good
9493,6696.0,1.0,Good
9494,7861.0,,excellent
9495,726.0,2.0,Good
9496,9623.0,2.0,excellent
9497,8103.0,3.0,Average
9498,9877.0,,
9499,5023.0,5.0,Good
9500,2498.0,8.0,Good
9501,9581.0,5.0,Good
9502,5076.0,-1.0,excellent
9503,2103.0,3.0,excellent
9504,7478.0,-1.0,
9505,8984.0,1.0,Poor
9506,6646.0,8.0,Average
9507,4719.0,2.0,excellent
9508,4443.0,3.0,Poor
9509,3959.0,2.0,Good
9510,5465.0,1.0,Excellent
9511,2197.0,2.0,Average
9512,4701.0,,Excellent
9513,8645.0,4.0,Poor
9514,7339.0,2.0,
9515,410.0,3.0,Excellent
9516,6526.0,3.0,excellent
9517,9977.0,,Excellent
9518,8777.0,5.0,
9519,6145.0,1.0,Excellent
9520,9216.0,2.0,
9521,498.0,4.0,Good
9522,431.0,-1.0,excellent
9523,8465.0,,excellent
9524,5732.0,3.0,Excellent
9525,502.0,3.0,Average
9526,8211.0,2.0,
9527,2405.0,5.0,excellent
9528,9004.0,8.0,Average
9529,2892.0,3.0,Good
9530,3326.0,8.0,Good
9531,7688.0,-1.0,Average
9532,8184.0,3.0,Excellent
9533,1021.0,5.0,Poor
9534,2820.0,2.0,Average
9535,2340.0,2.0,
9536,1122.0,3.0,Average
9537,507.0,5.0,Poor
9538,6550.0,5.0,Excellent
9539,2146.0,2.0,Average
9540,5257.0,1.0,Excellent
9541,3655.0,4.0,Average
9542,1717.0,5.0,
9543,8939.0,2.0,excellent
9544,3401.0,2.0,Average
9545,3908.0,1.0,
9546,487.0,-1.0,excellent
9547,8063.0,8.0,Good
9548,8555.0,1.0,Good
9549,3595.0,4.0,excellent
9550,1694.0,-1.0,Good
9551,7712.0,5.0,Excellent
9552,6219.0,4.0,Average
9553,2285.0,2.0,Average
9554,7425.0,-1.0,
9555,545.0,3.0,Excellent
9556,6604.0,3.0,excellent
9557,6198.0,2.0,Poor
9558,2927.0,2.0,Poor
9559,4498.0,1.0,excellent
9560,2811.0,3.0,excellent
9561,3805.0,8.0,
9562,9959.0,2.0,Poor
9563,3786.0,4.0,
9564,5228.0,1.0,Good
9565,3448.0,1.0,Excellent
9566,1764.0,2.0,
9567,6405.0,2.0,Poor
9568,9672.0,1.0,Poor
9569,8642.0,8.0,Good
9570,9404.0,5.0,Average
9571,1952.0,-1.0,Good
9572,1004.0,,Good
9573,1000.0,3.0,Excellent
9574,5543.0,5.0,Average
9575,278.0,5.0,Good
9576,6473.0,8.0,excellent
9577,2603.0,4.0,Average
9578,8103.0,8.0,
9579,1357.0,2.0,excellent
9580,581.0,1.0,Poor
9581,5503.0,4.0,excellent
9582,8898.0,4.0,Poor
9583,6468.0,2.0,Excellent
9584,4396.0,4.0,
9585,4662.0,3.0,Poor
9586,5074.0,,Poor
9587,8814.0,-1.0,Average
9588,8564.0,1.0,Average
9589,1434.0,3.0,Excellent
9590,5732.0,2.0,Average
9591,2227.0,,
9592,3569.0,1.0,Excellent
9593,8927.0,2.0,Excellent
9594,728.0,2.0,Excellent
9595,6533.0,,
9596,8470.0,1.0,Good
9597,7850.0,2.0,Average
9598,7582.0,-1.0,Poor
9599,5582.0,,Average
9600,5544.0,2.0,Poor
9601,8954.0,5.0,Good
9602,7566.0,1.0,Average
9603,8581.0,-1.0,Good
9604,8552.0,4.0,Excellent
9605,6307.0,1.0,excellent
9606,9094.0,5.0,Poor
9607,9845.0,3.0,Excellent
9608,9118.0,2.0,Poor
9609,5195.0,1.0,
9610,4890.0,4.0,Good
9611,3492.0,,Good
9612,6056.0,8.0,Good
9613,3573.0,-1.0,Poor
9614,2265.0,8.0,Poor
9615,9058.0,5.0,
9616,8864.0,,Excellent
9617,4165.0,,Excellent
9618,6227.0,8.0,Poor
9619,7494.0,5.0,
9620,9747.0,4.0,Poor
9621,6203.0,8.0,
9622,8540.0,8.0,
9623,3010.0,2.0,Excellent
9624,5029.0,3.0,Poor
9625,4794.0,1.0,
9626,9108.0,2.0,
9627,1121.0,5.0,Good
9628,6885.0,5.0,excellent
9629,9157.0,1.0,Excellent
9630,3270.0,1.0,excellent
9631,2289.0,2.0,
9632,6243.0,1.0,excellent
9633,3060.0,2.0,Poor
9634,1633.0,5.0,Poor
9635,9043.0,3.0,
9636,6840.0,5.0,Poor
9637,1990.0,5.0,Poor
9638,4490.0,3.0,Poor
9639,8747.0,-1.0,Good
9640,4870.0,1.0,Average
9641,246.0,8.0,Good
9642,5942.0,2.0,
9643,4982.0,2.0,Excellent
9644,8435.0,,Good
9645,7241.0,8.0,Good
9646,1109.0,,excellent
9647,7668.0,8.0,
9648,4168.0,4.0,Poor
9649,4097.0,-1.0,Good
9650,3775.0,-1.0,Good
9651,7312.0,-1.0,
9652,4053.0,5.0,
9653,6525.0,3.0,Poor
9654,2699.0,4.0,Average
9655,6225.0,8.0,excellent
9656,1926.0,1.0,Excellent
9657,4565.0,3.0,Excellent
9658,8054.0,4.0,Excellent
9659,3295.0,3.0,excellent
9660,7640.0,4.0,Excellent
9661,2670.0,-1.0,Excellent
9662,3915.0,,
9663,5745.0,1.0,Excellent
9664,5324.0,4.0,
9665,827.0,2.0,Poor
9666,6193.0,8.0,Average
9667,637.0,2.0,Good
9668,1797.0,8.0,Poor
9669,8842.0,5.0,Excellent
9670,5824.0,4.0,Good
9671,1803.0,1.0,excellent
9672,3467.0,4.0,Good
9673,1192.0,4.0,
9674,9301.0,4.0,excellent
9675,1338.0,3.0,Average
9676,2618.0,-1.0,excellent
9677,6804.0,4.0,Good
9678,3098.0,,Average
9679,8941.0,8.0,
9680,2081.0,,excellent
9681,8385.0,4.0,Poor
9682,7009.0,4.0,Excellent
9683,1086.0,-1.0,Excellent
9684,5154.0,-1.0,
9685,7992.0,4.0,Excellent
9686,8617.0,5.0,excellent
9687,6748.0,5.0,
9688,9847.0,5.0,Good
9689,4431.0,1.0,Poor
9690,6249.0,8.0,Good
9691,4506.0,4.0,Average
9692,9178.0,,
9693,1485.0,8.0,excellent
9694,8299.0,5.0,Poor
9695,5324.0,,Average
9696,342.0,2.0,Poor
9697,9677.0,8.0,Good
9698,892.0,3.0,Poor
9699,4862.0,,Poor
9700,187.0,,Poor
9701,8161.0,2.0,
9702,3858.0,8.0,excellent
9703,3540.0,8.0,Average
9704,3775.0,1.0,Poor
9705,2861.0,4.0,Average
9706,63.0,,Average
9707,6839.0,,Average
9708,7000.0,-1.0,Poor
9709,7659.0,2.0,excellent
9710,4886.0,3.0,Excellent
9711,7743.0,8.0,Average
9712,3885.0,-1.0,Good
9713,7383.0,4.0,Poor
9714,3352.0,4.0,Excellent
9715,5011.0,,Poor
9716,6510.0,4.0,Excellent
9717,9517.0,1.0,Poor
9718,1479.0,,Good
9719,7693.0,,Good
9720,441.0,4.0,Excellent
9721,5538.0,3.0,Excellent
9722,8996.0,,
9723,423.0,4.0,Poor
9724,697.0,8.0,Average
9725,6691.0,,Poor
9726,1393.0,-1.0,Average
9727,3041.0,4.0,
9728,3745.0,1.0,
9729,4421.0,2.0,Poor
9730,4140.0,-1.0,Average
9731,5893.0,8.0,Average
9732,9295.0,-1.0,excellent
9733,5263.0,-1.0,Average
9734,2378.0,4.0,Poor
9735,4625.0,-1.0,Average
9736,2597.0,1.0,Poor
9737,6883.0,5.0,Average
9738,1165.0,4.0,excellent
9739,7852.0,-1.0,Poor
9740,7882.0,1.0,Excellent
9741,3485.0,-1.0,
9742,9114.0,5.0,
9743,7660.0,3.0,Average
9744,5000.0,1.0,excellent
9745,5219.0,1.0,Average
9746,1997.0,1.0,excellent
9747,2544.0,3.0,Excellent
9748,5225.0,4.0,
9749,1279.0,1.0,Poor
9750,8247.0,,excellent
9751,392.0,5.0,Excellent
9752,1964.0,5.0,
9753,6812.0,5.0,excellent
9754,3765.0,3.0,
9755,4382.0,3.0,Excellent
9756,6734.0,5.0,
9757,6694.0,5.0,Average
9758,1425.0,8.0,Poor
9759,7294.0,4.0,Good
9760,955.0,1.0,Poor
9761,5101.0,2.0,Good
9762,1288.0,4.0,Average
9763,375.0,8.0,Poor
9764,9024.0,3.0,
9765,5787.0,-1.0,Average
9766,2959.0,1.0,Average
9767,5918.0,-1.0,Good
9768,9581.0,3.0,Good
9769,3431.0,2.0,Excellent
9770,9565.0,5.0,Excellent
9771,985.0,-1.0,Poor
9772,4731.0,5.0,Poor
9773,2567.0,,Excellent
9774,1583.0,,Poor
9775,3941.0,2.0,
9776,1491.0,3.0,Good
9777,4360.0,3.0,Average
9778,2116.0,4.0,Average
9779,5506.0,4.0,
9780,9735.0,3.0,Good
9781,8365.0,-1.0,Good
9782,1434.0,2.0,Excellent
9783,8225.0,,
9784,6890.0,-1.0,
9785,6290.0,3.0,Excellent
9786,7704.0,8.0,excellent
9787,7306.0,8.0,Poor
9788,3570.0,3.0,Poor
9789,4659.0,5.0,Excellent
9790,2420.0,3.0,excellent
9791,4994.0,1.0,excellent
9792,314.0,2.0,Average
9793,7494.0,,Excellent
9794,762.0,2.0,Good
9795,4430.0,2.0,Excellent
9796,3562.0,5.0,
9797,3036.0,4.0,excellent
9798,6610.0,3.0,Good
9799,2976.0,4.0,Average
9800,170.0,2.0,Excellent
9801,8183.0,3.0,Poor
9802,5653.0,5.0,Excellent
9803,6945.0,3.0,Poor
9804,4337.0,1.0,excellent
9805,6797.0,1.0,Poor
9806,3954.0,,Poor
9807,1434.0,8.0,Poor
9808,1862.0,3.0,Average
9809,6971.0,,Poor
9810,6769.0,,Excellent
9811,4210.0,2.0,Good
9812,57.0,8.0,Average
9813,2363.0,5.0,Good
9814,7541.0,3.0,excellent
9815,6919.0,8.0,
9816,7709.0,,excellent
9817,1294.0,2.0,excellent
9818,6049.0,4.0,
9819,6406.0,1.0,excellent
9820,2754.0,8.0,Poor
9821,6880.0,1.0,Excellent
9822,2971.0,3.0,excellent
9823,8673.0,5.0,Good
9824,7317.0,2.0,
9825,7725.0,3.0,excellent
9826,914.0,,excellent
9827,7290.0,-1.0,Poor
9828,2992.0,-1.0,Good
9829,3779.0,3.0,excellent
9830,3876.0,,Excellent
9831,6142.0,2.0,excellent
9832,2030.0,,Excellent
9833,5250.0,3.0,Poor
9834,6905.0,8.0,
9835,7049.0,4.0,Poor
9836,4999.0,8.0,Average
9837,1966.0,,
9838,508.0,2.0,excellent
9839,6361.0,4.0,Excellent
9840,6718.0,2.0,
9841,1258.0,2.0,Excellent
9842,4300.0,4.0,
9843,1739.0,,Good
9844,4122.0,5.0,Average
9845,3078.0,3.0,Average
9846,1670.0,-1.0,Average
9847,819.0,2.0,excellent
9848,5913.0,5.0,Good
9849,5863.0,4.0,excellent
9850,660.0,3.0,excellent
9851,808.0,5.0,Average
9852,9392.0,2.0,Excellent
9853,4335.0,5.0,Average
9854,7383.0,8.0,Average
9855,9543.0,,excellent
9856,9380.0,,Average
9857,8459.0,-1.0,Good
9858,7618.0,,excellent
9859,9852.0,1.0,Excellent
9860,3804.0,2.0,Excellent
9861,2913.0,,
9862,1355.0,,
9863,3120.0,3.0,excellent
9864,4364.0,4.0,Average
9865,9363.0,4.0,
9866,5589.0,3.0,excellent
9867,639.0,4.0,Excellent
9868,5796.0,5.0,Poor
9869,2999.0,8.0,Average
9870,3359.0,3.0,Excellent
9871,5833.0,8.0,excellent
9872,3122.0,2.0,Poor
9873,2369.0,4.0,Good
9874,9808.0,5.0,Good
9875,2288.0,,excellent
9876,1827.0,1.0,excellent
9877,3373.0,5.0,Good
9878,340.0,-1.0,Excellent
9879,4510.0,4.0,excellent
9880,2116.0,5.0,Excellent
9881,6077.0,-1.0,Excellent
9882,6155.0,4.0,Good
9883,2456.0,3.0,excellent
9884,8957.0,1.0,Excellent
9885,2584.0,5.0,Poor
9886,9373.0,2.0,Average
9887,9941.0,2.0,Poor
9888,7919.0,-1.0,Good
9889,6958.0,1.0,excellent
9890,4672.0,1.0,Good
9891,9347.0,-1.0,Average
9892,2347.0,2.0,Excellent
9893,4934.0,,Excellent
9894,2352.0,3.0,excellent
9895,8236.0,2.0,excellent
9896,4085.0,2.0,Excellent
9897,701.0,,excellent
9898,7890.0,4.0,Poor
9899,5636.0,5.0,excellent
9900,998.0,5.0,excellent
9901,8380.0,1.0,Good
9902,3580.0,3.0,excellent
9903,1468.0,3.0,Excellent
9904,9576.0,3.0,Poor
9905,7680.0,,Poor
9906,234.0,3.0,Average
9907,541.0,-1.0,
9908,5161.0,3.0,Excellent
9909,9754.0,4.0,
9910,4796.0,-1.0,Good
9911,891.0,2.0,Excellent
9912,8242.0,1.0,Average
9913,1479.0,3.0,Excellent
9914,7302.0,3.0,Excellent
9915,1925.0,,Good
9916,5752.0,3.0,excellent
9917,9090.0,-1.0,Excellent
9918,1121.0,3.0,Average
9919,1073.0,2.0,excellent
9920,2015.0,3.0,
9921,8432.0,8.0,excellent
9922,8682.0,2.0,Poor
9923,4603.0,,Average
9924,9959.0,8.0,Good
9925,9908.0,5.0,Good
9926,5756.0,8.0,Excellent
9927,643.0,-1.0,
9928,2563.0,-1.0,Average
9929,5702.0,4.0,Average
9930,1991.0,3.0,Good
9931,794.0,1.0,Average
9932,2209.0,8.0,Poor
9933,5170.0,-1.0,Excellent
9934,7373.0,5.0,excellent
9935,1966.0,1.0,Poor
9936,550.0,2.0,
9937,5476.0,2.0,excellent
9938,1016.0,8.0,excellent
9939,9397.0,8.0,excellent
9940,2648.0,2.0,Average
9941,5292.0,4.0,Average
9942,3539.0,-1.0,
9943,2436.0,4.0,
9944,1119.0,-1.0,Average
9945,9522.0,8.0,Good
9946,3103.0,1.0,Good
9947,3666.0,3.0,Poor
9948,3410.0,8.0,Good
9949,2663.0,3.0,
9950,9107.0,8.0,Average
9951,6188.0,8.0,Good
9952,14.0,5.0,Poor
9953,6820.0,4.0,
9954,9823.0,8.0,Poor
9955,3943.0,3.0,
9956,3327.0,1.0,Average
9957,3934.0,1.0,Poor
9958,7312.0,4.0,Good
9959,5660.0,-1.0,Poor
9960,8813.0,8.0,Excellent
9961,216.0,5.0,Good
9962,8497.0,3.0,Average
9963,9484.0,,Average
9964,5317.0,4.0,Average
9965,9818.0,4.0,
9966,7504.0,5.0,
9967,2532.0,,Good
9968,7534.0,1.0,Poor
9969,9548.0,4.0,Poor
9970,5432.0,3.0,Poor
9971,8353.0,4.0,Poor
9972,1698.0,5.0,Good
9973,5872.0,,Good
9974,8778.0,8.0,
9975,723.0,2.0,excellent
9976,8521.0,8.0,Average
9977,5602.0,-1.0,Excellent
9978,943.0,4.0,excellent
9979,3073.0,1.0,Excellent
9980,9897.0,8.0,excellent
9981,8728.0,1.0,Poor
9982,797.0,-1.0,Excellent
9983,1901.0,3.0,Average
9984,6515.0,1.0,Average
9985,6077.0,2.0,Good
9986,9821.0,3.0,
9987,8793.0,2.0,Excellent
9988,6131.0,3.0,excellent
9989,4644.0,5.0,Poor
9990,1910.0,5.0,Poor
9991,1244.0,2.0,excellent
9992,6088.0,5.0,Excellent
9993,5932.0,1.0,Average
9994,9985.0,4.0,Poor
9995,1618.0,1.0,Poor
9996,2754.0,5.0,Poor
9997,5133.0,-1.0,Poor
9998,1370.0,3.0,Excellent
9999,1030.0,1.0,Excellent
10000,2973.0,2.0,Good
