employee__id,employee__code,gender,age,department__id,job__title,join__date,salary,email
1,EMP00001,Male,29.0,13.0,Intern,2023-01-15,350000,emp1@mail.com
2,EMP00002,Male,57.0,2.0,QA,,350000,emp2@mail.com
3,EMP00003,Female,46.0,3.0,Engineer,2023-01-15,600000,
4,EMP00004,Male,56.0,4.0,Engineer,,350000,
5,EMP00005,Male,34.0,2.0,QA,,800000,
6,EMP00006,Female,54.0,4.0,QA,2025-07-01,600000,
7,EMP00007,Male,57.0,19.0,Intern,,800000,emp7@mail.com
8,EMP00008,Male,24.0,19.0,Analyst,,500000,
9,EMP00009,Unknow,54.0,14.0,HR,,600000,
10,EMP00010,Male,39.0,8.0,Engineer,,350000,
11,EMP00011,Male,51.0,11.0,Intern,,800000,emp11@mail.com
12,EMP00012,Male,52.0,14.0,Engineer,2025-07-01,500000,
13,EMP00013,Female,22.0,,Analyst,,600000,
14,EMP00014,Male,42.0,20.0,Manager,,600000,emp14@mail.com
15,EMP00015,Male,37.0,16.0,Intern,2023-01-15,350000,
16,EMP00016,Unknow,56.0,,Manager,2025-07-01,600000,
17,EMP00017,Unknow,42.0,1.0,Manager,2025-07-01,500000,emp17@mail.com
18,EMP00018,Female,23.0,7.0,HR,,600000,
19,EMP00019,Female,45.0,16.0,Analyst,,600000,
20,EMP00020,Male,37.0,5.0,Manager,,800000,
21,EMP00021,Male,40.0,13.0,Engineer,,350000,
22,EMP00022,Female,34.0,,Engineer,2023-01-15,600000,
23,EMP00023,Male,38.0,1.0,Engineer,,600000,
24,EMP00024,Male,56.0,11.0,Engineer,,500000,emp24@mail.com
25,EMP00025,Female,40.0,18.0,Manager,,600000,
26,EMP00026,Male,50.0,99.0,Manager,2023-01-15,500000,emp26@mail.com
27,EMP00027,Female,48.0,6.0,Analyst,2025-07-01,600000,emp27@mail.com
28,EMP00028,Male,20.0,19.0,Engineer,,350000,
29,EMP00029,Male,21.0,3.0,Engineer,,600000,
30,EMP00030,Unknow,36.0,12.0,QA,2025-07-01,600000,emp30@mail.com
31,EMP00031,Male,51.0,15.0,Manager,,800000,emp31@mail.com
32,EMP00032,Female,26.0,11.0,Intern,2025-07-01,500000,
33,EMP00033,Male,21.0,7.0,QA,2025-07-01,500000,emp33@mail.com
34,EMP00034,Male,39.0,99.0,Analyst,2025-07-01,500000,
35,EMP00035,Female,42.0,8.0,QA,,500000,
36,EMP00036,Unknow,34.0,20.0,Engineer,,600000,
37,EMP00037,Female,53.0,16.0,HR,2023-01-15,350000,
38,EMP00038,Female,36.0,7.0,Intern,,800000,
39,EMP00039,Unknow,42.0,12.0,Analyst,,350000,
40,EMP00040,Female,32.0,11.0,Engineer,,500000,emp40@mail.com
41,EMP00041,Female,40.0,12.0,Intern,2023-01-15,600000,emp41@mail.com
42,EMP00042,Female,32.0,16.0,Engineer,,600000,
43,EMP00043,Male,45.0,15.0,Manager,2023-01-15,600000,
44,EMP00044,Female,28.0,1.0,Engineer,,600000,
45,EMP00045,Male,58.0,16.0,Intern,2025-07-01,500000,
46,EMP00046,Male,20.0,99.0,Analyst,,600000,
47,EMP00047,Female,32.0,7.0,Analyst,2025-07-01,500000,
48,EMP00048,Male,35.0,19.0,HR,2025-07-01,600000,
49,EMP00049,Female,23.0,12.0,Manager,,600000,
50,EMP00050,Male,28.0,18.0,Engineer,,600000,emp50@mail.com
51,EMP00051,Female,31.0,20.0,Analyst,,500000,
52,EMP00052,Female,59.0,4.0,QA,2023-01-15,800000,
53,EMP00053,Male,55.0,2.0,Engineer,,800000,emp53@mail.com
54,EMP00054,Male,52.0,15.0,QA,2023-01-15,350000,
55,EMP00055,Male,59.0,17.0,QA,,500000,
56,EMP00056,Female,52.0,18.0,Manager,,500000,
57,EMP00057,Male,32.0,15.0,Engineer,,350000,
58,EMP00058,Female,40.0,3.0,Intern,,600000,emp58@mail.com
59,EMP00059,Female,40.0,10.0,Analyst,,600000,
60,EMP00060,Female,36.0,5.0,Manager,,600000,emp60@mail.com
61,EMP00061,Female,51.0,6.0,Intern,,500000,
62,EMP00062,Male,45.0,11.0,Manager,,800000,
63,EMP00063,Male,43.0,1.0,HR,,600000,
64,EMP00064,Unknow,21.0,13.0,HR,,500000,
65,EMP00065,Male,24.0,4.0,Engineer,2023-01-15,350000,
66,EMP00066,Male,22.0,6.0,HR,,600000,
67,EMP00067,Female,29.0,18.0,QA,,600000,
68,EMP00068,Male,37.0,2.0,Intern,,600000,emp68@mail.com
69,EMP00069,Male,21.0,99.0,Analyst,2025-07-01,350000,
70,EMP00070,Male,36.0,4.0,Manager,2023-01-15,800000,
71,EMP00071,Male,59.0,5.0,Analyst,,600000,
72,EMP00072,Male,30.0,9.0,Analyst,,500000,
73,EMP00073,Unknow,39.0,17.0,Engineer,2025-07-01,600000,
74,EMP00074,Male,42.0,1.0,HR,2023-01-15,350000,emp74@mail.com
75,EMP00075,Unknow,52.0,18.0,Engineer,,600000,
76,EMP00076,Female,26.0,,Intern,,600000,
77,EMP00077,Male,45.0,17.0,HR,,500000,
78,EMP00078,Female,60.0,5.0,Manager,2025-07-01,350000,
79,EMP00079,Male,24.0,99.0,Intern,2025-07-01,500000,
80,EMP00080,Male,25.0,,Manager,,600000,
81,EMP00081,Male,35.0,10.0,Analyst,,500000,
82,EMP00082,Male,48.0,1.0,HR,2025-07-01,800000,
83,EMP00083,Female,22.0,10.0,Engineer,2025-07-01,500000,emp83@mail.com
84,EMP00084,Male,44.0,3.0,Manager,2025-07-01,600000,
85,EMP00085,Female,52.0,1.0,Analyst,2025-07-01,350000,
86,EMP00086,Female,57.0,2.0,Manager,2023-01-15,800000,
87,EMP00087,Unknow,34.0,3.0,QA,,500000,
88,EMP00088,Male,51.0,5.0,HR,,600000,
89,EMP00089,Male,52.0,99.0,Manager,,500000,emp89@mail.com
90,EMP00090,Unknow,57.0,,Intern,,600000,emp90@mail.com
91,EMP00091,Male,28.0,99.0,HR,2023-01-15,500000,
92,EMP00092,Male,23.0,99.0,Analyst,,600000,
93,EMP00093,Female,36.0,1.0,Manager,2023-01-15,600000,emp93@mail.com
94,EMP00094,Unknow,53.0,3.0,Intern,,800000,emp94@mail.com
95,EMP00095,Male,35.0,7.0,Engineer,,500000,
96,EMP00096,Male,50.0,,HR,2023-01-15,600000,
97,EMP00097,Male,58.0,5.0,HR,2025-07-01,600000,
98,EMP00098,Male,56.0,5.0,Analyst,,350000,
99,EMP00099,Male,40.0,4.0,Intern,,600000,
100,EMP00100,Male,53.0,10.0,Manager,,600000,emp100@mail.com
101,EMP00101,Male,32.0,10.0,Analyst,,350000,
102,EMP00102,Female,24.0,17.0,Manager,2025-07-01,600000,
103,EMP00103,Female,24.0,19.0,Analyst,,600000,
104,EMP00104,Male,28.0,20.0,Intern,,800000,emp104@mail.com
105,EMP00105,Unknow,43.0,8.0,Manager,,500000,emp105@mail.com
106,EMP00106,Female,20.0,16.0,Intern,,600000,
107,EMP00107,Unknow,29.0,14.0,HR,,800000,emp107@mail.com
108,EMP00108,Male,20.0,11.0,HR,,350000,
109,EMP00109,Unknow,20.0,10.0,HR,2025-07-01,350000,
110,EMP00110,Female,57.0,3.0,HR,,800000,emp110@mail.com
111,EMP00111,Male,26.0,2.0,Intern,2025-07-01,600000,
112,EMP00112,Female,37.0,14.0,QA,2025-07-01,500000,
113,EMP00113,Female,21.0,99.0,Manager,,500000,
114,EMP00114,Unknow,25.0,2.0,Intern,,600000,
115,EMP00115,Unknow,38.0,16.0,Analyst,,500000,
116,EMP00116,Female,46.0,11.0,HR,2025-07-01,800000,
117,EMP00117,Female,40.0,8.0,HR,,500000,
118,EMP00118,Male,30.0,99.0,Engineer,2023-01-15,500000,
119,EMP00119,Male,34.0,15.0,HR,,500000,
120,EMP00120,Male,32.0,8.0,Analyst,,800000,emp120@mail.com
121,EMP00121,Male,35.0,12.0,HR,,500000,emp121@mail.com
122,EMP00122,Unknow,46.0,13.0,Manager,,500000,
123,EMP00123,Male,41.0,2.0,Manager,2025-07-01,600000,
124,EMP00124,Female,40.0,17.0,QA,,350000,
125,EMP00125,Female,44.0,13.0,Intern,,500000,
126,EMP00126,Male,28.0,2.0,Manager,,600000,
127,EMP00127,Male,24.0,13.0,QA,,500000,
128,EMP00128,Male,34.0,5.0,Engineer,,600000,emp128@mail.com
129,EMP00129,Unknow,40.0,15.0,Analyst,,350000,emp129@mail.com
130,EMP00130,Female,34.0,19.0,Analyst,2025-07-01,500000,
131,EMP00131,Male,60.0,14.0,Intern,2023-01-15,350000,emp131@mail.com
132,EMP00132,Male,53.0,19.0,Engineer,,800000,
133,EMP00133,Male,20.0,1.0,QA,2025-07-01,600000,
134,EMP00134,Male,40.0,8.0,Manager,,500000,
135,EMP00135,Male,46.0,99.0,HR,2023-01-15,350000,
136,EMP00136,Female,40.0,99.0,Manager,2023-01-15,800000,
137,EMP00137,Unknow,47.0,12.0,Engineer,,350000,
138,EMP00138,Unknow,46.0,12.0,Intern,,500000,emp138@mail.com
139,EMP00139,Male,52.0,3.0,Engineer,,500000,
140,EMP00140,Female,34.0,15.0,Engineer,2025-07-01,800000,emp140@mail.com
141,EMP00141,Male,51.0,20.0,Engineer,,600000,
142,EMP00142,Unknow,23.0,20.0,Engineer,,350000,
143,EMP00143,Male,58.0,5.0,Manager,2023-01-15,600000,emp143@mail.com
144,EMP00144,Female,45.0,15.0,Intern,2025-07-01,600000,emp144@mail.com
145,EMP00145,Male,30.0,11.0,Engineer,,600000,
146,EMP00146,Male,39.0,,Intern,,600000,
147,EMP00147,Female,30.0,4.0,Analyst,2023-01-15,800000,emp147@mail.com
148,EMP00148,Male,46.0,4.0,QA,,600000,
149,EMP00149,Male,47.0,3.0,Analyst,,500000,
150,EMP00150,Male,48.0,7.0,HR,2025-07-01,600000,
151,EMP00151,Male,60.0,14.0,Engineer,,350000,
152,EMP00152,Male,49.0,3.0,Analyst,2025-07-01,500000,emp152@mail.com
153,EMP00153,Male,41.0,12.0,HR,2025-07-01,600000,emp153@mail.com
154,EMP00154,Male,40.0,9.0,HR,2023-01-15,600000,emp154@mail.com
155,EMP00155,Male,34.0,4.0,Manager,,600000,
156,EMP00156,Female,51.0,5.0,Manager,,350000,
157,EMP00157,Unknow,29.0,20.0,Engineer,2025-07-01,800000,
158,EMP00158,Male,58.0,3.0,QA,,600000,
159,EMP00159,Female,46.0,3.0,Intern,2023-01-15,600000,
160,EMP00160,Female,47.0,4.0,Analyst,2025-07-01,600000,emp160@mail.com
161,EMP00161,Female,26.0,14.0,Manager,,500000,
162,EMP00162,Female,46.0,15.0,QA,,600000,emp162@mail.com
163,EMP00163,Male,38.0,9.0,QA,2025-07-01,800000,
164,EMP00164,Unknow,36.0,7.0,Manager,,500000,
165,EMP00165,Female,29.0,10.0,QA,,800000,emp165@mail.com
166,EMP00166,Female,36.0,8.0,QA,,500000,emp166@mail.com
167,EMP00167,Unknow,49.0,2.0,Analyst,2023-01-15,600000,
168,EMP00168,Female,43.0,2.0,HR,,350000,emp168@mail.com
169,EMP00169,Female,58.0,19.0,Engineer,2023-01-15,800000,
170,EMP00170,Female,58.0,9.0,Intern,2023-01-15,350000,
171,EMP00171,Female,22.0,12.0,HR,,350000,
172,EMP00172,Male,22.0,20.0,Intern,,350000,
173,EMP00173,Female,40.0,12.0,Engineer,,800000,emp173@mail.com
174,EMP00174,Female,22.0,16.0,QA,,350000,
175,EMP00175,Male,45.0,,QA,,600000,emp175@mail.com
176,EMP00176,Unknow,30.0,13.0,Intern,2025-07-01,500000,
177,EMP00177,Unknow,39.0,14.0,Analyst,2025-07-01,600000,
178,EMP00178,Female,46.0,1.0,HR,,600000,
179,EMP00179,Female,20.0,14.0,Engineer,,350000,emp179@mail.com
180,EMP00180,Female,56.0,12.0,Manager,,500000,emp180@mail.com
181,EMP00181,Male,55.0,5.0,Intern,,350000,
182,EMP00182,Unknow,52.0,6.0,Engineer,2025-07-01,800000,
183,EMP00183,Male,30.0,3.0,Analyst,,600000,
184,EMP00184,Male,28.0,2.0,Manager,2025-07-01,350000,
185,EMP00185,Male,59.0,6.0,Intern,,600000,
186,EMP00186,Male,32.0,16.0,Engineer,,500000,emp186@mail.com
187,EMP00187,Female,53.0,6.0,Manager,2025-07-01,350000,
188,EMP00188,Female,32.0,2.0,QA,2023-01-15,600000,
189,EMP00189,Male,44.0,20.0,Manager,,600000,
190,EMP00190,Unknow,46.0,10.0,QA,,600000,
191,EMP00191,Unknow,43.0,15.0,QA,,500000,emp191@mail.com
192,EMP00192,Male,59.0,16.0,Manager,,600000,
193,EMP00193,Female,50.0,13.0,Analyst,2023-01-15,500000,
194,EMP00194,Female,43.0,3.0,Manager,,600000,emp194@mail.com
195,EMP00195,Male,60.0,5.0,Analyst,2025-07-01,600000,emp195@mail.com
196,EMP00196,Male,52.0,13.0,Intern,,350000,emp196@mail.com
197,EMP00197,Male,27.0,7.0,Engineer,,800000,
198,EMP00198,Unknow,34.0,3.0,HR,,800000,
199,EMP00199,Male,59.0,9.0,Manager,,800000,
200,EMP00200,Female,57.0,9.0,QA,,500000,
201,EMP00201,Male,22.0,7.0,Engineer,,500000,
202,EMP00202,Unknow,40.0,13.0,Engineer,2025-07-01,350000,emp202@mail.com
203,EMP00203,Unknow,43.0,15.0,QA,,500000,emp203@mail.com
204,EMP00204,Male,54.0,99.0,Manager,2025-07-01,800000,
205,EMP00205,Male,56.0,5.0,HR,2025-07-01,350000,
206,EMP00206,Female,31.0,20.0,Intern,2023-01-15,800000,
207,EMP00207,Male,60.0,19.0,Intern,2025-07-01,600000,emp207@mail.com
208,EMP00208,Unknow,22.0,8.0,Engineer,2025-07-01,500000,
209,EMP00209,Female,52.0,12.0,Analyst,,600000,
210,EMP00210,Male,40.0,2.0,Analyst,2023-01-15,350000,
211,EMP00211,Male,26.0,17.0,HR,,500000,
212,EMP00212,Male,39.0,19.0,Engineer,,800000,
213,EMP00213,Female,28.0,1.0,Engineer,,600000,emp213@mail.com
214,EMP00214,Male,60.0,5.0,Intern,2025-07-01,500000,
215,EMP00215,Male,23.0,99.0,QA,2025-07-01,500000,
216,EMP00216,Male,53.0,16.0,Engineer,,350000,emp216@mail.com
217,EMP00217,Male,54.0,1.0,Manager,,500000,
218,EMP00218,Male,26.0,1.0,QA,,600000,
219,EMP00219,Female,46.0,7.0,QA,,600000,
220,EMP00220,Male,31.0,17.0,HR,2023-01-15,800000,emp220@mail.com
221,EMP00221,Unknow,50.0,18.0,Analyst,,600000,
222,EMP00222,Male,40.0,15.0,Engineer,,350000,
223,EMP00223,Female,40.0,2.0,Analyst,2025-07-01,600000,
224,EMP00224,Unknow,23.0,9.0,Intern,,600000,
225,EMP00225,Unknow,53.0,9.0,HR,,350000,emp225@mail.com
226,EMP00226,Female,36.0,8.0,Intern,,500000,
227,EMP00227,Female,44.0,11.0,QA,,500000,
228,EMP00228,Female,53.0,1.0,Analyst,,600000,
229,EMP00229,Male,39.0,7.0,Manager,,500000,emp229@mail.com
230,EMP00230,Male,30.0,5.0,Analyst,2023-01-15,350000,emp230@mail.com
231,EMP00231,Male,30.0,12.0,Engineer,2023-01-15,350000,emp231@mail.com
232,EMP00232,Female,40.0,99.0,Analyst,2023-01-15,600000,emp232@mail.com
233,EMP00233,Male,57.0,12.0,Engineer,,600000,emp233@mail.com
234,EMP00234,Unknow,44.0,4.0,Engineer,,500000,emp234@mail.com
235,EMP00235,Male,22.0,99.0,Analyst,2025-07-01,500000,emp235@mail.com
236,EMP00236,Female,26.0,99.0,Engineer,2025-07-01,800000,
237,EMP00237,Female,36.0,1.0,HR,2025-07-01,800000,emp237@mail.com
238,EMP00238,Unknow,43.0,11.0,QA,,500000,
239,EMP00239,Male,21.0,14.0,Analyst,,600000,emp239@mail.com
240,EMP00240,Male,50.0,2.0,QA,,500000,emp240@mail.com
241,EMP00241,Male,38.0,6.0,Manager,2023-01-15,600000,
242,EMP00242,Male,23.0,1.0,HR,,350000,
243,EMP00243,Unknow,31.0,16.0,QA,2025-07-01,600000,
244,EMP00244,Male,30.0,10.0,Engineer,,600000,
245,EMP00245,Male,60.0,3.0,Manager,,350000,
246,EMP00246,Male,26.0,13.0,Manager,2023-01-15,500000,emp246@mail.com
247,EMP00247,Male,33.0,10.0,HR,,600000,
248,EMP00248,Female,60.0,8.0,Manager,,500000,emp248@mail.com
249,EMP00249,Male,57.0,11.0,QA,,500000,
250,EMP00250,Female,49.0,15.0,Intern,2025-07-01,500000,
251,EMP00251,Female,41.0,15.0,Intern,,500000,
252,EMP00252,Male,39.0,20.0,Engineer,,500000,
253,EMP00253,Male,53.0,12.0,Engineer,,800000,
254,EMP00254,Male,26.0,6.0,Intern,2023-01-15,500000,
255,EMP00255,Female,29.0,10.0,Intern,2025-07-01,600000,
256,EMP00256,Female,26.0,99.0,Analyst,2025-07-01,500000,
257,EMP00257,Female,22.0,1.0,Manager,,600000,
258,EMP00258,Male,60.0,10.0,Manager,2023-01-15,500000,
259,EMP00259,Male,45.0,1.0,Intern,,600000,
260,EMP00260,Female,40.0,99.0,Intern,,500000,
261,EMP00261,Unknow,27.0,15.0,Manager,2025-07-01,800000,emp261@mail.com
262,EMP00262,Female,35.0,13.0,Intern,,800000,
263,EMP00263,Female,49.0,1.0,QA,,600000,
264,EMP00264,Unknow,40.0,1.0,Manager,,350000,emp264@mail.com
265,EMP00265,Male,54.0,7.0,Engineer,,500000,
266,EMP00266,Male,56.0,15.0,QA,,600000,
267,EMP00267,Male,21.0,99.0,HR,,800000,
268,EMP00268,Unknow,49.0,7.0,Intern,,500000,emp268@mail.com
269,EMP00269,Unknow,59.0,12.0,Intern,2023-01-15,800000,
270,EMP00270,Female,45.0,2.0,Analyst,2023-01-15,600000,
271,EMP00271,Unknow,40.0,12.0,QA,2025-07-01,350000,
272,EMP00272,Male,45.0,17.0,Engineer,,600000,
273,EMP00273,Female,28.0,3.0,Intern,,600000,
274,EMP00274,Female,42.0,,Intern,,600000,
275,EMP00275,Male,40.0,5.0,Manager,2025-07-01,500000,
276,EMP00276,Unknow,44.0,,HR,,600000,
277,EMP00277,Female,20.0,9.0,HR,,600000,
278,EMP00278,Male,50.0,16.0,Manager,,600000,emp278@mail.com
279,EMP00279,Unknow,43.0,5.0,HR,,350000,emp279@mail.com
280,EMP00280,Male,40.0,5.0,QA,2025-07-01,600000,emp280@mail.com
281,EMP00281,Unknow,20.0,7.0,Analyst,2025-07-01,800000,emp281@mail.com
282,EMP00282,Male,29.0,8.0,Engineer,,800000,
283,EMP00283,Female,45.0,18.0,Engineer,,600000,emp283@mail.com
284,EMP00284,Unknow,55.0,99.0,HR,,500000,
285,EMP00285,Male,25.0,15.0,Intern,2023-01-15,500000,emp285@mail.com
286,EMP00286,Male,46.0,8.0,Engineer,,500000,emp286@mail.com
287,EMP00287,Female,49.0,5.0,Intern,,500000,
288,EMP00288,Female,54.0,20.0,Intern,2023-01-15,500000,
289,EMP00289,Female,56.0,16.0,Intern,2025-07-01,600000,
290,EMP00290,Female,46.0,,Analyst,,600000,
291,EMP00291,Unknow,40.0,1.0,Analyst,,350000,
292,EMP00292,Male,52.0,16.0,Manager,,350000,
293,EMP00293,Unknow,46.0,99.0,Engineer,2025-07-01,350000,
294,EMP00294,Male,50.0,17.0,QA,,800000,
295,EMP00295,Male,47.0,9.0,QA,2023-01-15,800000,
296,EMP00296,Male,51.0,13.0,HR,,800000,
297,EMP00297,Female,40.0,16.0,Analyst,2025-07-01,500000,
298,EMP00298,Unknow,39.0,5.0,QA,2023-01-15,350000,
299,EMP00299,Unknow,55.0,13.0,QA,,350000,
300,EMP00300,Male,26.0,1.0,Analyst,,600000,emp300@mail.com
301,EMP00301,Male,54.0,20.0,Manager,,500000,emp301@mail.com
302,EMP00302,Female,22.0,,Intern,,600000,
303,EMP00303,Male,40.0,6.0,Analyst,,350000,emp303@mail.com
304,EMP00304,Male,28.0,10.0,QA,2025-07-01,800000,
305,EMP00305,Female,22.0,11.0,Analyst,,500000,emp305@mail.com
306,EMP00306,Female,56.0,17.0,Analyst,2023-01-15,600000,
307,EMP00307,Female,24.0,1.0,Intern,,600000,
308,EMP00308,Female,46.0,18.0,Analyst,2023-01-15,600000,
309,EMP00309,Female,29.0,99.0,Analyst,,350000,emp309@mail.com
310,EMP00310,Unknow,40.0,4.0,Analyst,,350000,
311,EMP00311,Female,21.0,9.0,Intern,,500000,
312,EMP00312,Unknow,31.0,2.0,HR,,600000,emp312@mail.com
313,EMP00313,Male,60.0,18.0,Intern,,600000,
314,EMP00314,Male,22.0,1.0,Analyst,2023-01-15,600000,emp314@mail.com
315,EMP00315,Female,39.0,10.0,Intern,,500000,
316,EMP00316,Male,23.0,11.0,HR,,600000,
317,EMP00317,Female,40.0,6.0,Engineer,2023-01-15,800000,
318,EMP00318,Unknow,46.0,16.0,Manager,,800000,
319,EMP00319,Male,37.0,2.0,QA,,800000,emp319@mail.com
320,EMP00320,Female,58.0,10.0,QA,,500000,
321,EMP00321,Female,40.0,13.0,QA,,500000,
322,EMP00322,Unknow,20.0,11.0,HR,2025-07-01,500000,
323,EMP00323,Male,22.0,10.0,Engineer,,500000,
324,EMP00324,Male,40.0,16.0,HR,,350000,
325,EMP00325,Female,32.0,8.0,HR,,350000,
326,EMP00326,Female,33.0,9.0,QA,2023-01-15,500000,
327,EMP00327,Male,25.0,18.0,HR,2023-01-15,500000,
328,EMP00328,Male,53.0,9.0,QA,2025-07-01,500000,
329,EMP00329,Female,33.0,7.0,Analyst,,600000,
330,EMP00330,Male,56.0,19.0,HR,,600000,
331,EMP00331,Female,22.0,16.0,HR,2023-01-15,800000,
332,EMP00332,Male,29.0,11.0,QA,2023-01-15,800000,
333,EMP00333,Male,58.0,1.0,Analyst,2023-01-15,500000,
334,EMP00334,Male,56.0,7.0,HR,2025-07-01,500000,emp334@mail.com
335,EMP00335,Female,57.0,20.0,Engineer,2025-07-01,350000,
336,EMP00336,Female,31.0,13.0,Analyst,2023-01-15,350000,emp336@mail.com
337,EMP00337,Male,43.0,15.0,Manager,2023-01-15,500000,
338,EMP00338,Male,25.0,9.0,HR,,500000,emp338@mail.com
339,EMP00339,Unknow,52.0,13.0,Engineer,,500000,
340,EMP00340,Female,34.0,6.0,Analyst,2025-07-01,800000,emp340@mail.com
341,EMP00341,Male,21.0,2.0,HR,,600000,
342,EMP00342,Male,26.0,5.0,HR,2023-01-15,500000,
343,EMP00343,Male,57.0,15.0,Intern,2023-01-15,500000,
344,EMP00344,Male,36.0,13.0,Analyst,2025-07-01,500000,
345,EMP00345,Female,48.0,8.0,Engineer,2023-01-15,500000,
346,EMP00346,Male,30.0,8.0,Analyst,,800000,
347,EMP00347,Female,26.0,13.0,Analyst,2023-01-15,500000,
348,EMP00348,Male,34.0,16.0,Analyst,2025-07-01,500000,
349,EMP00349,Female,23.0,6.0,Intern,,600000,
350,EMP00350,Female,29.0,9.0,Manager,,500000,
351,EMP00351,Male,37.0,19.0,HR,2025-07-01,500000,
352,EMP00352,Female,26.0,11.0,Manager,,350000,
353,EMP00353,Male,23.0,99.0,Intern,,500000,
354,EMP00354,Male,27.0,9.0,Engineer,2025-07-01,500000,
355,EMP00355,Female,35.0,4.0,Manager,2025-07-01,600000,
356,EMP00356,Male,38.0,5.0,Intern,2023-01-15,500000,
357,EMP00357,Male,28.0,15.0,Analyst,,800000,
358,EMP00358,Male,47.0,2.0,Manager,,800000,
359,EMP00359,Female,31.0,17.0,Engineer,,500000,emp359@mail.com
360,EMP00360,Male,58.0,16.0,HR,,500000,
361,EMP00361,Male,40.0,99.0,Engineer,,800000,
362,EMP00362,Male,24.0,17.0,Manager,2023-01-15,600000,
363,EMP00363,Male,38.0,99.0,Manager,2023-01-15,350000,
364,EMP00364,Female,28.0,,HR,,600000,
365,EMP00365,Male,30.0,12.0,QA,,350000,
366,EMP00366,Male,48.0,17.0,Analyst,2023-01-15,800000,
367,EMP00367,Male,44.0,19.0,Analyst,2025-07-01,350000,
368,EMP00368,Female,52.0,1.0,QA,,500000,emp368@mail.com
369,EMP00369,Female,25.0,8.0,QA,,500000,emp369@mail.com
370,EMP00370,Male,36.0,18.0,Analyst,2023-01-15,350000,
371,EMP00371,Male,21.0,20.0,Intern,,600000,
372,EMP00372,Unknow,48.0,4.0,HR,2023-01-15,600000,
373,EMP00373,Male,37.0,4.0,Manager,,600000,
374,EMP00374,Male,27.0,4.0,Manager,,600000,
375,EMP00375,Female,29.0,,QA,,600000,
376,EMP00376,Female,21.0,99.0,Manager,,500000,emp376@mail.com
377,EMP00377,Female,23.0,12.0,HR,,500000,
378,EMP00378,Unknow,47.0,19.0,HR,,600000,emp378@mail.com
379,EMP00379,Male,53.0,5.0,Intern,2025-07-01,500000,
380,EMP00380,Unknow,60.0,1.0,HR,2023-01-15,600000,
381,EMP00381,Male,40.0,14.0,Engineer,,600000,emp381@mail.com
382,EMP00382,Female,28.0,14.0,Manager,,600000,emp382@mail.com
383,EMP00383,Male,22.0,99.0,QA,2025-07-01,600000,
384,EMP00384,Unknow,54.0,2.0,QA,2023-01-15,800000,emp384@mail.com
385,EMP00385,Male,20.0,14.0,Engineer,2023-01-15,800000,emp385@mail.com
386,EMP00386,Male,42.0,99.0,Engineer,2023-01-15,350000,
387,EMP00387,Male,49.0,19.0,QA,,600000,emp387@mail.com
388,EMP00388,Male,28.0,10.0,Manager,,800000,
389,EMP00389,Female,25.0,18.0,HR,,600000,
390,EMP00390,Unknow,44.0,7.0,QA,2025-07-01,500000,
391,EMP00391,Male,50.0,16.0,HR,2023-01-15,500000,
392,EMP00392,Female,32.0,17.0,QA,,600000,
393,EMP00393,Male,42.0,6.0,Engineer,2025-07-01,600000,
394,EMP00394,Female,37.0,10.0,Engineer,2025-07-01,350000,emp394@mail.com
395,EMP00395,Female,55.0,3.0,QA,2025-07-01,600000,emp395@mail.com
396,EMP00396,Male,44.0,15.0,HR,2023-01-15,500000,
397,EMP00397,Unknow,29.0,14.0,HR,2025-07-01,500000,
398,EMP00398,Male,59.0,9.0,QA,2023-01-15,600000,
399,EMP00399,Male,60.0,99.0,Intern,,500000,emp399@mail.com
400,EMP00400,Male,46.0,18.0,QA,2023-01-15,600000,
401,EMP00401,Male,29.0,14.0,HR,,600000,emp401@mail.com
402,EMP00402,Female,48.0,15.0,HR,2025-07-01,800000,
403,EMP00403,Female,53.0,18.0,QA,,600000,
404,EMP00404,Male,51.0,13.0,Manager,2025-07-01,500000,
405,EMP00405,Female,47.0,19.0,Manager,,500000,emp405@mail.com
406,EMP00406,Male,40.0,20.0,Engineer,2025-07-01,500000,
407,EMP00407,Male,21.0,2.0,HR,,600000,
408,EMP00408,Male,39.0,18.0,QA,,600000,
409,EMP00409,Female,49.0,12.0,Analyst,,600000,
410,EMP00410,Female,20.0,,Analyst,,600000,emp410@mail.com
411,EMP00411,Female,43.0,17.0,Manager,,600000,
412,EMP00412,Female,46.0,16.0,Manager,,600000,
413,EMP00413,Unknow,53.0,3.0,Engineer,2025-07-01,800000,
414,EMP00414,Male,39.0,17.0,Engineer,2023-01-15,600000,
415,EMP00415,Unknow,41.0,17.0,Manager,,600000,
416,EMP00416,Male,33.0,17.0,Engineer,,500000,emp416@mail.com
417,EMP00417,Unknow,56.0,20.0,Analyst,2025-07-01,600000,emp417@mail.com
418,EMP00418,Unknow,46.0,1.0,Analyst,2025-07-01,600000,emp418@mail.com
419,EMP00419,Male,45.0,4.0,QA,2023-01-15,600000,emp419@mail.com
420,EMP00420,Female,31.0,16.0,QA,,800000,
421,EMP00421,Male,32.0,14.0,QA,2023-01-15,500000,
422,EMP00422,Male,52.0,4.0,Analyst,2023-01-15,350000,
423,EMP00423,Male,51.0,15.0,QA,,350000,emp423@mail.com
424,EMP00424,Unknow,57.0,11.0,Engineer,,800000,
425,EMP00425,Female,22.0,9.0,Intern,2023-01-15,500000,emp425@mail.com
426,EMP00426,Male,32.0,15.0,QA,,350000,emp426@mail.com
427,EMP00427,Female,45.0,19.0,Analyst,,350000,
428,EMP00428,Female,34.0,2.0,Engineer,,500000,
429,EMP00429,Male,49.0,10.0,Manager,,800000,
430,EMP00430,Male,35.0,,Manager,,600000,
431,EMP00431,Male,45.0,16.0,Analyst,,350000,
432,EMP00432,Female,42.0,13.0,Engineer,2023-01-15,800000,
433,EMP00433,Male,43.0,4.0,HR,,600000,
434,EMP00434,Female,40.0,3.0,Analyst,,800000,
435,EMP00435,Female,32.0,15.0,HR,2025-07-01,500000,
436,EMP00436,Male,37.0,,Analyst,2025-07-01,600000,
437,EMP00437,Unknow,28.0,3.0,Engineer,2025-07-01,600000,
438,EMP00438,Male,48.0,15.0,Engineer,,800000,
439,EMP00439,Female,45.0,13.0,Intern,,500000,
440,EMP00440,Female,52.0,7.0,Engineer,,600000,
441,EMP00441,Unknow,36.0,20.0,Manager,,800000,
442,EMP00442,Female,58.0,17.0,Engineer,,350000,emp442@mail.com
443,EMP00443,Male,37.0,13.0,Analyst,,500000,
444,EMP00444,Male,44.0,3.0,Intern,,500000,
445,EMP00445,Female,40.0,4.0,Analyst,,800000,
446,EMP00446,Female,24.0,10.0,Analyst,,800000,
447,EMP00447,Unknow,45.0,10.0,HR,,600000,
448,EMP00448,Male,31.0,1.0,HR,2025-07-01,600000,emp448@mail.com
449,EMP00449,Unknow,49.0,8.0,Manager,2025-07-01,600000,emp449@mail.com
450,EMP00450,Female,38.0,4.0,HR,,600000,
451,EMP00451,Unknow,40.0,2.0,Manager,2023-01-15,600000,
452,EMP00452,Female,32.0,10.0,Engineer,,600000,emp452@mail.com
453,EMP00453,Male,39.0,99.0,Intern,,500000,
454,EMP00454,Male,51.0,17.0,HR,,600000,
455,EMP00455,Male,27.0,99.0,HR,2023-01-15,500000,emp455@mail.com
456,EMP00456,Female,40.0,4.0,Analyst,2025-07-01,500000,
457,EMP00457,Unknow,25.0,14.0,Intern,,600000,
458,EMP00458,Male,53.0,3.0,HR,,600000,
459,EMP00459,Unknow,52.0,99.0,Intern,,500000,emp459@mail.com
460,EMP00460,Unknow,33.0,14.0,Intern,,500000,
461,EMP00461,Female,22.0,18.0,HR,,600000,
462,EMP00462,Unknow,35.0,18.0,HR,,350000,
463,EMP00463,Male,42.0,14.0,Analyst,,600000,
464,EMP00464,Female,28.0,,Intern,,600000,
465,EMP00465,Female,35.0,1.0,QA,,500000,
466,EMP00466,Unknow,39.0,5.0,Intern,,500000,
467,EMP00467,Male,60.0,4.0,QA,,500000,
468,EMP00468,Male,49.0,13.0,Engineer,2023-01-15,600000,
469,EMP00469,Male,43.0,16.0,Engineer,2023-01-15,350000,
470,EMP00470,Male,32.0,4.0,Intern,2025-07-01,600000,emp470@mail.com
471,EMP00471,Female,40.0,15.0,Manager,,800000,
472,EMP00472,Female,55.0,3.0,Analyst,2023-01-15,600000,
473,EMP00473,Male,41.0,19.0,HR,2023-01-15,600000,
474,EMP00474,Female,51.0,7.0,QA,2025-07-01,350000,
475,EMP00475,Male,40.0,10.0,Intern,,600000,
476,EMP00476,Unknow,35.0,3.0,Engineer,2023-01-15,350000,
477,EMP00477,Female,38.0,12.0,Engineer,,600000,
478,EMP00478,Male,39.0,20.0,HR,,500000,
479,EMP00479,Male,34.0,12.0,Engineer,,800000,
480,EMP00480,Female,23.0,2.0,Analyst,,600000,
481,EMP00481,Male,33.0,16.0,Manager,,600000,
482,EMP00482,Male,58.0,19.0,Intern,2023-01-15,500000,
483,EMP00483,Female,28.0,15.0,Intern,,350000,emp483@mail.com
484,EMP00484,Female,50.0,7.0,Engineer,2025-07-01,350000,emp484@mail.com
485,EMP00485,Male,52.0,14.0,Engineer,2025-07-01,350000,emp485@mail.com
486,EMP00486,Male,46.0,11.0,Analyst,,350000,
487,EMP00487,Unknow,30.0,13.0,HR,2023-01-15,500000,
488,EMP00488,Male,32.0,16.0,Analyst,,800000,
489,EMP00489,Female,54.0,99.0,Engineer,,500000,emp489@mail.com
490,EMP00490,Male,40.0,11.0,QA,2025-07-01,500000,
491,EMP00491,Male,50.0,,Intern,,600000,
492,EMP00492,Male,60.0,1.0,Engineer,,600000,
493,EMP00493,Unknow,25.0,5.0,Intern,,800000,
494,EMP00494,Male,53.0,8.0,QA,,500000,
495,EMP00495,Male,34.0,6.0,Engineer,,600000,emp495@mail.com
496,EMP00496,Female,36.0,99.0,Analyst,,500000,
497,EMP00497,Unknow,51.0,8.0,QA,,500000,emp497@mail.com
498,EMP00498,Unknow,52.0,19.0,QA,2023-01-15,600000,emp498@mail.com
499,EMP00499,Female,28.0,17.0,QA,,600000,emp499@mail.com
500,EMP00500,Unknow,52.0,4.0,Manager,,600000,
501,EMP00501,Female,56.0,16.0,Analyst,,800000,emp501@mail.com
502,EMP00502,Female,35.0,2.0,HR,2023-01-15,350000,
503,EMP00503,Female,39.0,4.0,Intern,,600000,emp503@mail.com
504,EMP00504,Male,32.0,19.0,Analyst,2025-07-01,500000,
505,EMP00505,Unknow,41.0,,Analyst,2025-07-01,600000,
506,EMP00506,Male,52.0,17.0,HR,,350000,
507,EMP00507,Male,42.0,18.0,HR,,350000,emp507@mail.com
508,EMP00508,Unknow,35.0,9.0,HR,,600000,
509,EMP00509,Male,57.0,15.0,Analyst,2023-01-15,500000,emp509@mail.com
510,EMP00510,Male,36.0,6.0,Engineer,,800000,
511,EMP00511,Female,57.0,9.0,QA,2025-07-01,500000,emp511@mail.com
512,EMP00512,Male,41.0,5.0,Manager,,500000,emp512@mail.com
513,EMP00513,Male,24.0,6.0,QA,,600000,
514,EMP00514,Female,48.0,13.0,Engineer,,500000,emp514@mail.com
515,EMP00515,Male,41.0,17.0,Engineer,2025-07-01,500000,emp515@mail.com
516,EMP00516,Female,30.0,12.0,Intern,,800000,
517,EMP00517,Female,42.0,11.0,Analyst,2025-07-01,500000,
518,EMP00518,Male,34.0,1.0,Engineer,,600000,emp518@mail.com
519,EMP00519,Unknow,29.0,,Engineer,2025-07-01,600000,
520,EMP00520,Male,52.0,9.0,HR,,500000,
521,EMP00521,Unknow,22.0,18.0,Analyst,,600000,emp521@mail.com
522,EMP00522,Male,38.0,8.0,Engineer,2023-01-15,800000,
523,EMP00523,Unknow,43.0,17.0,Intern,,800000,
524,EMP00524,Male,23.0,11.0,Intern,2025-07-01,500000,
525,EMP00525,Female,35.0,12.0,Engineer,,500000,emp525@mail.com
526,EMP00526,Unknow,49.0,13.0,Manager,,500000,
527,EMP00527,Female,57.0,3.0,Engineer,2025-07-01,600000,
528,EMP00528,Male,56.0,18.0,Intern,2025-07-01,350000,
529,EMP00529,Male,25.0,19.0,Engineer,2025-07-01,600000,
530,EMP00530,Female,42.0,14.0,Intern,2023-01-15,600000,
531,EMP00531,Female,37.0,9.0,QA,2023-01-15,500000,
532,EMP00532,Female,21.0,7.0,Analyst,,500000,
533,EMP00533,Male,38.0,17.0,Intern,2023-01-15,500000,
534,EMP00534,Unknow,23.0,5.0,QA,2023-01-15,350000,emp534@mail.com
535,EMP00535,Male,41.0,5.0,Analyst,,800000,emp535@mail.com
536,EMP00536,Unknow,40.0,1.0,Engineer,2025-07-01,800000,emp536@mail.com
537,EMP00537,Unknow,51.0,13.0,QA,2025-07-01,500000,emp537@mail.com
538,EMP00538,Female,22.0,3.0,Intern,,800000,
539,EMP00539,Male,45.0,9.0,Manager,2023-01-15,350000,
540,EMP00540,Male,40.0,11.0,Analyst,,500000,
541,EMP00541,Female,25.0,1.0,Engineer,,500000,emp541@mail.com
542,EMP00542,Male,43.0,14.0,HR,,600000,
543,EMP00543,Unknow,58.0,19.0,HR,,600000,
544,EMP00544,Unknow,50.0,2.0,Intern,2025-07-01,600000,
545,EMP00545,Male,37.0,12.0,QA,,800000,
546,EMP00546,Male,20.0,18.0,Manager,2023-01-15,600000,
547,EMP00547,Female,60.0,8.0,Manager,2023-01-15,350000,
548,EMP00548,Male,23.0,18.0,QA,,600000,
549,EMP00549,Male,58.0,12.0,Intern,,500000,
550,EMP00550,Male,21.0,12.0,Intern,,600000,
551,EMP00551,Female,60.0,12.0,Manager,,500000,
552,EMP00552,Male,26.0,,Intern,2023-01-15,600000,
553,EMP00553,Unknow,42.0,2.0,Engineer,,600000,
554,EMP00554,Female,40.0,99.0,Engineer,2023-01-15,800000,emp554@mail.com
555,EMP00555,Male,47.0,8.0,Engineer,2025-07-01,500000,
556,EMP00556,Female,40.0,9.0,HR,,500000,
557,EMP00557,Female,37.0,5.0,HR,2025-07-01,350000,
558,EMP00558,Male,51.0,8.0,Engineer,2025-07-01,600000,
559,EMP00559,Female,57.0,2.0,Engineer,2025-07-01,350000,
560,EMP00560,Female,47.0,5.0,HR,2023-01-15,350000,
561,EMP00561,Male,28.0,10.0,Engineer,,600000,
562,EMP00562,Male,30.0,15.0,Intern,,350000,
563,EMP00563,Male,40.0,,Intern,,600000,emp563@mail.com
564,EMP00564,Male,35.0,7.0,Intern,2023-01-15,350000,
565,EMP00565,Male,58.0,8.0,QA,,600000,emp565@mail.com
566,EMP00566,Unknow,21.0,2.0,HR,2023-01-15,350000,emp566@mail.com
567,EMP00567,Female,28.0,17.0,Manager,2023-01-15,500000,
568,EMP00568,Unknow,54.0,5.0,Intern,,500000,emp568@mail.com
569,EMP00569,Male,42.0,16.0,Analyst,2025-07-01,500000,
570,EMP00570,Unknow,24.0,9.0,Intern,,350000,
571,EMP00571,Male,24.0,2.0,Engineer,,350000,
572,EMP00572,Male,43.0,9.0,Analyst,2025-07-01,600000,emp572@mail.com
573,EMP00573,Unknow,49.0,18.0,HR,,800000,
574,EMP00574,Unknow,37.0,13.0,Manager,2025-07-01,500000,
575,EMP00575,Female,29.0,13.0,Manager,,500000,emp575@mail.com
576,EMP00576,Female,58.0,17.0,HR,,600000,
577,EMP00577,Female,32.0,,Analyst,2023-01-15,600000,emp577@mail.com
578,EMP00578,Unknow,23.0,13.0,Intern,,800000,
579,EMP00579,Male,40.0,11.0,Manager,,350000,
580,EMP00580,Unknow,40.0,16.0,QA,2025-07-01,600000,
581,EMP00581,Female,60.0,13.0,HR,2023-01-15,500000,
582,EMP00582,Male,40.0,,HR,2023-01-15,600000,
583,EMP00583,Male,36.0,9.0,Manager,2025-07-01,500000,
584,EMP00584,Male,34.0,5.0,Analyst,,800000,
585,EMP00585,Male,30.0,12.0,Engineer,,500000,
586,EMP00586,Female,60.0,99.0,Analyst,2025-07-01,500000,
587,EMP00587,Female,27.0,14.0,Engineer,2025-07-01,600000,emp587@mail.com
588,EMP00588,Male,42.0,,QA,,600000,
589,EMP00589,Unknow,25.0,9.0,Manager,2025-07-01,500000,emp589@mail.com
590,EMP00590,Female,60.0,16.0,Intern,,600000,
591,EMP00591,Male,40.0,5.0,HR,,500000,
592,EMP00592,Male,43.0,17.0,HR,,800000,emp592@mail.com
593,EMP00593,Male,32.0,1.0,QA,2025-07-01,350000,
594,EMP00594,Male,54.0,9.0,HR,2025-07-01,500000,
595,EMP00595,Female,25.0,17.0,Intern,,350000,
596,EMP00596,Female,47.0,10.0,QA,2025-07-01,350000,
597,EMP00597,Female,43.0,2.0,Intern,2025-07-01,600000,
598,EMP00598,Unknow,58.0,9.0,HR,,500000,
599,EMP00599,Male,32.0,19.0,HR,2023-01-15,600000,
600,EMP00600,Male,24.0,3.0,Manager,,600000,
601,EMP00601,Female,40.0,1.0,Analyst,,600000,
602,EMP00602,Female,47.0,14.0,Manager,,350000,
603,EMP00603,Female,51.0,5.0,QA,2023-01-15,600000,
604,EMP00604,Unknow,32.0,13.0,QA,2023-01-15,600000,
605,EMP00605,Male,41.0,13.0,Manager,2023-01-15,350000,
606,EMP00606,Male,56.0,1.0,Analyst,,350000,
607,EMP00607,Male,49.0,2.0,Intern,,600000,
608,EMP00608,Female,23.0,18.0,Intern,,600000,
609,EMP00609,Female,23.0,99.0,Engineer,2025-07-01,800000,
610,EMP00610,Male,20.0,6.0,QA,2025-07-01,600000,
611,EMP00611,Male,40.0,13.0,HR,2025-07-01,500000,
612,EMP00612,Male,46.0,,Analyst,2025-07-01,600000,
613,EMP00613,Female,47.0,18.0,HR,2025-07-01,500000,
614,EMP00614,Male,33.0,18.0,Intern,2025-07-01,600000,
615,EMP00615,Unknow,57.0,5.0,HR,2025-07-01,500000,
616,EMP00616,Unknow,55.0,,Analyst,2025-07-01,600000,emp616@mail.com
617,EMP00617,Female,56.0,11.0,Analyst,2025-07-01,500000,
618,EMP00618,Male,32.0,7.0,QA,,500000,
619,EMP00619,Unknow,48.0,7.0,Engineer,2023-01-15,500000,
620,EMP00620,Unknow,27.0,2.0,Engineer,2023-01-15,600000,
621,EMP00621,Female,20.0,18.0,Intern,,600000,
622,EMP00622,Unknow,40.0,10.0,Engineer,,500000,
623,EMP00623,Unknow,33.0,17.0,Analyst,,350000,
624,EMP00624,Male,23.0,14.0,Engineer,2025-07-01,600000,
625,EMP00625,Unknow,47.0,5.0,Analyst,,350000,
626,EMP00626,Female,38.0,8.0,QA,2025-07-01,600000,
627,EMP00627,Male,36.0,11.0,QA,,500000,
628,EMP00628,Female,22.0,11.0,Manager,,600000,
629,EMP00629,Female,40.0,18.0,Intern,2023-01-15,500000,
630,EMP00630,Female,31.0,14.0,HR,,350000,emp630@mail.com
631,EMP00631,Male,27.0,,Engineer,,600000,emp631@mail.com
632,EMP00632,Male,51.0,12.0,Analyst,,350000,
633,EMP00633,Female,37.0,10.0,QA,,600000,emp633@mail.com
634,EMP00634,Female,28.0,16.0,HR,,600000,
635,EMP00635,Male,57.0,20.0,Analyst,2023-01-15,800000,
636,EMP00636,Female,40.0,10.0,Analyst,,800000,
637,EMP00637,Female,50.0,8.0,HR,2025-07-01,500000,emp637@mail.com
638,EMP00638,Male,24.0,18.0,Manager,2023-01-15,600000,emp638@mail.com
639,EMP00639,Female,58.0,13.0,Manager,2023-01-15,350000,emp639@mail.com
640,EMP00640,Male,57.0,4.0,Manager,,600000,
641,EMP00641,Male,43.0,,Intern,,600000,
642,EMP00642,Unknow,25.0,11.0,Analyst,,800000,
643,EMP00643,Male,26.0,4.0,Engineer,2023-01-15,500000,
644,EMP00644,Male,54.0,18.0,Analyst,2025-07-01,600000,
645,EMP00645,Female,56.0,18.0,Analyst,,800000,
646,EMP00646,Female,38.0,13.0,QA,,500000,
647,EMP00647,Unknow,54.0,17.0,Engineer,2023-01-15,350000,emp647@mail.com
648,EMP00648,Male,51.0,19.0,Engineer,,350000,
649,EMP00649,Female,36.0,1.0,Manager,,600000,emp649@mail.com
650,EMP00650,Male,56.0,4.0,Analyst,,500000,
651,EMP00651,Female,58.0,17.0,Intern,2023-01-15,500000,emp651@mail.com
652,EMP00652,Male,41.0,4.0,Analyst,,600000,
653,EMP00653,Male,41.0,3.0,Manager,,500000,emp653@mail.com
654,EMP00654,Male,46.0,14.0,Analyst,2023-01-15,500000,
655,EMP00655,Unknow,52.0,,Engineer,,600000,
656,EMP00656,Female,32.0,8.0,Intern,2025-07-01,600000,emp656@mail.com
657,EMP00657,Male,50.0,2.0,Manager,,800000,emp657@mail.com
658,EMP00658,Male,60.0,3.0,Engineer,2023-01-15,800000,
659,EMP00659,Male,40.0,12.0,QA,,600000,
660,EMP00660,Female,36.0,10.0,Analyst,,600000,
661,EMP00661,Female,44.0,99.0,QA,2025-07-01,600000,emp661@mail.com
662,EMP00662,Male,36.0,8.0,Engineer,,500000,
663,EMP00663,Male,35.0,16.0,QA,2023-01-15,600000,
664,EMP00664,Unknow,40.0,11.0,Manager,,350000,
665,EMP00665,Unknow,40.0,11.0,Intern,,500000,
666,EMP00666,Male,39.0,16.0,QA,2023-01-15,350000,
667,EMP00667,Female,46.0,20.0,HR,,500000,
668,EMP00668,Male,33.0,3.0,HR,,600000,emp668@mail.com
669,EMP00669,Male,41.0,3.0,HR,,600000,
670,EMP00670,Female,40.0,18.0,Engineer,2023-01-15,500000,emp670@mail.com
671,EMP00671,Female,31.0,13.0,HR,2025-07-01,500000,
672,EMP00672,Female,34.0,12.0,QA,,800000,
673,EMP00673,Male,52.0,20.0,Engineer,,600000,emp673@mail.com
674,EMP00674,Male,31.0,4.0,Engineer,,600000,
675,EMP00675,Unknow,42.0,,Analyst,,600000,
676,EMP00676,Female,36.0,,Manager,2023-01-15,600000,
677,EMP00677,Female,37.0,10.0,HR,2025-07-01,600000,
678,EMP00678,Male,40.0,2.0,Intern,,600000,
679,EMP00679,Unknow,21.0,2.0,Intern,2023-01-15,600000,
680,EMP00680,Female,39.0,17.0,Engineer,,600000,
681,EMP00681,Male,40.0,16.0,Engineer,2023-01-15,800000,
682,EMP00682,Female,57.0,19.0,QA,2023-01-15,600000,
683,EMP00683,Unknow,57.0,99.0,HR,,800000,emp683@mail.com
684,EMP00684,Female,55.0,14.0,Intern,2023-01-15,600000,
685,EMP00685,Female,43.0,9.0,HR,,500000,
686,EMP00686,Male,54.0,12.0,Engineer,,600000,emp686@mail.com
687,EMP00687,Female,39.0,17.0,Engineer,2025-07-01,350000,
688,EMP00688,Female,43.0,6.0,HR,2025-07-01,600000,
689,EMP00689,Male,40.0,15.0,Manager,2023-01-15,600000,
690,EMP00690,Male,45.0,11.0,Manager,,800000,emp690@mail.com
691,EMP00691,Female,59.0,15.0,QA,,600000,
692,EMP00692,Male,22.0,5.0,HR,,500000,
693,EMP00693,Male,37.0,13.0,HR,,500000,
694,EMP00694,Unknow,27.0,9.0,Manager,2023-01-15,350000,
695,EMP00695,Male,58.0,12.0,HR,,350000,emp695@mail.com
696,EMP00696,Male,40.0,14.0,Intern,2023-01-15,800000,
697,EMP00697,Unknow,31.0,99.0,Intern,2023-01-15,500000,
698,EMP00698,Unknow,41.0,13.0,Manager,,800000,
699,EMP00699,Female,29.0,18.0,Intern,,600000,
700,EMP00700,Female,33.0,11.0,Intern,2023-01-15,500000,emp700@mail.com
701,EMP00701,Male,20.0,19.0,Intern,,600000,
702,EMP00702,Female,33.0,19.0,Intern,2025-07-01,600000,
703,EMP00703,Female,34.0,,Engineer,,600000,
704,EMP00704,Male,40.0,13.0,HR,,600000,
705,EMP00705,Male,37.0,3.0,QA,,600000,
706,EMP00706,Male,33.0,8.0,HR,2023-01-15,800000,emp706@mail.com
707,EMP00707,Male,21.0,17.0,Analyst,2023-01-15,800000,
708,EMP00708,Male,49.0,99.0,Engineer,,800000,emp708@mail.com
709,EMP00709,Female,57.0,18.0,QA,2023-01-15,350000,
710,EMP00710,Male,50.0,8.0,HR,2025-07-01,800000,
711,EMP00711,Female,55.0,7.0,HR,,500000,emp711@mail.com
712,EMP00712,Female,31.0,1.0,QA,2025-07-01,600000,
713,EMP00713,Male,60.0,9.0,Intern,2023-01-15,500000,emp713@mail.com
714,EMP00714,Female,44.0,17.0,QA,,500000,emp714@mail.com
715,EMP00715,Male,54.0,11.0,Intern,2025-07-01,350000,
716,EMP00716,Male,28.0,14.0,Manager,,600000,
717,EMP00717,Male,59.0,7.0,Analyst,,500000,
718,EMP00718,Female,24.0,17.0,Analyst,,500000,
719,EMP00719,Male,32.0,18.0,Intern,2025-07-01,600000,emp719@mail.com
720,EMP00720,Unknow,59.0,1.0,Analyst,2025-07-01,500000,
721,EMP00721,Male,40.0,99.0,QA,2025-07-01,500000,
722,EMP00722,Unknow,30.0,19.0,Intern,2025-07-01,800000,
723,EMP00723,Male,22.0,6.0,Intern,2025-07-01,600000,emp723@mail.com
724,EMP00724,Unknow,49.0,4.0,HR,2023-01-15,500000,
725,EMP00725,Female,51.0,3.0,HR,2025-07-01,600000,
726,EMP00726,Male,53.0,19.0,HR,,600000,
727,EMP00727,Male,36.0,,Analyst,,600000,
728,EMP00728,Male,47.0,13.0,Engineer,,500000,
729,EMP00729,Male,27.0,7.0,Intern,,500000,
730,EMP00730,Male,20.0,3.0,Manager,2023-01-15,500000,emp730@mail.com
731,EMP00731,Male,41.0,20.0,QA,,600000,
732,EMP00732,Male,35.0,7.0,HR,,350000,emp732@mail.com
733,EMP00733,Male,28.0,7.0,Manager,,500000,
734,EMP00734,Male,56.0,2.0,Manager,,600000,
735,EMP00735,Unknow,40.0,16.0,Intern,,600000,
736,EMP00736,Male,51.0,20.0,Manager,2023-01-15,600000,
737,EMP00737,Female,20.0,13.0,QA,,600000,emp737@mail.com
738,EMP00738,Female,26.0,7.0,Analyst,2023-01-15,500000,emp738@mail.com
739,EMP00739,Female,35.0,8.0,Intern,2023-01-15,500000,
740,EMP00740,Male,22.0,5.0,Manager,2023-01-15,500000,emp740@mail.com
741,EMP00741,Unknow,26.0,6.0,Engineer,,500000,
742,EMP00742,Male,52.0,13.0,Analyst,2023-01-15,350000,emp742@mail.com
743,EMP00743,Male,55.0,20.0,QA,,600000,emp743@mail.com
744,EMP00744,Unknow,23.0,,QA,,600000,
745,EMP00745,Female,40.0,1.0,QA,,350000,
746,EMP00746,Male,49.0,7.0,Analyst,,600000,
747,EMP00747,Male,59.0,3.0,QA,,800000,emp747@mail.com
748,EMP00748,Male,35.0,4.0,Analyst,2025-07-01,800000,
749,EMP00749,Male,38.0,5.0,Manager,,500000,
750,EMP00750,Female,20.0,3.0,Analyst,2023-01-15,350000,
751,EMP00751,Male,44.0,15.0,Manager,,500000,
752,EMP00752,Unknow,25.0,1.0,Analyst,2023-01-15,600000,
753,EMP00753,Female,23.0,6.0,QA,2025-07-01,600000,
754,EMP00754,Unknow,28.0,9.0,HR,2025-07-01,350000,
755,EMP00755,Female,26.0,6.0,Manager,,600000,
756,EMP00756,Male,40.0,9.0,Engineer,2023-01-15,500000,emp756@mail.com
757,EMP00757,Male,34.0,18.0,HR,2025-07-01,350000,
758,EMP00758,Male,25.0,18.0,Engineer,2023-01-15,350000,
759,EMP00759,Female,60.0,11.0,HR,2023-01-15,500000,emp759@mail.com
760,EMP00760,Female,30.0,7.0,QA,2023-01-15,600000,
761,EMP00761,Female,53.0,99.0,Analyst,,500000,
762,EMP00762,Male,36.0,14.0,Intern,2023-01-15,500000,
763,EMP00763,Male,40.0,6.0,Intern,2025-07-01,600000,
764,EMP00764,Male,36.0,1.0,Analyst,,600000,
765,EMP00765,Male,40.0,99.0,Intern,,500000,emp765@mail.com
766,EMP00766,Male,24.0,13.0,HR,2023-01-15,350000,emp766@mail.com
767,EMP00767,Male,20.0,3.0,HR,2023-01-15,500000,emp767@mail.com
768,EMP00768,Unknow,51.0,99.0,QA,2025-07-01,500000,
769,EMP00769,Male,36.0,10.0,Manager,,600000,
770,EMP00770,Female,26.0,15.0,HR,2025-07-01,500000,emp770@mail.com
771,EMP00771,Female,34.0,4.0,Engineer,2025-07-01,600000,
772,EMP00772,Male,59.0,1.0,Engineer,2023-01-15,350000,
773,EMP00773,Unknow,40.0,19.0,HR,2025-07-01,500000,emp773@mail.com
774,EMP00774,Female,50.0,4.0,Analyst,,800000,emp774@mail.com
775,EMP00775,Male,57.0,8.0,Analyst,2023-01-15,800000,emp775@mail.com
776,EMP00776,Male,28.0,12.0,HR,,600000,
777,EMP00777,Female,43.0,9.0,HR,2025-07-01,500000,emp777@mail.com
778,EMP00778,Female,30.0,10.0,Manager,2023-01-15,500000,
779,EMP00779,Female,44.0,12.0,Engineer,,800000,emp779@mail.com
780,EMP00780,Male,26.0,,Manager,2025-07-01,600000,
781,EMP00781,Male,50.0,15.0,Manager,2023-01-15,350000,
782,EMP00782,Male,51.0,3.0,Manager,2023-01-15,600000,
783,EMP00783,Female,34.0,14.0,Manager,2023-01-15,350000,
784,EMP00784,Male,37.0,12.0,Manager,,500000,
785,EMP00785,Male,23.0,3.0,QA,,600000,
786,EMP00786,Male,59.0,13.0,Analyst,2023-01-15,500000,emp786@mail.com
787,EMP00787,Female,53.0,6.0,QA,2025-07-01,500000,emp787@mail.com
788,EMP00788,Male,50.0,9.0,Manager,,600000,
789,EMP00789,Male,48.0,99.0,HR,2023-01-15,500000,
790,EMP00790,Unknow,43.0,3.0,Analyst,,600000,
791,EMP00791,Female,52.0,1.0,Intern,,350000,
792,EMP00792,Unknow,22.0,18.0,Intern,,600000,
793,EMP00793,Unknow,43.0,5.0,Manager,2025-07-01,600000,emp793@mail.com
794,EMP00794,Male,40.0,99.0,Engineer,,350000,
795,EMP00795,Unknow,25.0,15.0,Engineer,2023-01-15,800000,
796,EMP00796,Female,32.0,10.0,Intern,2025-07-01,600000,
797,EMP00797,Male,45.0,1.0,Intern,,350000,
798,EMP00798,Female,34.0,3.0,Manager,2025-07-01,600000,
799,EMP00799,Unknow,33.0,20.0,Engineer,,600000,
800,EMP00800,Male,49.0,9.0,Engineer,2025-07-01,350000,
801,EMP00801,Female,41.0,14.0,Intern,2023-01-15,600000,
802,EMP00802,Female,35.0,1.0,Engineer,,800000,
803,EMP00803,Female,55.0,18.0,Intern,,500000,
804,EMP00804,Female,55.0,4.0,HR,,500000,
805,EMP00805,Male,28.0,19.0,HR,2023-01-15,500000,
806,EMP00806,Female,30.0,3.0,QA,,600000,
807,EMP00807,Male,40.0,8.0,Engineer,2025-07-01,600000,
808,EMP00808,Male,23.0,14.0,Analyst,2023-01-15,800000,emp808@mail.com
809,EMP00809,Male,31.0,5.0,Manager,2023-01-15,500000,
810,EMP00810,Male,40.0,99.0,Intern,,500000,emp810@mail.com
811,EMP00811,Female,35.0,16.0,Intern,,600000,
812,EMP00812,Male,55.0,7.0,Manager,2023-01-15,500000,
813,EMP00813,Male,44.0,6.0,Intern,2025-07-01,600000,
814,EMP00814,Female,43.0,17.0,HR,2023-01-15,600000,emp814@mail.com
815,EMP00815,Male,40.0,16.0,Engineer,2025-07-01,350000,
816,EMP00816,Female,41.0,,Intern,,600000,
817,EMP00817,Female,47.0,3.0,Engineer,,600000,
818,EMP00818,Female,34.0,12.0,Intern,2025-07-01,600000,
819,EMP00819,Male,28.0,8.0,Intern,,800000,emp819@mail.com
820,EMP00820,Male,52.0,5.0,Manager,,500000,emp820@mail.com
821,EMP00821,Female,57.0,15.0,HR,,500000,
822,EMP00822,Male,47.0,11.0,Engineer,,600000,emp822@mail.com
823,EMP00823,Unknow,40.0,6.0,Manager,2025-07-01,350000,
824,EMP00824,Male,40.0,7.0,Intern,,600000,
825,EMP00825,Male,39.0,99.0,HR,,350000,
826,EMP00826,Unknow,57.0,2.0,Engineer,2023-01-15,600000,
827,EMP00827,Unknow,55.0,9.0,Analyst,2023-01-15,350000,
828,EMP00828,Male,35.0,1.0,Engineer,,500000,
829,EMP00829,Unknow,35.0,1.0,Analyst,2023-01-15,350000,emp829@mail.com
830,EMP00830,Female,29.0,16.0,HR,2023-01-15,600000,
831,EMP00831,Male,38.0,14.0,Intern,,800000,
832,EMP00832,Male,25.0,9.0,Engineer,2025-07-01,350000,emp832@mail.com
833,EMP00833,Male,23.0,9.0,Engineer,2025-07-01,800000,
834,EMP00834,Female,32.0,20.0,QA,2023-01-15,500000,
835,EMP00835,Female,38.0,1.0,Engineer,2025-07-01,350000,
836,EMP00836,Male,24.0,19.0,Engineer,,600000,
837,EMP00837,Female,34.0,20.0,Analyst,,600000,
838,EMP00838,Female,20.0,7.0,QA,,350000,
839,EMP00839,Female,36.0,17.0,Manager,,600000,
840,EMP00840,Unknow,23.0,1.0,Engineer,2023-01-15,500000,
841,EMP00841,Female,60.0,15.0,QA,,500000,
842,EMP00842,Male,40.0,9.0,Engineer,,350000,
843,EMP00843,Female,41.0,,Intern,2025-07-01,600000,
844,EMP00844,Male,39.0,2.0,QA,2025-07-01,350000,
845,EMP00845,Male,40.0,17.0,Engineer,,500000,
846,EMP00846,Female,21.0,7.0,HR,2023-01-15,500000,
847,EMP00847,Unknow,50.0,17.0,HR,2023-01-15,350000,emp847@mail.com
848,EMP00848,Male,44.0,14.0,Manager,2023-01-15,800000,
849,EMP00849,Female,40.0,16.0,Intern,,600000,
850,EMP00850,Male,48.0,11.0,QA,2023-01-15,350000,
851,EMP00851,Male,60.0,9.0,Engineer,2023-01-15,500000,
852,EMP00852,Male,49.0,,QA,2023-01-15,600000,emp852@mail.com
853,EMP00853,Unknow,41.0,14.0,QA,2023-01-15,500000,
854,EMP00854,Unknow,26.0,2.0,Analyst,2025-07-01,600000,
855,EMP00855,Male,26.0,3.0,HR,,600000,
856,EMP00856,Female,35.0,6.0,Manager,,600000,
857,EMP00857,Male,27.0,8.0,Manager,,350000,emp857@mail.com
858,EMP00858,Male,44.0,16.0,Engineer,,600000,
859,EMP00859,Female,45.0,7.0,Intern,,600000,
860,EMP00860,Female,26.0,17.0,HR,,350000,
861,EMP00861,Male,50.0,5.0,QA,2025-07-01,800000,
862,EMP00862,Unknow,41.0,,Engineer,,600000,emp862@mail.com
863,EMP00863,Female,56.0,12.0,Analyst,2025-07-01,600000,emp863@mail.com
864,EMP00864,Male,40.0,8.0,HR,2025-07-01,800000,
865,EMP00865,Male,59.0,12.0,Manager,,800000,emp865@mail.com
866,EMP00866,Female,20.0,,Manager,,600000,emp866@mail.com
867,EMP00867,Unknow,30.0,5.0,HR,2025-07-01,500000,
868,EMP00868,Female,47.0,10.0,Engineer,,600000,
869,EMP00869,Unknow,23.0,12.0,Engineer,2025-07-01,500000,emp869@mail.com
870,EMP00870,Male,49.0,11.0,Manager,,600000,
871,EMP00871,Unknow,41.0,12.0,Engineer,2023-01-15,350000,emp871@mail.com
872,EMP00872,Male,21.0,1.0,Engineer,2025-07-01,350000,emp872@mail.com
873,EMP00873,Female,23.0,7.0,Manager,,800000,
874,EMP00874,Female,39.0,99.0,Intern,,500000,
875,EMP00875,Male,39.0,12.0,QA,2023-01-15,600000,emp875@mail.com
876,EMP00876,Female,48.0,14.0,Analyst,,500000,
877,EMP00877,Male,54.0,12.0,Intern,2023-01-15,600000,emp877@mail.com
878,EMP00878,Female,57.0,19.0,Manager,2023-01-15,600000,
879,EMP00879,Female,25.0,6.0,QA,2025-07-01,600000,
880,EMP00880,Male,34.0,20.0,Analyst,,800000,
881,EMP00881,Female,44.0,99.0,Intern,2023-01-15,500000,
882,EMP00882,Male,39.0,11.0,QA,,500000,emp882@mail.com
883,EMP00883,Unknow,29.0,20.0,Manager,,500000,
884,EMP00884,Male,40.0,18.0,Analyst,,800000,emp884@mail.com
885,EMP00885,Male,33.0,17.0,Analyst,,600000,
886,EMP00886,Male,49.0,5.0,QA,,500000,
887,EMP00887,Unknow,48.0,1.0,Manager,,600000,
888,EMP00888,Male,37.0,8.0,Manager,,500000,
889,EMP00889,Male,25.0,1.0,HR,,600000,
890,EMP00890,Male,36.0,8.0,QA,,500000,
891,EMP00891,Female,57.0,4.0,Intern,,600000,
892,EMP00892,Male,47.0,17.0,Analyst,,350000,
893,EMP00893,Male,24.0,18.0,Intern,,500000,
894,EMP00894,Female,30.0,99.0,Engineer,,800000,
895,EMP00895,Unknow,35.0,7.0,Engineer,,500000,
896,EMP00896,Male,47.0,10.0,HR,,600000,
897,EMP00897,Female,25.0,5.0,Engineer,,800000,emp897@mail.com
898,EMP00898,Male,38.0,6.0,Manager,,600000,
899,EMP00899,Female,37.0,16.0,QA,,600000,
900,EMP00900,Male,30.0,8.0,Analyst,2025-07-01,600000,
901,EMP00901,Male,45.0,4.0,HR,,800000,
902,EMP00902,Unknow,45.0,99.0,Engineer,,500000,emp902@mail.com
903,EMP00903,Male,50.0,12.0,QA,,600000,
904,EMP00904,Female,55.0,99.0,Intern,2023-01-15,600000,
905,EMP00905,Unknow,43.0,,Manager,2025-07-01,600000,
906,EMP00906,Male,30.0,18.0,QA,,600000,
907,EMP00907,Male,27.0,5.0,Analyst,,800000,
908,EMP00908,Female,51.0,9.0,HR,,350000,
909,EMP00909,Male,54.0,11.0,Intern,,350000,
910,EMP00910,Male,44.0,20.0,QA,,800000,emp910@mail.com
911,EMP00911,Male,44.0,3.0,HR,,350000,
912,EMP00912,Male,38.0,16.0,Engineer,,350000,emp912@mail.com
913,EMP00913,Female,33.0,2.0,Intern,,500000,
914,EMP00914,Female,34.0,2.0,Manager,2025-07-01,350000,emp914@mail.com
915,EMP00915,Female,55.0,18.0,Analyst,,600000,
916,EMP00916,Male,51.0,13.0,Manager,2023-01-15,600000,
917,EMP00917,Male,28.0,10.0,Analyst,2023-01-15,350000,
918,EMP00918,Male,22.0,1.0,HR,,350000,
919,EMP00919,Female,26.0,6.0,Engineer,,800000,
920,EMP00920,Male,27.0,14.0,HR,,600000,
921,EMP00921,Female,34.0,16.0,Analyst,,500000,
922,EMP00922,Female,42.0,99.0,Intern,2023-01-15,500000,emp922@mail.com
923,EMP00923,Female,55.0,19.0,Analyst,,600000,emp923@mail.com
924,EMP00924,Male,60.0,11.0,Intern,,500000,
925,EMP00925,Male,55.0,17.0,Engineer,,500000,
926,EMP00926,Female,40.0,1.0,QA,,350000,
927,EMP00927,Female,40.0,7.0,QA,,600000,
928,EMP00928,Male,50.0,19.0,QA,,800000,
929,EMP00929,Female,37.0,7.0,Intern,,350000,
930,EMP00930,Male,40.0,18.0,HR,,800000,
931,EMP00931,Male,54.0,16.0,HR,2023-01-15,600000,emp931@mail.com
932,EMP00932,Female,47.0,3.0,QA,,800000,
933,EMP00933,Unknow,20.0,3.0,QA,,350000,
934,EMP00934,Male,27.0,20.0,Manager,,600000,
935,EMP00935,Male,48.0,99.0,HR,2023-01-15,350000,
936,EMP00936,Unknow,39.0,7.0,Analyst,2025-07-01,800000,
937,EMP00937,Female,52.0,17.0,QA,,600000,
938,EMP00938,Female,40.0,11.0,Manager,,350000,emp938@mail.com
939,EMP00939,Unknow,29.0,,HR,2023-01-15,600000,
940,EMP00940,Male,60.0,13.0,Engineer,2025-07-01,500000,emp940@mail.com
941,EMP00941,Female,50.0,1.0,Analyst,2023-01-15,350000,
942,EMP00942,Female,58.0,16.0,Intern,2023-01-15,600000,
943,EMP00943,Male,58.0,6.0,Engineer,2023-01-15,600000,
944,EMP00944,Male,36.0,11.0,Engineer,,500000,
945,EMP00945,Female,36.0,9.0,Analyst,,500000,
946,EMP00946,Male,60.0,13.0,QA,,500000,
947,EMP00947,Male,46.0,16.0,HR,2023-01-15,600000,
948,EMP00948,Female,40.0,15.0,Manager,,500000,
949,EMP00949,Female,53.0,,Analyst,,600000,
950,EMP00950,Female,28.0,16.0,Manager,,800000,
951,EMP00951,Male,55.0,16.0,QA,2025-07-01,500000,
952,EMP00952,Male,43.0,13.0,Analyst,,500000,
953,EMP00953,Male,44.0,19.0,QA,,800000,emp953@mail.com
954,EMP00954,Male,33.0,15.0,Analyst,2025-07-01,500000,
955,EMP00955,Male,40.0,12.0,Manager,,600000,
956,EMP00956,Male,32.0,20.0,Engineer,2025-07-01,800000,
957,EMP00957,Unknow,57.0,3.0,Manager,2023-01-15,500000,emp957@mail.com
958,EMP00958,Female,52.0,17.0,Intern,2023-01-15,500000,emp958@mail.com
959,EMP00959,Unknow,38.0,4.0,Engineer,,600000,emp959@mail.com
960,EMP00960,Male,23.0,14.0,Analyst,2025-07-01,800000,emp960@mail.com
961,EMP00961,Male,46.0,12.0,Intern,,600000,
962,EMP00962,Male,56.0,7.0,Engineer,,350000,
963,EMP00963,Male,37.0,19.0,Intern,,800000,
964,EMP00964,Female,21.0,3.0,QA,,350000,
965,EMP00965,Male,29.0,14.0,HR,2023-01-15,350000,emp965@mail.com
966,EMP00966,Female,59.0,18.0,Intern,,500000,
967,EMP00967,Unknow,43.0,18.0,Engineer,2025-07-01,800000,
968,EMP00968,Male,29.0,6.0,Engineer,,500000,emp968@mail.com
969,EMP00969,Male,27.0,6.0,HR,,600000,emp969@mail.com
970,EMP00970,Male,51.0,14.0,Manager,,350000,emp970@mail.com
971,EMP00971,Female,47.0,5.0,Engineer,2023-01-15,500000,
972,EMP00972,Female,25.0,16.0,QA,,600000,
973,EMP00973,Female,22.0,8.0,Intern,2023-01-15,500000,
974,EMP00974,Male,58.0,6.0,Engineer,2023-01-15,800000,emp974@mail.com
975,EMP00975,Male,25.0,11.0,Intern,2023-01-15,500000,
976,EMP00976,Male,52.0,15.0,Engineer,,500000,
977,EMP00977,Female,40.0,4.0,Intern,,600000,
978,EMP00978,Male,22.0,16.0,Analyst,,600000,emp978@mail.com
979,EMP00979,Male,52.0,2.0,HR,2023-01-15,350000,
980,EMP00980,Male,45.0,6.0,Engineer,,600000,
981,EMP00981,Unknow,49.0,3.0,Engineer,,350000,
982,EMP00982,Unknow,45.0,4.0,Engineer,,350000,
983,EMP00983,Male,41.0,8.0,HR,2025-07-01,500000,emp983@mail.com
984,EMP00984,Female,46.0,14.0,Analyst,,350000,emp984@mail.com
985,EMP00985,Male,54.0,7.0,HR,2023-01-15,500000,
986,EMP00986,Male,32.0,4.0,Intern,,600000,
987,EMP00987,Male,24.0,19.0,Manager,,500000,emp987@mail.com
988,EMP00988,Female,47.0,5.0,Intern,2023-01-15,600000,
989,EMP00989,Male,22.0,3.0,Analyst,2025-07-01,500000,emp989@mail.com
990,EMP00990,Female,57.0,9.0,HR,,600000,
991,EMP00991,Female,37.0,6.0,Manager,,500000,emp991@mail.com
992,EMP00992,Female,25.0,18.0,Intern,,500000,
993,EMP00993,Unknow,36.0,4.0,Analyst,,350000,
994,EMP00994,Male,29.0,2.0,HR,2023-01-15,800000,
995,EMP00995,Unknow,55.0,19.0,Manager,,600000,
996,EMP00996,Male,53.0,7.0,Manager,2025-07-01,500000,
997,EMP00997,Male,52.0,18.0,QA,,600000,
998,EMP00998,Unknow,52.0,5.0,QA,2023-01-15,500000,
999,EMP00999,Unknow,58.0,6.0,Analyst,,800000,
1000,EMP01000,Male,60.0,15.0,HR,,500000,
1001,EMP01001,Unknow,52.0,18.0,Manager,,800000,
1002,EMP01002,Female,22.0,9.0,Manager,2025-07-01,600000,
1003,EMP01003,Unknow,48.0,12.0,Intern,2025-07-01,600000,
1004,EMP01004,Male,43.0,99.0,Engineer,,500000,
1005,EMP01005,Unknow,43.0,1.0,HR,,350000,
1006,EMP01006,Male,46.0,2.0,Manager,,600000,
1007,EMP01007,Female,41.0,11.0,Manager,2023-01-15,600000,
1008,EMP01008,Female,26.0,12.0,Engineer,2025-07-01,600000,emp1008@mail.com
1009,EMP01009,Unknow,28.0,11.0,Manager,,800000,
1010,EMP01010,Female,40.0,5.0,Intern,,600000,
1011,EMP01011,Male,37.0,2.0,Intern,,800000,emp1011@mail.com
1012,EMP01012,Female,23.0,14.0,Manager,,500000,
1013,EMP01013,Male,27.0,4.0,HR,,600000,
1014,EMP01014,Male,36.0,1.0,Manager,,500000,
1015,EMP01015,Male,43.0,4.0,HR,2025-07-01,500000,emp1015@mail.com
1016,EMP01016,Male,32.0,7.0,Analyst,,600000,
1017,EMP01017,Male,26.0,7.0,Intern,,500000,
1018,EMP01018,Male,56.0,11.0,Analyst,2023-01-15,500000,
1019,EMP01019,Male,40.0,20.0,Analyst,,600000,emp1019@mail.com
1020,EMP01020,Female,33.0,15.0,HR,,800000,emp1020@mail.com
1021,EMP01021,Female,27.0,11.0,Manager,,600000,
1022,EMP01022,Female,41.0,19.0,Engineer,,600000,emp1022@mail.com
1023,EMP01023,Male,55.0,10.0,HR,,600000,
1024,EMP01024,Female,20.0,2.0,Intern,,600000,
1025,EMP01025,Male,59.0,6.0,QA,,600000,
1026,EMP01026,Female,26.0,9.0,Intern,,350000,
1027,EMP01027,Female,33.0,1.0,Analyst,2023-01-15,350000,
1028,EMP01028,Male,20.0,14.0,Manager,,600000,
1029,EMP01029,Unknow,42.0,17.0,HR,,350000,
1030,EMP01030,Male,43.0,10.0,QA,,500000,
1031,EMP01031,Male,41.0,20.0,QA,,600000,
1032,EMP01032,Male,25.0,20.0,Intern,2025-07-01,350000,
1033,EMP01033,Unknow,54.0,99.0,HR,,800000,emp1033@mail.com
1034,EMP01034,Male,30.0,14.0,Analyst,2025-07-01,500000,
1035,EMP01035,Male,30.0,,Engineer,,600000,
1036,EMP01036,Female,36.0,8.0,Engineer,,500000,
1037,EMP01037,Unknow,23.0,1.0,Manager,,800000,
1038,EMP01038,Unknow,22.0,16.0,QA,,500000,
1039,EMP01039,Male,40.0,6.0,Intern,,800000,
1040,EMP01040,Unknow,59.0,6.0,Intern,,800000,
1041,EMP01041,Male,54.0,5.0,Intern,,600000,emp1041@mail.com
1042,EMP01042,Female,37.0,10.0,HR,,600000,
1043,EMP01043,Unknow,48.0,11.0,QA,,800000,
1044,EMP01044,Female,55.0,6.0,Analyst,2023-01-15,350000,emp1044@mail.com
1045,EMP01045,Male,52.0,5.0,HR,2023-01-15,500000,emp1045@mail.com
1046,EMP01046,Male,59.0,8.0,Manager,2023-01-15,600000,
1047,EMP01047,Male,35.0,6.0,Engineer,2025-07-01,600000,
1048,EMP01048,Male,21.0,5.0,HR,2025-07-01,350000,emp1048@mail.com
1049,EMP01049,Male,59.0,4.0,Analyst,,600000,
1050,EMP01050,Unknow,37.0,10.0,Intern,2023-01-15,500000,
1051,EMP01051,Male,37.0,18.0,Analyst,2023-01-15,600000,
1052,EMP01052,Female,39.0,3.0,Intern,,600000,
1053,EMP01053,Female,54.0,15.0,Manager,,500000,
1054,EMP01054,Male,37.0,17.0,Engineer,,600000,
1055,EMP01055,Female,22.0,8.0,Analyst,,500000,
1056,EMP01056,Female,52.0,12.0,QA,,350000,
1057,EMP01057,Female,33.0,6.0,HR,,600000,
1058,EMP01058,Female,53.0,5.0,Manager,,500000,
1059,EMP01059,Female,40.0,8.0,HR,,350000,
1060,EMP01060,Male,42.0,99.0,Analyst,,800000,
1061,EMP01061,Male,57.0,7.0,HR,,350000,
1062,EMP01062,Male,28.0,18.0,QA,,600000,
1063,EMP01063,Unknow,30.0,10.0,Intern,2023-01-15,600000,
1064,EMP01064,Female,47.0,,Intern,,600000,emp1064@mail.com
1065,EMP01065,Female,46.0,6.0,QA,,800000,
1066,EMP01066,Unknow,47.0,13.0,HR,,350000,
1067,EMP01067,Unknow,56.0,7.0,Engineer,,500000,
1068,EMP01068,Female,40.0,17.0,Manager,2023-01-15,350000,
1069,EMP01069,Female,22.0,99.0,QA,2023-01-15,500000,
1070,EMP01070,Female,39.0,99.0,Intern,,500000,
1071,EMP01071,Unknow,42.0,12.0,Analyst,,350000,
1072,EMP01072,Unknow,39.0,5.0,HR,,600000,emp1072@mail.com
1073,EMP01073,Male,56.0,2.0,Engineer,,500000,emp1073@mail.com
1074,EMP01074,Male,36.0,3.0,HR,,500000,
1075,EMP01075,Male,39.0,15.0,Engineer,2025-07-01,500000,
1076,EMP01076,Male,34.0,1.0,Analyst,2025-07-01,600000,emp1076@mail.com
1077,EMP01077,Female,51.0,1.0,Engineer,,800000,emp1077@mail.com
1078,EMP01078,Male,44.0,14.0,Intern,,600000,
1079,EMP01079,Male,46.0,3.0,QA,,600000,
1080,EMP01080,Unknow,47.0,19.0,QA,,800000,
1081,EMP01081,Female,46.0,7.0,Intern,2023-01-15,500000,
1082,EMP01082,Female,56.0,8.0,QA,,350000,emp1082@mail.com
1083,EMP01083,Unknow,43.0,14.0,Analyst,2023-01-15,800000,
1084,EMP01084,Unknow,30.0,7.0,Manager,,800000,
1085,EMP01085,Unknow,60.0,7.0,Engineer,,600000,emp1085@mail.com
1086,EMP01086,Unknow,38.0,1.0,Manager,,600000,
1087,EMP01087,Male,58.0,8.0,HR,2023-01-15,500000,emp1087@mail.com
1088,EMP01088,Unknow,25.0,10.0,Analyst,2025-07-01,800000,
1089,EMP01089,Male,25.0,99.0,Analyst,2025-07-01,350000,
1090,EMP01090,Unknow,31.0,20.0,Manager,,600000,
1091,EMP01091,Male,27.0,17.0,Manager,2025-07-01,600000,
1092,EMP01092,Female,26.0,14.0,Engineer,,500000,
1093,EMP01093,Female,40.0,13.0,Manager,,500000,
1094,EMP01094,Male,57.0,2.0,Intern,,800000,
1095,EMP01095,Female,48.0,13.0,QA,2025-07-01,800000,
1096,EMP01096,Male,53.0,6.0,Manager,,800000,
1097,EMP01097,Male,55.0,1.0,Manager,2023-01-15,350000,
1098,EMP01098,Unknow,39.0,19.0,Manager,2023-01-15,350000,emp1098@mail.com
1099,EMP01099,Female,39.0,17.0,Intern,2023-01-15,600000,
1100,EMP01100,Female,50.0,3.0,Analyst,2023-01-15,500000,
1101,EMP01101,Unknow,25.0,3.0,QA,,600000,emp1101@mail.com
1102,EMP01102,Female,38.0,14.0,Manager,2025-07-01,600000,
1103,EMP01103,Male,23.0,19.0,Intern,2023-01-15,600000,
1104,EMP01104,Male,58.0,2.0,Analyst,2023-01-15,600000,emp1104@mail.com
1105,EMP01105,Male,33.0,19.0,Intern,2025-07-01,600000,
1106,EMP01106,Male,31.0,19.0,Manager,2023-01-15,800000,
1107,EMP01107,Male,40.0,10.0,QA,2025-07-01,600000,emp1107@mail.com
1108,EMP01108,Male,53.0,16.0,HR,,800000,emp1108@mail.com
1109,EMP01109,Male,52.0,17.0,HR,2025-07-01,800000,
1110,EMP01110,Female,52.0,9.0,QA,,500000,
1111,EMP01111,Female,36.0,20.0,Engineer,,600000,
1112,EMP01112,Male,20.0,3.0,HR,,800000,
1113,EMP01113,Unknow,59.0,7.0,Manager,,500000,emp1113@mail.com
1114,EMP01114,Male,40.0,4.0,Engineer,,600000,
1115,EMP01115,Male,32.0,13.0,Manager,,500000,
1116,EMP01116,Unknow,55.0,99.0,HR,,600000,
1117,EMP01117,Male,45.0,7.0,Manager,,500000,
1118,EMP01118,Male,49.0,2.0,Analyst,,600000,emp1118@mail.com
1119,EMP01119,Unknow,55.0,6.0,HR,2025-07-01,600000,
1120,EMP01120,Male,39.0,20.0,HR,,600000,
1121,EMP01121,Female,25.0,5.0,QA,,500000,
1122,EMP01122,Male,26.0,17.0,Engineer,,600000,
1123,EMP01123,Male,38.0,10.0,Analyst,2025-07-01,500000,
1124,EMP01124,Male,47.0,8.0,Manager,,350000,
1125,EMP01125,Unknow,44.0,1.0,Analyst,,600000,
1126,EMP01126,Female,21.0,19.0,Analyst,,600000,
1127,EMP01127,Male,40.0,17.0,Analyst,,600000,
1128,EMP01128,Female,23.0,12.0,QA,2023-01-15,350000,emp1128@mail.com
1129,EMP01129,Unknow,57.0,16.0,QA,,600000,
1130,EMP01130,Male,49.0,9.0,HR,,500000,
1131,EMP01131,Male,56.0,,Intern,2025-07-01,600000,
1132,EMP01132,Female,38.0,19.0,Intern,2025-07-01,350000,
1133,EMP01133,Male,26.0,2.0,HR,2025-07-01,600000,
1134,EMP01134,Unknow,37.0,14.0,QA,,600000,
1135,EMP01135,Female,56.0,11.0,Analyst,,500000,emp1135@mail.com
1136,EMP01136,Female,40.0,,Intern,,600000,
1137,EMP01137,Female,51.0,,HR,,600000,
1138,EMP01138,Female,22.0,99.0,Engineer,2023-01-15,500000,
1139,EMP01139,Male,24.0,15.0,Analyst,2023-01-15,500000,
1140,EMP01140,Male,25.0,14.0,Engineer,,350000,
1141,EMP01141,Female,41.0,10.0,Intern,,600000,
1142,EMP01142,Male,40.0,17.0,Analyst,2025-07-01,350000,
1143,EMP01143,Female,34.0,11.0,Analyst,2023-01-15,350000,emp1143@mail.com
1144,EMP01144,Female,51.0,16.0,HR,2023-01-15,600000,
1145,EMP01145,Male,40.0,1.0,Manager,2025-07-01,600000,emp1145@mail.com
1146,EMP01146,Female,54.0,17.0,Manager,2023-01-15,600000,emp1146@mail.com
1147,EMP01147,Female,40.0,4.0,Manager,,600000,emp1147@mail.com
1148,EMP01148,Male,58.0,16.0,HR,2023-01-15,600000,
1149,EMP01149,Unknow,58.0,9.0,Intern,2023-01-15,500000,
1150,EMP01150,Male,56.0,15.0,Manager,2023-01-15,800000,emp1150@mail.com
1151,EMP01151,Male,39.0,18.0,Engineer,,600000,emp1151@mail.com
1152,EMP01152,Female,49.0,18.0,Intern,,500000,
1153,EMP01153,Male,60.0,18.0,Analyst,2025-07-01,600000,emp1153@mail.com
1154,EMP01154,Female,40.0,2.0,Engineer,2023-01-15,600000,
1155,EMP01155,Male,35.0,13.0,Engineer,,500000,
1156,EMP01156,Male,57.0,5.0,Analyst,,500000,
1157,EMP01157,Male,29.0,15.0,Engineer,,800000,
1158,EMP01158,Male,53.0,9.0,Manager,2023-01-15,350000,
1159,EMP01159,Male,45.0,18.0,Intern,2023-01-15,800000,
1160,EMP01160,Male,29.0,13.0,Engineer,2025-07-01,500000,emp1160@mail.com
1161,EMP01161,Male,27.0,15.0,QA,,500000,emp1161@mail.com
1162,EMP01162,Female,29.0,10.0,Engineer,2023-01-15,350000,
1163,EMP01163,Male,31.0,15.0,Intern,,800000,
1164,EMP01164,Female,40.0,,Manager,,600000,
1165,EMP01165,Male,36.0,20.0,QA,,500000,
1166,EMP01166,Female,35.0,1.0,Intern,2023-01-15,500000,
1167,EMP01167,Male,39.0,11.0,Analyst,2025-07-01,600000,
1168,EMP01168,Male,30.0,15.0,Analyst,2023-01-15,800000,
1169,EMP01169,Female,30.0,7.0,Analyst,2023-01-15,350000,
1170,EMP01170,Male,28.0,8.0,Manager,2023-01-15,500000,
1171,EMP01171,Male,21.0,13.0,HR,,500000,
1172,EMP01172,Unknow,42.0,15.0,QA,2025-07-01,600000,
1173,EMP01173,Female,24.0,10.0,Manager,2025-07-01,800000,emp1173@mail.com
1174,EMP01174,Female,47.0,11.0,Manager,2025-07-01,500000,
1175,EMP01175,Male,44.0,20.0,Analyst,2023-01-15,600000,emp1175@mail.com
1176,EMP01176,Male,48.0,14.0,HR,,800000,
1177,EMP01177,Male,34.0,17.0,Intern,,600000,
1178,EMP01178,Female,20.0,16.0,Manager,2025-07-01,600000,emp1178@mail.com
1179,EMP01179,Male,60.0,3.0,Manager,,800000,
1180,EMP01180,Male,28.0,10.0,HR,,600000,
1181,EMP01181,Male,50.0,20.0,QA,,500000,
1182,EMP01182,Unknow,52.0,1.0,Manager,2023-01-15,800000,
1183,EMP01183,Male,33.0,14.0,Analyst,,600000,
1184,EMP01184,Unknow,40.0,3.0,Analyst,,800000,
1185,EMP01185,Female,46.0,12.0,QA,,600000,
1186,EMP01186,Male,44.0,4.0,Engineer,2023-01-15,800000,emp1186@mail.com
1187,EMP01187,Male,48.0,14.0,Intern,2025-07-01,600000,
1188,EMP01188,Unknow,30.0,8.0,Intern,,500000,
1189,EMP01189,Male,36.0,13.0,HR,,600000,
1190,EMP01190,Male,51.0,19.0,QA,,600000,emp1190@mail.com
1191,EMP01191,Female,23.0,12.0,HR,2023-01-15,500000,
1192,EMP01192,Female,39.0,15.0,QA,,500000,emp1192@mail.com
1193,EMP01193,Male,24.0,6.0,Intern,,600000,emp1193@mail.com
1194,EMP01194,Female,29.0,17.0,Intern,2025-07-01,800000,emp1194@mail.com
1195,EMP01195,Female,55.0,11.0,Intern,,500000,emp1195@mail.com
1196,EMP01196,Male,25.0,16.0,HR,2023-01-15,600000,
1197,EMP01197,Unknow,37.0,12.0,Manager,,800000,
1198,EMP01198,Female,31.0,6.0,Manager,2025-07-01,500000,
1199,EMP01199,Male,24.0,7.0,HR,2025-07-01,600000,
1200,EMP01200,Male,35.0,99.0,Analyst,,800000,
1201,EMP01201,Female,59.0,11.0,Analyst,2023-01-15,500000,
1202,EMP01202,Unknow,43.0,10.0,Manager,,600000,
1203,EMP01203,Male,33.0,99.0,HR,,500000,
1204,EMP01204,Unknow,44.0,3.0,Analyst,,350000,
1205,EMP01205,Unknow,40.0,11.0,Manager,,500000,
1206,EMP01206,Female,22.0,16.0,Engineer,2025-07-01,600000,emp1206@mail.com
1207,EMP01207,Unknow,36.0,10.0,Intern,,600000,
1208,EMP01208,Unknow,59.0,,Engineer,2025-07-01,600000,
1209,EMP01209,Male,31.0,7.0,HR,,800000,emp1209@mail.com
1210,EMP01210,Male,38.0,12.0,Intern,,600000,
1211,EMP01211,Female,46.0,10.0,Analyst,2025-07-01,600000,
1212,EMP01212,Male,39.0,9.0,QA,,800000,
1213,EMP01213,Male,40.0,18.0,HR,2025-07-01,600000,emp1213@mail.com
1214,EMP01214,Female,41.0,8.0,HR,,500000,
1215,EMP01215,Male,21.0,99.0,HR,2025-07-01,350000,
1216,EMP01216,Female,33.0,12.0,Analyst,2025-07-01,800000,emp1216@mail.com
1217,EMP01217,Male,31.0,14.0,HR,2023-01-15,600000,
1218,EMP01218,Female,39.0,12.0,QA,,600000,emp1218@mail.com
1219,EMP01219,Male,46.0,20.0,HR,,500000,
1220,EMP01220,Female,41.0,5.0,Engineer,2025-07-01,500000,emp1220@mail.com
1221,EMP01221,Female,35.0,8.0,Analyst,,600000,
1222,EMP01222,Female,54.0,,Manager,2025-07-01,600000,
1223,EMP01223,Unknow,23.0,7.0,Intern,,500000,
1224,EMP01224,Female,22.0,11.0,Analyst,2023-01-15,800000,
1225,EMP01225,Male,51.0,5.0,QA,,500000,emp1225@mail.com
1226,EMP01226,Male,59.0,5.0,Manager,,800000,
1227,EMP01227,Male,41.0,16.0,Analyst,,800000,
1228,EMP01228,Female,42.0,1.0,Manager,,500000,
1229,EMP01229,Male,52.0,4.0,Intern,,600000,
1230,EMP01230,Male,26.0,11.0,Engineer,2023-01-15,500000,
1231,EMP01231,Male,40.0,3.0,Manager,2023-01-15,600000,emp1231@mail.com
1232,EMP01232,Male,60.0,13.0,Manager,,800000,
1233,EMP01233,Male,54.0,1.0,Engineer,,500000,emp1233@mail.com
1234,EMP01234,Female,42.0,,QA,,600000,emp1234@mail.com
1235,EMP01235,Unknow,25.0,17.0,Intern,2023-01-15,600000,
1236,EMP01236,Male,53.0,16.0,Manager,,600000,
1237,EMP01237,Male,21.0,14.0,QA,2025-07-01,600000,emp1237@mail.com
1238,EMP01238,Male,28.0,15.0,Engineer,,500000,
1239,EMP01239,Male,60.0,,Intern,,600000,
1240,EMP01240,Female,46.0,12.0,Analyst,,600000,emp1240@mail.com
1241,EMP01241,Male,26.0,16.0,QA,2023-01-15,600000,
1242,EMP01242,Female,51.0,6.0,Engineer,,600000,
1243,EMP01243,Male,46.0,9.0,HR,2023-01-15,500000,emp1243@mail.com
1244,EMP01244,Female,40.0,12.0,QA,2023-01-15,600000,
1245,EMP01245,Male,33.0,5.0,Analyst,2023-01-15,800000,
1246,EMP01246,Male,34.0,4.0,Analyst,,500000,emp1246@mail.com
1247,EMP01247,Male,50.0,16.0,Intern,,600000,
1248,EMP01248,Unknow,60.0,7.0,Engineer,,600000,
1249,EMP01249,Female,30.0,2.0,HR,,500000,
1250,EMP01250,Male,33.0,15.0,Analyst,2023-01-15,600000,
1251,EMP01251,Unknow,53.0,17.0,QA,,500000,emp1251@mail.com
1252,EMP01252,Unknow,37.0,19.0,Analyst,,600000,
1253,EMP01253,Male,23.0,5.0,HR,,600000,
1254,EMP01254,Male,47.0,8.0,QA,,800000,
1255,EMP01255,Female,47.0,9.0,HR,2025-07-01,500000,emp1255@mail.com
1256,EMP01256,Female,21.0,11.0,Intern,2023-01-15,500000,
1257,EMP01257,Female,31.0,19.0,Analyst,2025-07-01,350000,
1258,EMP01258,Male,20.0,5.0,Analyst,2025-07-01,500000,
1259,EMP01259,Male,35.0,,Engineer,,600000,
1260,EMP01260,Female,44.0,4.0,Engineer,,800000,emp1260@mail.com
1261,EMP01261,Male,57.0,15.0,Engineer,2023-01-15,500000,
1262,EMP01262,Male,48.0,,QA,,600000,
1263,EMP01263,Male,57.0,1.0,Manager,,500000,emp1263@mail.com
1264,EMP01264,Male,34.0,15.0,HR,,500000,
1265,EMP01265,Male,48.0,20.0,Engineer,,800000,emp1265@mail.com
1266,EMP01266,Male,58.0,1.0,Analyst,2025-07-01,600000,
1267,EMP01267,Unknow,52.0,11.0,Analyst,,350000,
1268,EMP01268,Male,33.0,6.0,HR,,600000,
1269,EMP01269,Male,37.0,9.0,QA,2025-07-01,500000,
1270,EMP01270,Male,36.0,15.0,Engineer,,500000,
1271,EMP01271,Female,28.0,7.0,Intern,2025-07-01,500000,
1272,EMP01272,Male,45.0,16.0,Manager,,800000,emp1272@mail.com
1273,EMP01273,Female,40.0,9.0,Engineer,,800000,
1274,EMP01274,Female,37.0,5.0,Engineer,2025-07-01,600000,
1275,EMP01275,Male,53.0,20.0,Engineer,,500000,
1276,EMP01276,Unknow,54.0,9.0,Analyst,,500000,emp1276@mail.com
1277,EMP01277,Male,25.0,7.0,Analyst,2025-07-01,500000,
1278,EMP01278,Male,58.0,8.0,HR,2025-07-01,800000,emp1278@mail.com
1279,EMP01279,Unknow,56.0,99.0,Intern,2023-01-15,500000,emp1279@mail.com
1280,EMP01280,Male,30.0,19.0,HR,,350000,
1281,EMP01281,Female,35.0,16.0,QA,2025-07-01,600000,emp1281@mail.com
1282,EMP01282,Male,36.0,4.0,Manager,2025-07-01,600000,
1283,EMP01283,Unknow,26.0,7.0,QA,2025-07-01,800000,
1284,EMP01284,Male,59.0,3.0,Engineer,2023-01-15,350000,
1285,EMP01285,Male,56.0,6.0,Intern,,800000,
1286,EMP01286,Female,60.0,6.0,Intern,,600000,
1287,EMP01287,Female,56.0,4.0,QA,,350000,
1288,EMP01288,Male,52.0,17.0,Manager,,600000,
1289,EMP01289,Male,49.0,6.0,Analyst,2025-07-01,350000,emp1289@mail.com
1290,EMP01290,Unknow,40.0,5.0,Analyst,,350000,
1291,EMP01291,Female,39.0,10.0,Intern,2023-01-15,600000,
1292,EMP01292,Female,40.0,5.0,QA,2025-07-01,800000,
1293,EMP01293,Female,48.0,6.0,Manager,,500000,
1294,EMP01294,Male,44.0,5.0,QA,2025-07-01,500000,
1295,EMP01295,Female,43.0,3.0,QA,2025-07-01,600000,
1296,EMP01296,Unknow,26.0,18.0,QA,,350000,
1297,EMP01297,Male,26.0,5.0,HR,2025-07-01,500000,emp1297@mail.com
1298,EMP01298,Male,26.0,4.0,Engineer,,800000,
1299,EMP01299,Male,29.0,9.0,Intern,2023-01-15,800000,
1300,EMP01300,Male,40.0,5.0,Manager,,600000,emp1300@mail.com
1301,EMP01301,Male,39.0,11.0,Intern,,350000,
1302,EMP01302,Male,42.0,17.0,Manager,2025-07-01,600000,
1303,EMP01303,Female,37.0,5.0,Analyst,2025-07-01,600000,emp1303@mail.com
1304,EMP01304,Unknow,32.0,,Manager,2023-01-15,600000,
1305,EMP01305,Male,54.0,6.0,Manager,,600000,emp1305@mail.com
1306,EMP01306,Female,35.0,4.0,Intern,,600000,
1307,EMP01307,Unknow,59.0,1.0,Engineer,2023-01-15,500000,emp1307@mail.com
1308,EMP01308,Unknow,35.0,5.0,Manager,,500000,
1309,EMP01309,Male,56.0,13.0,Manager,2025-07-01,350000,
1310,EMP01310,Unknow,40.0,10.0,QA,,350000,
1311,EMP01311,Female,28.0,,QA,,600000,
1312,EMP01312,Unknow,20.0,16.0,QA,,500000,emp1312@mail.com
1313,EMP01313,Male,50.0,13.0,HR,,350000,
1314,EMP01314,Male,27.0,16.0,Analyst,2023-01-15,600000,
1315,EMP01315,Male,34.0,9.0,Intern,,600000,emp1315@mail.com
1316,EMP01316,Female,54.0,18.0,Manager,,800000,
1317,EMP01317,Female,33.0,14.0,Analyst,,350000,
1318,EMP01318,Unknow,28.0,18.0,Manager,,500000,
1319,EMP01319,Female,34.0,11.0,Analyst,,800000,
1320,EMP01320,Male,20.0,17.0,Manager,2025-07-01,600000,
1321,EMP01321,Male,39.0,19.0,Intern,,600000,
1322,EMP01322,Female,38.0,13.0,Analyst,2023-01-15,500000,
1323,EMP01323,Female,60.0,17.0,Analyst,,500000,
1324,EMP01324,Male,43.0,20.0,QA,2023-01-15,800000,emp1324@mail.com
1325,EMP01325,Male,42.0,12.0,Manager,,350000,
1326,EMP01326,Male,41.0,10.0,Engineer,,350000,emp1326@mail.com
1327,EMP01327,Female,54.0,11.0,Engineer,,350000,emp1327@mail.com
1328,EMP01328,Male,33.0,14.0,QA,2025-07-01,800000,
1329,EMP01329,Male,21.0,3.0,QA,2025-07-01,600000,
1330,EMP01330,Male,56.0,18.0,Intern,,600000,
1331,EMP01331,Male,42.0,14.0,Analyst,2025-07-01,800000,emp1331@mail.com
1332,EMP01332,Male,23.0,19.0,Analyst,,600000,
1333,EMP01333,Male,58.0,11.0,Analyst,,600000,
1334,EMP01334,Male,26.0,5.0,Analyst,,500000,
1335,EMP01335,Female,54.0,9.0,QA,2025-07-01,600000,
1336,EMP01336,Unknow,36.0,14.0,QA,,600000,
1337,EMP01337,Male,21.0,18.0,QA,,350000,
1338,EMP01338,Female,41.0,6.0,Manager,,600000,
1339,EMP01339,Female,32.0,1.0,Intern,2023-01-15,600000,
1340,EMP01340,Female,36.0,15.0,QA,,600000,emp1340@mail.com
1341,EMP01341,Male,58.0,12.0,HR,2023-01-15,350000,
1342,EMP01342,Male,35.0,8.0,QA,2023-01-15,500000,
1343,EMP01343,Male,60.0,8.0,Analyst,,500000,emp1343@mail.com
1344,EMP01344,Female,57.0,4.0,HR,,800000,
1345,EMP01345,Female,45.0,16.0,Intern,,800000,
1346,EMP01346,Female,31.0,18.0,Analyst,2023-01-15,600000,
1347,EMP01347,Male,24.0,8.0,Intern,2025-07-01,500000,emp1347@mail.com
1348,EMP01348,Male,40.0,14.0,Manager,,600000,
1349,EMP01349,Male,47.0,16.0,Engineer,,800000,emp1349@mail.com
1350,EMP01350,Male,55.0,6.0,HR,2025-07-01,500000,
1351,EMP01351,Female,48.0,13.0,QA,,500000,
1352,EMP01352,Female,34.0,12.0,HR,2023-01-15,350000,
1353,EMP01353,Male,50.0,6.0,Intern,,600000,
1354,EMP01354,Male,45.0,3.0,QA,2023-01-15,600000,
1355,EMP01355,Female,21.0,17.0,Intern,,500000,
1356,EMP01356,Female,40.0,7.0,HR,,500000,
1357,EMP01357,Female,20.0,8.0,HR,,350000,emp1357@mail.com
1358,EMP01358,Unknow,39.0,1.0,QA,2023-01-15,350000,
1359,EMP01359,Male,46.0,15.0,HR,2023-01-15,600000,
1360,EMP01360,Female,57.0,2.0,Engineer,,800000,
1361,EMP01361,Male,49.0,1.0,HR,2025-07-01,800000,emp1361@mail.com
1362,EMP01362,Male,24.0,15.0,Analyst,,500000,emp1362@mail.com
1363,EMP01363,Unknow,50.0,3.0,Analyst,2025-07-01,350000,
1364,EMP01364,Male,54.0,99.0,QA,,500000,
1365,EMP01365,Male,40.0,11.0,QA,2023-01-15,600000,
1366,EMP01366,Unknow,56.0,19.0,Engineer,,600000,emp1366@mail.com
1367,EMP01367,Male,31.0,8.0,Engineer,,800000,
1368,EMP01368,Female,23.0,12.0,Manager,,600000,
1369,EMP01369,Female,39.0,17.0,Analyst,,800000,
1370,EMP01370,Female,48.0,8.0,HR,2023-01-15,800000,
1371,EMP01371,Male,34.0,14.0,QA,,350000,emp1371@mail.com
1372,EMP01372,Male,26.0,10.0,QA,2023-01-15,600000,emp1372@mail.com
1373,EMP01373,Unknow,25.0,20.0,Analyst,,350000,
1374,EMP01374,Male,53.0,8.0,QA,,500000,
1375,EMP01375,Female,37.0,12.0,Engineer,2025-07-01,600000,
1376,EMP01376,Female,48.0,9.0,QA,,350000,
1377,EMP01377,Female,54.0,8.0,Manager,2025-07-01,500000,
1378,EMP01378,Unknow,20.0,18.0,Intern,,350000,emp1378@mail.com
1379,EMP01379,Female,40.0,99.0,Engineer,2023-01-15,500000,
1380,EMP01380,Female,20.0,18.0,HR,2025-07-01,600000,
1381,EMP01381,Female,20.0,9.0,Intern,,800000,
1382,EMP01382,Female,36.0,12.0,HR,2025-07-01,500000,emp1382@mail.com
1383,EMP01383,Male,39.0,20.0,Manager,2023-01-15,600000,
1384,EMP01384,Male,50.0,15.0,Intern,,500000,
1385,EMP01385,Male,52.0,15.0,QA,2023-01-15,350000,
1386,EMP01386,Female,59.0,18.0,Intern,,600000,
1387,EMP01387,Male,24.0,,Analyst,,600000,
1388,EMP01388,Male,27.0,6.0,Manager,2025-07-01,350000,
1389,EMP01389,Male,44.0,9.0,Engineer,2025-07-01,500000,emp1389@mail.com
1390,EMP01390,Unknow,46.0,8.0,HR,,500000,emp1390@mail.com
1391,EMP01391,Female,53.0,6.0,Engineer,,800000,
1392,EMP01392,Unknow,40.0,99.0,Engineer,,600000,
1393,EMP01393,Female,54.0,6.0,Engineer,,500000,
1394,EMP01394,Female,24.0,16.0,HR,2025-07-01,600000,emp1394@mail.com
1395,EMP01395,Female,24.0,19.0,QA,2023-01-15,350000,emp1395@mail.com
1396,EMP01396,Male,56.0,20.0,Analyst,2023-01-15,800000,
1397,EMP01397,Male,46.0,17.0,HR,2025-07-01,600000,
1398,EMP01398,Male,47.0,18.0,QA,,600000,emp1398@mail.com
1399,EMP01399,Male,33.0,7.0,Engineer,,500000,
1400,EMP01400,Female,47.0,16.0,Engineer,2023-01-15,600000,
1401,EMP01401,Female,37.0,10.0,Manager,2025-07-01,600000,
1402,EMP01402,Unknow,22.0,15.0,Manager,2025-07-01,500000,emp1402@mail.com
1403,EMP01403,Unknow,50.0,6.0,QA,2025-07-01,800000,emp1403@mail.com
1404,EMP01404,Female,50.0,3.0,Analyst,,600000,
1405,EMP01405,Male,50.0,17.0,HR,,800000,
1406,EMP01406,Male,28.0,15.0,Analyst,,350000,
1407,EMP01407,Male,29.0,12.0,HR,2025-07-01,600000,
1408,EMP01408,Female,58.0,1.0,Engineer,,500000,
1409,EMP01409,Female,45.0,11.0,Manager,,500000,
1410,EMP01410,Male,56.0,17.0,Analyst,,600000,
1411,EMP01411,Male,22.0,5.0,QA,,500000,emp1411@mail.com
1412,EMP01412,Unknow,39.0,12.0,Manager,,800000,
1413,EMP01413,Male,43.0,7.0,HR,,500000,
1414,EMP01414,Female,37.0,6.0,Manager,,350000,
1415,EMP01415,Female,24.0,14.0,QA,2025-07-01,350000,emp1415@mail.com
1416,EMP01416,Male,42.0,16.0,Engineer,,350000,
1417,EMP01417,Male,36.0,5.0,Manager,,350000,
1418,EMP01418,Unknow,32.0,19.0,Manager,,500000,
1419,EMP01419,Female,37.0,15.0,Analyst,2023-01-15,500000,
1420,EMP01420,Unknow,35.0,17.0,QA,2025-07-01,350000,
1421,EMP01421,Male,23.0,9.0,Intern,,500000,
1422,EMP01422,Male,52.0,19.0,Manager,,600000,emp1422@mail.com
1423,EMP01423,Female,33.0,18.0,HR,2025-07-01,800000,emp1423@mail.com
1424,EMP01424,Male,49.0,3.0,Engineer,,800000,
1425,EMP01425,Female,36.0,4.0,Engineer,,600000,
1426,EMP01426,Female,30.0,4.0,HR,,800000,
1427,EMP01427,Female,31.0,5.0,HR,,350000,
1428,EMP01428,Male,24.0,3.0,Manager,,500000,emp1428@mail.com
1429,EMP01429,Female,35.0,2.0,HR,2023-01-15,600000,emp1429@mail.com
1430,EMP01430,Female,53.0,12.0,Analyst,2023-01-15,600000,
1431,EMP01431,Male,52.0,4.0,Manager,,600000,
1432,EMP01432,Male,25.0,11.0,Intern,2023-01-15,350000,
1433,EMP01433,Male,41.0,2.0,Engineer,2025-07-01,600000,emp1433@mail.com
1434,EMP01434,Male,42.0,4.0,Intern,,500000,
1435,EMP01435,Male,33.0,7.0,Intern,,350000,
1436,EMP01436,Male,20.0,1.0,Analyst,,800000,
1437,EMP01437,Female,27.0,4.0,HR,,600000,emp1437@mail.com
1438,EMP01438,Female,58.0,7.0,QA,,500000,emp1438@mail.com
1439,EMP01439,Male,26.0,8.0,Engineer,2023-01-15,350000,emp1439@mail.com
1440,EMP01440,Male,36.0,13.0,QA,,800000,
1441,EMP01441,Male,57.0,8.0,Analyst,,500000,emp1441@mail.com
1442,EMP01442,Male,40.0,14.0,Manager,,600000,
1443,EMP01443,Female,23.0,19.0,HR,,600000,emp1443@mail.com
1444,EMP01444,Unknow,29.0,1.0,QA,2025-07-01,800000,
1445,EMP01445,Female,60.0,3.0,HR,2023-01-15,800000,
1446,EMP01446,Male,21.0,18.0,Engineer,,600000,
1447,EMP01447,Male,41.0,9.0,Engineer,2025-07-01,600000,
1448,EMP01448,Female,39.0,3.0,QA,,350000,emp1448@mail.com
1449,EMP01449,Unknow,39.0,11.0,QA,,800000,
1450,EMP01450,Female,44.0,12.0,Engineer,2023-01-15,600000,
1451,EMP01451,Male,26.0,4.0,Engineer,,800000,emp1451@mail.com
1452,EMP01452,Male,60.0,99.0,QA,,500000,
1453,EMP01453,Female,21.0,17.0,HR,2025-07-01,350000,
1454,EMP01454,Male,51.0,13.0,Analyst,2025-07-01,800000,
1455,EMP01455,Male,59.0,1.0,QA,,600000,
1456,EMP01456,Female,30.0,3.0,Manager,2023-01-15,800000,
1457,EMP01457,Male,26.0,99.0,QA,,350000,emp1457@mail.com
1458,EMP01458,Female,48.0,17.0,Analyst,,500000,emp1458@mail.com
1459,EMP01459,Male,27.0,,Analyst,,600000,
1460,EMP01460,Unknow,40.0,3.0,HR,,600000,
1461,EMP01461,Unknow,29.0,6.0,QA,2025-07-01,350000,emp1461@mail.com
1462,EMP01462,Male,55.0,20.0,Manager,2023-01-15,600000,
1463,EMP01463,Female,41.0,5.0,Manager,2023-01-15,600000,
1464,EMP01464,Female,26.0,3.0,QA,,600000,
1465,EMP01465,Female,25.0,11.0,Intern,,500000,
1466,EMP01466,Female,54.0,11.0,HR,2025-07-01,600000,
1467,EMP01467,Female,56.0,9.0,Manager,2025-07-01,600000,
1468,EMP01468,Female,30.0,10.0,Manager,2025-07-01,600000,
1469,EMP01469,Male,37.0,16.0,Analyst,2025-07-01,600000,
1470,EMP01470,Male,25.0,4.0,Manager,,800000,emp1470@mail.com
1471,EMP01471,Unknow,59.0,14.0,Manager,,600000,
1472,EMP01472,Male,50.0,5.0,Intern,2025-07-01,800000,emp1472@mail.com
1473,EMP01473,Male,52.0,15.0,Manager,,500000,emp1473@mail.com
1474,EMP01474,Unknow,42.0,13.0,Analyst,2025-07-01,500000,emp1474@mail.com
1475,EMP01475,Unknow,43.0,6.0,Manager,,800000,
1476,EMP01476,Male,40.0,6.0,QA,2025-07-01,800000,
1477,EMP01477,Male,20.0,14.0,HR,2025-07-01,600000,emp1477@mail.com
1478,EMP01478,Male,40.0,9.0,Manager,,500000,
1479,EMP01479,Male,23.0,12.0,Analyst,,600000,emp1479@mail.com
1480,EMP01480,Female,40.0,9.0,Engineer,2023-01-15,800000,emp1480@mail.com
1481,EMP01481,Male,41.0,9.0,QA,,500000,emp1481@mail.com
1482,EMP01482,Male,42.0,10.0,Analyst,,600000,emp1482@mail.com
1483,EMP01483,Female,35.0,12.0,HR,2023-01-15,600000,
1484,EMP01484,Male,40.0,99.0,Engineer,,500000,
1485,EMP01485,Male,43.0,17.0,HR,,800000,
1486,EMP01486,Male,55.0,99.0,Intern,,350000,
1487,EMP01487,Male,32.0,12.0,QA,,350000,
1488,EMP01488,Male,60.0,7.0,Analyst,2025-07-01,500000,
1489,EMP01489,Female,43.0,5.0,HR,,500000,
1490,EMP01490,Unknow,40.0,18.0,Engineer,2025-07-01,350000,
1491,EMP01491,Female,32.0,10.0,Manager,,350000,emp1491@mail.com
1492,EMP01492,Male,49.0,11.0,Intern,2023-01-15,500000,
1493,EMP01493,Male,44.0,12.0,Analyst,,500000,
1494,EMP01494,Male,49.0,18.0,HR,,600000,
1495,EMP01495,Female,33.0,5.0,QA,,350000,
1496,EMP01496,Female,22.0,2.0,Manager,,600000,emp1496@mail.com
1497,EMP01497,Unknow,55.0,5.0,HR,,500000,emp1497@mail.com
1498,EMP01498,Female,47.0,14.0,HR,,600000,
1499,EMP01499,Male,52.0,7.0,Intern,,500000,
1500,EMP01500,Female,42.0,2.0,HR,2025-07-01,500000,
1501,EMP01501,Female,33.0,11.0,QA,,350000,
1502,EMP01502,Unknow,51.0,14.0,Intern,2025-07-01,800000,
1503,EMP01503,Female,57.0,18.0,HR,,600000,
1504,EMP01504,Female,25.0,10.0,Analyst,,500000,
1505,EMP01505,Female,59.0,6.0,Intern,2025-07-01,500000,
1506,EMP01506,Female,31.0,15.0,Engineer,,800000,emp1506@mail.com
1507,EMP01507,Male,40.0,16.0,Manager,,600000,
1508,EMP01508,Unknow,25.0,12.0,Manager,2025-07-01,350000,emp1508@mail.com
1509,EMP01509,Male,45.0,3.0,HR,2025-07-01,800000,
1510,EMP01510,Male,33.0,5.0,Analyst,,500000,
1511,EMP01511,Female,30.0,14.0,Analyst,,500000,
1512,EMP01512,Male,59.0,9.0,QA,2025-07-01,500000,
1513,EMP01513,Female,57.0,5.0,Intern,,500000,
1514,EMP01514,Female,27.0,9.0,Manager,,500000,
1515,EMP01515,Male,40.0,9.0,Analyst,2023-01-15,500000,
1516,EMP01516,Male,40.0,2.0,Analyst,,600000,
1517,EMP01517,Female,31.0,17.0,HR,,350000,
1518,EMP01518,Female,60.0,5.0,Analyst,,350000,
1519,EMP01519,Male,27.0,17.0,Manager,2025-07-01,600000,emp1519@mail.com
1520,EMP01520,Female,52.0,18.0,Analyst,,600000,
1521,EMP01521,Male,38.0,6.0,Intern,,600000,emp1521@mail.com
1522,EMP01522,Male,40.0,7.0,QA,2023-01-15,500000,
1523,EMP01523,Male,52.0,1.0,Manager,2023-01-15,500000,
1524,EMP01524,Unknow,59.0,4.0,QA,,600000,
1525,EMP01525,Male,46.0,16.0,Analyst,,600000,emp1525@mail.com
1526,EMP01526,Female,27.0,13.0,Analyst,,500000,
1527,EMP01527,Female,22.0,15.0,Engineer,,600000,
1528,EMP01528,Male,25.0,14.0,QA,2025-07-01,600000,emp1528@mail.com
1529,EMP01529,Female,43.0,17.0,QA,,600000,
1530,EMP01530,Male,51.0,2.0,Analyst,,800000,emp1530@mail.com
1531,EMP01531,Unknow,51.0,20.0,QA,,600000,
1532,EMP01532,Female,40.0,18.0,QA,,350000,emp1532@mail.com
1533,EMP01533,Female,49.0,20.0,Analyst,,500000,emp1533@mail.com
1534,EMP01534,Male,57.0,8.0,Analyst,,800000,
1535,EMP01535,Male,21.0,18.0,HR,,350000,
1536,EMP01536,Female,31.0,14.0,Engineer,2023-01-15,600000,
1537,EMP01537,Unknow,25.0,18.0,Manager,2025-07-01,800000,emp1537@mail.com
1538,EMP01538,Male,25.0,17.0,QA,,500000,
1539,EMP01539,Unknow,49.0,7.0,Manager,,500000,
1540,EMP01540,Female,41.0,20.0,QA,,600000,
1541,EMP01541,Male,51.0,13.0,Analyst,,500000,
1542,EMP01542,Female,47.0,16.0,HR,,350000,
1543,EMP01543,Male,38.0,18.0,HR,,500000,emp1543@mail.com
1544,EMP01544,Male,33.0,12.0,Engineer,2023-01-15,600000,
1545,EMP01545,Male,40.0,9.0,QA,2025-07-01,500000,
1546,EMP01546,Female,48.0,18.0,Engineer,,350000,emp1546@mail.com
1547,EMP01547,Unknow,53.0,1.0,Intern,,350000,
1548,EMP01548,Male,55.0,20.0,Engineer,,600000,
1549,EMP01549,Female,31.0,3.0,Intern,,350000,
1550,EMP01550,Male,38.0,15.0,QA,,600000,emp1550@mail.com
1551,EMP01551,Male,37.0,3.0,QA,,800000,
1552,EMP01552,Male,53.0,,Engineer,,600000,
1553,EMP01553,Male,40.0,99.0,HR,,350000,
1554,EMP01554,Female,24.0,2.0,Intern,2023-01-15,500000,
1555,EMP01555,Male,20.0,4.0,Engineer,2025-07-01,800000,emp1555@mail.com
1556,EMP01556,Male,50.0,5.0,HR,,600000,emp1556@mail.com
1557,EMP01557,Female,52.0,3.0,Engineer,,350000,
1558,EMP01558,Male,40.0,17.0,Engineer,,500000,
1559,EMP01559,Male,34.0,7.0,HR,,350000,
1560,EMP01560,Male,43.0,19.0,HR,2023-01-15,800000,
1561,EMP01561,Male,42.0,99.0,Engineer,,500000,
1562,EMP01562,Female,34.0,10.0,Analyst,,600000,
1563,EMP01563,Unknow,25.0,11.0,Analyst,,500000,
1564,EMP01564,Male,24.0,17.0,Engineer,2025-07-01,600000,
1565,EMP01565,Female,33.0,6.0,Engineer,,600000,
1566,EMP01566,Unknow,20.0,9.0,HR,,350000,emp1566@mail.com
1567,EMP01567,Unknow,53.0,16.0,Manager,2025-07-01,600000,
1568,EMP01568,Male,30.0,16.0,Engineer,2025-07-01,800000,emp1568@mail.com
1569,EMP01569,Female,21.0,3.0,HR,,350000,
1570,EMP01570,Female,45.0,11.0,QA,,600000,
1571,EMP01571,Male,51.0,17.0,QA,,500000,
1572,EMP01572,Female,30.0,11.0,Intern,2025-07-01,600000,emp1572@mail.com
1573,EMP01573,Male,60.0,19.0,Engineer,,350000,
1574,EMP01574,Male,47.0,7.0,HR,,350000,emp1574@mail.com
1575,EMP01575,Male,36.0,15.0,Engineer,2023-01-15,800000,
1576,EMP01576,Female,36.0,17.0,Manager,2025-07-01,600000,
1577,EMP01577,Unknow,54.0,12.0,Intern,2023-01-15,350000,emp1577@mail.com
1578,EMP01578,Male,36.0,14.0,Analyst,2023-01-15,500000,
1579,EMP01579,Unknow,40.0,17.0,Analyst,2023-01-15,350000,
1580,EMP01580,Unknow,41.0,8.0,Engineer,2025-07-01,600000,
1581,EMP01581,Male,31.0,5.0,Analyst,,500000,emp1581@mail.com
1582,EMP01582,Male,55.0,2.0,Analyst,,600000,
1583,EMP01583,Male,28.0,12.0,Intern,2025-07-01,600000,emp1583@mail.com
1584,EMP01584,Male,54.0,13.0,QA,,800000,
1585,EMP01585,Male,40.0,14.0,HR,2023-01-15,500000,emp1585@mail.com
1586,EMP01586,Male,58.0,12.0,Intern,2025-07-01,600000,emp1586@mail.com
1587,EMP01587,Male,50.0,9.0,QA,,500000,
1588,EMP01588,Female,28.0,18.0,QA,,800000,
1589,EMP01589,Male,31.0,99.0,Analyst,,350000,
1590,EMP01590,Female,43.0,1.0,QA,2025-07-01,800000,
1591,EMP01591,Female,24.0,8.0,Engineer,,350000,
1592,EMP01592,Female,56.0,,Engineer,2023-01-15,600000,
1593,EMP01593,Male,28.0,4.0,Intern,2023-01-15,600000,emp1593@mail.com
1594,EMP01594,Male,51.0,8.0,Intern,,800000,emp1594@mail.com
1595,EMP01595,Female,25.0,16.0,Analyst,2023-01-15,800000,
1596,EMP01596,Female,22.0,19.0,Analyst,,600000,
1597,EMP01597,Unknow,38.0,,Manager,,600000,
1598,EMP01598,Female,44.0,99.0,Intern,,500000,emp1598@mail.com
1599,EMP01599,Male,59.0,17.0,Engineer,,600000,
1600,EMP01600,Unknow,55.0,18.0,HR,2025-07-01,500000,
1601,EMP01601,Female,20.0,13.0,QA,,500000,emp1601@mail.com
1602,EMP01602,Female,52.0,15.0,Analyst,,350000,emp1602@mail.com
1603,EMP01603,Unknow,47.0,4.0,Intern,2025-07-01,600000,
1604,EMP01604,Male,42.0,7.0,Manager,2025-07-01,500000,
1605,EMP01605,Unknow,39.0,12.0,QA,,800000,
1606,EMP01606,Unknow,38.0,13.0,QA,2023-01-15,800000,
1607,EMP01607,Female,58.0,14.0,Manager,2025-07-01,800000,
1608,EMP01608,Unknow,46.0,13.0,QA,2025-07-01,500000,
1609,EMP01609,Female,20.0,2.0,Engineer,2025-07-01,800000,
1610,EMP01610,Unknow,50.0,16.0,Engineer,,500000,
1611,EMP01611,Male,40.0,1.0,HR,2025-07-01,350000,
1612,EMP01612,Unknow,38.0,9.0,Engineer,,500000,emp1612@mail.com
1613,EMP01613,Unknow,21.0,18.0,Engineer,2023-01-15,350000,
1614,EMP01614,Female,60.0,5.0,QA,,600000,emp1614@mail.com
1615,EMP01615,Female,30.0,6.0,Engineer,,350000,emp1615@mail.com
1616,EMP01616,Male,25.0,7.0,Engineer,,350000,emp1616@mail.com
1617,EMP01617,Male,29.0,3.0,Engineer,,350000,
1618,EMP01618,Male,39.0,4.0,Analyst,,800000,
1619,EMP01619,Unknow,22.0,2.0,Analyst,,600000,
1620,EMP01620,Male,32.0,13.0,HR,,600000,emp1620@mail.com
1621,EMP01621,Female,28.0,2.0,QA,,600000,
1622,EMP01622,Female,54.0,,Analyst,,600000,emp1622@mail.com
1623,EMP01623,Female,60.0,12.0,Intern,,350000,
1624,EMP01624,Male,43.0,17.0,Engineer,,600000,
1625,EMP01625,Female,22.0,7.0,QA,,500000,
1626,EMP01626,Male,45.0,1.0,Engineer,2025-07-01,600000,
1627,EMP01627,Unknow,49.0,8.0,QA,,350000,
1628,EMP01628,Unknow,26.0,13.0,Manager,,600000,
1629,EMP01629,Unknow,25.0,12.0,Analyst,2023-01-15,600000,
1630,EMP01630,Female,39.0,,Engineer,,600000,
1631,EMP01631,Female,57.0,19.0,QA,,500000,emp1631@mail.com
1632,EMP01632,Male,40.0,20.0,HR,,800000,
1633,EMP01633,Male,39.0,2.0,Analyst,2025-07-01,600000,emp1633@mail.com
1634,EMP01634,Male,46.0,,Analyst,2023-01-15,600000,emp1634@mail.com
1635,EMP01635,Unknow,54.0,11.0,QA,,500000,
1636,EMP01636,Female,46.0,5.0,Intern,2025-07-01,500000,
1637,EMP01637,Female,47.0,,Analyst,2023-01-15,600000,emp1637@mail.com
1638,EMP01638,Male,27.0,5.0,Engineer,2023-01-15,800000,
1639,EMP01639,Male,35.0,1.0,QA,2023-01-15,500000,
1640,EMP01640,Female,22.0,3.0,QA,,600000,
1641,EMP01641,Male,58.0,6.0,Analyst,2023-01-15,600000,emp1641@mail.com
1642,EMP01642,Female,27.0,8.0,QA,,800000,
1643,EMP01643,Unknow,21.0,20.0,Manager,2025-07-01,600000,
1644,EMP01644,Male,53.0,18.0,Manager,2023-01-15,600000,
1645,EMP01645,Male,46.0,5.0,Analyst,,500000,
1646,EMP01646,Female,20.0,13.0,Analyst,,500000,
1647,EMP01647,Male,56.0,7.0,Engineer,2025-07-01,800000,emp1647@mail.com
1648,EMP01648,Male,25.0,4.0,HR,,350000,
1649,EMP01649,Male,22.0,7.0,Intern,2025-07-01,800000,
1650,EMP01650,Male,25.0,1.0,QA,,600000,
1651,EMP01651,Female,56.0,12.0,Engineer,2025-07-01,500000,
1652,EMP01652,Unknow,48.0,14.0,Manager,,350000,
1653,EMP01653,Male,56.0,9.0,Engineer,,800000,
1654,EMP01654,Male,48.0,16.0,Engineer,2023-01-15,600000,
1655,EMP01655,Female,22.0,13.0,Intern,2025-07-01,800000,
1656,EMP01656,Unknow,54.0,5.0,QA,2025-07-01,500000,
1657,EMP01657,Male,56.0,12.0,Engineer,,800000,
1658,EMP01658,Male,41.0,2.0,QA,,500000,
1659,EMP01659,Unknow,23.0,3.0,Engineer,,600000,
1660,EMP01660,Female,43.0,2.0,QA,2025-07-01,500000,
1661,EMP01661,Female,60.0,11.0,Analyst,,600000,emp1661@mail.com
1662,EMP01662,Female,46.0,11.0,Analyst,2025-07-01,500000,
1663,EMP01663,Male,32.0,11.0,Intern,,500000,
1664,EMP01664,Female,43.0,16.0,Analyst,,500000,emp1664@mail.com
1665,EMP01665,Unknow,51.0,4.0,Manager,,600000,
1666,EMP01666,Male,51.0,3.0,Analyst,2025-07-01,600000,
1667,EMP01667,Male,22.0,14.0,Engineer,2025-07-01,600000,
1668,EMP01668,Female,28.0,9.0,HR,2025-07-01,500000,
1669,EMP01669,Male,35.0,3.0,HR,2025-07-01,350000,
1670,EMP01670,Unknow,56.0,8.0,Analyst,,500000,
1671,EMP01671,Female,27.0,15.0,Engineer,,600000,
1672,EMP01672,Male,38.0,5.0,Analyst,,350000,
1673,EMP01673,Female,33.0,9.0,Engineer,2025-07-01,600000,
1674,EMP01674,Male,53.0,7.0,QA,2023-01-15,800000,emp1674@mail.com
1675,EMP01675,Male,51.0,4.0,Engineer,,600000,
1676,EMP01676,Female,21.0,2.0,Intern,2025-07-01,500000,
1677,EMP01677,Male,42.0,4.0,HR,2025-07-01,350000,emp1677@mail.com
1678,EMP01678,Unknow,52.0,20.0,Engineer,2023-01-15,600000,
1679,EMP01679,Female,29.0,3.0,QA,2025-07-01,600000,
1680,EMP01680,Male,20.0,18.0,Analyst,2025-07-01,600000,
1681,EMP01681,Male,42.0,20.0,Intern,,600000,
1682,EMP01682,Female,47.0,8.0,HR,2025-07-01,350000,
1683,EMP01683,Male,40.0,7.0,Engineer,2023-01-15,500000,
1684,EMP01684,Female,41.0,15.0,Analyst,2025-07-01,600000,
1685,EMP01685,Female,28.0,14.0,HR,,600000,
1686,EMP01686,Male,53.0,10.0,Analyst,2023-01-15,600000,emp1686@mail.com
1687,EMP01687,Female,48.0,1.0,Engineer,,350000,
1688,EMP01688,Male,37.0,17.0,Engineer,,600000,
1689,EMP01689,Male,51.0,2.0,Manager,,350000,
1690,EMP01690,Unknow,55.0,17.0,HR,,500000,
1691,EMP01691,Unknow,47.0,4.0,Engineer,2023-01-15,800000,
1692,EMP01692,Female,45.0,2.0,QA,,600000,emp1692@mail.com
1693,EMP01693,Male,54.0,19.0,Analyst,2025-07-01,600000,
1694,EMP01694,Female,39.0,,Intern,2023-01-15,600000,
1695,EMP01695,Male,60.0,16.0,Manager,2025-07-01,800000,
1696,EMP01696,Female,59.0,99.0,Manager,,800000,
1697,EMP01697,Male,26.0,5.0,Manager,2023-01-15,800000,
1698,EMP01698,Unknow,56.0,3.0,HR,,600000,
1699,EMP01699,Male,21.0,3.0,Engineer,2025-07-01,600000,
1700,EMP01700,Female,34.0,16.0,Engineer,2025-07-01,600000,
1701,EMP01701,Unknow,40.0,17.0,Engineer,2025-07-01,600000,emp1701@mail.com
1702,EMP01702,Female,40.0,16.0,QA,2025-07-01,600000,
1703,EMP01703,Unknow,21.0,8.0,Manager,,350000,
1704,EMP01704,Female,48.0,19.0,Manager,,800000,emp1704@mail.com
1705,EMP01705,Female,49.0,7.0,Intern,2025-07-01,350000,
1706,EMP01706,Male,45.0,20.0,HR,,800000,emp1706@mail.com
1707,EMP01707,Male,22.0,12.0,QA,,600000,
1708,EMP01708,Male,34.0,13.0,Engineer,,500000,
1709,EMP01709,Male,40.0,17.0,Analyst,2023-01-15,350000,emp1709@mail.com
1710,EMP01710,Female,39.0,16.0,Engineer,,600000,
1711,EMP01711,Male,49.0,,Analyst,,600000,
1712,EMP01712,Female,59.0,5.0,Analyst,2025-07-01,500000,
1713,EMP01713,Female,22.0,3.0,Intern,,800000,emp1713@mail.com
1714,EMP01714,Male,39.0,11.0,HR,2023-01-15,800000,emp1714@mail.com
1715,EMP01715,Unknow,59.0,10.0,HR,,800000,
1716,EMP01716,Female,43.0,8.0,Engineer,,500000,
1717,EMP01717,Female,39.0,5.0,Manager,,350000,
1718,EMP01718,Male,47.0,12.0,HR,,600000,
1719,EMP01719,Female,20.0,11.0,QA,2025-07-01,800000,emp1719@mail.com
1720,EMP01720,Female,22.0,10.0,Manager,2025-07-01,350000,
1721,EMP01721,Male,40.0,,HR,,600000,
1722,EMP01722,Male,50.0,18.0,Engineer,,600000,
1723,EMP01723,Female,56.0,16.0,Intern,,800000,
1724,EMP01724,Female,40.0,,Manager,2023-01-15,600000,emp1724@mail.com
1725,EMP01725,Female,42.0,14.0,QA,,350000,
1726,EMP01726,Male,24.0,19.0,Engineer,2025-07-01,600000,
1727,EMP01727,Unknow,22.0,15.0,Manager,,350000,
1728,EMP01728,Male,29.0,7.0,QA,,500000,
1729,EMP01729,Female,49.0,14.0,Manager,,600000,
1730,EMP01730,Female,22.0,13.0,QA,,500000,
1731,EMP01731,Male,58.0,,Engineer,2025-07-01,600000,emp1731@mail.com
1732,EMP01732,Male,34.0,1.0,HR,2023-01-15,600000,emp1732@mail.com
1733,EMP01733,Unknow,34.0,,Manager,,600000,
1734,EMP01734,Female,35.0,12.0,Manager,2025-07-01,800000,
1735,EMP01735,Female,46.0,7.0,Intern,2023-01-15,500000,emp1735@mail.com
1736,EMP01736,Male,52.0,99.0,QA,2025-07-01,500000,
1737,EMP01737,Female,34.0,9.0,Analyst,,600000,
1738,EMP01738,Unknow,60.0,,Engineer,2023-01-15,600000,
1739,EMP01739,Female,23.0,18.0,Analyst,2025-07-01,600000,
1740,EMP01740,Male,43.0,7.0,Intern,,500000,emp1740@mail.com
1741,EMP01741,Male,24.0,18.0,Intern,,600000,
1742,EMP01742,Male,53.0,14.0,QA,,600000,
1743,EMP01743,Female,46.0,20.0,Engineer,2023-01-15,600000,
1744,EMP01744,Female,56.0,5.0,Manager,,800000,
1745,EMP01745,Male,26.0,2.0,Analyst,2025-07-01,800000,
1746,EMP01746,Male,40.0,6.0,Manager,2025-07-01,350000,
1747,EMP01747,Male,60.0,11.0,HR,,500000,
1748,EMP01748,Male,47.0,19.0,Manager,2023-01-15,500000,emp1748@mail.com
1749,EMP01749,Male,40.0,11.0,Analyst,2025-07-01,500000,emp1749@mail.com
1750,EMP01750,Female,45.0,14.0,Intern,2023-01-15,350000,
1751,EMP01751,Male,60.0,15.0,QA,2025-07-01,500000,
1752,EMP01752,Female,39.0,13.0,QA,,800000,
1753,EMP01753,Male,47.0,13.0,Engineer,2023-01-15,800000,
1754,EMP01754,Unknow,50.0,8.0,HR,2023-01-15,500000,
1755,EMP01755,Male,59.0,16.0,Intern,,500000,
1756,EMP01756,Female,34.0,18.0,HR,2025-07-01,800000,
1757,EMP01757,Female,32.0,15.0,Intern,,350000,
1758,EMP01758,Male,32.0,10.0,QA,,600000,emp1758@mail.com
1759,EMP01759,Female,60.0,17.0,Manager,,600000,
1760,EMP01760,Female,36.0,10.0,QA,2023-01-15,600000,
1761,EMP01761,Female,43.0,3.0,QA,2023-01-15,350000,emp1761@mail.com
1762,EMP01762,Unknow,50.0,15.0,Manager,2023-01-15,500000,
1763,EMP01763,Female,54.0,19.0,Analyst,,600000,emp1763@mail.com
1764,EMP01764,Unknow,36.0,15.0,QA,2023-01-15,500000,emp1764@mail.com
1765,EMP01765,Female,32.0,15.0,Engineer,2023-01-15,350000,emp1765@mail.com
1766,EMP01766,Unknow,33.0,20.0,Intern,,350000,emp1766@mail.com
1767,EMP01767,Male,30.0,,Intern,,600000,emp1767@mail.com
1768,EMP01768,Male,28.0,6.0,QA,2025-07-01,600000,
1769,EMP01769,Female,52.0,1.0,QA,2025-07-01,800000,emp1769@mail.com
1770,EMP01770,Male,20.0,5.0,Manager,,500000,
1771,EMP01771,Male,52.0,11.0,QA,2023-01-15,350000,
1772,EMP01772,Unknow,40.0,16.0,Engineer,,600000,emp1772@mail.com
1773,EMP01773,Male,47.0,2.0,QA,,500000,
1774,EMP01774,Male,36.0,4.0,Analyst,2025-07-01,500000,
1775,EMP01775,Female,39.0,7.0,HR,,600000,emp1775@mail.com
1776,EMP01776,Female,53.0,4.0,Intern,2025-07-01,800000,
1777,EMP01777,Female,46.0,17.0,HR,,350000,
1778,EMP01778,Male,40.0,5.0,QA,2023-01-15,800000,
1779,EMP01779,Female,27.0,11.0,QA,2025-07-01,350000,
1780,EMP01780,Male,27.0,15.0,Intern,2023-01-15,600000,
1781,EMP01781,Female,32.0,4.0,Manager,2023-01-15,800000,emp1781@mail.com
1782,EMP01782,Male,44.0,14.0,Engineer,,350000,
1783,EMP01783,Female,58.0,18.0,HR,,800000,emp1783@mail.com
1784,EMP01784,Male,40.0,10.0,Intern,2023-01-15,600000,
1785,EMP01785,Unknow,37.0,5.0,QA,2023-01-15,800000,
1786,EMP01786,Unknow,25.0,10.0,QA,2025-07-01,600000,
1787,EMP01787,Male,52.0,15.0,Analyst,2025-07-01,600000,
1788,EMP01788,Male,39.0,7.0,Intern,,500000,emp1788@mail.com
1789,EMP01789,Female,22.0,99.0,Manager,2023-01-15,500000,
1790,EMP01790,Female,44.0,1.0,Manager,2023-01-15,600000,emp1790@mail.com
1791,EMP01791,Unknow,58.0,3.0,QA,2023-01-15,600000,emp1791@mail.com
1792,EMP01792,Unknow,40.0,12.0,Engineer,,600000,emp1792@mail.com
1793,EMP01793,Female,28.0,,Intern,2025-07-01,600000,
1794,EMP01794,Unknow,40.0,3.0,QA,2025-07-01,600000,
1795,EMP01795,Male,24.0,6.0,Intern,,500000,
1796,EMP01796,Male,26.0,11.0,Intern,2023-01-15,500000,
1797,EMP01797,Unknow,26.0,5.0,Intern,,600000,
1798,EMP01798,Female,60.0,17.0,QA,,600000,
1799,EMP01799,Male,50.0,13.0,QA,,800000,
1800,EMP01800,Male,57.0,16.0,QA,,600000,emp1800@mail.com
1801,EMP01801,Male,59.0,15.0,Intern,2025-07-01,500000,
1802,EMP01802,Female,23.0,14.0,Analyst,,800000,
1803,EMP01803,Male,29.0,3.0,HR,2025-07-01,800000,
1804,EMP01804,Male,56.0,2.0,QA,,600000,
1805,EMP01805,Female,45.0,2.0,QA,2023-01-15,800000,
1806,EMP01806,Female,55.0,17.0,QA,2025-07-01,350000,emp1806@mail.com
1807,EMP01807,Male,24.0,12.0,Manager,2025-07-01,800000,emp1807@mail.com
1808,EMP01808,Female,49.0,9.0,Engineer,,800000,emp1808@mail.com
1809,EMP01809,Male,57.0,15.0,Analyst,,350000,
1810,EMP01810,Male,46.0,19.0,Intern,,600000,
1811,EMP01811,Unknow,40.0,19.0,Engineer,,350000,
1812,EMP01812,Unknow,29.0,9.0,Intern,2025-07-01,600000,emp1812@mail.com
1813,EMP01813,Unknow,40.0,,HR,2025-07-01,600000,
1814,EMP01814,Male,36.0,14.0,Engineer,,500000,
1815,EMP01815,Male,29.0,6.0,Engineer,2025-07-01,350000,emp1815@mail.com
1816,EMP01816,Male,59.0,16.0,Manager,,600000,emp1816@mail.com
1817,EMP01817,Female,41.0,1.0,Engineer,,800000,
1818,EMP01818,Male,58.0,5.0,Manager,2025-07-01,600000,
1819,EMP01819,Male,56.0,7.0,Manager,2025-07-01,500000,
1820,EMP01820,Male,41.0,17.0,QA,2025-07-01,350000,
1821,EMP01821,Male,40.0,4.0,QA,2023-01-15,600000,
1822,EMP01822,Male,45.0,15.0,Manager,2023-01-15,600000,emp1822@mail.com
1823,EMP01823,Male,41.0,10.0,Engineer,,350000,
1824,EMP01824,Male,34.0,1.0,Engineer,,500000,emp1824@mail.com
1825,EMP01825,Female,20.0,19.0,HR,,800000,
1826,EMP01826,Female,31.0,14.0,QA,,800000,
1827,EMP01827,Female,52.0,8.0,Manager,2025-07-01,600000,
1828,EMP01828,Male,31.0,12.0,QA,2023-01-15,500000,
1829,EMP01829,Female,55.0,2.0,HR,2023-01-15,500000,
1830,EMP01830,Male,37.0,8.0,Analyst,,500000,
1831,EMP01831,Female,60.0,7.0,Intern,2025-07-01,350000,
1832,EMP01832,Female,24.0,20.0,Intern,2025-07-01,600000,
1833,EMP01833,Male,56.0,19.0,Engineer,2025-07-01,500000,
1834,EMP01834,Male,40.0,99.0,Manager,,500000,emp1834@mail.com
1835,EMP01835,Unknow,41.0,16.0,Intern,2023-01-15,800000,
1836,EMP01836,Female,46.0,9.0,QA,,600000,
1837,EMP01837,Female,46.0,,Analyst,2025-07-01,600000,
1838,EMP01838,Unknow,48.0,16.0,Manager,,350000,
1839,EMP01839,Male,45.0,15.0,HR,,500000,emp1839@mail.com
1840,EMP01840,Male,45.0,19.0,QA,,350000,emp1840@mail.com
1841,EMP01841,Female,29.0,4.0,QA,2025-07-01,600000,
1842,EMP01842,Unknow,49.0,10.0,Manager,,600000,emp1842@mail.com
1843,EMP01843,Male,47.0,4.0,Engineer,2023-01-15,800000,emp1843@mail.com
1844,EMP01844,Male,51.0,12.0,Analyst,2023-01-15,600000,emp1844@mail.com
1845,EMP01845,Male,36.0,18.0,HR,2023-01-15,600000,
1846,EMP01846,Unknow,26.0,16.0,HR,2023-01-15,500000,
1847,EMP01847,Female,38.0,14.0,Manager,2023-01-15,350000,
1848,EMP01848,Unknow,27.0,7.0,Manager,2025-07-01,800000,emp1848@mail.com
1849,EMP01849,Male,42.0,12.0,Intern,,600000,
1850,EMP01850,Male,42.0,8.0,QA,,800000,
1851,EMP01851,Female,52.0,12.0,QA,2025-07-01,600000,
1852,EMP01852,Female,54.0,15.0,HR,2025-07-01,500000,
1853,EMP01853,Male,44.0,11.0,Engineer,,350000,
1854,EMP01854,Female,56.0,13.0,QA,,500000,emp1854@mail.com
1855,EMP01855,Unknow,60.0,99.0,Intern,2023-01-15,800000,
1856,EMP01856,Female,53.0,11.0,HR,,600000,emp1856@mail.com
1857,EMP01857,Unknow,23.0,13.0,HR,2023-01-15,500000,
1858,EMP01858,Male,52.0,10.0,Analyst,2025-07-01,500000,
1859,EMP01859,Male,60.0,15.0,Manager,,350000,
1860,EMP01860,Female,36.0,14.0,QA,,800000,
1861,EMP01861,Male,40.0,13.0,Manager,2023-01-15,350000,
1862,EMP01862,Male,48.0,16.0,Manager,,800000,emp1862@mail.com
1863,EMP01863,Male,20.0,16.0,Analyst,,800000,
1864,EMP01864,Male,56.0,17.0,Engineer,2025-07-01,600000,
1865,EMP01865,Female,25.0,10.0,Intern,2023-01-15,600000,
1866,EMP01866,Female,33.0,1.0,Intern,2025-07-01,800000,
1867,EMP01867,Female,21.0,,QA,2023-01-15,600000,
1868,EMP01868,Male,25.0,18.0,Analyst,2025-07-01,800000,
1869,EMP01869,Female,58.0,6.0,Intern,2023-01-15,600000,emp1869@mail.com
1870,EMP01870,Male,31.0,13.0,Manager,,500000,
1871,EMP01871,Unknow,54.0,14.0,HR,,350000,
1872,EMP01872,Female,58.0,2.0,QA,2025-07-01,600000,emp1872@mail.com
1873,EMP01873,Male,22.0,11.0,Engineer,,500000,
1874,EMP01874,Unknow,26.0,8.0,Manager,,350000,
1875,EMP01875,Male,29.0,12.0,HR,,500000,
1876,EMP01876,Male,57.0,15.0,Engineer,,500000,emp1876@mail.com
1877,EMP01877,Female,40.0,3.0,Engineer,,350000,emp1877@mail.com
1878,EMP01878,Male,60.0,3.0,Engineer,2025-07-01,600000,
1879,EMP01879,Male,44.0,99.0,QA,,800000,emp1879@mail.com
1880,EMP01880,Female,40.0,99.0,Intern,,350000,
1881,EMP01881,Male,44.0,2.0,Engineer,2025-07-01,600000,
1882,EMP01882,Male,29.0,99.0,Manager,,500000,
1883,EMP01883,Male,36.0,14.0,Engineer,,800000,
1884,EMP01884,Unknow,34.0,10.0,Intern,2025-07-01,600000,
1885,EMP01885,Male,50.0,8.0,HR,2025-07-01,800000,
1886,EMP01886,Female,21.0,,Manager,,600000,
1887,EMP01887,Unknow,36.0,18.0,Manager,,350000,
1888,EMP01888,Female,42.0,11.0,Engineer,,500000,emp1888@mail.com
1889,EMP01889,Male,47.0,9.0,Engineer,,500000,
1890,EMP01890,Male,48.0,5.0,HR,,350000,
1891,EMP01891,Male,54.0,2.0,Intern,2025-07-01,500000,
1892,EMP01892,Female,41.0,18.0,Manager,,600000,
1893,EMP01893,Female,29.0,11.0,HR,,800000,emp1893@mail.com
1894,EMP01894,Female,49.0,17.0,Manager,,600000,emp1894@mail.com
1895,EMP01895,Male,55.0,5.0,QA,,350000,
1896,EMP01896,Male,47.0,11.0,Engineer,,500000,
1897,EMP01897,Male,47.0,12.0,Engineer,,600000,emp1897@mail.com
1898,EMP01898,Unknow,43.0,17.0,HR,,600000,
1899,EMP01899,Female,49.0,19.0,Intern,,600000,emp1899@mail.com
1900,EMP01900,Unknow,56.0,,Engineer,,600000,
1901,EMP01901,Male,58.0,17.0,Analyst,2023-01-15,500000,
1902,EMP01902,Male,39.0,18.0,Engineer,,500000,
1903,EMP01903,Male,31.0,8.0,Intern,2025-07-01,500000,emp1903@mail.com
1904,EMP01904,Male,43.0,19.0,Engineer,,600000,
1905,EMP01905,Unknow,39.0,8.0,Intern,,500000,emp1905@mail.com
1906,EMP01906,Male,55.0,6.0,QA,,500000,
1907,EMP01907,Unknow,33.0,20.0,Manager,2023-01-15,600000,
1908,EMP01908,Unknow,40.0,14.0,Analyst,,600000,
1909,EMP01909,Female,32.0,18.0,Engineer,,600000,
1910,EMP01910,Female,38.0,8.0,Analyst,2023-01-15,500000,
1911,EMP01911,Female,45.0,9.0,Manager,,500000,
1912,EMP01912,Female,21.0,4.0,HR,2025-07-01,800000,
1913,EMP01913,Male,45.0,18.0,Engineer,,350000,
1914,EMP01914,Unknow,37.0,14.0,Engineer,,350000,
1915,EMP01915,Female,45.0,99.0,Intern,,500000,
1916,EMP01916,Female,21.0,8.0,QA,,500000,
1917,EMP01917,Male,28.0,99.0,Engineer,,600000,
1918,EMP01918,Male,47.0,15.0,Analyst,,500000,
1919,EMP01919,Male,49.0,12.0,Analyst,,350000,
1920,EMP01920,Male,46.0,6.0,Analyst,,600000,
1921,EMP01921,Male,29.0,12.0,Engineer,,500000,
1922,EMP01922,Female,21.0,6.0,Intern,,600000,
1923,EMP01923,Unknow,47.0,11.0,Analyst,,800000,
1924,EMP01924,Male,37.0,2.0,Intern,,600000,
1925,EMP01925,Male,37.0,8.0,QA,2023-01-15,500000,emp1925@mail.com
1926,EMP01926,Female,46.0,9.0,Intern,2025-07-01,500000,emp1926@mail.com
1927,EMP01927,Female,41.0,14.0,Engineer,,600000,
1928,EMP01928,Unknow,26.0,3.0,Intern,,600000,
1929,EMP01929,Female,35.0,99.0,Intern,,350000,
1930,EMP01930,Male,57.0,99.0,Engineer,,500000,emp1930@mail.com
1931,EMP01931,Male,40.0,20.0,Analyst,,600000,emp1931@mail.com
1932,EMP01932,Male,44.0,14.0,Engineer,,600000,
1933,EMP01933,Male,58.0,14.0,Analyst,2023-01-15,600000,
1934,EMP01934,Male,55.0,10.0,Manager,,600000,
1935,EMP01935,Male,46.0,19.0,QA,2025-07-01,800000,emp1935@mail.com
1936,EMP01936,Male,47.0,20.0,QA,,500000,emp1936@mail.com
1937,EMP01937,Female,59.0,7.0,Intern,,500000,
1938,EMP01938,Female,40.0,17.0,QA,,600000,emp1938@mail.com
1939,EMP01939,Female,29.0,8.0,QA,,500000,
1940,EMP01940,Female,22.0,12.0,QA,2025-07-01,600000,
1941,EMP01941,Male,45.0,12.0,HR,,600000,
1942,EMP01942,Male,51.0,9.0,Manager,2025-07-01,350000,
1943,EMP01943,Female,20.0,12.0,Intern,2023-01-15,350000,
1944,EMP01944,Unknow,55.0,2.0,Intern,2023-01-15,350000,emp1944@mail.com
1945,EMP01945,Male,37.0,17.0,Analyst,,600000,
1946,EMP01946,Female,24.0,10.0,Manager,2023-01-15,350000,emp1946@mail.com
1947,EMP01947,Male,40.0,15.0,Intern,,800000,
1948,EMP01948,Female,57.0,4.0,HR,,600000,
1949,EMP01949,Female,49.0,19.0,HR,,800000,
1950,EMP01950,Male,30.0,12.0,HR,,800000,
1951,EMP01951,Female,24.0,19.0,Manager,2025-07-01,800000,emp1951@mail.com
1952,EMP01952,Male,27.0,20.0,Manager,2025-07-01,350000,
1953,EMP01953,Male,48.0,17.0,HR,2025-07-01,600000,
1954,EMP01954,Male,26.0,11.0,Engineer,2023-01-15,800000,
1955,EMP01955,Male,45.0,11.0,Engineer,2025-07-01,500000,emp1955@mail.com
1956,EMP01956,Male,59.0,18.0,Analyst,,600000,
1957,EMP01957,Male,32.0,16.0,HR,,350000,
1958,EMP01958,Female,51.0,15.0,Engineer,2023-01-15,500000,
1959,EMP01959,Male,54.0,8.0,Manager,2023-01-15,500000,
1960,EMP01960,Male,48.0,18.0,Engineer,2025-07-01,800000,emp1960@mail.com
1961,EMP01961,Female,26.0,17.0,Engineer,,800000,
1962,EMP01962,Male,58.0,13.0,Engineer,,500000,
1963,EMP01963,Unknow,40.0,12.0,Intern,,600000,
1964,EMP01964,Female,24.0,14.0,HR,2025-07-01,500000,emp1964@mail.com
1965,EMP01965,Male,55.0,2.0,Engineer,2025-07-01,800000,
1966,EMP01966,Male,24.0,12.0,QA,,600000,
1967,EMP01967,Male,55.0,16.0,Intern,,600000,
1968,EMP01968,Male,31.0,7.0,Engineer,2023-01-15,350000,
1969,EMP01969,Male,22.0,18.0,Manager,2023-01-15,600000,emp1969@mail.com
1970,EMP01970,Female,52.0,15.0,HR,,350000,
1971,EMP01971,Male,40.0,20.0,Analyst,,800000,
1972,EMP01972,Unknow,44.0,12.0,Engineer,2025-07-01,350000,
1973,EMP01973,Male,36.0,,Manager,2023-01-15,600000,
1974,EMP01974,Female,40.0,,Intern,,600000,
1975,EMP01975,Male,34.0,7.0,HR,2023-01-15,500000,
1976,EMP01976,Male,59.0,5.0,Engineer,2023-01-15,500000,
1977,EMP01977,Male,57.0,14.0,Manager,,350000,
1978,EMP01978,Male,33.0,20.0,QA,2023-01-15,600000,emp1978@mail.com
1979,EMP01979,Male,38.0,1.0,Manager,,600000,
1980,EMP01980,Unknow,40.0,16.0,Manager,,800000,emp1980@mail.com
1981,EMP01981,Unknow,36.0,15.0,Intern,,500000,emp1981@mail.com
1982,EMP01982,Male,50.0,,HR,,600000,
1983,EMP01983,Male,42.0,16.0,Intern,,600000,
1984,EMP01984,Male,31.0,99.0,Manager,,500000,
1985,EMP01985,Female,36.0,16.0,QA,,350000,emp1985@mail.com
1986,EMP01986,Unknow,32.0,8.0,Analyst,2023-01-15,500000,
1987,EMP01987,Male,40.0,17.0,Manager,2023-01-15,600000,emp1987@mail.com
1988,EMP01988,Male,22.0,5.0,Analyst,,500000,
1989,EMP01989,Unknow,56.0,15.0,Intern,2025-07-01,800000,
1990,EMP01990,Male,40.0,20.0,Manager,2025-07-01,350000,
1991,EMP01991,Male,34.0,14.0,Analyst,,500000,
1992,EMP01992,Female,30.0,1.0,Analyst,,600000,
1993,EMP01993,Male,45.0,10.0,Manager,,800000,emp1993@mail.com
1994,EMP01994,Male,30.0,17.0,Manager,2025-07-01,500000,emp1994@mail.com
1995,EMP01995,Female,56.0,99.0,Intern,,500000,emp1995@mail.com
1996,EMP01996,Female,39.0,8.0,QA,,500000,
1997,EMP01997,Male,24.0,6.0,HR,2025-07-01,800000,
1998,EMP01998,Unknow,29.0,1.0,Intern,2023-01-15,500000,emp1998@mail.com
1999,EMP01999,Male,44.0,17.0,Engineer,2025-07-01,600000,
2000,EMP02000,Female,52.0,18.0,Manager,,600000,
2001,EMP02001,Male,37.0,10.0,QA,2025-07-01,600000,
2002,EMP02002,Female,36.0,7.0,Analyst,2023-01-15,600000,
2003,EMP02003,Male,40.0,17.0,Engineer,,600000,
2004,EMP02004,Male,35.0,12.0,Engineer,2025-07-01,600000,
2005,EMP02005,Female,30.0,8.0,Manager,,350000,
2006,EMP02006,Male,32.0,7.0,Manager,2023-01-15,350000,
2007,EMP02007,Female,57.0,1.0,QA,,600000,
2008,EMP02008,Male,56.0,6.0,QA,2025-07-01,500000,emp2008@mail.com
2009,EMP02009,Male,46.0,10.0,Manager,,500000,
2010,EMP02010,Unknow,40.0,8.0,Analyst,,500000,emp2010@mail.com
2011,EMP02011,Male,25.0,11.0,HR,,500000,
2012,EMP02012,Male,40.0,99.0,HR,2025-07-01,500000,
2013,EMP02013,Male,58.0,4.0,HR,,800000,
2014,EMP02014,Unknow,53.0,15.0,Manager,,500000,
2015,EMP02015,Female,39.0,17.0,Analyst,2025-07-01,600000,
2016,EMP02016,Female,40.0,8.0,Analyst,2025-07-01,500000,
2017,EMP02017,Male,41.0,14.0,Analyst,,500000,emp2017@mail.com
2018,EMP02018,Male,51.0,1.0,HR,2023-01-15,600000,
2019,EMP02019,Unknow,44.0,20.0,Engineer,,500000,
2020,EMP02020,Male,33.0,4.0,QA,2023-01-15,800000,emp2020@mail.com
2021,EMP02021,Unknow,46.0,5.0,Analyst,,500000,
2022,EMP02022,Unknow,50.0,8.0,Manager,,500000,
2023,EMP02023,Male,33.0,15.0,Engineer,2025-07-01,600000,
2024,EMP02024,Male,34.0,4.0,QA,,600000,
2025,EMP02025,Male,45.0,13.0,QA,,600000,
2026,EMP02026,Unknow,41.0,15.0,Manager,,500000,
2027,EMP02027,Female,50.0,8.0,Intern,,350000,
2028,EMP02028,Male,31.0,18.0,QA,,800000,
2029,EMP02029,Unknow,25.0,20.0,Manager,2025-07-01,600000,emp2029@mail.com
2030,EMP02030,Female,33.0,20.0,HR,,600000,
2031,EMP02031,Female,43.0,14.0,QA,,800000,
2032,EMP02032,Unknow,49.0,16.0,QA,,600000,
2033,EMP02033,Male,20.0,16.0,Manager,2025-07-01,600000,
2034,EMP02034,Male,53.0,,Intern,,600000,
2035,EMP02035,Female,40.0,20.0,Manager,,500000,emp2035@mail.com
2036,EMP02036,Unknow,56.0,18.0,Manager,2025-07-01,600000,
2037,EMP02037,Male,35.0,8.0,Analyst,2025-07-01,350000,
2038,EMP02038,Female,56.0,14.0,Manager,2023-01-15,500000,
2039,EMP02039,Male,44.0,9.0,HR,2023-01-15,800000,emp2039@mail.com
2040,EMP02040,Male,40.0,18.0,Engineer,,600000,
2041,EMP02041,Male,52.0,3.0,Analyst,2025-07-01,600000,
2042,EMP02042,Female,58.0,8.0,Engineer,2023-01-15,500000,emp2042@mail.com
2043,EMP02043,Female,53.0,11.0,Engineer,2025-07-01,800000,
2044,EMP02044,Male,32.0,10.0,HR,,600000,emp2044@mail.com
2045,EMP02045,Unknow,59.0,6.0,QA,,600000,
2046,EMP02046,Male,29.0,99.0,Intern,2023-01-15,350000,
2047,EMP02047,Unknow,29.0,18.0,Intern,2023-01-15,350000,
2048,EMP02048,Male,41.0,19.0,Analyst,,350000,emp2048@mail.com
2049,EMP02049,Female,48.0,,Analyst,,600000,
2050,EMP02050,Male,35.0,19.0,QA,,350000,
2051,EMP02051,Female,37.0,5.0,HR,2025-07-01,500000,
2052,EMP02052,Female,39.0,,QA,2023-01-15,600000,emp2052@mail.com
2053,EMP02053,Male,60.0,14.0,Engineer,2023-01-15,600000,
2054,EMP02054,Male,23.0,6.0,Analyst,,350000,
2055,EMP02055,Male,57.0,9.0,Intern,2025-07-01,800000,
2056,EMP02056,Male,33.0,19.0,Manager,2023-01-15,600000,emp2056@mail.com
2057,EMP02057,Female,44.0,18.0,HR,,600000,
2058,EMP02058,Male,36.0,99.0,Engineer,2023-01-15,500000,emp2058@mail.com
2059,EMP02059,Female,55.0,14.0,HR,,800000,
2060,EMP02060,Male,53.0,13.0,HR,,500000,
2061,EMP02061,Male,25.0,16.0,HR,,600000,emp2061@mail.com
2062,EMP02062,Male,25.0,8.0,Analyst,,600000,emp2062@mail.com
2063,EMP02063,Male,58.0,7.0,HR,,500000,
2064,EMP02064,Male,30.0,3.0,QA,2025-07-01,600000,
2065,EMP02065,Female,46.0,8.0,QA,2023-01-15,350000,emp2065@mail.com
2066,EMP02066,Male,56.0,4.0,HR,2025-07-01,500000,emp2066@mail.com
2067,EMP02067,Male,58.0,19.0,HR,,350000,
2068,EMP02068,Male,34.0,13.0,QA,,500000,
2069,EMP02069,Unknow,37.0,6.0,QA,,800000,emp2069@mail.com
2070,EMP02070,Unknow,29.0,15.0,Intern,,500000,
2071,EMP02071,Male,24.0,3.0,Engineer,2025-07-01,350000,
2072,EMP02072,Female,41.0,99.0,HR,2025-07-01,500000,
2073,EMP02073,Male,35.0,8.0,Engineer,,500000,
2074,EMP02074,Female,59.0,20.0,Engineer,,600000,
2075,EMP02075,Unknow,43.0,12.0,Engineer,2025-07-01,600000,
2076,EMP02076,Male,58.0,9.0,HR,,500000,emp2076@mail.com
2077,EMP02077,Male,40.0,2.0,Engineer,,600000,
2078,EMP02078,Male,51.0,19.0,Engineer,2023-01-15,800000,
2079,EMP02079,Unknow,40.0,3.0,Analyst,2025-07-01,500000,
2080,EMP02080,Male,51.0,18.0,QA,,600000,
2081,EMP02081,Female,28.0,7.0,Intern,,500000,emp2081@mail.com
2082,EMP02082,Male,49.0,15.0,Intern,2025-07-01,800000,
2083,EMP02083,Female,40.0,1.0,Analyst,,600000,
2084,EMP02084,Female,44.0,8.0,Engineer,2023-01-15,500000,
2085,EMP02085,Unknow,30.0,14.0,HR,2023-01-15,800000,
2086,EMP02086,Male,30.0,15.0,HR,,500000,emp2086@mail.com
2087,EMP02087,Male,33.0,14.0,Manager,,600000,emp2087@mail.com
2088,EMP02088,Unknow,53.0,6.0,HR,,600000,
2089,EMP02089,Male,41.0,12.0,QA,,500000,emp2089@mail.com
2090,EMP02090,Male,52.0,13.0,Manager,,600000,
2091,EMP02091,Male,60.0,16.0,Analyst,2023-01-15,500000,emp2091@mail.com
2092,EMP02092,Male,53.0,14.0,Engineer,2025-07-01,800000,emp2092@mail.com
2093,EMP02093,Female,29.0,7.0,Intern,,500000,
2094,EMP02094,Male,24.0,11.0,Analyst,2025-07-01,600000,emp2094@mail.com
2095,EMP02095,Male,40.0,5.0,Manager,2025-07-01,500000,
2096,EMP02096,Male,40.0,99.0,Intern,2025-07-01,350000,emp2096@mail.com
2097,EMP02097,Male,48.0,9.0,QA,,500000,
2098,EMP02098,Unknow,32.0,4.0,Intern,,600000,
2099,EMP02099,Female,36.0,,Intern,,600000,
2100,EMP02100,Female,20.0,,QA,2023-01-15,600000,
2101,EMP02101,Male,37.0,13.0,Intern,,500000,
2102,EMP02102,Male,59.0,1.0,Intern,2023-01-15,800000,emp2102@mail.com
2103,EMP02103,Unknow,60.0,4.0,Analyst,2023-01-15,350000,
2104,EMP02104,Male,33.0,15.0,Engineer,2025-07-01,800000,
2105,EMP02105,Male,32.0,99.0,Engineer,,600000,
2106,EMP02106,Male,27.0,14.0,HR,,600000,
2107,EMP02107,Female,28.0,14.0,QA,2023-01-15,600000,
2108,EMP02108,Male,44.0,15.0,Analyst,,500000,
2109,EMP02109,Female,20.0,8.0,QA,,500000,emp2109@mail.com
2110,EMP02110,Male,58.0,6.0,Intern,,600000,
2111,EMP02111,Male,50.0,13.0,QA,,800000,
2112,EMP02112,Female,44.0,,QA,,600000,
2113,EMP02113,Unknow,60.0,11.0,Analyst,2023-01-15,600000,
2114,EMP02114,Male,41.0,9.0,HR,2023-01-15,800000,
2115,EMP02115,Male,35.0,6.0,Manager,,500000,
2116,EMP02116,Male,28.0,19.0,HR,,600000,emp2116@mail.com
2117,EMP02117,Female,40.0,9.0,HR,,600000,emp2117@mail.com
2118,EMP02118,Female,56.0,99.0,HR,2023-01-15,500000,
2119,EMP02119,Female,32.0,1.0,Intern,2023-01-15,800000,
2120,EMP02120,Male,40.0,14.0,Analyst,,800000,emp2120@mail.com
2121,EMP02121,Female,28.0,18.0,HR,,800000,
2122,EMP02122,Male,40.0,6.0,Intern,,600000,
2123,EMP02123,Female,54.0,19.0,QA,,500000,
2124,EMP02124,Male,34.0,9.0,Intern,2023-01-15,800000,
2125,EMP02125,Male,22.0,11.0,HR,,350000,
2126,EMP02126,Female,47.0,7.0,Manager,2023-01-15,600000,emp2126@mail.com
2127,EMP02127,Male,55.0,6.0,HR,,600000,emp2127@mail.com
2128,EMP02128,Male,33.0,14.0,Manager,2023-01-15,500000,emp2128@mail.com
2129,EMP02129,Female,57.0,5.0,QA,,350000,
2130,EMP02130,Female,43.0,16.0,Engineer,2025-07-01,350000,
2131,EMP02131,Unknow,60.0,6.0,HR,2023-01-15,600000,
2132,EMP02132,Male,47.0,20.0,Intern,2023-01-15,500000,
2133,EMP02133,Female,56.0,20.0,Intern,,600000,emp2133@mail.com
2134,EMP02134,Female,51.0,1.0,Intern,2025-07-01,600000,
2135,EMP02135,Unknow,41.0,7.0,Manager,,800000,emp2135@mail.com
2136,EMP02136,Female,59.0,,QA,,600000,emp2136@mail.com
2137,EMP02137,Female,40.0,4.0,Analyst,2023-01-15,600000,
2138,EMP02138,Male,58.0,18.0,Engineer,2025-07-01,500000,emp2138@mail.com
2139,EMP02139,Male,27.0,18.0,Manager,,800000,
2140,EMP02140,Male,37.0,99.0,HR,,500000,emp2140@mail.com
2141,EMP02141,Female,49.0,3.0,HR,,500000,emp2141@mail.com
2142,EMP02142,Female,21.0,19.0,HR,2023-01-15,350000,emp2142@mail.com
2143,EMP02143,Male,33.0,12.0,HR,2023-01-15,600000,
2144,EMP02144,Male,25.0,11.0,Analyst,,800000,emp2144@mail.com
2145,EMP02145,Unknow,35.0,2.0,Engineer,,600000,
2146,EMP02146,Male,23.0,16.0,HR,,600000,
2147,EMP02147,Unknow,27.0,14.0,Engineer,,600000,
2148,EMP02148,Male,38.0,17.0,HR,2025-07-01,600000,
2149,EMP02149,Male,40.0,20.0,QA,,600000,
2150,EMP02150,Male,42.0,15.0,Engineer,,500000,
2151,EMP02151,Unknow,26.0,13.0,QA,2025-07-01,500000,
2152,EMP02152,Male,31.0,8.0,Intern,2023-01-15,500000,
2153,EMP02153,Female,21.0,16.0,Manager,,600000,
2154,EMP02154,Female,39.0,16.0,Analyst,2025-07-01,800000,
2155,EMP02155,Male,42.0,8.0,Intern,2025-07-01,350000,emp2155@mail.com
2156,EMP02156,Female,25.0,1.0,QA,,500000,emp2156@mail.com
2157,EMP02157,Male,57.0,99.0,Engineer,,350000,
2158,EMP02158,Male,36.0,9.0,Engineer,,600000,
2159,EMP02159,Female,21.0,9.0,HR,,500000,emp2159@mail.com
2160,EMP02160,Female,41.0,4.0,Analyst,2023-01-15,600000,
2161,EMP02161,Female,31.0,2.0,HR,2025-07-01,500000,
2162,EMP02162,Female,37.0,9.0,Engineer,2025-07-01,500000,
2163,EMP02163,Male,58.0,19.0,HR,,600000,
2164,EMP02164,Female,52.0,13.0,Manager,2025-07-01,500000,emp2164@mail.com
2165,EMP02165,Unknow,21.0,99.0,Intern,,500000,emp2165@mail.com
2166,EMP02166,Female,27.0,18.0,Manager,,800000,
2167,EMP02167,Female,55.0,13.0,Manager,2023-01-15,350000,emp2167@mail.com
2168,EMP02168,Male,20.0,8.0,Manager,2025-07-01,350000,
2169,EMP02169,Unknow,44.0,14.0,Analyst,,350000,
2170,EMP02170,Male,45.0,9.0,Engineer,,600000,emp2170@mail.com
2171,EMP02171,Unknow,45.0,8.0,Intern,2023-01-15,800000,
2172,EMP02172,Female,40.0,3.0,Manager,,600000,
2173,EMP02173,Female,30.0,8.0,Engineer,2025-07-01,800000,
2174,EMP02174,Female,55.0,13.0,Manager,2023-01-15,800000,
2175,EMP02175,Male,27.0,2.0,Manager,,600000,
2176,EMP02176,Unknow,50.0,16.0,QA,2023-01-15,350000,
2177,EMP02177,Male,38.0,5.0,Manager,,800000,
2178,EMP02178,Female,58.0,18.0,Engineer,,600000,emp2178@mail.com
2179,EMP02179,Male,24.0,16.0,HR,,800000,
2180,EMP02180,Female,49.0,3.0,Manager,2023-01-15,500000,
2181,EMP02181,Male,53.0,2.0,QA,,350000,
2182,EMP02182,Male,28.0,18.0,HR,,350000,
2183,EMP02183,Unknow,40.0,13.0,Analyst,2023-01-15,500000,
2184,EMP02184,Female,30.0,13.0,Intern,2025-07-01,500000,
2185,EMP02185,Male,33.0,7.0,Engineer,,500000,
2186,EMP02186,Male,29.0,99.0,Engineer,,500000,
2187,EMP02187,Male,35.0,15.0,Intern,,500000,
2188,EMP02188,Male,47.0,14.0,Engineer,,800000,emp2188@mail.com
2189,EMP02189,Male,25.0,16.0,Analyst,,600000,
2190,EMP02190,Male,39.0,16.0,Engineer,,600000,
2191,EMP02191,Female,54.0,14.0,QA,2025-07-01,600000,emp2191@mail.com
2192,EMP02192,Male,30.0,6.0,Engineer,,500000,
2193,EMP02193,Male,44.0,4.0,QA,,500000,emp2193@mail.com
2194,EMP02194,Male,50.0,16.0,Intern,,800000,
2195,EMP02195,Male,33.0,9.0,Analyst,,600000,
2196,EMP02196,Male,38.0,9.0,Analyst,,500000,
2197,EMP02197,Female,34.0,2.0,Manager,,500000,
2198,EMP02198,Female,35.0,2.0,QA,,800000,
2199,EMP02199,Male,46.0,99.0,Intern,2025-07-01,500000,emp2199@mail.com
2200,EMP02200,Female,21.0,7.0,QA,,500000,
2201,EMP02201,Female,40.0,13.0,HR,,500000,
2202,EMP02202,Female,42.0,16.0,Manager,,600000,
2203,EMP02203,Female,52.0,18.0,Engineer,,600000,
2204,EMP02204,Unknow,52.0,7.0,Engineer,,800000,
2205,EMP02205,Male,48.0,13.0,Intern,,500000,
2206,EMP02206,Male,43.0,,QA,,600000,
2207,EMP02207,Female,36.0,7.0,HR,,350000,
2208,EMP02208,Male,29.0,19.0,HR,2025-07-01,500000,emp2208@mail.com
2209,EMP02209,Female,57.0,13.0,QA,2023-01-15,500000,
2210,EMP02210,Male,42.0,10.0,Engineer,,600000,
2211,EMP02211,Male,37.0,,Analyst,,600000,
2212,EMP02212,Male,38.0,4.0,Engineer,,350000,
2213,EMP02213,Unknow,51.0,19.0,QA,,600000,
2214,EMP02214,Male,22.0,19.0,QA,,600000,
2215,EMP02215,Unknow,60.0,20.0,Manager,2025-07-01,800000,emp2215@mail.com
2216,EMP02216,Male,20.0,9.0,Intern,2025-07-01,600000,
2217,EMP02217,Male,22.0,1.0,Engineer,,600000,
2218,EMP02218,Male,40.0,13.0,Intern,,600000,
2219,EMP02219,Male,40.0,18.0,QA,,600000,
2220,EMP02220,Female,40.0,4.0,Engineer,2023-01-15,600000,
2221,EMP02221,Female,39.0,10.0,Analyst,2025-07-01,600000,
2222,EMP02222,Male,58.0,12.0,Engineer,2023-01-15,600000,emp2222@mail.com
2223,EMP02223,Male,24.0,11.0,HR,,500000,
2224,EMP02224,Male,43.0,6.0,HR,2025-07-01,350000,emp2224@mail.com
2225,EMP02225,Female,21.0,20.0,QA,2023-01-15,600000,
2226,EMP02226,Female,31.0,3.0,Engineer,2023-01-15,600000,
2227,EMP02227,Unknow,55.0,2.0,HR,,500000,
2228,EMP02228,Male,29.0,16.0,Analyst,,500000,
2229,EMP02229,Female,47.0,17.0,Engineer,2025-07-01,350000,
2230,EMP02230,Female,44.0,18.0,HR,,350000,
2231,EMP02231,Male,24.0,15.0,QA,,500000,
2232,EMP02232,Female,40.0,,QA,,600000,
2233,EMP02233,Male,26.0,12.0,Intern,,350000,
2234,EMP02234,Male,30.0,17.0,Engineer,2023-01-15,600000,
2235,EMP02235,Male,52.0,1.0,Intern,2023-01-15,600000,
2236,EMP02236,Female,32.0,10.0,Engineer,2023-01-15,600000,
2237,EMP02237,Male,55.0,7.0,Intern,2025-07-01,500000,
2238,EMP02238,Male,58.0,5.0,QA,2023-01-15,350000,
2239,EMP02239,Male,27.0,8.0,HR,2025-07-01,500000,
2240,EMP02240,Unknow,32.0,14.0,Engineer,,800000,
2241,EMP02241,Female,36.0,8.0,Analyst,,800000,
2242,EMP02242,Unknow,40.0,3.0,Manager,2023-01-15,600000,
2243,EMP02243,Unknow,35.0,18.0,QA,,600000,
2244,EMP02244,Female,46.0,10.0,Manager,2023-01-15,600000,
2245,EMP02245,Male,49.0,12.0,Engineer,,500000,
2246,EMP02246,Female,56.0,1.0,QA,,600000,
2247,EMP02247,Male,33.0,5.0,Engineer,,500000,
2248,EMP02248,Male,23.0,11.0,Analyst,2025-07-01,350000,
2249,EMP02249,Male,28.0,8.0,Engineer,,800000,emp2249@mail.com
2250,EMP02250,Male,51.0,12.0,Intern,,600000,
2251,EMP02251,Unknow,34.0,20.0,Manager,2025-07-01,600000,emp2251@mail.com
2252,EMP02252,Female,42.0,,QA,,600000,
2253,EMP02253,Male,20.0,99.0,Analyst,2023-01-15,500000,
2254,EMP02254,Female,47.0,20.0,Analyst,,800000,
2255,EMP02255,Female,49.0,4.0,Engineer,,600000,
2256,EMP02256,Male,57.0,,HR,,600000,emp2256@mail.com
2257,EMP02257,Male,30.0,7.0,Intern,,350000,
2258,EMP02258,Male,57.0,15.0,QA,,600000,
2259,EMP02259,Male,57.0,16.0,HR,,800000,
2260,EMP02260,Unknow,51.0,6.0,Intern,2025-07-01,600000,
2261,EMP02261,Male,58.0,4.0,Engineer,2023-01-15,800000,
2262,EMP02262,Male,27.0,1.0,Analyst,,600000,
2263,EMP02263,Male,28.0,9.0,QA,,500000,emp2263@mail.com
2264,EMP02264,Male,52.0,5.0,Manager,2025-07-01,800000,emp2264@mail.com
2265,EMP02265,Male,32.0,8.0,Manager,,800000,
2266,EMP02266,Male,33.0,17.0,Intern,2025-07-01,800000,
2267,EMP02267,Male,28.0,11.0,HR,,500000,
2268,EMP02268,Female,41.0,,Intern,2025-07-01,600000,
2269,EMP02269,Male,45.0,11.0,HR,2023-01-15,500000,
2270,EMP02270,Male,49.0,99.0,Manager,,500000,
2271,EMP02271,Male,40.0,6.0,HR,,600000,
2272,EMP02272,Male,36.0,17.0,Analyst,2023-01-15,600000,
2273,EMP02273,Male,37.0,6.0,Engineer,,600000,
2274,EMP02274,Male,36.0,6.0,Engineer,,350000,
2275,EMP02275,Unknow,44.0,19.0,Engineer,2023-01-15,600000,emp2275@mail.com
2276,EMP02276,Male,32.0,5.0,HR,,500000,
2277,EMP02277,Female,55.0,12.0,Analyst,,600000,
2278,EMP02278,Male,27.0,8.0,Manager,,800000,emp2278@mail.com
2279,EMP02279,Unknow,23.0,17.0,Manager,,800000,
2280,EMP02280,Female,53.0,12.0,Engineer,,600000,
2281,EMP02281,Female,53.0,99.0,Manager,,800000,emp2281@mail.com
2282,EMP02282,Male,40.0,7.0,QA,2025-07-01,500000,
2283,EMP02283,Male,24.0,14.0,Manager,2025-07-01,600000,emp2283@mail.com
2284,EMP02284,Male,58.0,5.0,Intern,2025-07-01,500000,
2285,EMP02285,Male,33.0,17.0,Intern,2025-07-01,500000,
2286,EMP02286,Male,60.0,9.0,HR,,500000,emp2286@mail.com
2287,EMP02287,Male,48.0,99.0,Engineer,,500000,
2288,EMP02288,Male,40.0,10.0,Intern,2023-01-15,600000,
2289,EMP02289,Female,54.0,8.0,Manager,2025-07-01,800000,
2290,EMP02290,Unknow,56.0,12.0,HR,2025-07-01,600000,emp2290@mail.com
2291,EMP02291,Male,39.0,4.0,Analyst,,600000,
2292,EMP02292,Male,38.0,11.0,Analyst,,350000,
2293,EMP02293,Male,21.0,18.0,Engineer,2023-01-15,350000,
2294,EMP02294,Male,54.0,8.0,QA,2023-01-15,500000,
2295,EMP02295,Male,44.0,20.0,QA,,800000,
2296,EMP02296,Unknow,37.0,15.0,Engineer,,350000,
2297,EMP02297,Male,53.0,8.0,Engineer,,500000,
2298,EMP02298,Male,39.0,11.0,Intern,2023-01-15,500000,
2299,EMP02299,Male,22.0,7.0,Engineer,,800000,
2300,EMP02300,Male,60.0,1.0,Analyst,2023-01-15,500000,
2301,EMP02301,Male,60.0,12.0,Manager,,800000,emp2301@mail.com
2302,EMP02302,Female,20.0,18.0,Manager,,350000,emp2302@mail.com
2303,EMP02303,Unknow,40.0,99.0,QA,,500000,
2304,EMP02304,Female,34.0,18.0,Intern,,600000,
2305,EMP02305,Unknow,20.0,7.0,HR,,500000,emp2305@mail.com
2306,EMP02306,Unknow,23.0,1.0,Analyst,2023-01-15,600000,
2307,EMP02307,Female,44.0,18.0,QA,,800000,
2308,EMP02308,Male,36.0,1.0,Intern,,600000,
2309,EMP02309,Male,50.0,19.0,QA,,600000,emp2309@mail.com
2310,EMP02310,Female,48.0,1.0,Engineer,2025-07-01,500000,
2311,EMP02311,Male,20.0,,Manager,2025-07-01,600000,
2312,EMP02312,Male,58.0,9.0,QA,2023-01-15,500000,
2313,EMP02313,Unknow,23.0,11.0,HR,,500000,
2314,EMP02314,Male,38.0,3.0,QA,,600000,
2315,EMP02315,Female,56.0,14.0,Analyst,,600000,
2316,EMP02316,Unknow,49.0,4.0,Intern,2025-07-01,500000,
2317,EMP02317,Male,28.0,99.0,Analyst,,500000,
2318,EMP02318,Female,37.0,10.0,Intern,,500000,emp2318@mail.com
2319,EMP02319,Unknow,43.0,18.0,HR,,600000,emp2319@mail.com
2320,EMP02320,Unknow,43.0,99.0,QA,2023-01-15,600000,
2321,EMP02321,Unknow,34.0,99.0,HR,2023-01-15,500000,
2322,EMP02322,Male,36.0,16.0,Analyst,,600000,
2323,EMP02323,Male,52.0,4.0,Analyst,,600000,
2324,EMP02324,Female,34.0,8.0,Manager,,500000,
2325,EMP02325,Female,43.0,8.0,HR,2025-07-01,600000,
2326,EMP02326,Female,30.0,12.0,Engineer,2023-01-15,600000,emp2326@mail.com
2327,EMP02327,Male,26.0,12.0,Intern,,500000,
2328,EMP02328,Female,47.0,15.0,Analyst,,600000,
2329,EMP02329,Male,34.0,8.0,HR,,500000,
2330,EMP02330,Male,40.0,9.0,Intern,,600000,emp2330@mail.com
2331,EMP02331,Male,39.0,2.0,HR,2023-01-15,500000,
2332,EMP02332,Male,40.0,7.0,Manager,2023-01-15,500000,
2333,EMP02333,Male,60.0,4.0,Engineer,,500000,
2334,EMP02334,Unknow,40.0,18.0,HR,,600000,emp2334@mail.com
2335,EMP02335,Male,50.0,3.0,Analyst,2025-07-01,600000,
2336,EMP02336,Male,31.0,15.0,Intern,,500000,
2337,EMP02337,Female,60.0,7.0,QA,2025-07-01,800000,
2338,EMP02338,Male,40.0,1.0,Analyst,,600000,
2339,EMP02339,Unknow,26.0,2.0,QA,,600000,
2340,EMP02340,Female,40.0,6.0,Engineer,2023-01-15,600000,emp2340@mail.com
2341,EMP02341,Female,24.0,5.0,QA,2023-01-15,500000,
2342,EMP02342,Unknow,29.0,11.0,QA,2023-01-15,500000,
2343,EMP02343,Male,44.0,3.0,Engineer,2023-01-15,500000,
2344,EMP02344,Female,43.0,11.0,QA,,600000,
2345,EMP02345,Male,50.0,3.0,QA,,600000,
2346,EMP02346,Unknow,39.0,14.0,Analyst,2025-07-01,500000,
2347,EMP02347,Unknow,25.0,18.0,Manager,2025-07-01,600000,emp2347@mail.com
2348,EMP02348,Female,50.0,4.0,HR,,600000,
2349,EMP02349,Female,39.0,17.0,QA,2023-01-15,350000,
2350,EMP02350,Male,40.0,7.0,Engineer,,600000,
2351,EMP02351,Male,29.0,8.0,Engineer,,800000,
2352,EMP02352,Male,41.0,6.0,Analyst,2025-07-01,350000,
2353,EMP02353,Female,51.0,2.0,Manager,,600000,
2354,EMP02354,Female,24.0,1.0,Intern,2023-01-15,600000,
2355,EMP02355,Unknow,60.0,5.0,Engineer,,500000,emp2355@mail.com
2356,EMP02356,Female,60.0,6.0,QA,,800000,emp2356@mail.com
2357,EMP02357,Male,40.0,11.0,QA,,500000,
2358,EMP02358,Female,40.0,4.0,Manager,,350000,
2359,EMP02359,Male,39.0,14.0,Analyst,,500000,
2360,EMP02360,Female,23.0,14.0,Engineer,,600000,emp2360@mail.com
2361,EMP02361,Female,22.0,18.0,Analyst,,600000,
2362,EMP02362,Female,60.0,,Analyst,,600000,
2363,EMP02363,Male,50.0,6.0,Engineer,,600000,
2364,EMP02364,Female,20.0,16.0,Analyst,2025-07-01,600000,
2365,EMP02365,Female,56.0,9.0,Manager,2025-07-01,350000,
2366,EMP02366,Unknow,50.0,7.0,HR,,500000,
2367,EMP02367,Male,31.0,4.0,Intern,,350000,
2368,EMP02368,Unknow,26.0,18.0,Analyst,2023-01-15,350000,
2369,EMP02369,Female,41.0,12.0,Intern,,800000,
2370,EMP02370,Female,50.0,8.0,Engineer,,800000,
2371,EMP02371,Male,55.0,11.0,Intern,,800000,
2372,EMP02372,Female,55.0,17.0,Engineer,,800000,emp2372@mail.com
2373,EMP02373,Female,45.0,20.0,QA,2023-01-15,600000,
2374,EMP02374,Male,50.0,5.0,HR,,500000,
2375,EMP02375,Male,29.0,12.0,QA,2025-07-01,350000,
2376,EMP02376,Male,40.0,18.0,Manager,2023-01-15,350000,
2377,EMP02377,Male,32.0,15.0,HR,,600000,
2378,EMP02378,Unknow,45.0,1.0,QA,,800000,
2379,EMP02379,Female,40.0,1.0,Intern,,600000,emp2379@mail.com
2380,EMP02380,Male,41.0,2.0,Engineer,,600000,
2381,EMP02381,Male,29.0,18.0,HR,,800000,
2382,EMP02382,Male,32.0,3.0,QA,,600000,
2383,EMP02383,Male,59.0,3.0,Engineer,,800000,
2384,EMP02384,Male,36.0,,HR,,600000,
2385,EMP02385,Female,58.0,19.0,Manager,2025-07-01,350000,
2386,EMP02386,Unknow,51.0,13.0,Analyst,,500000,
2387,EMP02387,Male,37.0,5.0,Analyst,2025-07-01,500000,
2388,EMP02388,Female,21.0,99.0,QA,2025-07-01,500000,
2389,EMP02389,Male,55.0,99.0,Intern,,600000,
2390,EMP02390,Male,50.0,13.0,QA,2025-07-01,500000,
2391,EMP02391,Male,60.0,7.0,Manager,2023-01-15,350000,
2392,EMP02392,Female,26.0,10.0,HR,,600000,emp2392@mail.com
2393,EMP02393,Male,27.0,3.0,Engineer,,600000,emp2393@mail.com
2394,EMP02394,Male,30.0,15.0,Intern,,500000,
2395,EMP02395,Male,26.0,17.0,Intern,2023-01-15,600000,
2396,EMP02396,Female,53.0,11.0,QA,2025-07-01,500000,emp2396@mail.com
2397,EMP02397,Male,34.0,17.0,QA,2023-01-15,600000,
2398,EMP02398,Female,47.0,12.0,Intern,,800000,
2399,EMP02399,Unknow,38.0,2.0,Intern,,500000,
2400,EMP02400,Female,24.0,8.0,Intern,2023-01-15,350000,
2401,EMP02401,Male,40.0,,Analyst,2023-01-15,600000,emp2401@mail.com
2402,EMP02402,Unknow,21.0,20.0,Analyst,,600000,emp2402@mail.com
2403,EMP02403,Male,51.0,5.0,Analyst,2023-01-15,500000,emp2403@mail.com
2404,EMP02404,Male,32.0,6.0,QA,2023-01-15,350000,
2405,EMP02405,Female,40.0,2.0,Engineer,,600000,
2406,EMP02406,Female,29.0,,Analyst,,600000,emp2406@mail.com
2407,EMP02407,Unknow,40.0,14.0,QA,,600000,emp2407@mail.com
2408,EMP02408,Male,54.0,18.0,HR,,350000,
2409,EMP02409,Male,58.0,16.0,Manager,,350000,
2410,EMP02410,Female,50.0,5.0,Engineer,2023-01-15,600000,emp2410@mail.com
2411,EMP02411,Female,31.0,19.0,Analyst,2025-07-01,600000,
2412,EMP02412,Male,40.0,2.0,Engineer,,500000,
2413,EMP02413,Female,52.0,20.0,Engineer,,600000,
2414,EMP02414,Unknow,35.0,5.0,QA,2023-01-15,500000,emp2414@mail.com
2415,EMP02415,Male,56.0,13.0,QA,,500000,
2416,EMP02416,Female,21.0,19.0,Intern,,600000,
2417,EMP02417,Male,23.0,7.0,Manager,2023-01-15,500000,
2418,EMP02418,Female,32.0,99.0,Manager,,500000,
2419,EMP02419,Male,59.0,10.0,Analyst,2025-07-01,600000,
2420,EMP02420,Male,26.0,16.0,QA,,600000,
2421,EMP02421,Male,48.0,,Engineer,,600000,
2422,EMP02422,Unknow,23.0,10.0,Engineer,,600000,
2423,EMP02423,Male,40.0,14.0,Analyst,,500000,emp2423@mail.com
2424,EMP02424,Unknow,46.0,11.0,Manager,,500000,
2425,EMP02425,Female,59.0,8.0,Manager,,500000,
2426,EMP02426,Female,34.0,,Engineer,2025-07-01,600000,
2427,EMP02427,Male,53.0,13.0,Manager,2025-07-01,500000,
2428,EMP02428,Female,35.0,2.0,Manager,,600000,
2429,EMP02429,Female,40.0,13.0,Engineer,2025-07-01,350000,
2430,EMP02430,Male,47.0,17.0,HR,2023-01-15,350000,emp2430@mail.com
2431,EMP02431,Female,40.0,2.0,Manager,,600000,
2432,EMP02432,Unknow,54.0,7.0,QA,,600000,
2433,EMP02433,Male,40.0,8.0,QA,2023-01-15,800000,
2434,EMP02434,Female,39.0,16.0,Engineer,,800000,
2435,EMP02435,Male,32.0,3.0,HR,,500000,
2436,EMP02436,Male,55.0,6.0,QA,2025-07-01,600000,
2437,EMP02437,Female,40.0,2.0,Intern,,600000,
2438,EMP02438,Male,56.0,99.0,Analyst,,500000,
2439,EMP02439,Female,21.0,9.0,Manager,,500000,emp2439@mail.com
2440,EMP02440,Female,43.0,7.0,Intern,,500000,
2441,EMP02441,Male,23.0,5.0,Manager,2023-01-15,350000,
2442,EMP02442,Male,30.0,17.0,Engineer,,500000,
2443,EMP02443,Female,58.0,5.0,Analyst,,500000,emp2443@mail.com
2444,EMP02444,Male,20.0,9.0,Engineer,,350000,
2445,EMP02445,Male,31.0,1.0,Engineer,2023-01-15,350000,
2446,EMP02446,Male,40.0,8.0,HR,,500000,
2447,EMP02447,Male,43.0,3.0,Analyst,,800000,
2448,EMP02448,Female,39.0,2.0,HR,,350000,
2449,EMP02449,Unknow,44.0,18.0,Analyst,2025-07-01,600000,
2450,EMP02450,Female,58.0,15.0,Intern,2023-01-15,500000,emp2450@mail.com
2451,EMP02451,Female,40.0,9.0,Manager,,600000,emp2451@mail.com
2452,EMP02452,Unknow,29.0,1.0,HR,2023-01-15,600000,
2453,EMP02453,Male,46.0,10.0,Intern,2025-07-01,800000,
2454,EMP02454,Unknow,30.0,13.0,Manager,,500000,emp2454@mail.com
2455,EMP02455,Female,20.0,15.0,Intern,2025-07-01,500000,
2456,EMP02456,Male,23.0,1.0,Manager,2025-07-01,600000,
2457,EMP02457,Unknow,58.0,15.0,Intern,,600000,
2458,EMP02458,Male,32.0,18.0,Intern,,600000,emp2458@mail.com
2459,EMP02459,Male,30.0,8.0,Manager,2023-01-15,500000,
2460,EMP02460,Male,38.0,3.0,Intern,,350000,
2461,EMP02461,Male,30.0,8.0,Intern,,800000,
2462,EMP02462,Female,30.0,13.0,HR,,500000,
2463,EMP02463,Male,40.0,11.0,Intern,2025-07-01,600000,emp2463@mail.com
2464,EMP02464,Unknow,28.0,9.0,Manager,2025-07-01,800000,
2465,EMP02465,Female,24.0,16.0,Analyst,,500000,
2466,EMP02466,Male,27.0,15.0,Engineer,,800000,emp2466@mail.com
2467,EMP02467,Male,44.0,8.0,Intern,,350000,emp2467@mail.com
2468,EMP02468,Male,54.0,12.0,Analyst,,500000,emp2468@mail.com
2469,EMP02469,Male,31.0,99.0,QA,,600000,
2470,EMP02470,Male,21.0,11.0,Intern,,350000,
2471,EMP02471,Male,39.0,2.0,HR,,600000,emp2471@mail.com
2472,EMP02472,Male,54.0,19.0,Analyst,,600000,
2473,EMP02473,Male,40.0,10.0,Analyst,2025-07-01,600000,emp2473@mail.com
2474,EMP02474,Unknow,21.0,2.0,Manager,2025-07-01,500000,emp2474@mail.com
2475,EMP02475,Male,46.0,11.0,Intern,,600000,
2476,EMP02476,Unknow,30.0,3.0,Intern,2023-01-15,350000,
2477,EMP02477,Male,55.0,18.0,Intern,,500000,emp2477@mail.com
2478,EMP02478,Male,58.0,16.0,Manager,,800000,
2479,EMP02479,Male,40.0,12.0,Intern,2023-01-15,600000,
2480,EMP02480,Male,40.0,20.0,Intern,,800000,
2481,EMP02481,Male,50.0,,QA,,600000,
2482,EMP02482,Unknow,43.0,14.0,QA,,500000,
2483,EMP02483,Unknow,40.0,16.0,Analyst,,350000,
2484,EMP02484,Female,58.0,18.0,HR,2025-07-01,600000,emp2484@mail.com
2485,EMP02485,Female,20.0,3.0,Manager,,500000,
2486,EMP02486,Male,38.0,18.0,Manager,2023-01-15,600000,emp2486@mail.com
2487,EMP02487,Male,41.0,15.0,Analyst,,800000,
2488,EMP02488,Male,38.0,,Engineer,,600000,
2489,EMP02489,Male,40.0,11.0,Analyst,,500000,
2490,EMP02490,Male,20.0,4.0,QA,2023-01-15,500000,
2491,EMP02491,Unknow,38.0,8.0,Analyst,2025-07-01,500000,
2492,EMP02492,Unknow,30.0,9.0,Engineer,,800000,emp2492@mail.com
2493,EMP02493,Unknow,26.0,15.0,HR,,800000,
2494,EMP02494,Female,50.0,12.0,QA,,600000,emp2494@mail.com
2495,EMP02495,Male,35.0,18.0,Engineer,,600000,
2496,EMP02496,Male,39.0,8.0,QA,,500000,
2497,EMP02497,Male,39.0,17.0,Manager,,600000,emp2497@mail.com
2498,EMP02498,Female,28.0,19.0,HR,2025-07-01,500000,
2499,EMP02499,Female,30.0,19.0,Intern,2023-01-15,600000,
2500,EMP02500,Male,57.0,,QA,,600000,
2501,EMP02501,Male,31.0,6.0,HR,,500000,
2502,EMP02502,Female,41.0,20.0,HR,,600000,
2503,EMP02503,Unknow,48.0,5.0,Manager,,800000,emp2503@mail.com
2504,EMP02504,Unknow,40.0,12.0,Analyst,,500000,
2505,EMP02505,Male,25.0,8.0,Manager,2023-01-15,350000,
2506,EMP02506,Male,56.0,20.0,Intern,,500000,
2507,EMP02507,Male,34.0,15.0,Analyst,2025-07-01,500000,
2508,EMP02508,Male,32.0,17.0,Manager,2025-07-01,600000,
2509,EMP02509,Female,22.0,10.0,HR,2023-01-15,350000,
2510,EMP02510,Male,50.0,3.0,Analyst,,600000,emp2510@mail.com
2511,EMP02511,Male,59.0,18.0,Manager,,600000,
2512,EMP02512,Male,36.0,3.0,Intern,2025-07-01,500000,
2513,EMP02513,Unknow,51.0,13.0,Intern,,500000,emp2513@mail.com
2514,EMP02514,Female,45.0,20.0,Engineer,2025-07-01,800000,
2515,EMP02515,Female,58.0,18.0,Engineer,2023-01-15,600000,
2516,EMP02516,Female,30.0,12.0,Analyst,2025-07-01,500000,
2517,EMP02517,Male,37.0,19.0,Analyst,,600000,emp2517@mail.com
2518,EMP02518,Male,58.0,14.0,Analyst,,800000,
2519,EMP02519,Male,47.0,15.0,QA,,600000,
2520,EMP02520,Female,59.0,13.0,Engineer,,500000,
2521,EMP02521,Male,20.0,4.0,Analyst,,500000,
2522,EMP02522,Male,21.0,9.0,Engineer,2023-01-15,350000,
2523,EMP02523,Male,39.0,12.0,Intern,,600000,
2524,EMP02524,Female,43.0,11.0,HR,,500000,
2525,EMP02525,Female,22.0,5.0,HR,2025-07-01,500000,
2526,EMP02526,Male,23.0,19.0,Engineer,2023-01-15,500000,
2527,EMP02527,Male,53.0,11.0,Engineer,2025-07-01,600000,emp2527@mail.com
2528,EMP02528,Male,24.0,5.0,HR,,500000,emp2528@mail.com
2529,EMP02529,Unknow,40.0,12.0,Engineer,2025-07-01,600000,emp2529@mail.com
2530,EMP02530,Unknow,34.0,13.0,Intern,,500000,
2531,EMP02531,Male,40.0,12.0,Engineer,,600000,emp2531@mail.com
2532,EMP02532,Male,25.0,,Intern,,600000,
2533,EMP02533,Male,57.0,10.0,Manager,,600000,
2534,EMP02534,Male,43.0,10.0,Manager,,800000,
2535,EMP02535,Male,29.0,5.0,Analyst,2025-07-01,350000,emp2535@mail.com
2536,EMP02536,Male,49.0,12.0,HR,2023-01-15,350000,
2537,EMP02537,Unknow,49.0,12.0,HR,,600000,
2538,EMP02538,Unknow,54.0,10.0,Engineer,,600000,
2539,EMP02539,Female,24.0,18.0,Manager,,600000,
2540,EMP02540,Unknow,44.0,3.0,Intern,2023-01-15,800000,emp2540@mail.com
2541,EMP02541,Male,31.0,16.0,Manager,,600000,
2542,EMP02542,Male,36.0,1.0,Manager,,800000,
2543,EMP02543,Male,26.0,19.0,Engineer,,500000,emp2543@mail.com
2544,EMP02544,Male,23.0,10.0,Intern,2025-07-01,500000,emp2544@mail.com
2545,EMP02545,Male,60.0,8.0,Manager,,500000,emp2545@mail.com
2546,EMP02546,Male,30.0,14.0,QA,,600000,
2547,EMP02547,Female,36.0,3.0,Analyst,2023-01-15,600000,
2548,EMP02548,Female,47.0,19.0,Manager,,600000,
2549,EMP02549,Female,35.0,1.0,QA,2025-07-01,800000,
2550,EMP02550,Male,27.0,9.0,HR,,350000,
2551,EMP02551,Unknow,36.0,13.0,Intern,,800000,
2552,EMP02552,Male,25.0,10.0,Analyst,2023-01-15,600000,emp2552@mail.com
2553,EMP02553,Unknow,54.0,2.0,QA,,800000,
2554,EMP02554,Male,46.0,12.0,Analyst,,600000,
2555,EMP02555,Male,59.0,20.0,HR,,600000,
2556,EMP02556,Female,45.0,,HR,,600000,
2557,EMP02557,Female,52.0,10.0,Analyst,,800000,
2558,EMP02558,Male,31.0,3.0,HR,2025-07-01,600000,
2559,EMP02559,Male,43.0,19.0,Intern,2025-07-01,800000,
2560,EMP02560,Male,22.0,16.0,Manager,,600000,
2561,EMP02561,Male,28.0,15.0,QA,,350000,
2562,EMP02562,Male,53.0,16.0,HR,2023-01-15,600000,
2563,EMP02563,Male,20.0,15.0,Engineer,2025-07-01,500000,
2564,EMP02564,Female,44.0,20.0,Analyst,2023-01-15,350000,emp2564@mail.com
2565,EMP02565,Unknow,40.0,2.0,HR,,600000,
2566,EMP02566,Unknow,30.0,8.0,Intern,2023-01-15,500000,
2567,EMP02567,Unknow,26.0,5.0,HR,,500000,
2568,EMP02568,Unknow,27.0,12.0,Intern,,800000,
2569,EMP02569,Unknow,40.0,10.0,Analyst,,600000,
2570,EMP02570,Male,52.0,4.0,Analyst,,600000,
2571,EMP02571,Female,22.0,8.0,HR,,500000,
2572,EMP02572,Male,20.0,10.0,QA,,600000,
2573,EMP02573,Male,23.0,11.0,Intern,,500000,
2574,EMP02574,Male,29.0,5.0,QA,,350000,
2575,EMP02575,Male,31.0,10.0,QA,,600000,
2576,EMP02576,Unknow,29.0,13.0,Analyst,,350000,
2577,EMP02577,Female,41.0,13.0,HR,,500000,
2578,EMP02578,Unknow,25.0,2.0,Engineer,,600000,
2579,EMP02579,Unknow,40.0,4.0,Intern,,600000,
2580,EMP02580,Male,25.0,13.0,Manager,,500000,
2581,EMP02581,Male,48.0,3.0,Engineer,,600000,
2582,EMP02582,Female,50.0,13.0,Intern,,600000,
2583,EMP02583,Female,55.0,6.0,Manager,2023-01-15,600000,
2584,EMP02584,Female,32.0,3.0,QA,,600000,emp2584@mail.com
2585,EMP02585,Male,56.0,6.0,Intern,2025-07-01,350000,
2586,EMP02586,Unknow,37.0,10.0,Manager,,350000,
2587,EMP02587,Male,59.0,17.0,QA,2023-01-15,500000,
2588,EMP02588,Male,26.0,19.0,Analyst,2023-01-15,600000,
2589,EMP02589,Male,46.0,2.0,HR,2025-07-01,600000,
2590,EMP02590,Male,39.0,99.0,Analyst,,600000,
2591,EMP02591,Male,21.0,12.0,HR,,600000,
2592,EMP02592,Male,44.0,2.0,QA,2023-01-15,350000,
2593,EMP02593,Male,20.0,8.0,HR,,350000,emp2593@mail.com
2594,EMP02594,Male,54.0,13.0,Engineer,,600000,
2595,EMP02595,Female,48.0,7.0,Manager,2023-01-15,500000,
2596,EMP02596,Male,34.0,12.0,HR,,600000,emp2596@mail.com
2597,EMP02597,Unknow,24.0,5.0,Analyst,2025-07-01,500000,
2598,EMP02598,Male,33.0,15.0,Manager,2025-07-01,500000,
2599,EMP02599,Male,45.0,99.0,QA,2025-07-01,500000,
2600,EMP02600,Unknow,40.0,99.0,Analyst,,800000,
2601,EMP02601,Male,37.0,14.0,Manager,2023-01-15,500000,
2602,EMP02602,Male,42.0,15.0,Manager,,800000,
2603,EMP02603,Female,53.0,,Manager,2023-01-15,600000,
2604,EMP02604,Female,35.0,7.0,HR,2025-07-01,600000,
2605,EMP02605,Male,46.0,17.0,Engineer,,500000,emp2605@mail.com
2606,EMP02606,Male,39.0,11.0,HR,,350000,
2607,EMP02607,Female,57.0,8.0,Intern,,600000,
2608,EMP02608,Female,42.0,20.0,QA,2025-07-01,600000,
2609,EMP02609,Unknow,32.0,4.0,Engineer,2025-07-01,600000,
2610,EMP02610,Male,34.0,2.0,Analyst,2025-07-01,600000,emp2610@mail.com
2611,EMP02611,Male,34.0,1.0,Intern,2023-01-15,600000,emp2611@mail.com
2612,EMP02612,Unknow,36.0,6.0,Intern,2023-01-15,500000,
2613,EMP02613,Male,45.0,18.0,HR,,350000,
2614,EMP02614,Male,36.0,4.0,QA,,350000,
2615,EMP02615,Female,46.0,7.0,Analyst,2025-07-01,500000,
2616,EMP02616,Female,40.0,17.0,Engineer,2025-07-01,500000,
2617,EMP02617,Unknow,28.0,15.0,Analyst,,600000,
2618,EMP02618,Male,30.0,19.0,Analyst,,500000,emp2618@mail.com
2619,EMP02619,Male,40.0,15.0,HR,2023-01-15,500000,
2620,EMP02620,Female,55.0,18.0,Intern,,800000,
2621,EMP02621,Female,46.0,2.0,Intern,,800000,emp2621@mail.com
2622,EMP02622,Male,20.0,2.0,Analyst,2023-01-15,600000,
2623,EMP02623,Female,51.0,16.0,Analyst,2023-01-15,800000,
2624,EMP02624,Unknow,39.0,20.0,Engineer,,800000,
2625,EMP02625,Unknow,47.0,11.0,HR,,500000,emp2625@mail.com
2626,EMP02626,Female,40.0,99.0,Engineer,,350000,
2627,EMP02627,Male,27.0,17.0,Analyst,2023-01-15,800000,
2628,EMP02628,Male,31.0,8.0,Intern,,500000,
2629,EMP02629,Male,48.0,19.0,QA,,600000,
2630,EMP02630,Unknow,28.0,5.0,Intern,,500000,
2631,EMP02631,Unknow,32.0,9.0,Manager,,500000,
2632,EMP02632,Female,59.0,20.0,Engineer,,350000,
2633,EMP02633,Male,26.0,10.0,Manager,,600000,
2634,EMP02634,Male,33.0,16.0,Analyst,2025-07-01,800000,
2635,EMP02635,Male,50.0,16.0,HR,2025-07-01,350000,
2636,EMP02636,Female,50.0,15.0,QA,2025-07-01,350000,
2637,EMP02637,Female,51.0,1.0,Analyst,,600000,
2638,EMP02638,Female,36.0,6.0,Engineer,2023-01-15,600000,
2639,EMP02639,Male,54.0,7.0,Intern,,500000,emp2639@mail.com
2640,EMP02640,Male,58.0,1.0,Analyst,2025-07-01,800000,
2641,EMP02641,Female,54.0,5.0,HR,2025-07-01,500000,
2642,EMP02642,Female,23.0,2.0,Manager,2023-01-15,500000,
2643,EMP02643,Male,42.0,1.0,Manager,,600000,
2644,EMP02644,Male,40.0,9.0,Intern,,500000,
2645,EMP02645,Male,27.0,11.0,Manager,,500000,
2646,EMP02646,Female,51.0,3.0,Engineer,2023-01-15,600000,
2647,EMP02647,Male,20.0,16.0,Engineer,,600000,
2648,EMP02648,Male,48.0,18.0,Analyst,2025-07-01,600000,
2649,EMP02649,Male,49.0,12.0,Analyst,2025-07-01,600000,
2650,EMP02650,Male,43.0,5.0,HR,2025-07-01,500000,
2651,EMP02651,Female,22.0,9.0,Analyst,,500000,
2652,EMP02652,Male,25.0,8.0,Engineer,2023-01-15,500000,
2653,EMP02653,Male,48.0,18.0,QA,2023-01-15,600000,
2654,EMP02654,Unknow,29.0,20.0,Manager,2025-07-01,500000,
2655,EMP02655,Male,44.0,14.0,Manager,,800000,
2656,EMP02656,Male,28.0,99.0,HR,2025-07-01,500000,
2657,EMP02657,Male,43.0,19.0,Analyst,2025-07-01,600000,
2658,EMP02658,Female,46.0,99.0,HR,,800000,emp2658@mail.com
2659,EMP02659,Unknow,23.0,99.0,Analyst,2025-07-01,500000,
2660,EMP02660,Male,49.0,17.0,HR,2025-07-01,350000,
2661,EMP02661,Female,43.0,15.0,Analyst,2023-01-15,500000,
2662,EMP02662,Female,37.0,10.0,HR,2025-07-01,600000,emp2662@mail.com
2663,EMP02663,Unknow,54.0,14.0,Engineer,,600000,
2664,EMP02664,Unknow,44.0,13.0,Analyst,,800000,emp2664@mail.com
2665,EMP02665,Male,20.0,6.0,QA,,800000,emp2665@mail.com
2666,EMP02666,Female,31.0,16.0,HR,,600000,emp2666@mail.com
2667,EMP02667,Male,47.0,14.0,Analyst,,600000,
2668,EMP02668,Male,54.0,1.0,Intern,,600000,
2669,EMP02669,Female,47.0,16.0,Manager,2025-07-01,600000,
2670,EMP02670,Male,30.0,18.0,Intern,,600000,
2671,EMP02671,Female,27.0,10.0,QA,2025-07-01,500000,emp2671@mail.com
2672,EMP02672,Unknow,52.0,19.0,Analyst,,600000,
2673,EMP02673,Female,31.0,16.0,Intern,2023-01-15,800000,
2674,EMP02674,Female,30.0,,Intern,,600000,emp2674@mail.com
2675,EMP02675,Male,53.0,2.0,Intern,,800000,
2676,EMP02676,Female,26.0,4.0,QA,,600000,
2677,EMP02677,Unknow,41.0,12.0,Analyst,2023-01-15,350000,
2678,EMP02678,Male,50.0,13.0,HR,2025-07-01,800000,
2679,EMP02679,Male,45.0,18.0,HR,,600000,
2680,EMP02680,Male,31.0,12.0,QA,2023-01-15,350000,
2681,EMP02681,Male,45.0,17.0,Manager,2023-01-15,600000,
2682,EMP02682,Female,50.0,99.0,Engineer,2023-01-15,500000,
2683,EMP02683,Female,47.0,99.0,QA,,600000,
2684,EMP02684,Female,23.0,5.0,Intern,2025-07-01,500000,
2685,EMP02685,Unknow,45.0,8.0,HR,,500000,
2686,EMP02686,Male,37.0,10.0,Analyst,2025-07-01,600000,
2687,EMP02687,Male,34.0,99.0,HR,,500000,
2688,EMP02688,Female,41.0,1.0,QA,2025-07-01,600000,
2689,EMP02689,Female,49.0,2.0,Intern,2023-01-15,500000,
2690,EMP02690,Male,54.0,18.0,Manager,2023-01-15,600000,
2691,EMP02691,Unknow,27.0,10.0,QA,2023-01-15,600000,
2692,EMP02692,Male,28.0,10.0,Manager,2023-01-15,500000,
2693,EMP02693,Female,33.0,5.0,HR,2023-01-15,500000,
2694,EMP02694,Male,58.0,18.0,Intern,,600000,
2695,EMP02695,Female,25.0,99.0,Manager,,350000,
2696,EMP02696,Unknow,58.0,10.0,Manager,2023-01-15,600000,
2697,EMP02697,Male,44.0,6.0,Analyst,,600000,emp2697@mail.com
2698,EMP02698,Female,30.0,5.0,Manager,2025-07-01,350000,
2699,EMP02699,Male,40.0,99.0,Engineer,,600000,
2700,EMP02700,Female,53.0,6.0,Intern,2023-01-15,350000,emp2700@mail.com
2701,EMP02701,Male,35.0,99.0,Manager,2023-01-15,800000,
2702,EMP02702,Female,40.0,5.0,QA,,500000,
2703,EMP02703,Female,40.0,18.0,QA,,350000,
2704,EMP02704,Male,52.0,8.0,HR,2025-07-01,800000,emp2704@mail.com
2705,EMP02705,Male,37.0,19.0,Intern,,500000,
2706,EMP02706,Female,35.0,99.0,HR,2023-01-15,500000,
2707,EMP02707,Male,33.0,11.0,QA,2025-07-01,500000,emp2707@mail.com
2708,EMP02708,Male,49.0,8.0,QA,,500000,emp2708@mail.com
2709,EMP02709,Female,24.0,18.0,Analyst,,800000,emp2709@mail.com
2710,EMP02710,Male,37.0,6.0,Engineer,,800000,
2711,EMP02711,Male,39.0,8.0,HR,,500000,
2712,EMP02712,Male,42.0,1.0,QA,2025-07-01,600000,
2713,EMP02713,Male,46.0,20.0,QA,,350000,
2714,EMP02714,Unknow,39.0,14.0,Intern,2023-01-15,600000,emp2714@mail.com
2715,EMP02715,Male,27.0,16.0,Manager,,600000,emp2715@mail.com
2716,EMP02716,Male,40.0,,Analyst,2023-01-15,600000,
2717,EMP02717,Female,51.0,10.0,Intern,2023-01-15,600000,
2718,EMP02718,Male,40.0,8.0,QA,2023-01-15,800000,emp2718@mail.com
2719,EMP02719,Male,39.0,99.0,HR,,500000,
2720,EMP02720,Male,40.0,7.0,HR,2023-01-15,500000,
2721,EMP02721,Male,20.0,8.0,Manager,2025-07-01,500000,
2722,EMP02722,Male,30.0,18.0,Analyst,,600000,
2723,EMP02723,Male,55.0,14.0,HR,2025-07-01,500000,
2724,EMP02724,Female,51.0,1.0,HR,2023-01-15,600000,
2725,EMP02725,Male,59.0,5.0,Manager,2023-01-15,500000,
2726,EMP02726,Female,33.0,5.0,Manager,,500000,
2727,EMP02727,Male,38.0,12.0,HR,,350000,
2728,EMP02728,Female,43.0,20.0,Engineer,2023-01-15,500000,
2729,EMP02729,Female,23.0,15.0,Intern,2025-07-01,800000,
2730,EMP02730,Male,46.0,7.0,Engineer,,500000,
2731,EMP02731,Male,58.0,13.0,Intern,,800000,
2732,EMP02732,Male,25.0,19.0,Intern,,600000,
2733,EMP02733,Female,40.0,19.0,HR,2023-01-15,350000,
2734,EMP02734,Female,33.0,12.0,Engineer,,600000,
2735,EMP02735,Male,32.0,99.0,QA,,800000,
2736,EMP02736,Unknow,24.0,12.0,Manager,,350000,emp2736@mail.com
2737,EMP02737,Male,26.0,16.0,Intern,2023-01-15,800000,
2738,EMP02738,Female,56.0,1.0,Analyst,,350000,
2739,EMP02739,Female,32.0,11.0,Intern,,800000,
2740,EMP02740,Male,56.0,11.0,Engineer,,500000,
2741,EMP02741,Male,42.0,20.0,Analyst,,600000,emp2741@mail.com
2742,EMP02742,Female,31.0,5.0,Analyst,2025-07-01,500000,
2743,EMP02743,Unknow,45.0,19.0,Manager,,600000,
2744,EMP02744,Male,32.0,14.0,QA,2025-07-01,800000,
2745,EMP02745,Female,33.0,1.0,Intern,2023-01-15,600000,
2746,EMP02746,Female,36.0,6.0,Manager,2025-07-01,600000,
2747,EMP02747,Male,53.0,9.0,Manager,,600000,
2748,EMP02748,Unknow,43.0,6.0,Manager,2023-01-15,350000,
2749,EMP02749,Unknow,56.0,20.0,Manager,2025-07-01,600000,emp2749@mail.com
2750,EMP02750,Male,56.0,5.0,Engineer,,350000,
2751,EMP02751,Male,24.0,11.0,Analyst,2023-01-15,600000,
2752,EMP02752,Male,37.0,,HR,2023-01-15,600000,emp2752@mail.com
2753,EMP02753,Male,54.0,6.0,Engineer,,350000,
2754,EMP02754,Male,50.0,8.0,Engineer,2023-01-15,600000,
2755,EMP02755,Female,52.0,8.0,QA,2023-01-15,350000,
2756,EMP02756,Male,40.0,8.0,Engineer,,600000,
2757,EMP02757,Male,51.0,17.0,Analyst,,800000,
2758,EMP02758,Unknow,48.0,14.0,Engineer,,600000,
2759,EMP02759,Male,45.0,18.0,Analyst,2025-07-01,500000,
2760,EMP02760,Male,32.0,14.0,Analyst,,800000,
2761,EMP02761,Male,45.0,14.0,Intern,,600000,
2762,EMP02762,Male,32.0,2.0,Intern,2023-01-15,600000,emp2762@mail.com
2763,EMP02763,Female,47.0,6.0,Analyst,,500000,
2764,EMP02764,Unknow,23.0,12.0,Engineer,2023-01-15,600000,emp2764@mail.com
2765,EMP02765,Male,41.0,18.0,QA,,600000,
2766,EMP02766,Unknow,52.0,11.0,Analyst,,500000,
2767,EMP02767,Female,34.0,11.0,Analyst,,500000,emp2767@mail.com
2768,EMP02768,Male,31.0,13.0,Manager,,800000,
2769,EMP02769,Female,29.0,2.0,Analyst,,500000,emp2769@mail.com
2770,EMP02770,Female,26.0,99.0,Engineer,2025-07-01,500000,emp2770@mail.com
2771,EMP02771,Male,46.0,2.0,Analyst,,600000,
2772,EMP02772,Female,42.0,15.0,Analyst,2025-07-01,600000,
2773,EMP02773,Unknow,55.0,3.0,QA,2025-07-01,600000,
2774,EMP02774,Male,39.0,17.0,Analyst,,800000,
2775,EMP02775,Female,35.0,11.0,QA,,600000,
2776,EMP02776,Male,52.0,14.0,Manager,,800000,
2777,EMP02777,Female,30.0,4.0,Engineer,,500000,emp2777@mail.com
2778,EMP02778,Female,47.0,5.0,QA,,500000,
2779,EMP02779,Male,36.0,20.0,Intern,2025-07-01,600000,
2780,EMP02780,Male,42.0,15.0,HR,2025-07-01,800000,emp2780@mail.com
2781,EMP02781,Male,58.0,17.0,Intern,,350000,
2782,EMP02782,Male,47.0,18.0,Intern,,600000,
2783,EMP02783,Male,49.0,13.0,Manager,,350000,emp2783@mail.com
2784,EMP02784,Unknow,58.0,5.0,Intern,,500000,
2785,EMP02785,Female,40.0,12.0,QA,2023-01-15,600000,emp2785@mail.com
2786,EMP02786,Female,21.0,4.0,Manager,2025-07-01,600000,
2787,EMP02787,Male,36.0,13.0,Analyst,,800000,
2788,EMP02788,Unknow,25.0,4.0,Manager,,600000,
2789,EMP02789,Female,28.0,10.0,Analyst,,600000,emp2789@mail.com
2790,EMP02790,Male,42.0,6.0,Engineer,,600000,
2791,EMP02791,Female,20.0,11.0,Intern,,500000,
2792,EMP02792,Unknow,30.0,12.0,Engineer,,600000,emp2792@mail.com
2793,EMP02793,Male,29.0,17.0,Manager,,800000,
2794,EMP02794,Male,43.0,6.0,Manager,,500000,
2795,EMP02795,Male,41.0,10.0,QA,,600000,emp2795@mail.com
2796,EMP02796,Unknow,41.0,19.0,Intern,2025-07-01,600000,
2797,EMP02797,Male,25.0,,Engineer,,600000,
2798,EMP02798,Male,57.0,3.0,Engineer,,600000,
2799,EMP02799,Male,40.0,2.0,Engineer,2025-07-01,800000,
2800,EMP02800,Female,45.0,16.0,Intern,,600000,
2801,EMP02801,Unknow,41.0,6.0,Engineer,,800000,emp2801@mail.com
2802,EMP02802,Female,45.0,12.0,Intern,2025-07-01,350000,
2803,EMP02803,Female,42.0,11.0,QA,,600000,
2804,EMP02804,Female,55.0,18.0,Manager,,600000,
2805,EMP02805,Male,33.0,11.0,QA,,600000,
2806,EMP02806,Male,25.0,16.0,QA,,600000,
2807,EMP02807,Male,41.0,10.0,Intern,2025-07-01,600000,
2808,EMP02808,Unknow,55.0,17.0,Intern,,600000,
2809,EMP02809,Male,58.0,19.0,Analyst,,600000,
2810,EMP02810,Male,52.0,3.0,Manager,,800000,
2811,EMP02811,Male,22.0,18.0,HR,,600000,
2812,EMP02812,Male,40.0,99.0,QA,,500000,
2813,EMP02813,Male,21.0,99.0,Analyst,2023-01-15,500000,
2814,EMP02814,Female,26.0,11.0,QA,2023-01-15,600000,
2815,EMP02815,Male,41.0,12.0,Intern,2025-07-01,600000,
2816,EMP02816,Male,55.0,9.0,Analyst,,800000,
2817,EMP02817,Male,31.0,18.0,Manager,2025-07-01,500000,
2818,EMP02818,Unknow,27.0,12.0,Engineer,,800000,
2819,EMP02819,Male,43.0,9.0,Intern,2025-07-01,500000,
2820,EMP02820,Unknow,55.0,18.0,HR,2025-07-01,500000,
2821,EMP02821,Male,23.0,6.0,Engineer,,600000,
2822,EMP02822,Unknow,29.0,6.0,Engineer,,600000,
2823,EMP02823,Male,56.0,9.0,Manager,,500000,
2824,EMP02824,Male,47.0,18.0,Manager,,500000,
2825,EMP02825,Male,57.0,15.0,Analyst,2025-07-01,600000,
2826,EMP02826,Female,51.0,15.0,QA,,350000,
2827,EMP02827,Male,33.0,15.0,Manager,2023-01-15,600000,
2828,EMP02828,Male,27.0,9.0,Intern,,500000,emp2828@mail.com
2829,EMP02829,Unknow,21.0,5.0,Engineer,2025-07-01,500000,
2830,EMP02830,Female,48.0,,Intern,2025-07-01,600000,
2831,EMP02831,Male,42.0,4.0,Intern,,600000,
2832,EMP02832,Female,43.0,12.0,Intern,2023-01-15,600000,emp2832@mail.com
2833,EMP02833,Male,41.0,14.0,Manager,2023-01-15,500000,
2834,EMP02834,Unknow,54.0,5.0,Analyst,2023-01-15,350000,emp2834@mail.com
2835,EMP02835,Female,40.0,2.0,Engineer,,600000,
2836,EMP02836,Female,36.0,12.0,Manager,,600000,emp2836@mail.com
2837,EMP02837,Male,29.0,19.0,Engineer,,600000,
2838,EMP02838,Male,32.0,99.0,QA,2025-07-01,500000,
2839,EMP02839,Female,48.0,17.0,Manager,,350000,emp2839@mail.com
2840,EMP02840,Male,40.0,9.0,Analyst,2023-01-15,500000,
2841,EMP02841,Male,25.0,16.0,Intern,2023-01-15,800000,
2842,EMP02842,Unknow,20.0,2.0,QA,2023-01-15,600000,emp2842@mail.com
2843,EMP02843,Male,48.0,1.0,HR,2023-01-15,800000,
2844,EMP02844,Male,30.0,9.0,Engineer,,500000,
2845,EMP02845,Unknow,41.0,1.0,Manager,,600000,
2846,EMP02846,Female,49.0,3.0,Analyst,,500000,
2847,EMP02847,Male,35.0,18.0,Intern,,600000,
2848,EMP02848,Male,22.0,8.0,QA,,350000,
2849,EMP02849,Female,47.0,6.0,Analyst,,600000,emp2849@mail.com
2850,EMP02850,Male,21.0,15.0,Engineer,2025-07-01,800000,
2851,EMP02851,Male,60.0,5.0,HR,,500000,
2852,EMP02852,Female,43.0,99.0,Manager,2023-01-15,800000,
2853,EMP02853,Male,59.0,19.0,Intern,2025-07-01,800000,
2854,EMP02854,Female,45.0,5.0,HR,,500000,
2855,EMP02855,Unknow,41.0,20.0,Intern,,800000,
2856,EMP02856,Male,25.0,99.0,Intern,,500000,
2857,EMP02857,Female,54.0,99.0,Analyst,,500000,emp2857@mail.com
2858,EMP02858,Male,60.0,8.0,Manager,,500000,
2859,EMP02859,Male,55.0,5.0,Manager,2025-07-01,500000,emp2859@mail.com
2860,EMP02860,Female,40.0,15.0,Engineer,,600000,
2861,EMP02861,Unknow,34.0,5.0,Analyst,,800000,
2862,EMP02862,Male,31.0,9.0,Engineer,,350000,emp2862@mail.com
2863,EMP02863,Male,60.0,8.0,Analyst,2025-07-01,800000,
2864,EMP02864,Female,55.0,7.0,Analyst,2023-01-15,500000,
2865,EMP02865,Male,30.0,15.0,Manager,,800000,
2866,EMP02866,Male,39.0,10.0,Engineer,2025-07-01,500000,
2867,EMP02867,Unknow,49.0,14.0,Manager,2023-01-15,800000,
2868,EMP02868,Female,22.0,2.0,Analyst,,350000,emp2868@mail.com
2869,EMP02869,Unknow,40.0,5.0,HR,,800000,
2870,EMP02870,Female,60.0,9.0,Engineer,,500000,
2871,EMP02871,Male,47.0,11.0,Manager,,500000,
2872,EMP02872,Male,40.0,11.0,Analyst,2023-01-15,600000,
2873,EMP02873,Female,47.0,10.0,Engineer,2025-07-01,600000,
2874,EMP02874,Female,40.0,6.0,QA,,350000,emp2874@mail.com
2875,EMP02875,Male,20.0,17.0,HR,2023-01-15,600000,
2876,EMP02876,Female,39.0,19.0,Intern,,600000,
2877,EMP02877,Female,30.0,12.0,Analyst,2025-07-01,600000,emp2877@mail.com
2878,EMP02878,Female,22.0,10.0,Engineer,2025-07-01,600000,
2879,EMP02879,Female,54.0,19.0,QA,,600000,
2880,EMP02880,Male,43.0,13.0,Engineer,,500000,
2881,EMP02881,Female,53.0,6.0,Analyst,2023-01-15,600000,emp2881@mail.com
2882,EMP02882,Female,28.0,10.0,Analyst,,350000,
2883,EMP02883,Female,57.0,4.0,Manager,,600000,
2884,EMP02884,Male,23.0,14.0,QA,,600000,
2885,EMP02885,Male,28.0,10.0,Manager,,350000,
2886,EMP02886,Male,40.0,15.0,Analyst,,500000,
2887,EMP02887,Male,39.0,13.0,Manager,2025-07-01,600000,
2888,EMP02888,Male,37.0,14.0,Manager,,500000,emp2888@mail.com
2889,EMP02889,Unknow,54.0,6.0,QA,,500000,
2890,EMP02890,Unknow,44.0,17.0,QA,,600000,
2891,EMP02891,Male,20.0,6.0,Manager,2023-01-15,350000,
2892,EMP02892,Female,37.0,13.0,HR,,500000,
2893,EMP02893,Female,45.0,5.0,Intern,,500000,emp2893@mail.com
2894,EMP02894,Female,54.0,2.0,Analyst,,350000,
2895,EMP02895,Male,55.0,16.0,Manager,2023-01-15,350000,emp2895@mail.com
2896,EMP02896,Female,20.0,99.0,QA,,500000,
2897,EMP02897,Unknow,47.0,99.0,QA,2025-07-01,350000,
2898,EMP02898,Female,26.0,16.0,Engineer,,600000,
2899,EMP02899,Male,33.0,14.0,Analyst,2025-07-01,600000,
2900,EMP02900,Male,57.0,18.0,Manager,,600000,emp2900@mail.com
2901,EMP02901,Female,40.0,7.0,QA,,500000,
2902,EMP02902,Male,60.0,6.0,Analyst,2025-07-01,500000,
2903,EMP02903,Female,28.0,3.0,QA,,500000,emp2903@mail.com
2904,EMP02904,Male,34.0,7.0,QA,,500000,
2905,EMP02905,Female,54.0,4.0,Intern,,800000,
2906,EMP02906,Female,40.0,16.0,Analyst,,600000,
2907,EMP02907,Male,44.0,19.0,Intern,2025-07-01,350000,
2908,EMP02908,Male,39.0,10.0,HR,2023-01-15,600000,
2909,EMP02909,Female,23.0,,Analyst,,600000,emp2909@mail.com
2910,EMP02910,Female,25.0,4.0,QA,,600000,emp2910@mail.com
2911,EMP02911,Female,35.0,5.0,Manager,,600000,emp2911@mail.com
2912,EMP02912,Female,44.0,11.0,QA,,350000,
2913,EMP02913,Female,21.0,15.0,Intern,,350000,
2914,EMP02914,Female,41.0,19.0,Manager,2023-01-15,600000,emp2914@mail.com
2915,EMP02915,Female,28.0,14.0,HR,,600000,
2916,EMP02916,Female,20.0,18.0,Engineer,,500000,
2917,EMP02917,Female,43.0,7.0,Analyst,,500000,
2918,EMP02918,Male,57.0,13.0,QA,,500000,
2919,EMP02919,Female,40.0,19.0,Engineer,,600000,emp2919@mail.com
2920,EMP02920,Male,26.0,1.0,QA,,800000,emp2920@mail.com
2921,EMP02921,Unknow,21.0,99.0,Intern,,500000,
2922,EMP02922,Male,28.0,8.0,Manager,,500000,
2923,EMP02923,Male,53.0,16.0,HR,,350000,emp2923@mail.com
2924,EMP02924,Female,23.0,3.0,Analyst,,800000,emp2924@mail.com
2925,EMP02925,Female,55.0,15.0,QA,,350000,
2926,EMP02926,Male,44.0,14.0,Intern,,500000,
2927,EMP02927,Male,41.0,17.0,Manager,2025-07-01,800000,
2928,EMP02928,Male,24.0,2.0,QA,,600000,
2929,EMP02929,Female,32.0,6.0,HR,,350000,
2930,EMP02930,Female,38.0,14.0,HR,,600000,emp2930@mail.com
2931,EMP02931,Male,53.0,3.0,Intern,2025-07-01,600000,emp2931@mail.com
2932,EMP02932,Unknow,58.0,13.0,QA,,600000,
2933,EMP02933,Female,50.0,14.0,QA,,800000,
2934,EMP02934,Unknow,55.0,4.0,Manager,,600000,
2935,EMP02935,Male,37.0,17.0,Analyst,,600000,
2936,EMP02936,Unknow,39.0,20.0,Manager,2025-07-01,600000,
2937,EMP02937,Male,42.0,8.0,Analyst,,600000,emp2937@mail.com
2938,EMP02938,Female,53.0,9.0,Intern,2023-01-15,500000,
2939,EMP02939,Unknow,55.0,12.0,Analyst,,600000,
2940,EMP02940,Male,29.0,17.0,Manager,2025-07-01,600000,
2941,EMP02941,Unknow,26.0,9.0,Manager,2023-01-15,500000,
2942,EMP02942,Female,32.0,14.0,HR,,600000,
2943,EMP02943,Male,41.0,17.0,Manager,,800000,emp2943@mail.com
2944,EMP02944,Male,24.0,,QA,2025-07-01,600000,
2945,EMP02945,Female,54.0,3.0,Analyst,,500000,
2946,EMP02946,Male,35.0,5.0,Engineer,,500000,emp2946@mail.com
2947,EMP02947,Male,54.0,12.0,Engineer,2025-07-01,600000,emp2947@mail.com
2948,EMP02948,Unknow,35.0,20.0,Engineer,,600000,emp2948@mail.com
2949,EMP02949,Female,32.0,7.0,Analyst,,500000,
2950,EMP02950,Female,51.0,7.0,Engineer,,500000,
2951,EMP02951,Female,23.0,4.0,Engineer,,600000,
2952,EMP02952,Male,21.0,8.0,HR,,500000,
2953,EMP02953,Female,55.0,20.0,Analyst,,600000,emp2953@mail.com
2954,EMP02954,Male,43.0,12.0,Manager,,600000,
2955,EMP02955,Female,44.0,12.0,HR,,600000,
2956,EMP02956,Male,40.0,18.0,Manager,2023-01-15,800000,
2957,EMP02957,Male,39.0,18.0,Engineer,,600000,emp2957@mail.com
2958,EMP02958,Female,38.0,7.0,Engineer,,500000,
2959,EMP02959,Female,60.0,9.0,Intern,2023-01-15,600000,emp2959@mail.com
2960,EMP02960,Male,49.0,16.0,HR,2023-01-15,600000,emp2960@mail.com
2961,EMP02961,Unknow,58.0,1.0,Manager,2025-07-01,600000,
2962,EMP02962,Male,46.0,10.0,Manager,,500000,
2963,EMP02963,Male,51.0,14.0,Engineer,2023-01-15,600000,emp2963@mail.com
2964,EMP02964,Male,32.0,1.0,Intern,2025-07-01,500000,
2965,EMP02965,Female,37.0,9.0,Intern,,500000,
2966,EMP02966,Male,60.0,1.0,Engineer,2023-01-15,600000,
2967,EMP02967,Female,56.0,15.0,QA,,500000,emp2967@mail.com
2968,EMP02968,Female,56.0,4.0,Manager,2023-01-15,600000,
2969,EMP02969,Female,32.0,6.0,Intern,2023-01-15,600000,emp2969@mail.com
2970,EMP02970,Male,51.0,10.0,Manager,,800000,
2971,EMP02971,Male,26.0,5.0,HR,2023-01-15,500000,
2972,EMP02972,Male,33.0,14.0,Engineer,2025-07-01,800000,emp2972@mail.com
2973,EMP02973,Male,47.0,11.0,Intern,,350000,
2974,EMP02974,Male,49.0,99.0,Intern,2025-07-01,500000,emp2974@mail.com
2975,EMP02975,Male,49.0,3.0,Manager,,600000,
2976,EMP02976,Female,40.0,10.0,QA,,600000,
2977,EMP02977,Female,45.0,8.0,HR,2023-01-15,800000,
2978,EMP02978,Female,44.0,8.0,Intern,,500000,emp2978@mail.com
2979,EMP02979,Male,53.0,2.0,HR,2025-07-01,500000,
2980,EMP02980,Unknow,25.0,18.0,Intern,,600000,
2981,EMP02981,Unknow,33.0,6.0,Engineer,,800000,
2982,EMP02982,Male,58.0,2.0,Intern,2025-07-01,600000,
2983,EMP02983,Male,55.0,1.0,Analyst,,350000,
2984,EMP02984,Female,32.0,10.0,Engineer,2025-07-01,500000,
2985,EMP02985,Male,28.0,18.0,Analyst,,800000,emp2985@mail.com
2986,EMP02986,Unknow,40.0,11.0,QA,,500000,emp2986@mail.com
2987,EMP02987,Female,38.0,12.0,Analyst,2025-07-01,500000,
2988,EMP02988,Unknow,60.0,4.0,Engineer,,800000,
2989,EMP02989,Male,40.0,99.0,Analyst,2023-01-15,800000,emp2989@mail.com
2990,EMP02990,Male,48.0,18.0,Engineer,,500000,
2991,EMP02991,Male,42.0,4.0,HR,,800000,emp2991@mail.com
2992,EMP02992,Male,31.0,99.0,Engineer,,350000,emp2992@mail.com
2993,EMP02993,Male,47.0,1.0,QA,,350000,
2994,EMP02994,Female,46.0,9.0,QA,2023-01-15,600000,
2995,EMP02995,Unknow,25.0,99.0,QA,,350000,emp2995@mail.com
2996,EMP02996,Female,40.0,5.0,QA,,500000,
2997,EMP02997,Female,34.0,14.0,Manager,2023-01-15,600000,emp2997@mail.com
2998,EMP02998,Female,21.0,8.0,Intern,,500000,
2999,EMP02999,Male,33.0,13.0,Intern,,500000,emp2999@mail.com
3000,EMP03000,Unknow,40.0,1.0,QA,2025-07-01,500000,
3001,EMP03001,Female,40.0,8.0,HR,2025-07-01,500000,
3002,EMP03002,Female,37.0,11.0,Engineer,,800000,
3003,EMP03003,Male,32.0,14.0,HR,2023-01-15,600000,emp3003@mail.com
3004,EMP03004,Male,54.0,12.0,QA,2025-07-01,500000,emp3004@mail.com
3005,EMP03005,Female,32.0,15.0,Engineer,2025-07-01,350000,
3006,EMP03006,Male,35.0,3.0,Intern,,800000,
3007,EMP03007,Male,58.0,9.0,QA,,350000,
3008,EMP03008,Female,47.0,,QA,2025-07-01,600000,
3009,EMP03009,Male,52.0,99.0,QA,2023-01-15,500000,
3010,EMP03010,Male,51.0,18.0,HR,2023-01-15,600000,
3011,EMP03011,Female,30.0,6.0,Engineer,,600000,
3012,EMP03012,Male,51.0,4.0,HR,,500000,emp3012@mail.com
3013,EMP03013,Male,38.0,19.0,HR,,600000,
3014,EMP03014,Male,59.0,6.0,Intern,2025-07-01,600000,
3015,EMP03015,Female,39.0,8.0,Manager,,600000,
3016,EMP03016,Female,20.0,15.0,Manager,,500000,
3017,EMP03017,Male,36.0,10.0,QA,,600000,
3018,EMP03018,Female,31.0,7.0,Manager,2023-01-15,350000,
3019,EMP03019,Male,50.0,7.0,HR,,600000,
3020,EMP03020,Male,34.0,3.0,QA,2023-01-15,600000,
3021,EMP03021,Male,21.0,20.0,HR,,600000,
3022,EMP03022,Male,41.0,6.0,QA,,350000,
3023,EMP03023,Female,47.0,3.0,Intern,,350000,
3024,EMP03024,Female,33.0,4.0,QA,,600000,
3025,EMP03025,Male,34.0,15.0,Manager,,350000,emp3025@mail.com
3026,EMP03026,Male,20.0,1.0,Analyst,,800000,
3027,EMP03027,Male,20.0,17.0,HR,,500000,emp3027@mail.com
3028,EMP03028,Unknow,49.0,16.0,Engineer,,800000,
3029,EMP03029,Female,34.0,5.0,HR,2025-07-01,350000,emp3029@mail.com
3030,EMP03030,Female,50.0,5.0,Analyst,2023-01-15,800000,
3031,EMP03031,Male,44.0,10.0,Intern,,600000,
3032,EMP03032,Unknow,40.0,3.0,Intern,2023-01-15,600000,
3033,EMP03033,Female,52.0,,Manager,,600000,
3034,EMP03034,Male,21.0,6.0,Analyst,,600000,emp3034@mail.com
3035,EMP03035,Male,49.0,6.0,Analyst,,600000,
3036,EMP03036,Male,50.0,7.0,Intern,,800000,
3037,EMP03037,Female,37.0,3.0,Manager,2023-01-15,800000,
3038,EMP03038,Unknow,39.0,18.0,Intern,2025-07-01,600000,
3039,EMP03039,Unknow,59.0,12.0,Manager,,350000,
3040,EMP03040,Female,37.0,4.0,QA,,800000,
3041,EMP03041,Female,24.0,5.0,Intern,2023-01-15,500000,emp3041@mail.com
3042,EMP03042,Male,40.0,12.0,HR,2025-07-01,500000,
3043,EMP03043,Male,36.0,18.0,Intern,,600000,
3044,EMP03044,Female,21.0,9.0,HR,,500000,
3045,EMP03045,Male,39.0,,HR,2023-01-15,600000,
3046,EMP03046,Male,30.0,11.0,Intern,,500000,
3047,EMP03047,Male,40.0,3.0,Intern,,800000,
3048,EMP03048,Male,24.0,8.0,HR,2025-07-01,600000,
3049,EMP03049,Male,33.0,99.0,HR,,600000,
3050,EMP03050,Unknow,36.0,4.0,Engineer,,600000,emp3050@mail.com
3051,EMP03051,Male,27.0,5.0,Analyst,2025-07-01,500000,
3052,EMP03052,Male,54.0,11.0,Engineer,,500000,
3053,EMP03053,Male,25.0,17.0,Manager,2025-07-01,600000,
3054,EMP03054,Male,24.0,2.0,Engineer,2025-07-01,800000,
3055,EMP03055,Female,51.0,99.0,Intern,,800000,emp3055@mail.com
3056,EMP03056,Male,55.0,7.0,Engineer,,350000,
3057,EMP03057,Male,38.0,11.0,QA,,500000,
3058,EMP03058,Female,60.0,12.0,QA,,500000,
3059,EMP03059,Male,22.0,13.0,HR,2025-07-01,600000,
3060,EMP03060,Female,44.0,3.0,HR,,600000,
3061,EMP03061,Male,39.0,7.0,Manager,2025-07-01,600000,
3062,EMP03062,Female,54.0,18.0,Engineer,,800000,emp3062@mail.com
3063,EMP03063,Male,40.0,12.0,QA,,500000,emp3063@mail.com
3064,EMP03064,Male,50.0,5.0,QA,2025-07-01,600000,
3065,EMP03065,Male,33.0,2.0,Manager,,800000,
3066,EMP03066,Female,40.0,9.0,HR,2025-07-01,500000,
3067,EMP03067,Male,59.0,6.0,Analyst,2025-07-01,600000,
3068,EMP03068,Female,57.0,14.0,Intern,,600000,
3069,EMP03069,Female,50.0,13.0,Engineer,,350000,
3070,EMP03070,Unknow,43.0,99.0,Manager,,500000,
3071,EMP03071,Female,33.0,2.0,QA,2023-01-15,350000,
3072,EMP03072,Male,42.0,19.0,HR,2023-01-15,600000,emp3072@mail.com
3073,EMP03073,Female,49.0,20.0,Intern,,350000,emp3073@mail.com
3074,EMP03074,Male,51.0,,Analyst,,600000,
3075,EMP03075,Male,44.0,15.0,QA,,800000,
3076,EMP03076,Female,37.0,19.0,Manager,,600000,emp3076@mail.com
3077,EMP03077,Male,30.0,,HR,2023-01-15,600000,
3078,EMP03078,Unknow,52.0,16.0,Manager,2025-07-01,600000,
3079,EMP03079,Female,39.0,2.0,Manager,2025-07-01,500000,emp3079@mail.com
3080,EMP03080,Female,41.0,99.0,Manager,2025-07-01,600000,
3081,EMP03081,Male,40.0,5.0,Engineer,2025-07-01,500000,
3082,EMP03082,Unknow,37.0,8.0,Analyst,2023-01-15,600000,
3083,EMP03083,Unknow,40.0,20.0,Analyst,2025-07-01,600000,emp3083@mail.com
3084,EMP03084,Unknow,47.0,19.0,QA,,600000,
3085,EMP03085,Unknow,40.0,6.0,Analyst,,600000,
3086,EMP03086,Male,50.0,15.0,Intern,,500000,emp3086@mail.com
3087,EMP03087,Male,60.0,4.0,Intern,2025-07-01,600000,
3088,EMP03088,Male,38.0,8.0,QA,,500000,
3089,EMP03089,Male,58.0,6.0,Analyst,,800000,
3090,EMP03090,Female,39.0,2.0,Manager,,800000,
3091,EMP03091,Female,22.0,7.0,QA,,500000,
3092,EMP03092,Female,27.0,20.0,QA,2025-07-01,600000,
3093,EMP03093,Female,35.0,14.0,Analyst,,800000,
3094,EMP03094,Female,46.0,4.0,Engineer,2025-07-01,500000,
3095,EMP03095,Female,31.0,6.0,Manager,,600000,emp3095@mail.com
3096,EMP03096,Unknow,23.0,17.0,Manager,2025-07-01,500000,
3097,EMP03097,Female,30.0,11.0,QA,,350000,emp3097@mail.com
3098,EMP03098,Unknow,22.0,10.0,Manager,,600000,
3099,EMP03099,Male,39.0,99.0,HR,2025-07-01,600000,
3100,EMP03100,Male,46.0,,Manager,2025-07-01,600000,emp3100@mail.com
3101,EMP03101,Female,43.0,12.0,Manager,,600000,emp3101@mail.com
3102,EMP03102,Male,53.0,13.0,Manager,,500000,emp3102@mail.com
3103,EMP03103,Male,51.0,18.0,QA,,600000,
3104,EMP03104,Male,40.0,6.0,Intern,2025-07-01,800000,emp3104@mail.com
3105,EMP03105,Unknow,44.0,8.0,Engineer,2025-07-01,500000,emp3105@mail.com
3106,EMP03106,Female,35.0,1.0,Engineer,2023-01-15,800000,
3107,EMP03107,Male,35.0,1.0,HR,,600000,
3108,EMP03108,Female,46.0,4.0,HR,,500000,
3109,EMP03109,Male,46.0,15.0,Manager,2023-01-15,600000,emp3109@mail.com
3110,EMP03110,Male,39.0,3.0,Analyst,2025-07-01,600000,
3111,EMP03111,Male,36.0,7.0,Manager,,350000,
3112,EMP03112,Unknow,40.0,18.0,HR,2023-01-15,600000,
3113,EMP03113,Female,22.0,14.0,QA,2023-01-15,600000,
3114,EMP03114,Unknow,22.0,17.0,HR,2023-01-15,600000,
3115,EMP03115,Male,21.0,8.0,QA,2025-07-01,500000,emp3115@mail.com
3116,EMP03116,Male,31.0,5.0,HR,2023-01-15,500000,
3117,EMP03117,Female,42.0,1.0,Manager,2023-01-15,600000,
3118,EMP03118,Male,57.0,11.0,Analyst,2023-01-15,350000,emp3118@mail.com
3119,EMP03119,Unknow,46.0,11.0,Intern,,600000,
3120,EMP03120,Male,40.0,16.0,Manager,,600000,emp3120@mail.com
3121,EMP03121,Male,38.0,15.0,Analyst,,350000,emp3121@mail.com
3122,EMP03122,Male,60.0,15.0,HR,,350000,
3123,EMP03123,Female,55.0,18.0,Engineer,,500000,
3124,EMP03124,Female,51.0,4.0,Analyst,2025-07-01,600000,emp3124@mail.com
3125,EMP03125,Male,28.0,2.0,Engineer,,500000,
3126,EMP03126,Female,33.0,13.0,Engineer,,800000,
3127,EMP03127,Female,44.0,,Engineer,,600000,
3128,EMP03128,Unknow,31.0,18.0,Manager,,350000,
3129,EMP03129,Male,34.0,3.0,Engineer,2023-01-15,600000,
3130,EMP03130,Male,31.0,11.0,Manager,,500000,
3131,EMP03131,Unknow,38.0,7.0,Intern,2023-01-15,800000,
3132,EMP03132,Male,34.0,20.0,Intern,,500000,
3133,EMP03133,Female,46.0,17.0,Engineer,,600000,emp3133@mail.com
3134,EMP03134,Female,42.0,13.0,Analyst,,800000,emp3134@mail.com
3135,EMP03135,Unknow,50.0,9.0,Manager,2025-07-01,800000,
3136,EMP03136,Male,36.0,2.0,Engineer,2023-01-15,800000,
3137,EMP03137,Male,33.0,10.0,Engineer,2025-07-01,500000,
3138,EMP03138,Female,40.0,10.0,Engineer,,600000,emp3138@mail.com
3139,EMP03139,Male,53.0,16.0,Analyst,2023-01-15,350000,
3140,EMP03140,Female,59.0,18.0,Intern,2025-07-01,600000,emp3140@mail.com
3141,EMP03141,Female,56.0,2.0,QA,2025-07-01,600000,
3142,EMP03142,Male,42.0,6.0,Manager,,800000,
3143,EMP03143,Male,59.0,,HR,2025-07-01,600000,
3144,EMP03144,Unknow,39.0,7.0,Engineer,2023-01-15,500000,
3145,EMP03145,Male,45.0,15.0,Analyst,2025-07-01,350000,
3146,EMP03146,Male,46.0,14.0,Analyst,2025-07-01,800000,
3147,EMP03147,Male,40.0,10.0,Intern,,600000,
3148,EMP03148,Female,28.0,8.0,Engineer,2025-07-01,500000,
3149,EMP03149,Female,40.0,1.0,QA,,600000,
3150,EMP03150,Male,33.0,2.0,Manager,,600000,
3151,EMP03151,Male,40.0,8.0,HR,2025-07-01,350000,emp3151@mail.com
3152,EMP03152,Male,44.0,,QA,,600000,
3153,EMP03153,Unknow,48.0,16.0,Analyst,,350000,
3154,EMP03154,Male,47.0,6.0,QA,2025-07-01,600000,
3155,EMP03155,Unknow,31.0,5.0,Manager,2025-07-01,500000,emp3155@mail.com
3156,EMP03156,Male,34.0,13.0,Analyst,,600000,emp3156@mail.com
3157,EMP03157,Unknow,36.0,6.0,Intern,,350000,
3158,EMP03158,Female,32.0,99.0,Intern,,500000,
3159,EMP03159,Female,40.0,15.0,HR,,500000,emp3159@mail.com
3160,EMP03160,Male,30.0,5.0,QA,,600000,
3161,EMP03161,Female,31.0,9.0,QA,2023-01-15,600000,
3162,EMP03162,Male,27.0,,Engineer,,600000,
3163,EMP03163,Male,38.0,18.0,Analyst,,800000,
3164,EMP03164,Female,27.0,9.0,Intern,,600000,
3165,EMP03165,Male,28.0,16.0,Engineer,,600000,
3166,EMP03166,Male,42.0,1.0,Intern,2023-01-15,600000,
3167,EMP03167,Female,46.0,2.0,Manager,2025-07-01,600000,emp3167@mail.com
3168,EMP03168,Unknow,33.0,14.0,Engineer,,350000,
3169,EMP03169,Male,40.0,,Intern,2023-01-15,600000,
3170,EMP03170,Male,44.0,,HR,2023-01-15,600000,
3171,EMP03171,Male,54.0,14.0,Intern,2025-07-01,600000,emp3171@mail.com
3172,EMP03172,Female,36.0,18.0,QA,,600000,
3173,EMP03173,Male,45.0,17.0,Intern,,600000,
3174,EMP03174,Male,45.0,3.0,Intern,,600000,
3175,EMP03175,Female,49.0,5.0,Manager,,500000,emp3175@mail.com
3176,EMP03176,Male,58.0,14.0,Intern,,500000,
3177,EMP03177,Female,47.0,99.0,HR,,500000,
3178,EMP03178,Male,55.0,,Intern,,600000,
3179,EMP03179,Male,43.0,16.0,Manager,,600000,emp3179@mail.com
3180,EMP03180,Male,47.0,12.0,HR,,600000,
3181,EMP03181,Female,50.0,18.0,Engineer,2023-01-15,600000,
3182,EMP03182,Male,39.0,9.0,HR,,800000,
3183,EMP03183,Male,37.0,,Analyst,,600000,
3184,EMP03184,Male,57.0,10.0,HR,,600000,
3185,EMP03185,Male,38.0,4.0,Manager,,500000,
3186,EMP03186,Female,40.0,19.0,Intern,2023-01-15,350000,
3187,EMP03187,Male,38.0,1.0,QA,,800000,emp3187@mail.com
3188,EMP03188,Male,50.0,7.0,QA,2023-01-15,500000,
3189,EMP03189,Male,25.0,,Intern,,600000,
3190,EMP03190,Male,24.0,6.0,QA,,600000,
3191,EMP03191,Male,56.0,17.0,Intern,2025-07-01,800000,
3192,EMP03192,Female,40.0,6.0,Engineer,,800000,
3193,EMP03193,Unknow,34.0,13.0,HR,2025-07-01,800000,
3194,EMP03194,Male,48.0,14.0,QA,2023-01-15,600000,
3195,EMP03195,Female,43.0,2.0,Engineer,2025-07-01,500000,
3196,EMP03196,Male,24.0,13.0,QA,2023-01-15,600000,
3197,EMP03197,Male,28.0,20.0,Intern,,350000,
3198,EMP03198,Female,32.0,5.0,Intern,2023-01-15,500000,emp3198@mail.com
3199,EMP03199,Female,60.0,6.0,Manager,2025-07-01,800000,
3200,EMP03200,Male,50.0,17.0,HR,,800000,
3201,EMP03201,Female,44.0,19.0,Manager,,500000,
3202,EMP03202,Male,49.0,20.0,Manager,,800000,
3203,EMP03203,Female,46.0,11.0,Analyst,2025-07-01,500000,emp3203@mail.com
3204,EMP03204,Male,45.0,19.0,Manager,2025-07-01,350000,
3205,EMP03205,Male,41.0,20.0,Manager,,350000,
3206,EMP03206,Male,54.0,7.0,Analyst,,500000,
3207,EMP03207,Female,44.0,6.0,Intern,,500000,emp3207@mail.com
3208,EMP03208,Male,32.0,14.0,Engineer,,500000,
3209,EMP03209,Male,40.0,1.0,Manager,2025-07-01,800000,
3210,EMP03210,Male,55.0,1.0,QA,2025-07-01,600000,emp3210@mail.com
3211,EMP03211,Unknow,45.0,1.0,Engineer,,600000,
3212,EMP03212,Male,29.0,17.0,Intern,2023-01-15,500000,
3213,EMP03213,Female,30.0,3.0,Intern,,800000,
3214,EMP03214,Male,58.0,10.0,HR,2025-07-01,600000,
3215,EMP03215,Female,39.0,12.0,QA,,350000,
3216,EMP03216,Male,45.0,2.0,HR,,800000,
3217,EMP03217,Male,36.0,3.0,HR,,600000,
3218,EMP03218,Male,58.0,5.0,Engineer,,800000,
3219,EMP03219,Male,47.0,,HR,,600000,
3220,EMP03220,Female,53.0,6.0,QA,,800000,
3221,EMP03221,Unknow,40.0,99.0,Analyst,,500000,
3222,EMP03222,Unknow,21.0,19.0,Analyst,2025-07-01,350000,emp3222@mail.com
3223,EMP03223,Male,36.0,9.0,Intern,,800000,emp3223@mail.com
3224,EMP03224,Unknow,56.0,14.0,Intern,,600000,
3225,EMP03225,Male,35.0,99.0,Manager,2023-01-15,800000,emp3225@mail.com
3226,EMP03226,Male,40.0,,HR,,600000,emp3226@mail.com
3227,EMP03227,Female,35.0,15.0,Intern,2023-01-15,500000,emp3227@mail.com
3228,EMP03228,Male,32.0,7.0,HR,2025-07-01,350000,
3229,EMP03229,Female,41.0,,HR,2023-01-15,600000,
3230,EMP03230,Unknow,45.0,9.0,HR,,350000,
3231,EMP03231,Female,42.0,99.0,Analyst,,800000,emp3231@mail.com
3232,EMP03232,Female,26.0,9.0,HR,,350000,
3233,EMP03233,Female,53.0,7.0,Intern,2025-07-01,500000,
3234,EMP03234,Male,59.0,19.0,QA,,600000,
3235,EMP03235,Male,23.0,17.0,Intern,,800000,
3236,EMP03236,Female,32.0,8.0,QA,2025-07-01,800000,emp3236@mail.com
3237,EMP03237,Male,36.0,1.0,QA,,800000,
3238,EMP03238,Female,46.0,9.0,QA,,800000,
3239,EMP03239,Male,39.0,5.0,Engineer,,600000,
3240,EMP03240,Male,49.0,99.0,Engineer,,500000,
3241,EMP03241,Female,45.0,15.0,Analyst,,350000,
3242,EMP03242,Unknow,40.0,2.0,HR,2025-07-01,600000,
3243,EMP03243,Male,37.0,8.0,Manager,,800000,emp3243@mail.com
3244,EMP03244,Female,34.0,17.0,HR,2025-07-01,500000,
3245,EMP03245,Male,46.0,16.0,HR,,350000,emp3245@mail.com
3246,EMP03246,Unknow,46.0,,Manager,,600000,
3247,EMP03247,Unknow,55.0,9.0,QA,,600000,
3248,EMP03248,Male,40.0,17.0,Analyst,2023-01-15,500000,emp3248@mail.com
3249,EMP03249,Male,21.0,2.0,Manager,2023-01-15,600000,
3250,EMP03250,Female,51.0,5.0,Engineer,2025-07-01,500000,emp3250@mail.com
3251,EMP03251,Male,30.0,12.0,Intern,2023-01-15,600000,
3252,EMP03252,Male,44.0,5.0,Engineer,,800000,emp3252@mail.com
3253,EMP03253,Female,53.0,11.0,HR,,500000,
3254,EMP03254,Female,42.0,18.0,Manager,2025-07-01,800000,
3255,EMP03255,Female,28.0,99.0,Manager,,500000,emp3255@mail.com
3256,EMP03256,Male,31.0,17.0,Manager,2025-07-01,600000,
3257,EMP03257,Male,31.0,18.0,Manager,2025-07-01,350000,
3258,EMP03258,Unknow,47.0,9.0,Manager,2023-01-15,500000,emp3258@mail.com
3259,EMP03259,Male,34.0,12.0,Intern,2025-07-01,600000,emp3259@mail.com
3260,EMP03260,Male,44.0,11.0,Analyst,,350000,emp3260@mail.com
3261,EMP03261,Male,51.0,6.0,QA,,600000,
3262,EMP03262,Unknow,50.0,12.0,Manager,,500000,
3263,EMP03263,Female,39.0,8.0,QA,,500000,
3264,EMP03264,Female,40.0,1.0,Manager,,600000,
3265,EMP03265,Male,22.0,17.0,Manager,,600000,
3266,EMP03266,Female,51.0,6.0,QA,,800000,
3267,EMP03267,Male,23.0,15.0,Analyst,,500000,emp3267@mail.com
3268,EMP03268,Male,21.0,9.0,Analyst,,800000,
3269,EMP03269,Male,36.0,20.0,Engineer,,600000,
3270,EMP03270,Unknow,27.0,99.0,Manager,,350000,
3271,EMP03271,Unknow,60.0,19.0,Engineer,,800000,emp3271@mail.com
3272,EMP03272,Unknow,27.0,20.0,Intern,2025-07-01,600000,emp3272@mail.com
3273,EMP03273,Male,40.0,9.0,Manager,,600000,
3274,EMP03274,Female,54.0,1.0,HR,2023-01-15,600000,
3275,EMP03275,Female,57.0,2.0,HR,2023-01-15,600000,
3276,EMP03276,Unknow,54.0,2.0,Analyst,,600000,emp3276@mail.com
3277,EMP03277,Female,50.0,13.0,HR,2023-01-15,600000,
3278,EMP03278,Male,60.0,16.0,Analyst,,600000,
3279,EMP03279,Female,34.0,9.0,HR,,800000,
3280,EMP03280,Female,33.0,9.0,Analyst,,350000,
3281,EMP03281,Male,55.0,8.0,Intern,,350000,
3282,EMP03282,Male,34.0,16.0,QA,,600000,emp3282@mail.com
3283,EMP03283,Unknow,54.0,14.0,QA,,600000,emp3283@mail.com
3284,EMP03284,Male,43.0,,Analyst,,600000,emp3284@mail.com
3285,EMP03285,Male,52.0,16.0,Engineer,,600000,
3286,EMP03286,Female,54.0,6.0,Manager,2023-01-15,800000,
3287,EMP03287,Male,38.0,,Engineer,2023-01-15,600000,emp3287@mail.com
3288,EMP03288,Unknow,43.0,2.0,HR,,800000,
3289,EMP03289,Male,59.0,7.0,HR,,500000,
3290,EMP03290,Female,46.0,5.0,QA,2023-01-15,800000,
3291,EMP03291,Unknow,44.0,,Analyst,,600000,
3292,EMP03292,Female,48.0,15.0,QA,,600000,
3293,EMP03293,Female,42.0,11.0,Intern,2023-01-15,500000,
3294,EMP03294,Female,52.0,,Intern,2025-07-01,600000,emp3294@mail.com
3295,EMP03295,Male,55.0,3.0,HR,2023-01-15,600000,emp3295@mail.com
3296,EMP03296,Female,43.0,3.0,QA,2025-07-01,600000,
3297,EMP03297,Male,54.0,9.0,QA,,600000,emp3297@mail.com
3298,EMP03298,Unknow,20.0,15.0,QA,,350000,emp3298@mail.com
3299,EMP03299,Female,53.0,5.0,Engineer,,500000,
3300,EMP03300,Female,58.0,14.0,HR,2023-01-15,800000,
3301,EMP03301,Male,46.0,20.0,Analyst,2025-07-01,600000,
3302,EMP03302,Male,42.0,14.0,Intern,,600000,
3303,EMP03303,Female,35.0,1.0,QA,,600000,
3304,EMP03304,Male,40.0,7.0,Intern,2025-07-01,600000,
3305,EMP03305,Male,46.0,5.0,QA,,500000,
3306,EMP03306,Male,58.0,16.0,Manager,,350000,
3307,EMP03307,Female,29.0,,Intern,,600000,
3308,EMP03308,Female,20.0,14.0,HR,2023-01-15,600000,
3309,EMP03309,Male,51.0,9.0,Manager,,500000,
3310,EMP03310,Female,47.0,20.0,Analyst,,600000,
3311,EMP03311,Male,24.0,12.0,Intern,,500000,
3312,EMP03312,Female,58.0,,Analyst,2023-01-15,600000,
3313,EMP03313,Female,59.0,6.0,QA,2025-07-01,800000,
3314,EMP03314,Female,37.0,99.0,QA,,500000,
3315,EMP03315,Male,59.0,7.0,HR,2023-01-15,500000,emp3315@mail.com
3316,EMP03316,Male,51.0,3.0,HR,,600000,
3317,EMP03317,Male,27.0,3.0,HR,2025-07-01,600000,emp3317@mail.com
3318,EMP03318,Male,27.0,7.0,Manager,,500000,
3319,EMP03319,Unknow,60.0,,HR,,600000,
3320,EMP03320,Male,23.0,99.0,Intern,2025-07-01,350000,
3321,EMP03321,Female,49.0,13.0,Manager,2023-01-15,500000,
3322,EMP03322,Unknow,42.0,1.0,QA,,350000,
3323,EMP03323,Female,25.0,19.0,HR,2025-07-01,600000,
3324,EMP03324,Female,43.0,14.0,QA,,600000,emp3324@mail.com
3325,EMP03325,Male,56.0,2.0,Engineer,,350000,
3326,EMP03326,Female,26.0,12.0,Analyst,,600000,
3327,EMP03327,Male,40.0,16.0,QA,2025-07-01,350000,
3328,EMP03328,Male,46.0,17.0,Engineer,,600000,
3329,EMP03329,Female,53.0,,Manager,2025-07-01,600000,
3330,EMP03330,Female,27.0,3.0,Analyst,,600000,
3331,EMP03331,Female,39.0,6.0,Manager,,800000,emp3331@mail.com
3332,EMP03332,Male,30.0,13.0,HR,,350000,
3333,EMP03333,Male,39.0,8.0,Manager,,500000,
3334,EMP03334,Female,31.0,1.0,Analyst,,500000,
3335,EMP03335,Female,27.0,,QA,,600000,emp3335@mail.com
3336,EMP03336,Male,59.0,18.0,HR,2025-07-01,600000,
3337,EMP03337,Male,43.0,99.0,Manager,,500000,emp3337@mail.com
3338,EMP03338,Male,54.0,8.0,Intern,2025-07-01,500000,
3339,EMP03339,Female,51.0,19.0,HR,2023-01-15,800000,
3340,EMP03340,Male,60.0,3.0,Intern,,600000,emp3340@mail.com
3341,EMP03341,Male,42.0,3.0,Intern,,600000,
3342,EMP03342,Male,56.0,12.0,Manager,2025-07-01,600000,
3343,EMP03343,Female,39.0,17.0,Analyst,2023-01-15,800000,
3344,EMP03344,Female,22.0,17.0,Intern,,600000,
3345,EMP03345,Female,40.0,13.0,Intern,,500000,
3346,EMP03346,Male,39.0,19.0,Intern,2023-01-15,350000,
3347,EMP03347,Male,53.0,8.0,Analyst,,800000,
3348,EMP03348,Female,33.0,2.0,Manager,,600000,
3349,EMP03349,Male,33.0,4.0,QA,,350000,
3350,EMP03350,Female,22.0,10.0,QA,2023-01-15,600000,
3351,EMP03351,Male,38.0,17.0,QA,,500000,
3352,EMP03352,Female,50.0,16.0,Intern,2025-07-01,600000,
3353,EMP03353,Female,49.0,6.0,Engineer,,600000,
3354,EMP03354,Female,31.0,17.0,Manager,2025-07-01,350000,
3355,EMP03355,Female,55.0,6.0,QA,,600000,emp3355@mail.com
3356,EMP03356,Unknow,48.0,9.0,HR,,500000,emp3356@mail.com
3357,EMP03357,Female,40.0,14.0,HR,2025-07-01,800000,
3358,EMP03358,Female,51.0,5.0,Analyst,,600000,
3359,EMP03359,Male,29.0,13.0,HR,2025-07-01,500000,
3360,EMP03360,Male,20.0,6.0,Intern,2023-01-15,600000,
3361,EMP03361,Unknow,38.0,5.0,Analyst,,600000,
3362,EMP03362,Female,47.0,6.0,Manager,2025-07-01,600000,
3363,EMP03363,Male,52.0,1.0,HR,2025-07-01,600000,
3364,EMP03364,Male,48.0,13.0,Analyst,,500000,
3365,EMP03365,Female,31.0,,QA,,600000,emp3365@mail.com
3366,EMP03366,Male,28.0,20.0,Manager,,600000,
3367,EMP03367,Male,40.0,,Manager,,600000,
3368,EMP03368,Male,45.0,10.0,Engineer,,600000,
3369,EMP03369,Female,46.0,10.0,QA,,500000,
3370,EMP03370,Female,52.0,10.0,Engineer,2023-01-15,800000,
3371,EMP03371,Male,24.0,12.0,Engineer,,350000,
3372,EMP03372,Female,46.0,9.0,QA,2025-07-01,500000,
3373,EMP03373,Male,24.0,20.0,HR,2023-01-15,600000,emp3373@mail.com
3374,EMP03374,Male,36.0,6.0,Manager,,600000,
3375,EMP03375,Male,47.0,11.0,Manager,,500000,
3376,EMP03376,Female,36.0,13.0,Manager,,800000,
3377,EMP03377,Unknow,29.0,10.0,Intern,,800000,emp3377@mail.com
3378,EMP03378,Female,40.0,15.0,Intern,,500000,emp3378@mail.com
3379,EMP03379,Male,60.0,3.0,Intern,2025-07-01,500000,emp3379@mail.com
3380,EMP03380,Female,24.0,3.0,Intern,,350000,
3381,EMP03381,Male,35.0,7.0,Engineer,,800000,
3382,EMP03382,Unknow,27.0,20.0,Manager,2025-07-01,500000,
3383,EMP03383,Female,44.0,3.0,Analyst,2025-07-01,800000,emp3383@mail.com
3384,EMP03384,Male,47.0,16.0,HR,2025-07-01,350000,
3385,EMP03385,Female,44.0,7.0,Intern,2025-07-01,500000,
3386,EMP03386,Male,28.0,15.0,HR,,500000,emp3386@mail.com
3387,EMP03387,Male,39.0,19.0,HR,,600000,
3388,EMP03388,Male,42.0,9.0,Engineer,2023-01-15,800000,
3389,EMP03389,Male,50.0,16.0,QA,,600000,emp3389@mail.com
3390,EMP03390,Male,56.0,17.0,QA,,800000,
3391,EMP03391,Female,30.0,18.0,Manager,2025-07-01,500000,
3392,EMP03392,Unknow,40.0,16.0,Analyst,,500000,
3393,EMP03393,Male,56.0,15.0,HR,,500000,
3394,EMP03394,Male,55.0,12.0,Analyst,,350000,
3395,EMP03395,Male,27.0,10.0,Analyst,,600000,
3396,EMP03396,Unknow,20.0,6.0,Engineer,,500000,emp3396@mail.com
3397,EMP03397,Male,21.0,13.0,QA,,500000,
3398,EMP03398,Male,40.0,2.0,Engineer,2025-07-01,800000,emp3398@mail.com
3399,EMP03399,Female,50.0,1.0,Engineer,2023-01-15,600000,
3400,EMP03400,Male,46.0,2.0,Analyst,,350000,emp3400@mail.com
3401,EMP03401,Female,38.0,19.0,QA,2023-01-15,600000,
3402,EMP03402,Female,29.0,7.0,Intern,,500000,
3403,EMP03403,Male,51.0,12.0,QA,2023-01-15,600000,
3404,EMP03404,Male,45.0,8.0,Manager,,500000,
3405,EMP03405,Female,45.0,10.0,HR,2023-01-15,800000,
3406,EMP03406,Female,57.0,5.0,Manager,,500000,emp3406@mail.com
3407,EMP03407,Female,53.0,12.0,QA,,800000,
3408,EMP03408,Male,50.0,10.0,QA,,800000,
3409,EMP03409,Male,40.0,11.0,HR,,500000,
3410,EMP03410,Male,23.0,10.0,HR,2023-01-15,500000,
3411,EMP03411,Unknow,42.0,1.0,QA,,600000,
3412,EMP03412,Male,60.0,9.0,QA,2023-01-15,500000,
3413,EMP03413,Female,46.0,17.0,Engineer,2025-07-01,600000,
3414,EMP03414,Male,28.0,10.0,Intern,,350000,
3415,EMP03415,Female,41.0,10.0,Intern,,500000,emp3415@mail.com
3416,EMP03416,Female,33.0,8.0,Intern,,500000,
3417,EMP03417,Female,55.0,8.0,Manager,,500000,
3418,EMP03418,Female,41.0,15.0,Analyst,,800000,
3419,EMP03419,Unknow,26.0,11.0,Intern,,500000,
3420,EMP03420,Male,29.0,1.0,HR,,600000,
3421,EMP03421,Male,53.0,14.0,Analyst,,350000,
3422,EMP03422,Male,20.0,13.0,Intern,,600000,
3423,EMP03423,Male,27.0,99.0,QA,,800000,
3424,EMP03424,Female,40.0,3.0,Manager,2025-07-01,350000,
3425,EMP03425,Female,40.0,17.0,QA,,600000,emp3425@mail.com
3426,EMP03426,Unknow,21.0,18.0,Analyst,2023-01-15,600000,emp3426@mail.com
3427,EMP03427,Female,51.0,20.0,Analyst,2025-07-01,500000,emp3427@mail.com
3428,EMP03428,Female,40.0,2.0,Analyst,,500000,
3429,EMP03429,Male,40.0,1.0,QA,,600000,
3430,EMP03430,Male,59.0,4.0,Engineer,2023-01-15,600000,emp3430@mail.com
3431,EMP03431,Male,21.0,14.0,HR,2025-07-01,600000,emp3431@mail.com
3432,EMP03432,Male,59.0,12.0,Engineer,,600000,
3433,EMP03433,Female,38.0,4.0,Analyst,,350000,emp3433@mail.com
3434,EMP03434,Female,50.0,20.0,Analyst,,600000,
3435,EMP03435,Male,50.0,18.0,Engineer,2025-07-01,350000,emp3435@mail.com
3436,EMP03436,Female,37.0,5.0,Manager,2023-01-15,800000,
3437,EMP03437,Male,34.0,13.0,Intern,,350000,
3438,EMP03438,Unknow,54.0,18.0,Intern,2023-01-15,600000,
3439,EMP03439,Male,41.0,20.0,Intern,2023-01-15,600000,
3440,EMP03440,Unknow,29.0,13.0,Analyst,,350000,
3441,EMP03441,Female,24.0,1.0,Manager,2025-07-01,600000,
3442,EMP03442,Female,22.0,3.0,Analyst,2025-07-01,600000,
3443,EMP03443,Unknow,25.0,8.0,QA,2023-01-15,600000,
3444,EMP03444,Unknow,26.0,99.0,Manager,2023-01-15,600000,
3445,EMP03445,Unknow,50.0,9.0,QA,,350000,
3446,EMP03446,Male,39.0,6.0,QA,2023-01-15,350000,
3447,EMP03447,Male,40.0,17.0,Intern,2023-01-15,600000,
3448,EMP03448,Unknow,48.0,8.0,Analyst,,500000,emp3448@mail.com
3449,EMP03449,Unknow,41.0,9.0,Analyst,2023-01-15,500000,
3450,EMP03450,Male,60.0,7.0,Manager,2023-01-15,800000,
3451,EMP03451,Unknow,49.0,11.0,Manager,,800000,emp3451@mail.com
3452,EMP03452,Male,33.0,17.0,Engineer,,600000,
3453,EMP03453,Male,40.0,13.0,HR,,500000,emp3453@mail.com
3454,EMP03454,Male,33.0,5.0,HR,2025-07-01,800000,
3455,EMP03455,Male,58.0,6.0,Manager,,350000,
3456,EMP03456,Female,32.0,20.0,Manager,,600000,
3457,EMP03457,Female,51.0,8.0,Analyst,,800000,
3458,EMP03458,Male,36.0,4.0,Intern,,350000,emp3458@mail.com
3459,EMP03459,Female,57.0,3.0,QA,2025-07-01,600000,
3460,EMP03460,Male,47.0,99.0,QA,2023-01-15,350000,
3461,EMP03461,Female,40.0,6.0,HR,2023-01-15,350000,
3462,EMP03462,Male,32.0,99.0,QA,,800000,emp3462@mail.com
3463,EMP03463,Male,40.0,1.0,Analyst,2023-01-15,800000,
3464,EMP03464,Male,58.0,16.0,Engineer,,350000,
3465,EMP03465,Male,40.0,20.0,Analyst,2025-07-01,600000,
3466,EMP03466,Male,40.0,20.0,Analyst,,600000,
3467,EMP03467,Male,40.0,17.0,HR,,350000,
3468,EMP03468,Female,38.0,8.0,QA,,500000,emp3468@mail.com
3469,EMP03469,Unknow,21.0,17.0,Intern,2023-01-15,500000,
3470,EMP03470,Female,53.0,16.0,HR,2023-01-15,800000,
3471,EMP03471,Male,25.0,1.0,Intern,2023-01-15,500000,emp3471@mail.com
3472,EMP03472,Female,41.0,9.0,Analyst,2025-07-01,350000,
3473,EMP03473,Male,32.0,18.0,Intern,,500000,
3474,EMP03474,Unknow,35.0,16.0,Analyst,,600000,
3475,EMP03475,Male,55.0,,HR,2025-07-01,600000,emp3475@mail.com
3476,EMP03476,Male,38.0,4.0,HR,,350000,
3477,EMP03477,Male,39.0,10.0,QA,2025-07-01,600000,
3478,EMP03478,Unknow,31.0,3.0,QA,2025-07-01,600000,emp3478@mail.com
3479,EMP03479,Female,38.0,16.0,HR,2023-01-15,800000,emp3479@mail.com
3480,EMP03480,Female,40.0,6.0,QA,2023-01-15,800000,
3481,EMP03481,Female,41.0,10.0,Intern,,800000,
3482,EMP03482,Female,58.0,5.0,QA,,500000,emp3482@mail.com
3483,EMP03483,Female,48.0,5.0,Engineer,,350000,emp3483@mail.com
3484,EMP03484,Male,23.0,11.0,QA,,600000,
3485,EMP03485,Male,57.0,5.0,Manager,,800000,emp3485@mail.com
3486,EMP03486,Male,35.0,15.0,Analyst,,500000,
3487,EMP03487,Unknow,29.0,2.0,QA,,350000,
3488,EMP03488,Female,48.0,7.0,Intern,,350000,
3489,EMP03489,Female,40.0,10.0,Manager,2023-01-15,600000,
3490,EMP03490,Female,58.0,18.0,Intern,2023-01-15,350000,
3491,EMP03491,Male,40.0,6.0,HR,,600000,
3492,EMP03492,Male,60.0,2.0,Manager,2025-07-01,600000,
3493,EMP03493,Unknow,44.0,99.0,HR,2023-01-15,500000,emp3493@mail.com
3494,EMP03494,Female,25.0,4.0,Manager,2023-01-15,500000,
3495,EMP03495,Male,21.0,9.0,HR,2023-01-15,500000,
3496,EMP03496,Female,49.0,3.0,QA,2025-07-01,600000,
3497,EMP03497,Male,43.0,19.0,Engineer,2025-07-01,600000,
3498,EMP03498,Female,50.0,7.0,HR,,500000,
3499,EMP03499,Male,42.0,19.0,Manager,,350000,
3500,EMP03500,Female,45.0,2.0,Intern,2025-07-01,600000,emp3500@mail.com
3501,EMP03501,Female,30.0,14.0,HR,2023-01-15,600000,emp3501@mail.com
3502,EMP03502,Unknow,21.0,15.0,Engineer,2023-01-15,800000,
3503,EMP03503,Female,21.0,,Intern,2023-01-15,600000,
3504,EMP03504,Unknow,38.0,16.0,QA,,500000,
3505,EMP03505,Male,60.0,19.0,Analyst,,350000,
3506,EMP03506,Female,51.0,7.0,HR,,500000,
3507,EMP03507,Male,25.0,3.0,QA,,350000,
3508,EMP03508,Unknow,50.0,17.0,Manager,,350000,
3509,EMP03509,Male,41.0,99.0,Analyst,,350000,
3510,EMP03510,Male,54.0,13.0,Intern,,500000,emp3510@mail.com
3511,EMP03511,Female,40.0,8.0,QA,,500000,
3512,EMP03512,Female,29.0,16.0,Engineer,2023-01-15,600000,
3513,EMP03513,Male,44.0,10.0,Intern,,600000,
3514,EMP03514,Female,37.0,3.0,HR,,350000,
3515,EMP03515,Male,28.0,13.0,Analyst,,800000,
3516,EMP03516,Unknow,31.0,16.0,QA,2023-01-15,600000,emp3516@mail.com
3517,EMP03517,Male,56.0,20.0,QA,2023-01-15,500000,
3518,EMP03518,Female,28.0,9.0,Intern,,600000,
3519,EMP03519,Female,59.0,,Manager,,600000,emp3519@mail.com
3520,EMP03520,Male,57.0,12.0,Engineer,2023-01-15,500000,emp3520@mail.com
3521,EMP03521,Male,58.0,9.0,Analyst,2025-07-01,500000,
3522,EMP03522,Female,55.0,7.0,Analyst,2025-07-01,350000,emp3522@mail.com
3523,EMP03523,Male,40.0,,Intern,2025-07-01,600000,
3524,EMP03524,Female,33.0,14.0,Analyst,,600000,
3525,EMP03525,Male,40.0,14.0,Manager,,600000,
3526,EMP03526,Female,40.0,,Engineer,2025-07-01,600000,
3527,EMP03527,Female,55.0,1.0,Engineer,2025-07-01,800000,
3528,EMP03528,Male,32.0,16.0,Engineer,2025-07-01,600000,
3529,EMP03529,Male,22.0,10.0,Analyst,2025-07-01,350000,
3530,EMP03530,Male,31.0,19.0,Manager,,800000,
3531,EMP03531,Female,36.0,3.0,Engineer,2025-07-01,800000,
3532,EMP03532,Unknow,40.0,15.0,HR,2023-01-15,500000,emp3532@mail.com
3533,EMP03533,Unknow,46.0,,Analyst,2023-01-15,600000,
3534,EMP03534,Male,37.0,5.0,Intern,2023-01-15,600000,
3535,EMP03535,Male,21.0,20.0,HR,2025-07-01,600000,
3536,EMP03536,Unknow,28.0,6.0,Analyst,2025-07-01,800000,
3537,EMP03537,Unknow,38.0,12.0,Analyst,2023-01-15,800000,
3538,EMP03538,Male,48.0,9.0,HR,,350000,
3539,EMP03539,Male,40.0,13.0,Manager,2025-07-01,350000,
3540,EMP03540,Male,24.0,6.0,QA,,600000,emp3540@mail.com
3541,EMP03541,Unknow,44.0,10.0,Intern,2023-01-15,600000,
3542,EMP03542,Unknow,53.0,11.0,HR,,350000,
3543,EMP03543,Male,45.0,2.0,Engineer,2025-07-01,600000,
3544,EMP03544,Male,21.0,16.0,Intern,,600000,
3545,EMP03545,Female,56.0,15.0,Engineer,2023-01-15,500000,emp3545@mail.com
3546,EMP03546,Male,35.0,12.0,Analyst,,600000,
3547,EMP03547,Female,40.0,17.0,Analyst,,800000,
3548,EMP03548,Male,34.0,,HR,,600000,
3549,EMP03549,Male,36.0,5.0,Analyst,,500000,
3550,EMP03550,Male,40.0,10.0,HR,,350000,
3551,EMP03551,Female,24.0,16.0,HR,2025-07-01,600000,
3552,EMP03552,Female,44.0,13.0,Engineer,2023-01-15,500000,
3553,EMP03553,Male,20.0,17.0,Intern,,800000,
3554,EMP03554,Male,39.0,6.0,Manager,2023-01-15,600000,
3555,EMP03555,Male,40.0,99.0,Intern,,500000,
3556,EMP03556,Unknow,57.0,18.0,QA,,350000,emp3556@mail.com
3557,EMP03557,Female,50.0,18.0,Manager,2023-01-15,500000,
3558,EMP03558,Male,58.0,14.0,Manager,2023-01-15,600000,
3559,EMP03559,Male,20.0,5.0,Analyst,,350000,
3560,EMP03560,Unknow,32.0,19.0,Intern,2025-07-01,800000,
3561,EMP03561,Male,39.0,10.0,Intern,2025-07-01,500000,
3562,EMP03562,Male,49.0,11.0,Manager,,500000,emp3562@mail.com
3563,EMP03563,Female,57.0,15.0,Analyst,,350000,
3564,EMP03564,Female,50.0,8.0,Engineer,2023-01-15,500000,
3565,EMP03565,Male,23.0,16.0,Manager,,350000,
3566,EMP03566,Male,24.0,15.0,Manager,2025-07-01,600000,
3567,EMP03567,Female,27.0,15.0,Engineer,2023-01-15,500000,
3568,EMP03568,Unknow,40.0,9.0,Intern,,350000,emp3568@mail.com
3569,EMP03569,Male,44.0,18.0,Analyst,2023-01-15,600000,
3570,EMP03570,Male,40.0,8.0,QA,,500000,emp3570@mail.com
3571,EMP03571,Unknow,40.0,17.0,Manager,,600000,
3572,EMP03572,Male,47.0,11.0,Engineer,,500000,emp3572@mail.com
3573,EMP03573,Male,53.0,10.0,QA,,600000,
3574,EMP03574,Male,41.0,4.0,QA,,600000,emp3574@mail.com
3575,EMP03575,Male,21.0,3.0,HR,,800000,
3576,EMP03576,Male,57.0,8.0,QA,,800000,
3577,EMP03577,Male,55.0,99.0,Engineer,,350000,
3578,EMP03578,Unknow,40.0,2.0,HR,2023-01-15,600000,
3579,EMP03579,Female,22.0,,Engineer,2023-01-15,600000,
3580,EMP03580,Male,21.0,14.0,Manager,,600000,emp3580@mail.com
3581,EMP03581,Male,41.0,6.0,Intern,2025-07-01,350000,
3582,EMP03582,Unknow,37.0,4.0,Analyst,,600000,
3583,EMP03583,Female,38.0,14.0,HR,,800000,
3584,EMP03584,Unknow,56.0,15.0,QA,,800000,
3585,EMP03585,Female,20.0,12.0,Intern,2023-01-15,600000,
3586,EMP03586,Female,21.0,13.0,HR,2023-01-15,500000,emp3586@mail.com
3587,EMP03587,Male,37.0,,Analyst,2025-07-01,600000,emp3587@mail.com
3588,EMP03588,Unknow,55.0,4.0,Engineer,,600000,
3589,EMP03589,Male,45.0,19.0,QA,2023-01-15,350000,emp3589@mail.com
3590,EMP03590,Female,53.0,13.0,Engineer,2025-07-01,500000,emp3590@mail.com
3591,EMP03591,Unknow,34.0,18.0,QA,,350000,emp3591@mail.com
3592,EMP03592,Female,40.0,1.0,Intern,,600000,
3593,EMP03593,Male,57.0,15.0,HR,,500000,
3594,EMP03594,Female,45.0,7.0,Engineer,2025-07-01,500000,
3595,EMP03595,Female,34.0,2.0,Engineer,2023-01-15,500000,
3596,EMP03596,Female,31.0,19.0,QA,,350000,
3597,EMP03597,Male,32.0,5.0,Intern,2023-01-15,350000,
3598,EMP03598,Male,50.0,9.0,HR,,600000,emp3598@mail.com
3599,EMP03599,Male,41.0,14.0,Engineer,2025-07-01,350000,
3600,EMP03600,Male,40.0,1.0,Intern,,600000,
3601,EMP03601,Male,22.0,16.0,Engineer,2025-07-01,800000,
3602,EMP03602,Female,32.0,19.0,Manager,,600000,
3603,EMP03603,Female,39.0,1.0,Engineer,,800000,
3604,EMP03604,Female,57.0,19.0,Engineer,2023-01-15,600000,
3605,EMP03605,Male,44.0,16.0,Analyst,,350000,
3606,EMP03606,Unknow,49.0,20.0,Manager,,600000,emp3606@mail.com
3607,EMP03607,Female,33.0,3.0,QA,,600000,emp3607@mail.com
3608,EMP03608,Male,55.0,5.0,Manager,,350000,
3609,EMP03609,Male,53.0,13.0,Manager,,500000,
3610,EMP03610,Unknow,22.0,2.0,QA,,600000,
3611,EMP03611,Male,46.0,10.0,Manager,2023-01-15,600000,
3612,EMP03612,Male,38.0,17.0,Manager,2023-01-15,350000,
3613,EMP03613,Female,39.0,3.0,Analyst,,500000,
3614,EMP03614,Female,50.0,17.0,QA,2023-01-15,600000,emp3614@mail.com
3615,EMP03615,Female,51.0,3.0,HR,,350000,
3616,EMP03616,Female,47.0,16.0,HR,2025-07-01,600000,
3617,EMP03617,Unknow,29.0,2.0,Intern,2023-01-15,600000,emp3617@mail.com
3618,EMP03618,Male,38.0,2.0,HR,,600000,
3619,EMP03619,Female,44.0,16.0,Engineer,2023-01-15,800000,
3620,EMP03620,Unknow,47.0,12.0,Engineer,2023-01-15,800000,
3621,EMP03621,Unknow,54.0,10.0,Engineer,2023-01-15,500000,
3622,EMP03622,Male,31.0,4.0,Analyst,,600000,
3623,EMP03623,Male,56.0,1.0,HR,2023-01-15,500000,
3624,EMP03624,Female,46.0,18.0,Analyst,,800000,
3625,EMP03625,Unknow,23.0,13.0,Engineer,2025-07-01,500000,
3626,EMP03626,Male,50.0,14.0,Manager,,500000,emp3626@mail.com
3627,EMP03627,Female,32.0,3.0,HR,,800000,
3628,EMP03628,Female,34.0,99.0,Manager,,800000,emp3628@mail.com
3629,EMP03629,Male,45.0,11.0,Manager,,600000,
3630,EMP03630,Female,21.0,20.0,Intern,,600000,
3631,EMP03631,Female,56.0,20.0,Engineer,2025-07-01,800000,
3632,EMP03632,Male,34.0,9.0,QA,2023-01-15,500000,
3633,EMP03633,Female,32.0,3.0,HR,,500000,
3634,EMP03634,Unknow,25.0,,QA,2025-07-01,600000,
3635,EMP03635,Male,37.0,16.0,Analyst,,350000,
3636,EMP03636,Female,52.0,4.0,Engineer,,600000,
3637,EMP03637,Male,48.0,2.0,Engineer,,600000,
3638,EMP03638,Female,33.0,8.0,QA,,500000,
3639,EMP03639,Unknow,48.0,1.0,Manager,,800000,
3640,EMP03640,Unknow,52.0,7.0,Analyst,,500000,
3641,EMP03641,Unknow,56.0,99.0,Analyst,2025-07-01,500000,emp3641@mail.com
3642,EMP03642,Male,46.0,99.0,Intern,,350000,
3643,EMP03643,Male,37.0,99.0,QA,2025-07-01,600000,
3644,EMP03644,Male,40.0,9.0,Intern,,500000,
3645,EMP03645,Unknow,47.0,5.0,Engineer,2025-07-01,500000,
3646,EMP03646,Female,56.0,7.0,Manager,2023-01-15,800000,
3647,EMP03647,Unknow,22.0,6.0,Engineer,2025-07-01,600000,
3648,EMP03648,Male,55.0,8.0,Manager,2023-01-15,350000,emp3648@mail.com
3649,EMP03649,Male,41.0,5.0,HR,,500000,
3650,EMP03650,Male,38.0,1.0,QA,2023-01-15,600000,emp3650@mail.com
3651,EMP03651,Female,21.0,3.0,HR,2023-01-15,600000,
3652,EMP03652,Male,41.0,18.0,QA,,600000,emp3652@mail.com
3653,EMP03653,Female,57.0,15.0,QA,2025-07-01,500000,
3654,EMP03654,Male,22.0,16.0,Engineer,,500000,
3655,EMP03655,Unknow,25.0,16.0,Engineer,,500000,
3656,EMP03656,Male,43.0,11.0,Intern,2025-07-01,500000,
3657,EMP03657,Male,32.0,15.0,Analyst,2023-01-15,500000,
3658,EMP03658,Male,26.0,15.0,Manager,,500000,
3659,EMP03659,Male,28.0,6.0,Engineer,2023-01-15,600000,
3660,EMP03660,Unknow,29.0,3.0,HR,,600000,
3661,EMP03661,Unknow,38.0,18.0,Engineer,2025-07-01,350000,
3662,EMP03662,Male,29.0,1.0,Analyst,,600000,
3663,EMP03663,Female,34.0,18.0,Analyst,,500000,
3664,EMP03664,Male,27.0,2.0,Engineer,,350000,
3665,EMP03665,Female,26.0,6.0,Analyst,2025-07-01,600000,
3666,EMP03666,Male,54.0,5.0,QA,2023-01-15,500000,
3667,EMP03667,Unknow,25.0,17.0,QA,,500000,
3668,EMP03668,Female,47.0,4.0,QA,,600000,
3669,EMP03669,Female,20.0,18.0,Manager,,600000,
3670,EMP03670,Male,24.0,5.0,Engineer,,600000,emp3670@mail.com
3671,EMP03671,Male,33.0,3.0,Intern,,800000,
3672,EMP03672,Male,41.0,15.0,Intern,,500000,
3673,EMP03673,Male,22.0,1.0,HR,,600000,
3674,EMP03674,Female,59.0,3.0,Analyst,2023-01-15,500000,
3675,EMP03675,Female,22.0,1.0,Manager,2023-01-15,600000,
3676,EMP03676,Unknow,53.0,,QA,,600000,
3677,EMP03677,Female,59.0,20.0,Manager,,600000,
3678,EMP03678,Male,58.0,14.0,HR,2025-07-01,500000,
3679,EMP03679,Male,49.0,2.0,Manager,,600000,
3680,EMP03680,Unknow,39.0,7.0,Engineer,2023-01-15,500000,
3681,EMP03681,Female,56.0,4.0,Intern,2025-07-01,600000,
3682,EMP03682,Female,34.0,20.0,HR,2023-01-15,500000,emp3682@mail.com
3683,EMP03683,Unknow,38.0,1.0,QA,2023-01-15,600000,
3684,EMP03684,Unknow,22.0,7.0,QA,2023-01-15,350000,emp3684@mail.com
3685,EMP03685,Male,50.0,19.0,QA,,350000,emp3685@mail.com
3686,EMP03686,Unknow,48.0,16.0,Engineer,2023-01-15,600000,
3687,EMP03687,Male,49.0,2.0,QA,2023-01-15,800000,
3688,EMP03688,Male,42.0,17.0,Manager,2025-07-01,600000,
3689,EMP03689,Female,21.0,17.0,Intern,2023-01-15,600000,
3690,EMP03690,Male,47.0,6.0,Intern,,600000,
3691,EMP03691,Female,40.0,3.0,Manager,2025-07-01,800000,emp3691@mail.com
3692,EMP03692,Male,34.0,17.0,QA,,600000,
3693,EMP03693,Male,25.0,17.0,QA,,800000,
3694,EMP03694,Unknow,53.0,6.0,Engineer,2023-01-15,600000,emp3694@mail.com
3695,EMP03695,Female,40.0,19.0,Manager,2025-07-01,600000,
3696,EMP03696,Female,38.0,8.0,Engineer,,350000,emp3696@mail.com
3697,EMP03697,Male,32.0,4.0,Manager,,500000,
3698,EMP03698,Female,28.0,1.0,Manager,2025-07-01,600000,emp3698@mail.com
3699,EMP03699,Female,53.0,11.0,HR,,800000,
3700,EMP03700,Male,59.0,8.0,QA,2025-07-01,350000,
3701,EMP03701,Male,47.0,13.0,Analyst,,800000,
3702,EMP03702,Female,22.0,99.0,QA,,800000,
3703,EMP03703,Unknow,27.0,15.0,Engineer,2025-07-01,500000,
3704,EMP03704,Female,41.0,10.0,HR,,800000,
3705,EMP03705,Female,23.0,4.0,Manager,2023-01-15,350000,emp3705@mail.com
3706,EMP03706,Male,58.0,14.0,Analyst,2023-01-15,600000,
3707,EMP03707,Unknow,22.0,12.0,Manager,2025-07-01,800000,
3708,EMP03708,Male,20.0,10.0,QA,2025-07-01,800000,
3709,EMP03709,Male,53.0,14.0,Manager,,350000,
3710,EMP03710,Female,26.0,4.0,Engineer,2025-07-01,600000,
3711,EMP03711,Female,33.0,14.0,Intern,2025-07-01,800000,
3712,EMP03712,Male,49.0,14.0,HR,,600000,
3713,EMP03713,Male,27.0,6.0,HR,,500000,
3714,EMP03714,Female,29.0,16.0,Intern,,350000,emp3714@mail.com
3715,EMP03715,Male,53.0,15.0,Analyst,2025-07-01,350000,emp3715@mail.com
3716,EMP03716,Female,29.0,4.0,Intern,2023-01-15,600000,
3717,EMP03717,Unknow,21.0,19.0,Manager,2025-07-01,800000,
3718,EMP03718,Female,20.0,20.0,Engineer,2023-01-15,600000,emp3718@mail.com
3719,EMP03719,Unknow,46.0,18.0,Manager,,500000,
3720,EMP03720,Male,40.0,20.0,Manager,2025-07-01,600000,emp3720@mail.com
3721,EMP03721,Female,49.0,12.0,Analyst,,600000,
3722,EMP03722,Male,58.0,4.0,Engineer,,500000,emp3722@mail.com
3723,EMP03723,Male,47.0,16.0,Engineer,2025-07-01,350000,emp3723@mail.com
3724,EMP03724,Male,36.0,3.0,HR,,600000,
3725,EMP03725,Unknow,45.0,5.0,HR,,600000,emp3725@mail.com
3726,EMP03726,Unknow,25.0,13.0,Analyst,,800000,emp3726@mail.com
3727,EMP03727,Male,25.0,13.0,HR,,350000,
3728,EMP03728,Unknow,40.0,19.0,Engineer,2023-01-15,500000,
3729,EMP03729,Female,52.0,15.0,QA,,350000,emp3729@mail.com
3730,EMP03730,Female,43.0,9.0,Analyst,,350000,
3731,EMP03731,Male,20.0,9.0,Analyst,2025-07-01,800000,
3732,EMP03732,Unknow,47.0,15.0,QA,2025-07-01,500000,
3733,EMP03733,Unknow,40.0,16.0,QA,,350000,emp3733@mail.com
3734,EMP03734,Male,43.0,7.0,Analyst,2023-01-15,500000,
3735,EMP03735,Unknow,45.0,99.0,Manager,,800000,emp3735@mail.com
3736,EMP03736,Female,38.0,16.0,HR,,600000,
3737,EMP03737,Male,38.0,1.0,HR,2023-01-15,350000,emp3737@mail.com
3738,EMP03738,Male,38.0,2.0,Intern,,800000,emp3738@mail.com
3739,EMP03739,Male,36.0,19.0,HR,,600000,
3740,EMP03740,Male,58.0,15.0,Analyst,2025-07-01,500000,emp3740@mail.com
3741,EMP03741,Unknow,50.0,5.0,QA,2023-01-15,500000,
3742,EMP03742,Male,58.0,11.0,QA,,500000,
3743,EMP03743,Female,22.0,12.0,Manager,,500000,
3744,EMP03744,Male,60.0,10.0,Engineer,,500000,
3745,EMP03745,Male,56.0,2.0,Intern,2023-01-15,350000,
3746,EMP03746,Female,48.0,99.0,Analyst,,500000,
3747,EMP03747,Male,58.0,,Manager,2025-07-01,600000,emp3747@mail.com
3748,EMP03748,Male,23.0,2.0,Intern,,600000,emp3748@mail.com
3749,EMP03749,Unknow,34.0,3.0,Manager,,600000,
3750,EMP03750,Female,21.0,7.0,QA,,350000,
3751,EMP03751,Unknow,22.0,7.0,Engineer,2023-01-15,600000,
3752,EMP03752,Male,46.0,13.0,QA,,500000,
3753,EMP03753,Female,40.0,99.0,QA,,500000,emp3753@mail.com
3754,EMP03754,Female,28.0,2.0,QA,2025-07-01,500000,
3755,EMP03755,Unknow,54.0,19.0,Engineer,,500000,emp3755@mail.com
3756,EMP03756,Male,37.0,14.0,Manager,,600000,emp3756@mail.com
3757,EMP03757,Female,39.0,5.0,Engineer,,350000,
3758,EMP03758,Male,33.0,17.0,HR,2025-07-01,600000,
3759,EMP03759,Male,30.0,99.0,Engineer,2023-01-15,600000,
3760,EMP03760,Male,40.0,6.0,Manager,,600000,emp3760@mail.com
3761,EMP03761,Female,27.0,11.0,Engineer,2025-07-01,800000,emp3761@mail.com
3762,EMP03762,Female,59.0,8.0,Analyst,,500000,
3763,EMP03763,Female,20.0,12.0,Analyst,,600000,emp3763@mail.com
3764,EMP03764,Female,34.0,13.0,QA,,500000,emp3764@mail.com
3765,EMP03765,Male,49.0,99.0,Engineer,,500000,emp3765@mail.com
3766,EMP03766,Male,49.0,7.0,Intern,,500000,
3767,EMP03767,Female,47.0,14.0,Manager,2025-07-01,600000,
3768,EMP03768,Male,42.0,1.0,QA,2023-01-15,500000,
3769,EMP03769,Male,59.0,8.0,Analyst,2023-01-15,350000,emp3769@mail.com
3770,EMP03770,Male,55.0,,Intern,,600000,emp3770@mail.com
3771,EMP03771,Male,40.0,12.0,Analyst,2025-07-01,800000,
3772,EMP03772,Male,59.0,,Intern,,600000,
3773,EMP03773,Unknow,25.0,16.0,QA,2023-01-15,800000,emp3773@mail.com
3774,EMP03774,Male,59.0,13.0,Intern,,500000,
3775,EMP03775,Male,39.0,4.0,Manager,2023-01-15,600000,
3776,EMP03776,Male,36.0,6.0,Manager,,350000,emp3776@mail.com
3777,EMP03777,Unknow,36.0,16.0,QA,,800000,
3778,EMP03778,Female,55.0,17.0,HR,2023-01-15,600000,
3779,EMP03779,Male,34.0,1.0,Engineer,2025-07-01,500000,
3780,EMP03780,Male,45.0,18.0,QA,,600000,
3781,EMP03781,Male,36.0,4.0,Analyst,,600000,emp3781@mail.com
3782,EMP03782,Unknow,23.0,11.0,HR,,600000,
3783,EMP03783,Female,40.0,10.0,Manager,,500000,
3784,EMP03784,Female,38.0,9.0,Manager,2023-01-15,800000,
3785,EMP03785,Male,33.0,13.0,Manager,2023-01-15,600000,
3786,EMP03786,Male,50.0,8.0,Analyst,2023-01-15,500000,emp3786@mail.com
3787,EMP03787,Female,44.0,9.0,Manager,2025-07-01,500000,
3788,EMP03788,Female,49.0,17.0,HR,2025-07-01,500000,
3789,EMP03789,Female,46.0,,Manager,,600000,
3790,EMP03790,Male,47.0,6.0,Manager,2023-01-15,600000,
3791,EMP03791,Male,53.0,4.0,Analyst,2023-01-15,600000,
3792,EMP03792,Unknow,60.0,3.0,Engineer,2023-01-15,350000,
3793,EMP03793,Female,29.0,4.0,Engineer,,600000,
3794,EMP03794,Male,43.0,99.0,Manager,,600000,emp3794@mail.com
3795,EMP03795,Unknow,57.0,19.0,QA,,350000,emp3795@mail.com
3796,EMP03796,Unknow,20.0,20.0,Engineer,2025-07-01,600000,
3797,EMP03797,Male,59.0,9.0,QA,,500000,
3798,EMP03798,Male,58.0,5.0,HR,,500000,
3799,EMP03799,Male,28.0,2.0,Manager,2025-07-01,600000,
3800,EMP03800,Male,40.0,8.0,Manager,,500000,emp3800@mail.com
3801,EMP03801,Unknow,54.0,14.0,Analyst,2025-07-01,800000,emp3801@mail.com
3802,EMP03802,Male,53.0,4.0,Engineer,,350000,
3803,EMP03803,Male,48.0,,Engineer,,600000,
3804,EMP03804,Male,46.0,15.0,Analyst,,500000,emp3804@mail.com
3805,EMP03805,Male,40.0,7.0,Manager,2023-01-15,600000,emp3805@mail.com
3806,EMP03806,Unknow,28.0,3.0,Engineer,2023-01-15,600000,emp3806@mail.com
3807,EMP03807,Unknow,43.0,15.0,Intern,,350000,emp3807@mail.com
3808,EMP03808,Female,28.0,13.0,Analyst,,800000,
3809,EMP03809,Unknow,32.0,12.0,Manager,2025-07-01,350000,emp3809@mail.com
3810,EMP03810,Male,24.0,6.0,Analyst,2023-01-15,600000,
3811,EMP03811,Male,50.0,99.0,Engineer,,600000,
3812,EMP03812,Female,31.0,17.0,Intern,,800000,emp3812@mail.com
3813,EMP03813,Female,33.0,12.0,Manager,2023-01-15,600000,
3814,EMP03814,Female,57.0,99.0,HR,2023-01-15,600000,emp3814@mail.com
3815,EMP03815,Male,56.0,20.0,QA,,500000,emp3815@mail.com
3816,EMP03816,Female,49.0,15.0,HR,2025-07-01,500000,
3817,EMP03817,Unknow,57.0,12.0,HR,,600000,
3818,EMP03818,Male,49.0,6.0,HR,2023-01-15,350000,
3819,EMP03819,Male,33.0,8.0,Intern,2023-01-15,350000,emp3819@mail.com
3820,EMP03820,Male,39.0,13.0,Analyst,,500000,
3821,EMP03821,Male,29.0,1.0,HR,,600000,
3822,EMP03822,Unknow,52.0,9.0,Intern,,500000,emp3822@mail.com
3823,EMP03823,Male,52.0,5.0,Manager,,500000,
3824,EMP03824,Male,55.0,14.0,Manager,,500000,
3825,EMP03825,Male,32.0,99.0,Intern,2023-01-15,600000,
3826,EMP03826,Female,50.0,2.0,Manager,2023-01-15,600000,
3827,EMP03827,Female,22.0,99.0,Intern,,800000,emp3827@mail.com
3828,EMP03828,Female,35.0,,QA,,600000,
3829,EMP03829,Unknow,46.0,10.0,Manager,,350000,
3830,EMP03830,Male,36.0,18.0,QA,2025-07-01,350000,
3831,EMP03831,Female,51.0,4.0,Engineer,,600000,emp3831@mail.com
3832,EMP03832,Male,58.0,14.0,HR,,350000,emp3832@mail.com
3833,EMP03833,Male,41.0,12.0,HR,,500000,
3834,EMP03834,Male,33.0,5.0,Analyst,2023-01-15,600000,
3835,EMP03835,Female,36.0,,HR,,600000,
3836,EMP03836,Male,40.0,1.0,Intern,,800000,
3837,EMP03837,Male,27.0,5.0,Intern,,500000,emp3837@mail.com
3838,EMP03838,Unknow,25.0,8.0,Engineer,,350000,emp3838@mail.com
3839,EMP03839,Unknow,30.0,99.0,QA,2023-01-15,350000,
3840,EMP03840,Female,39.0,13.0,Engineer,2025-07-01,600000,emp3840@mail.com
3841,EMP03841,Unknow,37.0,11.0,Intern,,350000,
3842,EMP03842,Male,48.0,16.0,Intern,2023-01-15,600000,
3843,EMP03843,Female,52.0,14.0,Analyst,2023-01-15,600000,emp3843@mail.com
3844,EMP03844,Female,54.0,18.0,Intern,,800000,
3845,EMP03845,Female,50.0,16.0,HR,2023-01-15,500000,
3846,EMP03846,Male,21.0,12.0,Manager,2023-01-15,600000,
3847,EMP03847,Female,41.0,3.0,Intern,,800000,emp3847@mail.com
3848,EMP03848,Male,44.0,13.0,Manager,,600000,
3849,EMP03849,Unknow,28.0,17.0,Manager,2023-01-15,600000,
3850,EMP03850,Unknow,39.0,9.0,Manager,,500000,
3851,EMP03851,Female,42.0,12.0,Engineer,2025-07-01,600000,emp3851@mail.com
3852,EMP03852,Female,47.0,15.0,Manager,2023-01-15,500000,
3853,EMP03853,Unknow,42.0,12.0,QA,2023-01-15,800000,
3854,EMP03854,Male,27.0,99.0,HR,2023-01-15,350000,emp3854@mail.com
3855,EMP03855,Unknow,44.0,20.0,Intern,,350000,emp3855@mail.com
3856,EMP03856,Male,53.0,,Engineer,2025-07-01,600000,
3857,EMP03857,Male,26.0,11.0,Analyst,,350000,emp3857@mail.com
3858,EMP03858,Male,39.0,17.0,Intern,,500000,
3859,EMP03859,Female,37.0,4.0,QA,2023-01-15,600000,
3860,EMP03860,Female,59.0,15.0,HR,,500000,
3861,EMP03861,Male,51.0,4.0,Manager,,600000,
3862,EMP03862,Male,36.0,6.0,Manager,2023-01-15,600000,
3863,EMP03863,Female,40.0,5.0,Engineer,2025-07-01,500000,
3864,EMP03864,Male,24.0,3.0,QA,,600000,
3865,EMP03865,Male,55.0,,QA,,600000,
3866,EMP03866,Female,52.0,14.0,Engineer,2025-07-01,350000,
3867,EMP03867,Female,24.0,2.0,Analyst,2025-07-01,600000,
3868,EMP03868,Male,54.0,6.0,Engineer,2025-07-01,600000,
3869,EMP03869,Unknow,40.0,4.0,Analyst,,600000,
3870,EMP03870,Female,54.0,99.0,Intern,2023-01-15,800000,emp3870@mail.com
3871,EMP03871,Male,26.0,12.0,Analyst,,800000,
3872,EMP03872,Female,39.0,12.0,Manager,,600000,
3873,EMP03873,Unknow,21.0,3.0,QA,,600000,emp3873@mail.com
3874,EMP03874,Female,26.0,,Intern,,600000,
3875,EMP03875,Female,30.0,4.0,Analyst,,350000,
3876,EMP03876,Male,56.0,19.0,QA,,600000,
3877,EMP03877,Male,50.0,99.0,Manager,,500000,
3878,EMP03878,Unknow,50.0,,Engineer,,600000,emp3878@mail.com
3879,EMP03879,Female,54.0,8.0,Manager,2023-01-15,800000,
3880,EMP03880,Unknow,43.0,11.0,Intern,,500000,emp3880@mail.com
3881,EMP03881,Male,28.0,1.0,HR,2023-01-15,600000,
3882,EMP03882,Male,23.0,10.0,Manager,,350000,
3883,EMP03883,Female,37.0,7.0,Analyst,,350000,
3884,EMP03884,Female,31.0,6.0,Manager,2023-01-15,600000,
3885,EMP03885,Unknow,53.0,17.0,Manager,2023-01-15,600000,
3886,EMP03886,Unknow,24.0,5.0,HR,,500000,
3887,EMP03887,Male,59.0,9.0,HR,2023-01-15,350000,emp3887@mail.com
3888,EMP03888,Female,43.0,5.0,Intern,2025-07-01,500000,emp3888@mail.com
3889,EMP03889,Female,42.0,17.0,Engineer,,600000,
3890,EMP03890,Female,40.0,18.0,Analyst,2025-07-01,600000,
3891,EMP03891,Male,30.0,,Manager,2023-01-15,600000,
3892,EMP03892,Male,31.0,17.0,Manager,2023-01-15,600000,
3893,EMP03893,Unknow,39.0,3.0,Analyst,,350000,
3894,EMP03894,Male,41.0,,HR,,600000,
3895,EMP03895,Female,22.0,10.0,Intern,,350000,
3896,EMP03896,Unknow,39.0,8.0,Manager,,350000,
3897,EMP03897,Unknow,56.0,17.0,HR,,800000,
3898,EMP03898,Female,37.0,14.0,QA,,350000,
3899,EMP03899,Female,49.0,19.0,Manager,,600000,
3900,EMP03900,Male,33.0,99.0,HR,,800000,
3901,EMP03901,Male,37.0,6.0,Analyst,,600000,
3902,EMP03902,Female,31.0,7.0,Manager,,500000,
3903,EMP03903,Male,56.0,10.0,QA,2023-01-15,600000,
3904,EMP03904,Male,49.0,6.0,Manager,,600000,
3905,EMP03905,Male,20.0,99.0,QA,,600000,
3906,EMP03906,Male,45.0,14.0,Analyst,2023-01-15,600000,
3907,EMP03907,Unknow,20.0,17.0,Engineer,2023-01-15,600000,emp3907@mail.com
3908,EMP03908,Female,48.0,20.0,HR,,500000,
3909,EMP03909,Male,40.0,20.0,Engineer,,600000,
3910,EMP03910,Female,40.0,17.0,QA,,500000,
3911,EMP03911,Male,37.0,1.0,HR,2023-01-15,600000,
3912,EMP03912,Female,53.0,16.0,QA,,600000,
3913,EMP03913,Male,35.0,1.0,QA,,350000,emp3913@mail.com
3914,EMP03914,Unknow,25.0,11.0,HR,2023-01-15,500000,
3915,EMP03915,Male,32.0,6.0,Engineer,,600000,emp3915@mail.com
3916,EMP03916,Unknow,55.0,11.0,Manager,,600000,
3917,EMP03917,Unknow,40.0,1.0,QA,2025-07-01,600000,emp3917@mail.com
3918,EMP03918,Male,40.0,4.0,Manager,,600000,
3919,EMP03919,Unknow,49.0,,Analyst,2025-07-01,600000,
3920,EMP03920,Male,57.0,12.0,Intern,,800000,
3921,EMP03921,Male,52.0,19.0,QA,,600000,
3922,EMP03922,Female,25.0,15.0,Manager,2025-07-01,500000,emp3922@mail.com
3923,EMP03923,Female,42.0,18.0,Engineer,,600000,
3924,EMP03924,Unknow,48.0,5.0,Analyst,2023-01-15,600000,
3925,EMP03925,Male,40.0,11.0,HR,,800000,
3926,EMP03926,Male,40.0,20.0,Engineer,,350000,
3927,EMP03927,Female,43.0,3.0,Manager,2023-01-15,600000,
3928,EMP03928,Male,58.0,20.0,HR,2023-01-15,600000,
3929,EMP03929,Male,41.0,8.0,Intern,2025-07-01,800000,
3930,EMP03930,Male,47.0,10.0,HR,,600000,
3931,EMP03931,Unknow,35.0,2.0,Analyst,,350000,
3932,EMP03932,Unknow,32.0,19.0,Manager,,600000,
3933,EMP03933,Male,23.0,6.0,Intern,2025-07-01,600000,
3934,EMP03934,Male,34.0,18.0,QA,,800000,
3935,EMP03935,Male,39.0,7.0,QA,2023-01-15,500000,
3936,EMP03936,Unknow,32.0,11.0,QA,2023-01-15,800000,
3937,EMP03937,Unknow,40.0,1.0,HR,2025-07-01,350000,
3938,EMP03938,Male,46.0,10.0,Engineer,,350000,
3939,EMP03939,Female,38.0,15.0,QA,2025-07-01,600000,
3940,EMP03940,Male,57.0,12.0,Intern,,500000,
3941,EMP03941,Unknow,54.0,4.0,Manager,2025-07-01,800000,
3942,EMP03942,Male,21.0,14.0,Engineer,2025-07-01,600000,emp3942@mail.com
3943,EMP03943,Female,28.0,17.0,Intern,2023-01-15,350000,
3944,EMP03944,Female,60.0,18.0,HR,2023-01-15,500000,
3945,EMP03945,Male,48.0,6.0,HR,,600000,
3946,EMP03946,Male,39.0,14.0,QA,,600000,emp3946@mail.com
3947,EMP03947,Male,24.0,5.0,Manager,2025-07-01,500000,emp3947@mail.com
3948,EMP03948,Male,36.0,2.0,Analyst,2023-01-15,600000,
3949,EMP03949,Male,59.0,6.0,Analyst,2025-07-01,350000,
3950,EMP03950,Male,40.0,14.0,QA,2023-01-15,600000,emp3950@mail.com
3951,EMP03951,Male,40.0,3.0,Analyst,,600000,
3952,EMP03952,Unknow,45.0,7.0,QA,,800000,
3953,EMP03953,Unknow,21.0,,Intern,2023-01-15,600000,
3954,EMP03954,Female,28.0,13.0,Intern,2025-07-01,500000,
3955,EMP03955,Male,24.0,3.0,HR,,800000,
3956,EMP03956,Male,59.0,13.0,Analyst,2023-01-15,600000,
3957,EMP03957,Unknow,52.0,10.0,Analyst,2025-07-01,600000,
3958,EMP03958,Male,40.0,12.0,QA,2025-07-01,350000,
3959,EMP03959,Male,25.0,6.0,Manager,,600000,
3960,EMP03960,Unknow,39.0,18.0,Analyst,,350000,
3961,EMP03961,Female,40.0,2.0,Engineer,2023-01-15,600000,emp3961@mail.com
3962,EMP03962,Unknow,25.0,19.0,QA,2025-07-01,500000,emp3962@mail.com
3963,EMP03963,Male,36.0,12.0,Intern,2025-07-01,600000,
3964,EMP03964,Male,36.0,6.0,Intern,2025-07-01,800000,
3965,EMP03965,Unknow,47.0,5.0,HR,2025-07-01,600000,
3966,EMP03966,Male,40.0,17.0,Intern,,500000,
3967,EMP03967,Male,33.0,,HR,,600000,
3968,EMP03968,Female,24.0,13.0,Manager,2023-01-15,500000,
3969,EMP03969,Unknow,40.0,3.0,HR,,600000,
3970,EMP03970,Unknow,42.0,3.0,QA,,600000,
3971,EMP03971,Female,39.0,3.0,Engineer,,350000,
3972,EMP03972,Female,51.0,19.0,Analyst,2023-01-15,600000,
3973,EMP03973,Male,27.0,1.0,Engineer,,500000,
3974,EMP03974,Male,46.0,2.0,QA,2025-07-01,600000,
3975,EMP03975,Male,54.0,4.0,Intern,2025-07-01,600000,
3976,EMP03976,Female,26.0,18.0,Engineer,,500000,
3977,EMP03977,Male,58.0,5.0,Analyst,,500000,
3978,EMP03978,Male,35.0,2.0,Manager,,600000,
3979,EMP03979,Male,40.0,15.0,Manager,2023-01-15,800000,
3980,EMP03980,Female,22.0,3.0,HR,,500000,emp3980@mail.com
3981,EMP03981,Male,24.0,12.0,HR,2023-01-15,600000,
3982,EMP03982,Male,50.0,3.0,HR,,600000,
3983,EMP03983,Female,52.0,16.0,Engineer,,600000,emp3983@mail.com
3984,EMP03984,Male,55.0,17.0,Engineer,,350000,emp3984@mail.com
3985,EMP03985,Unknow,37.0,14.0,Manager,,600000,
3986,EMP03986,Male,50.0,16.0,Manager,2023-01-15,350000,
3987,EMP03987,Male,37.0,11.0,HR,,500000,
3988,EMP03988,Male,37.0,4.0,Manager,2023-01-15,800000,
3989,EMP03989,Unknow,45.0,10.0,Analyst,,350000,
3990,EMP03990,Female,48.0,11.0,Analyst,,350000,
3991,EMP03991,Female,25.0,13.0,Analyst,2025-07-01,500000,
3992,EMP03992,Unknow,36.0,3.0,Engineer,2023-01-15,800000,
3993,EMP03993,Male,39.0,4.0,Analyst,,800000,
3994,EMP03994,Unknow,54.0,19.0,Analyst,,350000,
3995,EMP03995,Female,53.0,10.0,Manager,2023-01-15,600000,
3996,EMP03996,Unknow,40.0,11.0,QA,,500000,
3997,EMP03997,Female,21.0,13.0,HR,,500000,
3998,EMP03998,Unknow,22.0,10.0,QA,,350000,
3999,EMP03999,Male,37.0,2.0,Engineer,2025-07-01,500000,
4000,EMP04000,Female,28.0,4.0,Engineer,2023-01-15,600000,
4001,EMP04001,Male,38.0,14.0,QA,,600000,
4002,EMP04002,Female,60.0,15.0,Analyst,2023-01-15,500000,
4003,EMP04003,Male,40.0,9.0,Intern,,500000,emp4003@mail.com
4004,EMP04004,Female,36.0,12.0,HR,2025-07-01,600000,
4005,EMP04005,Male,57.0,16.0,Engineer,,600000,
4006,EMP04006,Female,49.0,12.0,QA,,500000,emp4006@mail.com
4007,EMP04007,Male,53.0,18.0,Engineer,,350000,
4008,EMP04008,Male,35.0,5.0,Engineer,,600000,
4009,EMP04009,Male,56.0,7.0,QA,2023-01-15,800000,emp4009@mail.com
4010,EMP04010,Male,54.0,9.0,Manager,,350000,
4011,EMP04011,Female,31.0,15.0,Engineer,2023-01-15,800000,emp4011@mail.com
4012,EMP04012,Female,38.0,1.0,Manager,2025-07-01,500000,emp4012@mail.com
4013,EMP04013,Female,46.0,1.0,HR,2025-07-01,600000,emp4013@mail.com
4014,EMP04014,Male,40.0,13.0,Manager,2025-07-01,500000,emp4014@mail.com
4015,EMP04015,Female,45.0,1.0,Intern,,800000,
4016,EMP04016,Male,29.0,13.0,HR,,500000,emp4016@mail.com
4017,EMP04017,Unknow,22.0,19.0,HR,,350000,
4018,EMP04018,Female,36.0,7.0,Manager,,500000,emp4018@mail.com
4019,EMP04019,Male,53.0,4.0,HR,2025-07-01,800000,emp4019@mail.com
4020,EMP04020,Female,44.0,11.0,Manager,,500000,emp4020@mail.com
4021,EMP04021,Male,40.0,8.0,Manager,2025-07-01,800000,
4022,EMP04022,Female,44.0,17.0,Manager,,600000,emp4022@mail.com
4023,EMP04023,Male,49.0,4.0,QA,,600000,emp4023@mail.com
4024,EMP04024,Unknow,40.0,10.0,HR,,600000,emp4024@mail.com
4025,EMP04025,Male,28.0,10.0,Engineer,,600000,
4026,EMP04026,Unknow,39.0,11.0,Engineer,2025-07-01,500000,
4027,EMP04027,Male,28.0,11.0,Engineer,2023-01-15,600000,emp4027@mail.com
4028,EMP04028,Male,25.0,18.0,HR,,600000,
4029,EMP04029,Male,35.0,10.0,Intern,,600000,emp4029@mail.com
4030,EMP04030,Female,43.0,16.0,Analyst,,500000,
4031,EMP04031,Male,30.0,,Analyst,,600000,
4032,EMP04032,Female,54.0,18.0,Engineer,,500000,
4033,EMP04033,Male,41.0,12.0,Intern,,600000,
4034,EMP04034,Male,49.0,3.0,HR,2025-07-01,600000,emp4034@mail.com
4035,EMP04035,Unknow,44.0,1.0,QA,2025-07-01,600000,
4036,EMP04036,Male,40.0,17.0,QA,2023-01-15,600000,
4037,EMP04037,Male,33.0,9.0,QA,2023-01-15,350000,
4038,EMP04038,Female,33.0,11.0,Intern,,500000,
4039,EMP04039,Female,37.0,2.0,Manager,,600000,
4040,EMP04040,Female,45.0,2.0,QA,,600000,
4041,EMP04041,Female,30.0,19.0,Intern,2025-07-01,500000,
4042,EMP04042,Male,50.0,,Analyst,2023-01-15,600000,
4043,EMP04043,Male,52.0,12.0,Intern,2025-07-01,350000,
4044,EMP04044,Female,40.0,12.0,QA,2025-07-01,600000,
4045,EMP04045,Male,57.0,8.0,Analyst,,800000,emp4045@mail.com
4046,EMP04046,Unknow,40.0,7.0,Manager,,350000,
4047,EMP04047,Male,23.0,99.0,HR,2023-01-15,500000,emp4047@mail.com
4048,EMP04048,Male,27.0,9.0,Manager,,800000,emp4048@mail.com
4049,EMP04049,Female,30.0,18.0,Manager,,350000,
4050,EMP04050,Female,20.0,4.0,Manager,,600000,
4051,EMP04051,Male,45.0,18.0,QA,2025-07-01,600000,
4052,EMP04052,Male,40.0,12.0,QA,,500000,
4053,EMP04053,Unknow,37.0,9.0,Engineer,,600000,
4054,EMP04054,Female,38.0,7.0,QA,2023-01-15,800000,emp4054@mail.com
4055,EMP04055,Unknow,20.0,9.0,Engineer,2023-01-15,800000,
4056,EMP04056,Male,28.0,17.0,HR,2025-07-01,600000,
4057,EMP04057,Female,60.0,99.0,QA,,500000,
4058,EMP04058,Female,47.0,1.0,HR,2023-01-15,600000,
4059,EMP04059,Male,37.0,99.0,HR,2023-01-15,500000,
4060,EMP04060,Female,41.0,8.0,Intern,,800000,
4061,EMP04061,Male,51.0,12.0,Engineer,2025-07-01,600000,
4062,EMP04062,Male,40.0,,Analyst,,600000,
4063,EMP04063,Unknow,56.0,6.0,QA,2025-07-01,800000,
4064,EMP04064,Female,47.0,99.0,QA,,500000,
4065,EMP04065,Female,55.0,8.0,Manager,,500000,
4066,EMP04066,Unknow,34.0,20.0,Analyst,,600000,
4067,EMP04067,Female,40.0,3.0,QA,2025-07-01,350000,
4068,EMP04068,Female,21.0,4.0,Analyst,2023-01-15,600000,
4069,EMP04069,Female,38.0,9.0,Intern,,350000,
4070,EMP04070,Male,40.0,7.0,Manager,,500000,
4071,EMP04071,Male,60.0,10.0,Manager,2023-01-15,350000,
4072,EMP04072,Unknow,24.0,16.0,Manager,,600000,
4073,EMP04073,Female,57.0,15.0,Engineer,2025-07-01,350000,
4074,EMP04074,Male,29.0,15.0,QA,,500000,
4075,EMP04075,Male,28.0,7.0,Engineer,2023-01-15,500000,emp4075@mail.com
4076,EMP04076,Male,56.0,15.0,Intern,2025-07-01,800000,
4077,EMP04077,Male,48.0,15.0,Engineer,2025-07-01,500000,
4078,EMP04078,Female,26.0,,QA,,600000,emp4078@mail.com
4079,EMP04079,Unknow,54.0,13.0,Intern,,600000,
4080,EMP04080,Unknow,31.0,,Manager,,600000,
4081,EMP04081,Male,35.0,16.0,Engineer,2025-07-01,600000,
4082,EMP04082,Male,28.0,4.0,QA,2025-07-01,600000,emp4082@mail.com
4083,EMP04083,Male,43.0,99.0,QA,,500000,
4084,EMP04084,Female,50.0,11.0,Engineer,,350000,
4085,EMP04085,Female,30.0,6.0,Intern,,350000,
4086,EMP04086,Male,25.0,12.0,Intern,,600000,
4087,EMP04087,Unknow,27.0,11.0,Analyst,,800000,
4088,EMP04088,Female,22.0,,Manager,,600000,
4089,EMP04089,Male,57.0,13.0,Engineer,2025-07-01,600000,
4090,EMP04090,Unknow,21.0,15.0,Engineer,,500000,
4091,EMP04091,Female,28.0,11.0,QA,,600000,emp4091@mail.com
4092,EMP04092,Male,21.0,2.0,Intern,2025-07-01,350000,emp4092@mail.com
4093,EMP04093,Unknow,31.0,8.0,Intern,,500000,
4094,EMP04094,Female,54.0,6.0,Intern,2023-01-15,500000,emp4094@mail.com
4095,EMP04095,Male,37.0,9.0,QA,,500000,
4096,EMP04096,Male,34.0,99.0,Intern,,800000,
4097,EMP04097,Female,44.0,7.0,Engineer,2025-07-01,350000,
4098,EMP04098,Male,30.0,,Intern,2023-01-15,600000,
4099,EMP04099,Female,49.0,8.0,HR,,600000,
4100,EMP04100,Unknow,50.0,3.0,Manager,2025-07-01,500000,
4101,EMP04101,Male,45.0,12.0,HR,2023-01-15,600000,emp4101@mail.com
4102,EMP04102,Female,20.0,19.0,Engineer,2023-01-15,600000,emp4102@mail.com
4103,EMP04103,Unknow,40.0,7.0,Engineer,2023-01-15,500000,
4104,EMP04104,Female,56.0,9.0,Analyst,,500000,
4105,EMP04105,Male,59.0,5.0,QA,2025-07-01,350000,
4106,EMP04106,Unknow,57.0,6.0,Manager,,600000,
4107,EMP04107,Female,35.0,20.0,HR,,800000,
4108,EMP04108,Male,59.0,6.0,HR,,600000,
4109,EMP04109,Male,60.0,2.0,Intern,2025-07-01,600000,
4110,EMP04110,Male,27.0,18.0,HR,,600000,
4111,EMP04111,Female,36.0,17.0,Analyst,,800000,
4112,EMP04112,Male,52.0,20.0,Analyst,,350000,
4113,EMP04113,Female,48.0,13.0,HR,,800000,emp4113@mail.com
4114,EMP04114,Female,49.0,1.0,Manager,2023-01-15,500000,emp4114@mail.com
4115,EMP04115,Male,28.0,,HR,,600000,
4116,EMP04116,Male,36.0,,Manager,,600000,
4117,EMP04117,Female,54.0,17.0,Analyst,2025-07-01,600000,
4118,EMP04118,Unknow,37.0,8.0,Manager,,600000,
4119,EMP04119,Female,30.0,,Engineer,2023-01-15,600000,
4120,EMP04120,Male,46.0,99.0,HR,2023-01-15,500000,
4121,EMP04121,Female,53.0,8.0,HR,2025-07-01,500000,
4122,EMP04122,Male,26.0,2.0,HR,2023-01-15,500000,
4123,EMP04123,Female,23.0,12.0,QA,2025-07-01,350000,
4124,EMP04124,Unknow,40.0,20.0,QA,,600000,
4125,EMP04125,Male,44.0,14.0,Intern,,800000,
4126,EMP04126,Male,60.0,7.0,Manager,,500000,emp4126@mail.com
4127,EMP04127,Unknow,36.0,,Engineer,,600000,
4128,EMP04128,Female,59.0,12.0,Manager,,350000,emp4128@mail.com
4129,EMP04129,Unknow,40.0,16.0,Analyst,2025-07-01,350000,
4130,EMP04130,Female,50.0,13.0,Manager,2023-01-15,350000,
4131,EMP04131,Male,52.0,13.0,HR,,500000,
4132,EMP04132,Male,54.0,10.0,Analyst,,350000,
4133,EMP04133,Male,38.0,3.0,HR,2023-01-15,600000,
4134,EMP04134,Male,40.0,3.0,HR,,600000,
4135,EMP04135,Male,51.0,12.0,Analyst,,600000,
4136,EMP04136,Female,28.0,16.0,Analyst,2023-01-15,500000,
4137,EMP04137,Male,49.0,6.0,Manager,,800000,
4138,EMP04138,Male,24.0,2.0,Manager,2023-01-15,500000,emp4138@mail.com
4139,EMP04139,Unknow,41.0,12.0,HR,2025-07-01,800000,emp4139@mail.com
4140,EMP04140,Male,51.0,20.0,Analyst,,800000,
4141,EMP04141,Male,24.0,3.0,Manager,2025-07-01,600000,
4142,EMP04142,Male,40.0,14.0,Analyst,2023-01-15,600000,
4143,EMP04143,Female,21.0,7.0,Engineer,2025-07-01,800000,
4144,EMP04144,Female,55.0,20.0,QA,,600000,
4145,EMP04145,Female,46.0,9.0,Analyst,,500000,
4146,EMP04146,Male,37.0,1.0,Intern,,800000,
4147,EMP04147,Male,38.0,8.0,Manager,,500000,
4148,EMP04148,Female,59.0,6.0,Intern,2023-01-15,350000,emp4148@mail.com
4149,EMP04149,Unknow,21.0,16.0,Manager,,500000,
4150,EMP04150,Unknow,45.0,99.0,Analyst,,500000,
4151,EMP04151,Male,51.0,9.0,QA,,500000,emp4151@mail.com
4152,EMP04152,Male,60.0,99.0,Engineer,,350000,
4153,EMP04153,Male,34.0,2.0,Intern,2023-01-15,350000,emp4153@mail.com
4154,EMP04154,Female,20.0,17.0,QA,2023-01-15,600000,
4155,EMP04155,Male,29.0,14.0,Manager,,500000,
4156,EMP04156,Female,55.0,15.0,Engineer,,500000,
4157,EMP04157,Female,53.0,12.0,Manager,2023-01-15,600000,
4158,EMP04158,Female,50.0,9.0,Engineer,2025-07-01,500000,
4159,EMP04159,Female,29.0,7.0,Intern,,800000,emp4159@mail.com
4160,EMP04160,Male,50.0,6.0,HR,,600000,
4161,EMP04161,Male,47.0,5.0,Analyst,,500000,
4162,EMP04162,Male,59.0,13.0,Engineer,2025-07-01,350000,
4163,EMP04163,Female,42.0,6.0,Analyst,2025-07-01,800000,
4164,EMP04164,Male,60.0,,HR,2025-07-01,600000,
4165,EMP04165,Unknow,22.0,12.0,HR,,800000,
4166,EMP04166,Female,46.0,16.0,Engineer,2023-01-15,500000,
4167,EMP04167,Unknow,21.0,18.0,Analyst,2023-01-15,500000,emp4167@mail.com
4168,EMP04168,Male,56.0,7.0,Analyst,,500000,
4169,EMP04169,Male,23.0,,QA,2023-01-15,600000,
4170,EMP04170,Male,45.0,,HR,,600000,
4171,EMP04171,Male,25.0,1.0,Intern,2025-07-01,350000,emp4171@mail.com
4172,EMP04172,Male,49.0,20.0,Intern,,800000,emp4172@mail.com
4173,EMP04173,Female,23.0,8.0,HR,2025-07-01,500000,emp4173@mail.com
4174,EMP04174,Male,40.0,3.0,Intern,2025-07-01,600000,emp4174@mail.com
4175,EMP04175,Unknow,40.0,9.0,Intern,2025-07-01,800000,
4176,EMP04176,Female,26.0,17.0,Manager,2023-01-15,600000,
4177,EMP04177,Male,33.0,,HR,,600000,
4178,EMP04178,Female,49.0,11.0,Analyst,2025-07-01,350000,
4179,EMP04179,Female,20.0,,HR,,600000,
4180,EMP04180,Male,28.0,2.0,HR,2023-01-15,600000,
4181,EMP04181,Male,57.0,8.0,HR,,600000,
4182,EMP04182,Female,32.0,19.0,Manager,,600000,
4183,EMP04183,Male,26.0,8.0,QA,,500000,
4184,EMP04184,Unknow,40.0,14.0,HR,,600000,
4185,EMP04185,Female,46.0,9.0,Manager,,350000,emp4185@mail.com
4186,EMP04186,Female,52.0,16.0,QA,,600000,
4187,EMP04187,Male,40.0,1.0,QA,,600000,emp4187@mail.com
4188,EMP04188,Female,44.0,12.0,HR,,600000,
4189,EMP04189,Unknow,38.0,14.0,HR,2025-07-01,350000,emp4189@mail.com
4190,EMP04190,Unknow,20.0,18.0,Manager,,800000,
4191,EMP04191,Unknow,45.0,3.0,Analyst,2023-01-15,600000,
4192,EMP04192,Male,58.0,,HR,,600000,emp4192@mail.com
4193,EMP04193,Female,40.0,8.0,Manager,2025-07-01,350000,
4194,EMP04194,Female,55.0,1.0,Engineer,,600000,
4195,EMP04195,Male,41.0,5.0,Engineer,2023-01-15,500000,
4196,EMP04196,Female,48.0,13.0,Analyst,,350000,
4197,EMP04197,Female,28.0,16.0,QA,2023-01-15,800000,
4198,EMP04198,Male,53.0,12.0,Engineer,,600000,emp4198@mail.com
4199,EMP04199,Male,38.0,13.0,Manager,2025-07-01,800000,
4200,EMP04200,Male,20.0,13.0,Analyst,2025-07-01,800000,
4201,EMP04201,Male,56.0,17.0,Intern,2025-07-01,600000,emp4201@mail.com
4202,EMP04202,Unknow,45.0,5.0,HR,,500000,
4203,EMP04203,Male,43.0,12.0,Engineer,,500000,
4204,EMP04204,Unknow,33.0,1.0,Engineer,,600000,emp4204@mail.com
4205,EMP04205,Male,55.0,1.0,Analyst,,600000,emp4205@mail.com
4206,EMP04206,Unknow,26.0,18.0,Analyst,2023-01-15,600000,emp4206@mail.com
4207,EMP04207,Female,22.0,4.0,Intern,,500000,
4208,EMP04208,Male,39.0,15.0,Analyst,,500000,
4209,EMP04209,Male,24.0,,Intern,,600000,
4210,EMP04210,Male,50.0,12.0,Manager,,800000,
4211,EMP04211,Unknow,54.0,11.0,Analyst,2023-01-15,350000,
4212,EMP04212,Female,55.0,20.0,Manager,2023-01-15,500000,emp4212@mail.com
4213,EMP04213,Male,40.0,14.0,Manager,2025-07-01,600000,emp4213@mail.com
4214,EMP04214,Female,54.0,16.0,Intern,,350000,
4215,EMP04215,Male,40.0,9.0,QA,,350000,
4216,EMP04216,Female,22.0,5.0,Analyst,,500000,
4217,EMP04217,Male,49.0,2.0,Analyst,2023-01-15,800000,
4218,EMP04218,Unknow,57.0,19.0,Intern,,600000,
4219,EMP04219,Male,49.0,17.0,Engineer,,500000,
4220,EMP04220,Male,31.0,1.0,HR,,600000,
4221,EMP04221,Unknow,59.0,4.0,Analyst,2023-01-15,350000,
4222,EMP04222,Female,25.0,16.0,Manager,2025-07-01,800000,
4223,EMP04223,Unknow,44.0,20.0,QA,,500000,
4224,EMP04224,Male,40.0,9.0,HR,,500000,emp4224@mail.com
4225,EMP04225,Male,44.0,19.0,Manager,,350000,emp4225@mail.com
4226,EMP04226,Unknow,59.0,1.0,Analyst,,600000,
4227,EMP04227,Unknow,34.0,8.0,Intern,2023-01-15,800000,
4228,EMP04228,Male,30.0,19.0,Analyst,2025-07-01,600000,
4229,EMP04229,Male,40.0,99.0,Intern,,800000,
4230,EMP04230,Female,30.0,2.0,Analyst,2025-07-01,600000,
4231,EMP04231,Female,31.0,19.0,Analyst,,500000,
4232,EMP04232,Male,54.0,12.0,Manager,,600000,
4233,EMP04233,Male,41.0,7.0,HR,,500000,emp4233@mail.com
4234,EMP04234,Male,39.0,5.0,Intern,2023-01-15,500000,
4235,EMP04235,Male,56.0,99.0,Analyst,,500000,emp4235@mail.com
4236,EMP04236,Female,57.0,9.0,QA,,500000,emp4236@mail.com
4237,EMP04237,Unknow,42.0,16.0,Intern,2025-07-01,600000,
4238,EMP04238,Unknow,44.0,9.0,HR,,600000,
4239,EMP04239,Female,40.0,17.0,HR,,350000,emp4239@mail.com
4240,EMP04240,Female,58.0,20.0,Engineer,,500000,
4241,EMP04241,Male,30.0,9.0,Engineer,,800000,
4242,EMP04242,Female,43.0,20.0,Analyst,,800000,
4243,EMP04243,Female,20.0,6.0,Analyst,2023-01-15,800000,
4244,EMP04244,Male,52.0,17.0,Analyst,,350000,
4245,EMP04245,Male,40.0,14.0,Manager,,600000,
4246,EMP04246,Male,53.0,3.0,HR,2025-07-01,350000,
4247,EMP04247,Female,24.0,1.0,HR,2023-01-15,600000,
4248,EMP04248,Female,45.0,2.0,Intern,,600000,
4249,EMP04249,Unknow,33.0,13.0,Engineer,,500000,emp4249@mail.com
4250,EMP04250,Female,23.0,1.0,HR,,600000,emp4250@mail.com
4251,EMP04251,Male,21.0,3.0,QA,,600000,
4252,EMP04252,Male,55.0,13.0,Manager,,600000,emp4252@mail.com
4253,EMP04253,Male,48.0,12.0,QA,2025-07-01,350000,
4254,EMP04254,Male,37.0,11.0,Manager,2023-01-15,800000,
4255,EMP04255,Female,33.0,,QA,,600000,
4256,EMP04256,Unknow,33.0,16.0,Intern,,600000,
4257,EMP04257,Male,42.0,99.0,QA,2023-01-15,500000,
4258,EMP04258,Female,24.0,99.0,Analyst,2025-07-01,800000,emp4258@mail.com
4259,EMP04259,Male,22.0,16.0,Intern,,600000,
4260,EMP04260,Male,25.0,6.0,HR,,600000,
4261,EMP04261,Unknow,31.0,2.0,Analyst,,600000,emp4261@mail.com
4262,EMP04262,Female,57.0,18.0,HR,,600000,
4263,EMP04263,Female,37.0,18.0,HR,2025-07-01,600000,emp4263@mail.com
4264,EMP04264,Female,34.0,15.0,Analyst,,600000,
4265,EMP04265,Male,31.0,8.0,Engineer,,800000,
4266,EMP04266,Female,50.0,1.0,Analyst,,600000,emp4266@mail.com
4267,EMP04267,Male,44.0,6.0,QA,2025-07-01,350000,
4268,EMP04268,Female,28.0,13.0,Manager,,350000,
4269,EMP04269,Male,20.0,20.0,Analyst,2023-01-15,600000,
4270,EMP04270,Female,42.0,9.0,Manager,,600000,
4271,EMP04271,Female,35.0,19.0,Intern,2023-01-15,600000,
4272,EMP04272,Female,27.0,13.0,Manager,2025-07-01,600000,emp4272@mail.com
4273,EMP04273,Female,50.0,20.0,Analyst,,600000,
4274,EMP04274,Male,57.0,17.0,HR,2023-01-15,800000,
4275,EMP04275,Male,27.0,18.0,Engineer,,600000,
4276,EMP04276,Unknow,40.0,10.0,Analyst,,350000,
4277,EMP04277,Male,31.0,17.0,QA,,600000,
4278,EMP04278,Male,60.0,15.0,HR,,500000,emp4278@mail.com
4279,EMP04279,Unknow,54.0,12.0,Manager,,800000,emp4279@mail.com
4280,EMP04280,Female,31.0,19.0,QA,2025-07-01,600000,
4281,EMP04281,Unknow,36.0,8.0,QA,2023-01-15,500000,
4282,EMP04282,Female,50.0,6.0,Analyst,2025-07-01,500000,
4283,EMP04283,Female,41.0,7.0,Intern,2025-07-01,350000,
4284,EMP04284,Male,30.0,8.0,Engineer,,800000,
4285,EMP04285,Male,37.0,5.0,Analyst,2023-01-15,600000,emp4285@mail.com
4286,EMP04286,Female,29.0,13.0,HR,2023-01-15,500000,
4287,EMP04287,Male,43.0,5.0,Engineer,,500000,
4288,EMP04288,Female,22.0,8.0,QA,,500000,emp4288@mail.com
4289,EMP04289,Male,35.0,6.0,Intern,,500000,emp4289@mail.com
4290,EMP04290,Female,36.0,1.0,HR,2023-01-15,600000,
4291,EMP04291,Male,49.0,4.0,Manager,,600000,emp4291@mail.com
4292,EMP04292,Female,40.0,,Intern,2023-01-15,600000,emp4292@mail.com
4293,EMP04293,Male,39.0,11.0,QA,,800000,
4294,EMP04294,Female,40.0,9.0,Manager,,500000,
4295,EMP04295,Male,31.0,2.0,Intern,2023-01-15,800000,
4296,EMP04296,Female,50.0,20.0,Engineer,2023-01-15,800000,
4297,EMP04297,Male,60.0,12.0,Analyst,2025-07-01,600000,
4298,EMP04298,Female,48.0,2.0,Engineer,2023-01-15,600000,
4299,EMP04299,Female,40.0,2.0,Manager,,600000,
4300,EMP04300,Male,40.0,13.0,Engineer,,800000,
4301,EMP04301,Male,44.0,1.0,HR,,350000,
4302,EMP04302,Male,34.0,8.0,Intern,,500000,
4303,EMP04303,Male,32.0,8.0,HR,,500000,
4304,EMP04304,Female,23.0,2.0,Intern,,600000,emp4304@mail.com
4305,EMP04305,Unknow,40.0,18.0,Engineer,2023-01-15,500000,
4306,EMP04306,Male,33.0,2.0,HR,2023-01-15,600000,emp4306@mail.com
4307,EMP04307,Male,55.0,11.0,Engineer,,350000,
4308,EMP04308,Female,34.0,99.0,Intern,2025-07-01,500000,emp4308@mail.com
4309,EMP04309,Male,40.0,5.0,QA,2025-07-01,500000,emp4309@mail.com
4310,EMP04310,Female,40.0,19.0,Analyst,,800000,
4311,EMP04311,Male,21.0,10.0,Analyst,,600000,
4312,EMP04312,Female,24.0,18.0,HR,,800000,
4313,EMP04313,Female,32.0,18.0,Manager,2023-01-15,600000,emp4313@mail.com
4314,EMP04314,Male,54.0,5.0,Manager,,600000,
4315,EMP04315,Male,57.0,10.0,Analyst,2023-01-15,500000,
4316,EMP04316,Male,34.0,13.0,Intern,,500000,
4317,EMP04317,Female,28.0,15.0,HR,,500000,emp4317@mail.com
4318,EMP04318,Unknow,31.0,18.0,Manager,,600000,
4319,EMP04319,Male,50.0,2.0,Intern,2025-07-01,600000,
4320,EMP04320,Female,38.0,3.0,Intern,2025-07-01,600000,
4321,EMP04321,Male,33.0,13.0,Intern,,500000,emp4321@mail.com
4322,EMP04322,Unknow,40.0,12.0,HR,2023-01-15,600000,emp4322@mail.com
4323,EMP04323,Female,40.0,1.0,QA,2023-01-15,800000,
4324,EMP04324,Male,40.0,10.0,Manager,,600000,
4325,EMP04325,Female,42.0,2.0,QA,,500000,
4326,EMP04326,Male,47.0,20.0,Manager,,600000,
4327,EMP04327,Female,55.0,4.0,QA,,600000,
4328,EMP04328,Male,20.0,19.0,QA,,600000,
4329,EMP04329,Female,44.0,8.0,Manager,,500000,
4330,EMP04330,Female,57.0,19.0,QA,2025-07-01,500000,emp4330@mail.com
4331,EMP04331,Male,60.0,14.0,Manager,,800000,
4332,EMP04332,Male,29.0,13.0,QA,,500000,
4333,EMP04333,Female,30.0,3.0,Analyst,2023-01-15,500000,
4334,EMP04334,Male,39.0,6.0,Manager,,600000,
4335,EMP04335,Female,22.0,99.0,QA,,500000,
4336,EMP04336,Male,40.0,14.0,Engineer,,600000,
4337,EMP04337,Unknow,50.0,6.0,Intern,,800000,emp4337@mail.com
4338,EMP04338,Female,35.0,20.0,Analyst,2025-07-01,500000,
4339,EMP04339,Female,52.0,99.0,Analyst,,500000,
4340,EMP04340,Female,41.0,,HR,,600000,emp4340@mail.com
4341,EMP04341,Female,59.0,19.0,Engineer,,500000,
4342,EMP04342,Male,47.0,11.0,HR,2023-01-15,350000,
4343,EMP04343,Male,40.0,19.0,Engineer,,500000,
4344,EMP04344,Male,37.0,3.0,Engineer,,600000,
4345,EMP04345,Unknow,38.0,2.0,Engineer,2023-01-15,600000,
4346,EMP04346,Male,25.0,4.0,QA,2023-01-15,350000,
4347,EMP04347,Male,58.0,,Intern,,600000,
4348,EMP04348,Male,30.0,12.0,QA,,350000,
4349,EMP04349,Male,49.0,12.0,Intern,,600000,emp4349@mail.com
4350,EMP04350,Female,20.0,15.0,Intern,2025-07-01,500000,
4351,EMP04351,Unknow,45.0,2.0,QA,,600000,
4352,EMP04352,Unknow,22.0,1.0,Engineer,,500000,
4353,EMP04353,Female,24.0,19.0,HR,,350000,
4354,EMP04354,Male,55.0,5.0,Manager,,500000,
4355,EMP04355,Male,32.0,12.0,Engineer,2025-07-01,500000,emp4355@mail.com
4356,EMP04356,Male,26.0,6.0,Intern,,600000,
4357,EMP04357,Male,46.0,19.0,Manager,2025-07-01,600000,
4358,EMP04358,Male,53.0,99.0,Manager,2025-07-01,500000,emp4358@mail.com
4359,EMP04359,Male,23.0,13.0,Manager,,500000,emp4359@mail.com
4360,EMP04360,Male,59.0,9.0,Engineer,,600000,
4361,EMP04361,Male,22.0,3.0,Analyst,2023-01-15,600000,emp4361@mail.com
4362,EMP04362,Female,54.0,5.0,Analyst,2023-01-15,600000,
4363,EMP04363,Female,51.0,2.0,Analyst,,500000,
4364,EMP04364,Female,22.0,17.0,Intern,2025-07-01,600000,
4365,EMP04365,Unknow,27.0,7.0,Engineer,,350000,emp4365@mail.com
4366,EMP04366,Unknow,46.0,13.0,Analyst,,500000,
4367,EMP04367,Male,40.0,2.0,HR,2025-07-01,600000,
4368,EMP04368,Female,40.0,9.0,HR,,350000,
4369,EMP04369,Unknow,34.0,11.0,Engineer,2023-01-15,500000,
4370,EMP04370,Male,43.0,8.0,HR,,600000,
4371,EMP04371,Male,58.0,18.0,Analyst,,800000,
4372,EMP04372,Female,22.0,12.0,Analyst,,600000,
4373,EMP04373,Female,53.0,,QA,,600000,
4374,EMP04374,Male,55.0,17.0,Intern,,600000,
4375,EMP04375,Male,31.0,20.0,Manager,2023-01-15,600000,
4376,EMP04376,Female,48.0,6.0,HR,,500000,
4377,EMP04377,Female,46.0,8.0,Analyst,,500000,
4378,EMP04378,Female,55.0,10.0,Intern,,600000,
4379,EMP04379,Female,51.0,11.0,Engineer,2023-01-15,500000,
4380,EMP04380,Female,25.0,1.0,QA,,800000,emp4380@mail.com
4381,EMP04381,Male,28.0,,Analyst,,600000,
4382,EMP04382,Male,34.0,6.0,Analyst,2025-07-01,800000,
4383,EMP04383,Male,31.0,5.0,Engineer,,600000,
4384,EMP04384,Female,24.0,2.0,Manager,,500000,
4385,EMP04385,Male,45.0,4.0,Manager,2023-01-15,600000,
4386,EMP04386,Male,41.0,18.0,Intern,2025-07-01,600000,emp4386@mail.com
4387,EMP04387,Male,45.0,9.0,Intern,,500000,
4388,EMP04388,Male,47.0,18.0,Intern,2025-07-01,600000,
4389,EMP04389,Male,38.0,13.0,QA,,350000,emp4389@mail.com
4390,EMP04390,Male,49.0,1.0,QA,,350000,
4391,EMP04391,Male,24.0,9.0,Manager,2025-07-01,500000,
4392,EMP04392,Unknow,40.0,1.0,Intern,,500000,
4393,EMP04393,Male,55.0,16.0,Analyst,2023-01-15,500000,
4394,EMP04394,Unknow,38.0,8.0,Engineer,,350000,
4395,EMP04395,Male,44.0,20.0,Manager,2025-07-01,800000,emp4395@mail.com
4396,EMP04396,Female,47.0,9.0,Analyst,,600000,
4397,EMP04397,Male,40.0,11.0,Analyst,,500000,emp4397@mail.com
4398,EMP04398,Unknow,40.0,8.0,Analyst,,500000,
4399,EMP04399,Male,42.0,13.0,QA,2025-07-01,600000,emp4399@mail.com
4400,EMP04400,Male,51.0,2.0,Manager,,350000,
4401,EMP04401,Male,42.0,99.0,Manager,2023-01-15,800000,
4402,EMP04402,Female,55.0,15.0,Engineer,2023-01-15,800000,
4403,EMP04403,Female,49.0,17.0,HR,,350000,emp4403@mail.com
4404,EMP04404,Female,46.0,8.0,Engineer,2023-01-15,350000,
4405,EMP04405,Male,47.0,19.0,QA,,800000,emp4405@mail.com
4406,EMP04406,Unknow,24.0,5.0,Engineer,,500000,
4407,EMP04407,Unknow,21.0,9.0,Manager,,500000,
4408,EMP04408,Female,31.0,19.0,Intern,2025-07-01,600000,
4409,EMP04409,Unknow,46.0,7.0,Manager,,500000,emp4409@mail.com
4410,EMP04410,Female,40.0,99.0,Manager,,500000,
4411,EMP04411,Female,52.0,15.0,QA,,500000,
4412,EMP04412,Male,48.0,16.0,Manager,2023-01-15,350000,
4413,EMP04413,Male,32.0,17.0,Manager,,800000,emp4413@mail.com
4414,EMP04414,Female,35.0,16.0,Manager,,600000,
4415,EMP04415,Unknow,37.0,5.0,Intern,,350000,
4416,EMP04416,Male,38.0,4.0,Analyst,,600000,
4417,EMP04417,Female,40.0,1.0,HR,2025-07-01,350000,
4418,EMP04418,Male,27.0,17.0,HR,,600000,emp4418@mail.com
4419,EMP04419,Male,49.0,7.0,Manager,2023-01-15,800000,
4420,EMP04420,Male,56.0,9.0,Manager,2023-01-15,600000,
4421,EMP04421,Female,49.0,1.0,Analyst,2025-07-01,600000,
4422,EMP04422,Female,56.0,13.0,Engineer,,600000,
4423,EMP04423,Unknow,56.0,15.0,Analyst,,500000,emp4423@mail.com
4424,EMP04424,Male,51.0,16.0,Engineer,2025-07-01,600000,
4425,EMP04425,Male,32.0,6.0,Analyst,2025-07-01,800000,
4426,EMP04426,Male,22.0,19.0,Analyst,,800000,
4427,EMP04427,Male,57.0,4.0,QA,2023-01-15,600000,
4428,EMP04428,Male,43.0,9.0,Engineer,,500000,
4429,EMP04429,Unknow,45.0,1.0,QA,,600000,
4430,EMP04430,Male,35.0,5.0,HR,2025-07-01,500000,
4431,EMP04431,Male,57.0,14.0,Analyst,,600000,
4432,EMP04432,Unknow,42.0,11.0,QA,,350000,emp4432@mail.com
4433,EMP04433,Unknow,36.0,3.0,HR,,500000,
4434,EMP04434,Male,53.0,14.0,Analyst,2025-07-01,600000,
4435,EMP04435,Male,29.0,8.0,Engineer,,500000,emp4435@mail.com
4436,EMP04436,Male,50.0,1.0,Engineer,,600000,emp4436@mail.com
4437,EMP04437,Male,40.0,99.0,Engineer,,600000,
4438,EMP04438,Female,27.0,4.0,HR,2025-07-01,600000,
4439,EMP04439,Male,38.0,6.0,Manager,,800000,
4440,EMP04440,Male,40.0,14.0,HR,2025-07-01,600000,
4441,EMP04441,Male,26.0,4.0,Manager,,600000,
4442,EMP04442,Male,40.0,2.0,Engineer,2023-01-15,350000,
4443,EMP04443,Unknow,27.0,2.0,QA,,500000,
4444,EMP04444,Female,40.0,99.0,Engineer,,500000,
4445,EMP04445,Male,26.0,9.0,QA,,350000,
4446,EMP04446,Male,51.0,3.0,Engineer,2023-01-15,600000,
4447,EMP04447,Unknow,55.0,1.0,Analyst,,600000,
4448,EMP04448,Male,52.0,7.0,Analyst,,600000,
4449,EMP04449,Female,24.0,11.0,HR,2025-07-01,800000,
4450,EMP04450,Female,48.0,14.0,Analyst,2023-01-15,800000,
4451,EMP04451,Unknow,34.0,16.0,Intern,,350000,emp4451@mail.com
4452,EMP04452,Male,53.0,17.0,Intern,2023-01-15,600000,
4453,EMP04453,Male,40.0,15.0,Intern,2025-07-01,350000,
4454,EMP04454,Female,49.0,11.0,Analyst,,500000,
4455,EMP04455,Male,50.0,12.0,Engineer,2025-07-01,600000,
4456,EMP04456,Female,51.0,12.0,Analyst,2023-01-15,600000,
4457,EMP04457,Female,60.0,15.0,Manager,2025-07-01,600000,
4458,EMP04458,Male,59.0,10.0,Analyst,,350000,
4459,EMP04459,Male,59.0,13.0,Analyst,,800000,emp4459@mail.com
4460,EMP04460,Male,27.0,18.0,QA,,600000,
4461,EMP04461,Unknow,47.0,99.0,QA,2025-07-01,600000,
4462,EMP04462,Female,52.0,14.0,Intern,,800000,
4463,EMP04463,Male,42.0,3.0,QA,2023-01-15,350000,
4464,EMP04464,Unknow,35.0,11.0,Intern,2025-07-01,500000,
4465,EMP04465,Female,40.0,9.0,HR,2025-07-01,600000,
4466,EMP04466,Male,59.0,20.0,Intern,,500000,emp4466@mail.com
4467,EMP04467,Male,39.0,12.0,QA,,600000,
4468,EMP04468,Unknow,57.0,1.0,QA,2025-07-01,600000,
4469,EMP04469,Male,30.0,4.0,HR,2023-01-15,500000,
4470,EMP04470,Unknow,40.0,3.0,HR,2025-07-01,350000,
4471,EMP04471,Unknow,27.0,9.0,HR,2025-07-01,500000,emp4471@mail.com
4472,EMP04472,Male,46.0,20.0,QA,,600000,
4473,EMP04473,Male,43.0,9.0,Intern,,350000,
4474,EMP04474,Male,52.0,18.0,Analyst,,500000,
4475,EMP04475,Male,50.0,18.0,Analyst,,500000,
4476,EMP04476,Male,21.0,19.0,Manager,2025-07-01,350000,
4477,EMP04477,Male,33.0,17.0,Analyst,2025-07-01,600000,
4478,EMP04478,Female,59.0,15.0,Analyst,,600000,emp4478@mail.com
4479,EMP04479,Male,50.0,2.0,Intern,,600000,
4480,EMP04480,Unknow,38.0,12.0,QA,,500000,
4481,EMP04481,Male,49.0,6.0,Manager,2025-07-01,500000,
4482,EMP04482,Female,53.0,3.0,Analyst,,800000,
4483,EMP04483,Male,42.0,3.0,Intern,2023-01-15,600000,
4484,EMP04484,Female,34.0,5.0,QA,,500000,
4485,EMP04485,Male,43.0,13.0,QA,,350000,
4486,EMP04486,Female,44.0,4.0,Manager,,600000,emp4486@mail.com
4487,EMP04487,Unknow,36.0,20.0,Intern,2023-01-15,600000,
4488,EMP04488,Male,27.0,20.0,HR,2023-01-15,350000,emp4488@mail.com
4489,EMP04489,Male,40.0,14.0,QA,2023-01-15,600000,
4490,EMP04490,Female,21.0,16.0,Engineer,,600000,emp4490@mail.com
4491,EMP04491,Male,29.0,13.0,QA,,500000,
4492,EMP04492,Male,36.0,8.0,Intern,2023-01-15,600000,emp4492@mail.com
4493,EMP04493,Female,26.0,3.0,Intern,2023-01-15,600000,emp4493@mail.com
4494,EMP04494,Female,58.0,99.0,Analyst,,800000,emp4494@mail.com
4495,EMP04495,Male,54.0,7.0,Analyst,2023-01-15,500000,
4496,EMP04496,Unknow,32.0,13.0,Analyst,2023-01-15,500000,
4497,EMP04497,Male,27.0,2.0,Manager,,500000,
4498,EMP04498,Male,24.0,12.0,Engineer,2025-07-01,500000,emp4498@mail.com
4499,EMP04499,Female,20.0,99.0,Manager,2025-07-01,350000,
4500,EMP04500,Male,50.0,19.0,QA,,600000,emp4500@mail.com
4501,EMP04501,Male,34.0,18.0,Analyst,2023-01-15,350000,emp4501@mail.com
4502,EMP04502,Unknow,27.0,5.0,Manager,2023-01-15,600000,emp4502@mail.com
4503,EMP04503,Unknow,22.0,7.0,QA,,500000,
4504,EMP04504,Male,46.0,2.0,QA,,600000,
4505,EMP04505,Male,42.0,17.0,Intern,,600000,emp4505@mail.com
4506,EMP04506,Unknow,57.0,20.0,Engineer,2023-01-15,600000,
4507,EMP04507,Male,35.0,10.0,HR,,500000,
4508,EMP04508,Female,52.0,12.0,Intern,,500000,emp4508@mail.com
4509,EMP04509,Male,40.0,17.0,Intern,,600000,
4510,EMP04510,Female,40.0,10.0,QA,,500000,
4511,EMP04511,Female,43.0,16.0,HR,,600000,emp4511@mail.com
4512,EMP04512,Male,48.0,10.0,Intern,,600000,
4513,EMP04513,Female,39.0,3.0,Analyst,,600000,
4514,EMP04514,Unknow,28.0,1.0,HR,,600000,
4515,EMP04515,Female,28.0,7.0,Engineer,2023-01-15,500000,
4516,EMP04516,Male,60.0,5.0,Engineer,2023-01-15,350000,emp4516@mail.com
4517,EMP04517,Male,59.0,19.0,Manager,,600000,
4518,EMP04518,Male,52.0,13.0,Intern,,600000,
4519,EMP04519,Female,35.0,14.0,Engineer,2025-07-01,800000,
4520,EMP04520,Female,46.0,6.0,Intern,2023-01-15,600000,
4521,EMP04521,Female,33.0,16.0,Manager,,500000,
4522,EMP04522,Unknow,41.0,,HR,,600000,
4523,EMP04523,Female,24.0,9.0,HR,2023-01-15,500000,
4524,EMP04524,Male,34.0,2.0,Intern,,600000,
4525,EMP04525,Female,43.0,9.0,Analyst,,800000,
4526,EMP04526,Male,56.0,13.0,Intern,2025-07-01,350000,
4527,EMP04527,Male,45.0,5.0,Engineer,,600000,emp4527@mail.com
4528,EMP04528,Unknow,28.0,7.0,HR,,350000,
4529,EMP04529,Male,24.0,17.0,Intern,,350000,
4530,EMP04530,Male,60.0,17.0,Manager,,600000,emp4530@mail.com
4531,EMP04531,Male,26.0,2.0,HR,,600000,
4532,EMP04532,Male,46.0,4.0,HR,,600000,
4533,EMP04533,Female,37.0,13.0,Intern,,500000,emp4533@mail.com
4534,EMP04534,Male,23.0,17.0,HR,,800000,
4535,EMP04535,Male,38.0,8.0,Engineer,,500000,
4536,EMP04536,Male,39.0,19.0,HR,,800000,
4537,EMP04537,Unknow,20.0,19.0,Manager,2025-07-01,600000,
4538,EMP04538,Unknow,25.0,19.0,Analyst,,600000,emp4538@mail.com
4539,EMP04539,Male,54.0,6.0,Engineer,2023-01-15,600000,
4540,EMP04540,Unknow,35.0,3.0,Engineer,,600000,
4541,EMP04541,Female,42.0,6.0,Engineer,2025-07-01,600000,
4542,EMP04542,Female,33.0,8.0,Intern,,500000,
4543,EMP04543,Unknow,24.0,20.0,Manager,,350000,
4544,EMP04544,Male,49.0,14.0,Manager,,350000,
4545,EMP04545,Unknow,52.0,15.0,Intern,2023-01-15,800000,
4546,EMP04546,Male,28.0,13.0,HR,2023-01-15,500000,emp4546@mail.com
4547,EMP04547,Male,23.0,12.0,Manager,,600000,
4548,EMP04548,Female,48.0,7.0,QA,2025-07-01,500000,
4549,EMP04549,Unknow,37.0,4.0,Manager,,600000,
4550,EMP04550,Male,36.0,1.0,Analyst,,600000,emp4550@mail.com
4551,EMP04551,Male,27.0,6.0,Intern,2023-01-15,500000,
4552,EMP04552,Female,40.0,9.0,Intern,,800000,
4553,EMP04553,Female,33.0,99.0,Engineer,,350000,
4554,EMP04554,Male,40.0,3.0,Engineer,2025-07-01,500000,
4555,EMP04555,Unknow,57.0,18.0,Analyst,,800000,emp4555@mail.com
4556,EMP04556,Male,48.0,14.0,Intern,,500000,
4557,EMP04557,Male,42.0,1.0,Intern,2025-07-01,350000,
4558,EMP04558,Male,42.0,20.0,Engineer,,600000,
4559,EMP04559,Unknow,20.0,20.0,Analyst,,600000,
4560,EMP04560,Male,58.0,6.0,QA,,350000,
4561,EMP04561,Male,29.0,4.0,Intern,,600000,
4562,EMP04562,Unknow,27.0,16.0,HR,,600000,emp4562@mail.com
4563,EMP04563,Unknow,40.0,8.0,QA,,500000,emp4563@mail.com
4564,EMP04564,Female,40.0,,Manager,,600000,
4565,EMP04565,Male,28.0,2.0,QA,,600000,
4566,EMP04566,Female,45.0,19.0,Manager,,600000,
4567,EMP04567,Male,58.0,18.0,QA,,600000,
4568,EMP04568,Female,44.0,7.0,Engineer,,800000,
4569,EMP04569,Female,31.0,11.0,Engineer,2025-07-01,500000,
4570,EMP04570,Female,23.0,16.0,Analyst,,600000,
4571,EMP04571,Male,20.0,3.0,QA,,600000,
4572,EMP04572,Unknow,48.0,17.0,Manager,,600000,
4573,EMP04573,Female,45.0,13.0,QA,2023-01-15,500000,
4574,EMP04574,Male,27.0,14.0,QA,2023-01-15,600000,
4575,EMP04575,Male,36.0,14.0,Engineer,2023-01-15,800000,
4576,EMP04576,Male,33.0,17.0,Intern,,600000,
4577,EMP04577,Unknow,29.0,19.0,Analyst,,600000,emp4577@mail.com
4578,EMP04578,Male,51.0,10.0,Intern,,600000,emp4578@mail.com
4579,EMP04579,Male,38.0,8.0,Analyst,,800000,emp4579@mail.com
4580,EMP04580,Female,22.0,4.0,QA,2023-01-15,600000,
4581,EMP04581,Male,26.0,5.0,Analyst,2023-01-15,800000,
4582,EMP04582,Female,20.0,18.0,Intern,,800000,
4583,EMP04583,Unknow,51.0,9.0,QA,,500000,
4584,EMP04584,Male,55.0,17.0,QA,2025-07-01,350000,
4585,EMP04585,Unknow,46.0,20.0,Manager,,500000,emp4585@mail.com
4586,EMP04586,Male,43.0,14.0,HR,,800000,
4587,EMP04587,Female,59.0,1.0,Analyst,,800000,emp4587@mail.com
4588,EMP04588,Female,45.0,10.0,Intern,2023-01-15,600000,
4589,EMP04589,Male,20.0,10.0,QA,2023-01-15,600000,
4590,EMP04590,Male,56.0,19.0,Analyst,2025-07-01,600000,
4591,EMP04591,Female,27.0,19.0,Analyst,2023-01-15,600000,emp4591@mail.com
4592,EMP04592,Male,35.0,12.0,Engineer,,600000,
4593,EMP04593,Female,40.0,5.0,Manager,2025-07-01,500000,
4594,EMP04594,Female,58.0,20.0,Intern,2023-01-15,800000,
4595,EMP04595,Male,48.0,15.0,Intern,,500000,
4596,EMP04596,Male,60.0,15.0,Analyst,,500000,
4597,EMP04597,Male,50.0,10.0,Engineer,,600000,
4598,EMP04598,Female,27.0,15.0,Manager,,600000,
4599,EMP04599,Female,50.0,11.0,Analyst,2023-01-15,800000,
4600,EMP04600,Unknow,20.0,14.0,QA,,600000,
4601,EMP04601,Female,22.0,4.0,QA,,800000,
4602,EMP04602,Female,40.0,20.0,Intern,,800000,
4603,EMP04603,Female,21.0,7.0,Analyst,,500000,emp4603@mail.com
4604,EMP04604,Unknow,28.0,7.0,Manager,2025-07-01,350000,
4605,EMP04605,Female,49.0,7.0,Analyst,,500000,
4606,EMP04606,Unknow,33.0,19.0,Intern,,350000,emp4606@mail.com
4607,EMP04607,Male,27.0,3.0,HR,,600000,
4608,EMP04608,Female,57.0,12.0,HR,2025-07-01,600000,
4609,EMP04609,Male,24.0,12.0,Manager,2023-01-15,800000,
4610,EMP04610,Male,48.0,5.0,Manager,,500000,
4611,EMP04611,Male,20.0,6.0,Engineer,,600000,
4612,EMP04612,Male,48.0,9.0,Manager,2023-01-15,500000,
4613,EMP04613,Unknow,50.0,10.0,QA,2025-07-01,600000,
4614,EMP04614,Unknow,29.0,12.0,Manager,,500000,
4615,EMP04615,Male,40.0,18.0,QA,,600000,
4616,EMP04616,Male,48.0,,Intern,,600000,
4617,EMP04617,Male,58.0,8.0,QA,2025-07-01,500000,
4618,EMP04618,Female,46.0,4.0,Manager,2025-07-01,500000,emp4618@mail.com
4619,EMP04619,Male,40.0,8.0,Manager,,500000,
4620,EMP04620,Male,40.0,,Engineer,,600000,
4621,EMP04621,Male,46.0,15.0,Analyst,2023-01-15,500000,emp4621@mail.com
4622,EMP04622,Male,52.0,12.0,Intern,,800000,emp4622@mail.com
4623,EMP04623,Male,21.0,99.0,Intern,,350000,
4624,EMP04624,Female,37.0,18.0,Intern,2025-07-01,600000,emp4624@mail.com
4625,EMP04625,Male,21.0,18.0,Engineer,,600000,
4626,EMP04626,Unknow,25.0,5.0,HR,,500000,emp4626@mail.com
4627,EMP04627,Male,40.0,12.0,Intern,,800000,
4628,EMP04628,Unknow,44.0,17.0,Analyst,2023-01-15,600000,
4629,EMP04629,Female,32.0,,Manager,2025-07-01,600000,emp4629@mail.com
4630,EMP04630,Male,39.0,16.0,HR,2025-07-01,800000,
4631,EMP04631,Male,40.0,4.0,Engineer,,600000,
4632,EMP04632,Female,44.0,2.0,Manager,2025-07-01,350000,emp4632@mail.com
4633,EMP04633,Unknow,26.0,5.0,Engineer,,500000,
4634,EMP04634,Male,51.0,1.0,Engineer,,600000,
4635,EMP04635,Male,40.0,4.0,Intern,2025-07-01,600000,emp4635@mail.com
4636,EMP04636,Unknow,26.0,17.0,Engineer,,600000,
4637,EMP04637,Female,35.0,13.0,QA,,350000,
4638,EMP04638,Female,55.0,4.0,Analyst,2023-01-15,600000,
4639,EMP04639,Male,38.0,18.0,QA,2025-07-01,600000,
4640,EMP04640,Male,23.0,99.0,Analyst,,500000,
4641,EMP04641,Male,26.0,4.0,Analyst,2023-01-15,800000,
4642,EMP04642,Female,54.0,2.0,Engineer,2025-07-01,600000,emp4642@mail.com
4643,EMP04643,Male,20.0,,Engineer,,600000,emp4643@mail.com
4644,EMP04644,Unknow,35.0,18.0,Engineer,,800000,emp4644@mail.com
4645,EMP04645,Male,30.0,,Intern,,600000,emp4645@mail.com
4646,EMP04646,Female,49.0,2.0,Manager,,350000,emp4646@mail.com
4647,EMP04647,Male,23.0,16.0,QA,2025-07-01,800000,
4648,EMP04648,Male,47.0,8.0,Manager,,600000,
4649,EMP04649,Male,30.0,2.0,QA,2023-01-15,600000,emp4649@mail.com
4650,EMP04650,Unknow,54.0,10.0,Engineer,2023-01-15,800000,
4651,EMP04651,Unknow,27.0,7.0,HR,2025-07-01,800000,
4652,EMP04652,Female,60.0,2.0,Manager,2025-07-01,600000,
4653,EMP04653,Male,44.0,10.0,Intern,,600000,
4654,EMP04654,Male,45.0,12.0,Manager,2023-01-15,350000,
4655,EMP04655,Male,41.0,2.0,Engineer,,600000,
4656,EMP04656,Unknow,56.0,10.0,HR,,800000,
4657,EMP04657,Male,35.0,20.0,Intern,,600000,
4658,EMP04658,Unknow,54.0,2.0,QA,2025-07-01,800000,emp4658@mail.com
4659,EMP04659,Male,44.0,20.0,Manager,,600000,
4660,EMP04660,Female,26.0,20.0,QA,,350000,
4661,EMP04661,Male,46.0,8.0,Manager,2025-07-01,500000,
4662,EMP04662,Female,21.0,6.0,QA,2023-01-15,800000,
4663,EMP04663,Unknow,31.0,20.0,Engineer,,350000,
4664,EMP04664,Male,29.0,16.0,HR,,600000,
4665,EMP04665,Male,22.0,2.0,Engineer,,600000,emp4665@mail.com
4666,EMP04666,Unknow,60.0,16.0,Manager,,600000,
4667,EMP04667,Female,37.0,20.0,Engineer,2023-01-15,350000,emp4667@mail.com
4668,EMP04668,Male,49.0,13.0,Manager,,600000,
4669,EMP04669,Male,37.0,9.0,HR,,500000,emp4669@mail.com
4670,EMP04670,Male,47.0,19.0,HR,,500000,
4671,EMP04671,Male,36.0,6.0,Analyst,,600000,
4672,EMP04672,Male,35.0,8.0,Manager,,500000,emp4672@mail.com
4673,EMP04673,Male,38.0,15.0,Analyst,2025-07-01,800000,emp4673@mail.com
4674,EMP04674,Male,52.0,6.0,Intern,2025-07-01,500000,emp4674@mail.com
4675,EMP04675,Male,25.0,17.0,QA,2023-01-15,600000,
4676,EMP04676,Male,53.0,15.0,Analyst,,500000,emp4676@mail.com
4677,EMP04677,Unknow,25.0,12.0,Analyst,2025-07-01,600000,
4678,EMP04678,Male,52.0,13.0,Engineer,2025-07-01,500000,emp4678@mail.com
4679,EMP04679,Female,40.0,1.0,Engineer,2025-07-01,600000,
4680,EMP04680,Male,33.0,6.0,Intern,,600000,
4681,EMP04681,Male,39.0,99.0,HR,2025-07-01,500000,
4682,EMP04682,Male,39.0,9.0,HR,,500000,
4683,EMP04683,Male,51.0,9.0,HR,,350000,
4684,EMP04684,Female,33.0,9.0,Analyst,,500000,
4685,EMP04685,Male,54.0,1.0,Intern,,600000,
4686,EMP04686,Female,31.0,3.0,Analyst,2023-01-15,600000,
4687,EMP04687,Male,31.0,18.0,QA,2023-01-15,350000,emp4687@mail.com
4688,EMP04688,Male,25.0,12.0,Engineer,,600000,
4689,EMP04689,Female,24.0,20.0,HR,,600000,
4690,EMP04690,Unknow,45.0,3.0,HR,,600000,
4691,EMP04691,Female,32.0,17.0,QA,,600000,
4692,EMP04692,Female,29.0,8.0,Intern,,600000,
4693,EMP04693,Male,55.0,19.0,HR,2023-01-15,600000,
4694,EMP04694,Male,30.0,16.0,Analyst,,500000,
4695,EMP04695,Unknow,57.0,9.0,QA,,500000,
4696,EMP04696,Unknow,58.0,19.0,Manager,2025-07-01,500000,
4697,EMP04697,Male,50.0,18.0,Analyst,,600000,
4698,EMP04698,Female,52.0,18.0,Analyst,,600000,
4699,EMP04699,Male,33.0,99.0,Analyst,2023-01-15,500000,
4700,EMP04700,Male,46.0,15.0,Engineer,2025-07-01,500000,
4701,EMP04701,Female,40.0,13.0,Engineer,2025-07-01,600000,
4702,EMP04702,Male,29.0,13.0,Analyst,,500000,emp4702@mail.com
4703,EMP04703,Male,26.0,7.0,QA,,600000,emp4703@mail.com
4704,EMP04704,Female,33.0,3.0,Analyst,2025-07-01,600000,
4705,EMP04705,Male,57.0,9.0,HR,2023-01-15,350000,
4706,EMP04706,Male,40.0,,HR,2023-01-15,600000,
4707,EMP04707,Female,33.0,15.0,Manager,,500000,emp4707@mail.com
4708,EMP04708,Female,27.0,3.0,Engineer,2025-07-01,600000,
4709,EMP04709,Male,32.0,2.0,Engineer,,600000,
4710,EMP04710,Unknow,40.0,1.0,QA,,800000,
4711,EMP04711,Male,24.0,13.0,Engineer,2023-01-15,500000,
4712,EMP04712,Female,22.0,12.0,Engineer,2025-07-01,600000,
4713,EMP04713,Female,22.0,13.0,QA,2023-01-15,600000,
4714,EMP04714,Female,34.0,3.0,QA,2025-07-01,600000,
4715,EMP04715,Unknow,35.0,16.0,Intern,,600000,
4716,EMP04716,Male,31.0,6.0,Engineer,,350000,
4717,EMP04717,Female,30.0,7.0,Manager,2023-01-15,500000,
4718,EMP04718,Male,34.0,8.0,HR,,600000,
4719,EMP04719,Male,25.0,3.0,Intern,,350000,emp4719@mail.com
4720,EMP04720,Male,53.0,1.0,Analyst,2025-07-01,600000,emp4720@mail.com
4721,EMP04721,Male,40.0,12.0,Manager,,500000,
4722,EMP04722,Male,41.0,13.0,Analyst,,500000,emp4722@mail.com
4723,EMP04723,Female,47.0,99.0,Intern,,500000,emp4723@mail.com
4724,EMP04724,Unknow,48.0,99.0,Analyst,,500000,
4725,EMP04725,Female,27.0,5.0,Engineer,,350000,
4726,EMP04726,Female,30.0,2.0,Intern,,600000,
4727,EMP04727,Male,49.0,7.0,QA,2023-01-15,500000,
4728,EMP04728,Female,22.0,16.0,HR,,600000,
4729,EMP04729,Unknow,60.0,17.0,QA,,600000,
4730,EMP04730,Male,23.0,15.0,Intern,2025-07-01,500000,emp4730@mail.com
4731,EMP04731,Male,23.0,16.0,Manager,,500000,
4732,EMP04732,Unknow,44.0,6.0,Manager,2025-07-01,600000,
4733,EMP04733,Female,34.0,20.0,QA,,350000,
4734,EMP04734,Female,24.0,6.0,Analyst,,350000,
4735,EMP04735,Male,52.0,16.0,Intern,,600000,emp4735@mail.com
4736,EMP04736,Female,50.0,17.0,QA,,600000,
4737,EMP04737,Male,22.0,6.0,Manager,2023-01-15,600000,
4738,EMP04738,Unknow,46.0,7.0,Intern,,800000,
4739,EMP04739,Unknow,40.0,10.0,QA,,500000,
4740,EMP04740,Female,40.0,5.0,Intern,2023-01-15,350000,
4741,EMP04741,Female,40.0,2.0,HR,,800000,emp4741@mail.com
4742,EMP04742,Male,32.0,9.0,Analyst,,500000,
4743,EMP04743,Male,21.0,11.0,Manager,,350000,
4744,EMP04744,Unknow,48.0,18.0,Engineer,,500000,
4745,EMP04745,Male,52.0,5.0,HR,,600000,
4746,EMP04746,Male,27.0,20.0,QA,2025-07-01,600000,
4747,EMP04747,Male,56.0,,QA,,600000,
4748,EMP04748,Female,43.0,99.0,Analyst,,600000,
4749,EMP04749,Male,45.0,9.0,HR,,350000,
4750,EMP04750,Female,38.0,16.0,Analyst,2023-01-15,600000,
4751,EMP04751,Male,57.0,6.0,Intern,,350000,emp4751@mail.com
4752,EMP04752,Male,28.0,3.0,Manager,2023-01-15,800000,
4753,EMP04753,Male,55.0,16.0,Intern,,600000,
4754,EMP04754,Male,31.0,5.0,Engineer,2023-01-15,500000,
4755,EMP04755,Male,40.0,1.0,QA,,500000,
4756,EMP04756,Female,40.0,4.0,HR,,600000,
4757,EMP04757,Male,46.0,11.0,QA,2025-07-01,800000,emp4757@mail.com
4758,EMP04758,Male,46.0,4.0,Manager,,600000,
4759,EMP04759,Male,36.0,99.0,Analyst,2023-01-15,500000,
4760,EMP04760,Female,23.0,16.0,QA,2025-07-01,600000,
4761,EMP04761,Unknow,46.0,9.0,Engineer,2023-01-15,800000,
4762,EMP04762,Unknow,52.0,18.0,Manager,,600000,
4763,EMP04763,Male,58.0,10.0,Engineer,2025-07-01,600000,
4764,EMP04764,Male,28.0,2.0,QA,,600000,
4765,EMP04765,Unknow,30.0,1.0,QA,,500000,
4766,EMP04766,Female,27.0,14.0,Manager,2025-07-01,600000,
4767,EMP04767,Female,43.0,,Engineer,2025-07-01,600000,
4768,EMP04768,Male,51.0,13.0,Intern,,500000,emp4768@mail.com
4769,EMP04769,Male,23.0,6.0,HR,,500000,
4770,EMP04770,Female,31.0,,QA,2025-07-01,600000,
4771,EMP04771,Male,39.0,19.0,QA,2025-07-01,600000,
4772,EMP04772,Unknow,40.0,5.0,Manager,,500000,emp4772@mail.com
4773,EMP04773,Female,52.0,8.0,Analyst,2023-01-15,350000,
4774,EMP04774,Male,25.0,18.0,Analyst,,800000,
4775,EMP04775,Male,54.0,18.0,Engineer,,800000,
4776,EMP04776,Female,39.0,4.0,Intern,,500000,emp4776@mail.com
4777,EMP04777,Male,45.0,99.0,Engineer,,500000,
4778,EMP04778,Female,53.0,8.0,Intern,2023-01-15,500000,
4779,EMP04779,Unknow,21.0,3.0,QA,,350000,
4780,EMP04780,Unknow,52.0,99.0,Manager,2023-01-15,500000,
4781,EMP04781,Unknow,51.0,7.0,HR,2023-01-15,350000,
4782,EMP04782,Male,30.0,15.0,Manager,2023-01-15,800000,
4783,EMP04783,Male,40.0,9.0,QA,2025-07-01,500000,
4784,EMP04784,Female,53.0,13.0,Intern,2023-01-15,500000,
4785,EMP04785,Male,40.0,9.0,QA,,500000,emp4785@mail.com
4786,EMP04786,Male,47.0,6.0,Engineer,,350000,
4787,EMP04787,Female,44.0,12.0,QA,,350000,
4788,EMP04788,Male,48.0,19.0,Analyst,2025-07-01,600000,
4789,EMP04789,Female,49.0,6.0,Analyst,2023-01-15,500000,emp4789@mail.com
4790,EMP04790,Male,50.0,11.0,Intern,,500000,emp4790@mail.com
4791,EMP04791,Female,55.0,7.0,QA,2023-01-15,350000,
4792,EMP04792,Female,54.0,,Analyst,,600000,
4793,EMP04793,Female,34.0,18.0,Manager,2025-07-01,800000,
4794,EMP04794,Female,20.0,15.0,Manager,,500000,
4795,EMP04795,Unknow,37.0,14.0,HR,2023-01-15,600000,emp4795@mail.com
4796,EMP04796,Male,40.0,14.0,HR,,600000,
4797,EMP04797,Female,52.0,99.0,QA,,500000,
4798,EMP04798,Female,40.0,3.0,Intern,2025-07-01,800000,emp4798@mail.com
4799,EMP04799,Male,49.0,8.0,Intern,2023-01-15,500000,
4800,EMP04800,Female,50.0,11.0,Engineer,,500000,
4801,EMP04801,Female,32.0,8.0,Intern,2023-01-15,600000,
4802,EMP04802,Unknow,53.0,18.0,HR,2025-07-01,500000,
4803,EMP04803,Male,24.0,3.0,Intern,,800000,emp4803@mail.com
4804,EMP04804,Female,28.0,13.0,Engineer,,800000,
4805,EMP04805,Female,29.0,10.0,Engineer,2023-01-15,800000,emp4805@mail.com
4806,EMP04806,Unknow,36.0,17.0,Manager,,500000,
4807,EMP04807,Unknow,39.0,12.0,QA,2025-07-01,600000,
4808,EMP04808,Male,24.0,13.0,QA,,800000,emp4808@mail.com
4809,EMP04809,Female,32.0,,Engineer,2025-07-01,600000,
4810,EMP04810,Male,60.0,14.0,HR,2025-07-01,600000,
4811,EMP04811,Male,35.0,,QA,,600000,
4812,EMP04812,Female,37.0,8.0,Analyst,,500000,
4813,EMP04813,Female,57.0,5.0,Analyst,2023-01-15,800000,emp4813@mail.com
4814,EMP04814,Unknow,40.0,9.0,QA,,800000,
4815,EMP04815,Male,35.0,13.0,QA,,350000,emp4815@mail.com
4816,EMP04816,Female,32.0,99.0,Engineer,,500000,emp4816@mail.com
4817,EMP04817,Male,40.0,3.0,QA,,500000,emp4817@mail.com
4818,EMP04818,Male,34.0,17.0,HR,,600000,
4819,EMP04819,Unknow,24.0,1.0,Manager,,600000,emp4819@mail.com
4820,EMP04820,Male,37.0,11.0,Manager,2023-01-15,800000,
4821,EMP04821,Female,35.0,12.0,QA,2023-01-15,600000,
4822,EMP04822,Male,34.0,5.0,HR,,500000,
4823,EMP04823,Female,41.0,3.0,Analyst,,600000,
4824,EMP04824,Unknow,35.0,6.0,HR,,500000,emp4824@mail.com
4825,EMP04825,Female,55.0,15.0,Analyst,2025-07-01,600000,emp4825@mail.com
4826,EMP04826,Unknow,23.0,3.0,HR,,350000,emp4826@mail.com
4827,EMP04827,Unknow,31.0,,HR,,600000,emp4827@mail.com
4828,EMP04828,Unknow,58.0,18.0,Intern,2025-07-01,600000,
4829,EMP04829,Male,40.0,99.0,Analyst,,500000,
4830,EMP04830,Male,37.0,1.0,HR,2023-01-15,500000,emp4830@mail.com
4831,EMP04831,Male,35.0,2.0,QA,2025-07-01,800000,
4832,EMP04832,Male,56.0,19.0,Intern,,600000,
4833,EMP04833,Male,34.0,8.0,Intern,2023-01-15,500000,
4834,EMP04834,Unknow,38.0,12.0,Manager,,800000,
4835,EMP04835,Male,58.0,9.0,QA,2025-07-01,600000,
4836,EMP04836,Female,40.0,12.0,Analyst,,800000,
4837,EMP04837,Male,36.0,3.0,Intern,,600000,emp4837@mail.com
4838,EMP04838,Unknow,28.0,19.0,Manager,,350000,
4839,EMP04839,Female,50.0,8.0,HR,2023-01-15,500000,emp4839@mail.com
4840,EMP04840,Unknow,45.0,4.0,HR,2023-01-15,500000,
4841,EMP04841,Unknow,32.0,17.0,Analyst,,350000,
4842,EMP04842,Male,22.0,3.0,Engineer,,600000,
4843,EMP04843,Female,50.0,5.0,HR,,600000,
4844,EMP04844,Female,25.0,18.0,Manager,,800000,
4845,EMP04845,Male,50.0,14.0,Engineer,2025-07-01,800000,
4846,EMP04846,Female,43.0,4.0,HR,,600000,emp4846@mail.com
4847,EMP04847,Male,42.0,10.0,Analyst,,600000,
4848,EMP04848,Male,48.0,99.0,HR,2023-01-15,500000,
4849,EMP04849,Unknow,57.0,18.0,Analyst,,600000,emp4849@mail.com
4850,EMP04850,Male,21.0,13.0,Engineer,,800000,
4851,EMP04851,Female,51.0,6.0,Manager,,350000,
4852,EMP04852,Male,44.0,17.0,Engineer,,500000,emp4852@mail.com
4853,EMP04853,Female,36.0,15.0,Analyst,,800000,emp4853@mail.com
4854,EMP04854,Male,57.0,6.0,Manager,,500000,
4855,EMP04855,Male,21.0,5.0,HR,,500000,
4856,EMP04856,Female,21.0,3.0,Engineer,2023-01-15,500000,
4857,EMP04857,Female,47.0,3.0,Manager,,350000,emp4857@mail.com
4858,EMP04858,Male,20.0,99.0,QA,2023-01-15,500000,
4859,EMP04859,Male,52.0,4.0,Intern,,800000,
4860,EMP04860,Male,30.0,3.0,Engineer,2023-01-15,500000,emp4860@mail.com
4861,EMP04861,Unknow,21.0,19.0,HR,2025-07-01,350000,
4862,EMP04862,Male,53.0,99.0,HR,,800000,emp4862@mail.com
4863,EMP04863,Male,35.0,20.0,HR,,600000,
4864,EMP04864,Male,20.0,15.0,Analyst,,350000,
4865,EMP04865,Unknow,49.0,12.0,QA,,600000,
4866,EMP04866,Female,34.0,8.0,HR,,600000,emp4866@mail.com
4867,EMP04867,Female,39.0,19.0,HR,2023-01-15,600000,
4868,EMP04868,Unknow,30.0,9.0,QA,,500000,
4869,EMP04869,Male,23.0,17.0,Manager,2025-07-01,600000,emp4869@mail.com
4870,EMP04870,Female,47.0,10.0,Manager,,600000,
4871,EMP04871,Male,53.0,19.0,HR,2025-07-01,600000,
4872,EMP04872,Female,40.0,16.0,Intern,2025-07-01,500000,
4873,EMP04873,Male,34.0,9.0,Analyst,,500000,
4874,EMP04874,Female,52.0,8.0,Manager,2023-01-15,800000,
4875,EMP04875,Male,23.0,,Engineer,,600000,
4876,EMP04876,Male,20.0,8.0,Engineer,,350000,
4877,EMP04877,Unknow,38.0,99.0,HR,,600000,
4878,EMP04878,Male,48.0,5.0,QA,2023-01-15,350000,
4879,EMP04879,Unknow,40.0,1.0,Intern,,600000,
4880,EMP04880,Female,38.0,17.0,Intern,,800000,emp4880@mail.com
4881,EMP04881,Male,42.0,10.0,Engineer,2023-01-15,600000,emp4881@mail.com
4882,EMP04882,Male,21.0,5.0,HR,,500000,
4883,EMP04883,Male,35.0,15.0,QA,,350000,
4884,EMP04884,Male,25.0,14.0,QA,2023-01-15,600000,
4885,EMP04885,Male,53.0,13.0,Engineer,,500000,
4886,EMP04886,Female,52.0,20.0,QA,,350000,
4887,EMP04887,Male,40.0,2.0,Intern,,350000,
4888,EMP04888,Unknow,60.0,1.0,Analyst,,500000,
4889,EMP04889,Female,44.0,,Engineer,2025-07-01,600000,
4890,EMP04890,Female,56.0,3.0,QA,2025-07-01,600000,
4891,EMP04891,Unknow,21.0,10.0,Engineer,2025-07-01,600000,emp4891@mail.com
4892,EMP04892,Female,47.0,9.0,QA,2025-07-01,350000,emp4892@mail.com
4893,EMP04893,Male,44.0,20.0,QA,,350000,
4894,EMP04894,Male,40.0,15.0,Intern,,500000,emp4894@mail.com
4895,EMP04895,Male,21.0,6.0,HR,,600000,emp4895@mail.com
4896,EMP04896,Male,39.0,7.0,Engineer,2023-01-15,500000,
4897,EMP04897,Male,41.0,99.0,QA,2023-01-15,500000,
4898,EMP04898,Unknow,29.0,14.0,Manager,,500000,
4899,EMP04899,Male,36.0,14.0,Manager,,500000,emp4899@mail.com
4900,EMP04900,Male,55.0,6.0,Intern,,600000,
4901,EMP04901,Unknow,54.0,14.0,Engineer,,800000,
4902,EMP04902,Male,58.0,8.0,Intern,2025-07-01,600000,
4903,EMP04903,Male,41.0,15.0,HR,,500000,emp4903@mail.com
4904,EMP04904,Male,33.0,3.0,Engineer,,500000,
4905,EMP04905,Male,40.0,13.0,Manager,,800000,
4906,EMP04906,Male,49.0,,QA,,600000,
4907,EMP04907,Female,22.0,3.0,QA,2025-07-01,500000,
4908,EMP04908,Male,36.0,19.0,QA,2023-01-15,800000,emp4908@mail.com
4909,EMP04909,Female,35.0,10.0,Manager,2025-07-01,500000,emp4909@mail.com
4910,EMP04910,Unknow,21.0,18.0,QA,,800000,
4911,EMP04911,Female,46.0,,Manager,,600000,
4912,EMP04912,Male,27.0,8.0,Analyst,2023-01-15,800000,
4913,EMP04913,Unknow,41.0,20.0,Analyst,,600000,
4914,EMP04914,Unknow,57.0,11.0,HR,2025-07-01,350000,
4915,EMP04915,Male,40.0,5.0,Manager,,600000,
4916,EMP04916,Unknow,42.0,2.0,Engineer,2025-07-01,600000,
4917,EMP04917,Female,43.0,6.0,HR,,350000,
4918,EMP04918,Unknow,42.0,13.0,Analyst,,500000,
4919,EMP04919,Male,33.0,3.0,Manager,2025-07-01,600000,emp4919@mail.com
4920,EMP04920,Female,38.0,9.0,Manager,,500000,
4921,EMP04921,Male,59.0,17.0,Intern,2023-01-15,600000,emp4921@mail.com
4922,EMP04922,Female,54.0,3.0,Analyst,,600000,
4923,EMP04923,Female,37.0,17.0,Intern,,600000,
4924,EMP04924,Male,33.0,11.0,HR,,500000,
4925,EMP04925,Female,24.0,2.0,Intern,,600000,
4926,EMP04926,Unknow,38.0,16.0,Manager,,600000,emp4926@mail.com
4927,EMP04927,Female,40.0,5.0,Intern,2023-01-15,600000,
4928,EMP04928,Male,48.0,15.0,Analyst,,350000,
4929,EMP04929,Male,40.0,1.0,Engineer,2025-07-01,500000,
4930,EMP04930,Male,42.0,2.0,Intern,2025-07-01,600000,emp4930@mail.com
4931,EMP04931,Male,34.0,4.0,QA,,600000,emp4931@mail.com
4932,EMP04932,Male,41.0,3.0,Manager,,500000,
4933,EMP04933,Unknow,47.0,1.0,Analyst,2025-07-01,350000,
4934,EMP04934,Male,27.0,5.0,QA,2023-01-15,500000,emp4934@mail.com
4935,EMP04935,Female,43.0,7.0,Intern,2025-07-01,500000,
4936,EMP04936,Male,52.0,10.0,HR,,800000,emp4936@mail.com
4937,EMP04937,Unknow,43.0,20.0,QA,2023-01-15,600000,
4938,EMP04938,Female,42.0,11.0,Manager,2025-07-01,600000,
4939,EMP04939,Female,38.0,13.0,Intern,,350000,
4940,EMP04940,Male,29.0,8.0,HR,2025-07-01,500000,
4941,EMP04941,Male,40.0,16.0,QA,2025-07-01,500000,
4942,EMP04942,Male,40.0,15.0,Intern,,600000,
4943,EMP04943,Male,39.0,2.0,Intern,,350000,
4944,EMP04944,Male,50.0,16.0,Manager,,600000,
4945,EMP04945,Male,23.0,7.0,Engineer,,600000,
4946,EMP04946,Female,50.0,12.0,Manager,2023-01-15,800000,
4947,EMP04947,Male,27.0,99.0,QA,,600000,emp4947@mail.com
4948,EMP04948,Unknow,40.0,15.0,Analyst,2025-07-01,600000,
4949,EMP04949,Female,40.0,3.0,HR,,350000,
4950,EMP04950,Male,31.0,11.0,Intern,,500000,emp4950@mail.com
4951,EMP04951,Female,23.0,17.0,Analyst,,800000,
4952,EMP04952,Female,30.0,7.0,QA,2023-01-15,600000,emp4952@mail.com
4953,EMP04953,Female,37.0,19.0,Analyst,,600000,
4954,EMP04954,Female,41.0,10.0,HR,2023-01-15,600000,
4955,EMP04955,Female,44.0,17.0,Analyst,2025-07-01,350000,emp4955@mail.com
4956,EMP04956,Female,59.0,9.0,QA,,500000,emp4956@mail.com
4957,EMP04957,Male,33.0,19.0,Engineer,2025-07-01,600000,
4958,EMP04958,Female,42.0,5.0,Manager,,500000,
4959,EMP04959,Male,37.0,1.0,Manager,,600000,emp4959@mail.com
4960,EMP04960,Unknow,25.0,12.0,Manager,,350000,
4961,EMP04961,Female,36.0,16.0,HR,,800000,emp4961@mail.com
4962,EMP04962,Male,31.0,9.0,Manager,,600000,
4963,EMP04963,Male,34.0,17.0,Engineer,2025-07-01,800000,emp4963@mail.com
4964,EMP04964,Female,47.0,14.0,HR,2023-01-15,500000,emp4964@mail.com
4965,EMP04965,Female,24.0,16.0,Manager,2023-01-15,800000,
4966,EMP04966,Male,43.0,6.0,Intern,2025-07-01,350000,
4967,EMP04967,Unknow,48.0,6.0,Intern,,600000,
4968,EMP04968,Male,21.0,19.0,Intern,,350000,
4969,EMP04969,Female,51.0,17.0,Intern,,800000,
4970,EMP04970,Female,60.0,11.0,Manager,2023-01-15,800000,emp4970@mail.com
4971,EMP04971,Unknow,24.0,8.0,Engineer,,500000,
4972,EMP04972,Male,54.0,19.0,Engineer,,800000,
4973,EMP04973,Female,23.0,8.0,HR,,500000,
4974,EMP04974,Male,59.0,7.0,Manager,,350000,
4975,EMP04975,Male,46.0,18.0,Analyst,2025-07-01,500000,emp4975@mail.com
4976,EMP04976,Male,21.0,15.0,QA,2023-01-15,600000,emp4976@mail.com
4977,EMP04977,Female,48.0,4.0,Manager,2025-07-01,500000,
4978,EMP04978,Male,50.0,9.0,Engineer,2023-01-15,600000,
4979,EMP04979,Male,28.0,10.0,QA,,600000,
4980,EMP04980,Female,31.0,5.0,Intern,,350000,
4981,EMP04981,Male,60.0,19.0,Analyst,,800000,
4982,EMP04982,Female,29.0,7.0,Engineer,2025-07-01,500000,
4983,EMP04983,Female,47.0,3.0,QA,,600000,
4984,EMP04984,Female,22.0,1.0,HR,,800000,emp4984@mail.com
4985,EMP04985,Male,42.0,5.0,QA,2025-07-01,500000,
4986,EMP04986,Male,36.0,3.0,Engineer,,600000,emp4986@mail.com
4987,EMP04987,Male,40.0,17.0,Manager,,600000,
4988,EMP04988,Male,35.0,18.0,Engineer,,600000,
4989,EMP04989,Male,20.0,1.0,Intern,,350000,emp4989@mail.com
4990,EMP04990,Male,44.0,18.0,Analyst,,500000,
4991,EMP04991,Male,48.0,15.0,Engineer,,600000,
4992,EMP04992,Male,35.0,20.0,Intern,,350000,emp4992@mail.com
4993,EMP04993,Female,24.0,19.0,Manager,,600000,
4994,EMP04994,Female,54.0,19.0,QA,2025-07-01,600000,emp4994@mail.com
4995,EMP04995,Unknow,31.0,19.0,Manager,2023-01-15,500000,
4996,EMP04996,Male,33.0,5.0,Engineer,2025-07-01,500000,
4997,EMP04997,Male,25.0,10.0,HR,,600000,
4998,EMP04998,Unknow,29.0,20.0,Analyst,,350000,
4999,EMP04999,Female,25.0,14.0,Analyst,,600000,
5000,EMP05000,Male,40.0,6.0,HR,2025-07-01,800000,
5001,EMP05001,Male,34.0,9.0,Engineer,2025-07-01,600000,
5002,EMP05002,Male,44.0,9.0,Intern,2025-07-01,500000,
5003,EMP05003,Female,40.0,3.0,QA,,500000,
5004,EMP05004,Male,56.0,7.0,HR,,600000,
5005,EMP05005,Female,40.0,3.0,HR,2025-07-01,600000,
5006,EMP05006,Female,31.0,15.0,HR,,500000,
5007,EMP05007,Female,53.0,17.0,Intern,,350000,
5008,EMP05008,Male,56.0,12.0,QA,,800000,emp5008@mail.com
5009,EMP05009,Unknow,35.0,11.0,Intern,2023-01-15,500000,
5010,EMP05010,Female,44.0,9.0,Manager,2023-01-15,500000,emp5010@mail.com
5011,EMP05011,Female,36.0,19.0,Manager,2023-01-15,600000,
5012,EMP05012,Unknow,42.0,20.0,Manager,2023-01-15,800000,
5013,EMP05013,Female,57.0,12.0,Analyst,2023-01-15,800000,emp5013@mail.com
5014,EMP05014,Male,51.0,19.0,QA,,800000,emp5014@mail.com
5015,EMP05015,Unknow,25.0,20.0,Engineer,,600000,
5016,EMP05016,Male,44.0,3.0,Engineer,2023-01-15,350000,
5017,EMP05017,Male,40.0,6.0,Manager,2025-07-01,600000,
5018,EMP05018,Male,42.0,10.0,Engineer,2023-01-15,600000,
5019,EMP05019,Female,31.0,10.0,QA,,600000,emp5019@mail.com
5020,EMP05020,Female,36.0,,Intern,2025-07-01,600000,emp5020@mail.com
5021,EMP05021,Male,53.0,2.0,QA,2023-01-15,350000,emp5021@mail.com
5022,EMP05022,Female,20.0,15.0,Intern,,800000,
5023,EMP05023,Female,54.0,5.0,Engineer,,500000,
5024,EMP05024,Male,36.0,5.0,Intern,,800000,
5025,EMP05025,Female,20.0,7.0,Manager,,500000,
5026,EMP05026,Male,23.0,8.0,QA,2025-07-01,350000,
5027,EMP05027,Male,40.0,6.0,QA,,350000,
5028,EMP05028,Male,37.0,2.0,Analyst,,600000,
5029,EMP05029,Unknow,30.0,9.0,Engineer,2023-01-15,500000,
5030,EMP05030,Female,31.0,4.0,HR,,600000,
5031,EMP05031,Unknow,46.0,13.0,Manager,,350000,
5032,EMP05032,Female,41.0,9.0,Engineer,,500000,
5033,EMP05033,Male,20.0,3.0,QA,,600000,emp5033@mail.com
5034,EMP05034,Unknow,59.0,14.0,Intern,,600000,
5035,EMP05035,Unknow,55.0,15.0,Intern,,500000,
5036,EMP05036,Female,24.0,4.0,Engineer,,600000,emp5036@mail.com
5037,EMP05037,Unknow,50.0,13.0,QA,,600000,emp5037@mail.com
5038,EMP05038,Male,35.0,9.0,Intern,,350000,
5039,EMP05039,Female,50.0,14.0,Engineer,2023-01-15,600000,
5040,EMP05040,Male,32.0,4.0,QA,,600000,emp5040@mail.com
5041,EMP05041,Female,41.0,13.0,Manager,2025-07-01,500000,
5042,EMP05042,Female,27.0,2.0,Analyst,,500000,
5043,EMP05043,Male,31.0,18.0,HR,,600000,
5044,EMP05044,Unknow,29.0,15.0,Engineer,,500000,
5045,EMP05045,Male,51.0,6.0,QA,,600000,
5046,EMP05046,Male,43.0,7.0,Manager,2023-01-15,800000,emp5046@mail.com
5047,EMP05047,Male,40.0,12.0,QA,2025-07-01,600000,
5048,EMP05048,Male,53.0,4.0,QA,,350000,emp5048@mail.com
5049,EMP05049,Unknow,52.0,3.0,QA,2025-07-01,500000,
5050,EMP05050,Female,20.0,13.0,Intern,,800000,
5051,EMP05051,Unknow,40.0,3.0,Engineer,2025-07-01,600000,
5052,EMP05052,Male,37.0,,Engineer,2023-01-15,600000,
5053,EMP05053,Male,45.0,7.0,Intern,,800000,
5054,EMP05054,Male,40.0,20.0,QA,,350000,
5055,EMP05055,Male,21.0,17.0,QA,,800000,emp5055@mail.com
5056,EMP05056,Male,59.0,4.0,Engineer,,600000,
5057,EMP05057,Female,41.0,1.0,Engineer,2023-01-15,600000,
5058,EMP05058,Male,40.0,12.0,QA,,500000,
5059,EMP05059,Male,25.0,18.0,HR,,600000,
5060,EMP05060,Male,40.0,15.0,HR,2023-01-15,600000,
5061,EMP05061,Male,33.0,17.0,Engineer,2025-07-01,350000,
5062,EMP05062,Female,50.0,19.0,Engineer,2025-07-01,600000,
5063,EMP05063,Male,24.0,7.0,Engineer,,500000,
5064,EMP05064,Male,59.0,,Engineer,2025-07-01,600000,
5065,EMP05065,Male,34.0,18.0,Intern,2025-07-01,800000,
5066,EMP05066,Male,31.0,10.0,Engineer,2025-07-01,600000,emp5066@mail.com
5067,EMP05067,Male,36.0,18.0,Manager,,800000,
5068,EMP05068,Female,27.0,11.0,HR,,800000,
5069,EMP05069,Female,40.0,8.0,Engineer,,800000,
5070,EMP05070,Male,38.0,4.0,HR,,500000,
5071,EMP05071,Male,56.0,3.0,Intern,2025-07-01,350000,emp5071@mail.com
5072,EMP05072,Male,27.0,14.0,QA,,600000,
5073,EMP05073,Female,52.0,99.0,Engineer,,500000,emp5073@mail.com
5074,EMP05074,Female,43.0,20.0,QA,,600000,
5075,EMP05075,Male,51.0,12.0,Analyst,,600000,emp5075@mail.com
5076,EMP05076,Male,54.0,17.0,Manager,2025-07-01,600000,
5077,EMP05077,Female,24.0,18.0,Manager,2025-07-01,600000,
5078,EMP05078,Female,35.0,99.0,Engineer,2025-07-01,500000,
5079,EMP05079,Female,40.0,6.0,Manager,2025-07-01,800000,
5080,EMP05080,Unknow,34.0,2.0,HR,2025-07-01,800000,
5081,EMP05081,Male,57.0,99.0,HR,,500000,emp5081@mail.com
5082,EMP05082,Male,34.0,14.0,Analyst,,600000,emp5082@mail.com
5083,EMP05083,Female,26.0,8.0,QA,,350000,
5084,EMP05084,Male,31.0,5.0,HR,,350000,
5085,EMP05085,Male,33.0,2.0,Intern,2025-07-01,600000,
5086,EMP05086,Female,34.0,7.0,Intern,,500000,
5087,EMP05087,Male,40.0,6.0,HR,,600000,
5088,EMP05088,Male,20.0,10.0,QA,2023-01-15,350000,emp5088@mail.com
5089,EMP05089,Unknow,58.0,10.0,QA,2025-07-01,800000,emp5089@mail.com
5090,EMP05090,Male,50.0,1.0,QA,,600000,
5091,EMP05091,Male,38.0,10.0,Manager,,600000,
5092,EMP05092,Male,24.0,6.0,Analyst,,500000,
5093,EMP05093,Male,53.0,10.0,Intern,2025-07-01,800000,
5094,EMP05094,Male,20.0,4.0,Manager,,350000,
5095,EMP05095,Male,24.0,8.0,HR,2023-01-15,600000,emp5095@mail.com
5096,EMP05096,Male,54.0,17.0,Engineer,2025-07-01,500000,
5097,EMP05097,Unknow,31.0,99.0,Manager,2025-07-01,800000,
5098,EMP05098,Female,31.0,,QA,2023-01-15,600000,
5099,EMP05099,Female,40.0,12.0,Intern,,350000,
5100,EMP05100,Male,45.0,99.0,HR,2023-01-15,350000,
5101,EMP05101,Female,48.0,17.0,Manager,,600000,
5102,EMP05102,Unknow,40.0,13.0,QA,2025-07-01,350000,
5103,EMP05103,Female,20.0,1.0,QA,2023-01-15,800000,
5104,EMP05104,Male,52.0,2.0,Engineer,,350000,
5105,EMP05105,Unknow,33.0,19.0,QA,,600000,
5106,EMP05106,Female,54.0,17.0,HR,,600000,
5107,EMP05107,Male,41.0,20.0,HR,,350000,emp5107@mail.com
5108,EMP05108,Female,54.0,15.0,QA,,500000,
5109,EMP05109,Unknow,39.0,99.0,QA,,500000,
5110,EMP05110,Male,40.0,,HR,,600000,
5111,EMP05111,Male,52.0,7.0,QA,,350000,
5112,EMP05112,Female,40.0,,Analyst,2023-01-15,600000,
5113,EMP05113,Unknow,29.0,3.0,Engineer,,600000,
5114,EMP05114,Male,45.0,6.0,HR,2023-01-15,500000,
5115,EMP05115,Male,21.0,11.0,Analyst,,350000,
5116,EMP05116,Female,40.0,,Engineer,2023-01-15,600000,
5117,EMP05117,Male,34.0,11.0,Analyst,2023-01-15,350000,
5118,EMP05118,Male,60.0,5.0,Analyst,,500000,
5119,EMP05119,Male,58.0,1.0,Intern,,500000,
5120,EMP05120,Female,29.0,2.0,Intern,,800000,emp5120@mail.com
5121,EMP05121,Male,50.0,15.0,QA,,500000,emp5121@mail.com
5122,EMP05122,Female,21.0,17.0,Engineer,,350000,
5123,EMP05123,Unknow,56.0,14.0,Manager,,600000,
5124,EMP05124,Male,44.0,2.0,Engineer,2023-01-15,500000,
5125,EMP05125,Unknow,34.0,1.0,QA,,600000,emp5125@mail.com
5126,EMP05126,Male,58.0,11.0,Analyst,,800000,
5127,EMP05127,Female,40.0,2.0,Manager,,350000,emp5127@mail.com
5128,EMP05128,Male,34.0,7.0,QA,,350000,emp5128@mail.com
5129,EMP05129,Male,42.0,9.0,Intern,,350000,
5130,EMP05130,Female,58.0,14.0,Analyst,2023-01-15,350000,
5131,EMP05131,Unknow,28.0,15.0,Manager,2025-07-01,500000,
5132,EMP05132,Male,44.0,20.0,Engineer,,600000,emp5132@mail.com
5133,EMP05133,Female,40.0,20.0,QA,2023-01-15,350000,emp5133@mail.com
5134,EMP05134,Female,39.0,8.0,QA,,350000,emp5134@mail.com
5135,EMP05135,Male,46.0,99.0,Engineer,,500000,
5136,EMP05136,Male,50.0,7.0,HR,,500000,
5137,EMP05137,Female,33.0,7.0,QA,,500000,
5138,EMP05138,Female,54.0,4.0,Intern,,500000,
5139,EMP05139,Unknow,51.0,4.0,Intern,2025-07-01,500000,
5140,EMP05140,Female,56.0,14.0,Analyst,,800000,
5141,EMP05141,Male,48.0,,Engineer,,600000,
5142,EMP05142,Female,29.0,6.0,Analyst,2025-07-01,800000,
5143,EMP05143,Male,34.0,,QA,,600000,
5144,EMP05144,Male,51.0,13.0,Intern,2025-07-01,350000,
5145,EMP05145,Male,21.0,13.0,Manager,,350000,emp5145@mail.com
5146,EMP05146,Female,60.0,99.0,Analyst,,350000,
5147,EMP05147,Male,45.0,19.0,HR,2023-01-15,600000,
5148,EMP05148,Male,35.0,14.0,Analyst,,600000,
5149,EMP05149,Unknow,36.0,7.0,HR,,500000,
5150,EMP05150,Male,40.0,4.0,Analyst,2023-01-15,600000,
5151,EMP05151,Female,54.0,3.0,Engineer,2023-01-15,800000,
5152,EMP05152,Female,39.0,5.0,Engineer,2025-07-01,500000,emp5152@mail.com
5153,EMP05153,Female,29.0,12.0,QA,2023-01-15,800000,
5154,EMP05154,Female,50.0,2.0,HR,,800000,
5155,EMP05155,Male,27.0,,HR,,600000,
5156,EMP05156,Male,49.0,11.0,QA,,500000,
5157,EMP05157,Unknow,44.0,14.0,Manager,,350000,
5158,EMP05158,Unknow,20.0,15.0,QA,,800000,
5159,EMP05159,Male,31.0,18.0,QA,2023-01-15,800000,emp5159@mail.com
5160,EMP05160,Female,26.0,18.0,QA,2023-01-15,600000,
5161,EMP05161,Female,40.0,15.0,Analyst,,600000,
5162,EMP05162,Female,45.0,10.0,QA,,600000,
5163,EMP05163,Male,40.0,12.0,Engineer,2025-07-01,500000,emp5163@mail.com
5164,EMP05164,Female,27.0,12.0,Analyst,2023-01-15,500000,
5165,EMP05165,Male,58.0,5.0,Intern,,600000,
5166,EMP05166,Male,27.0,12.0,HR,,600000,emp5166@mail.com
5167,EMP05167,Male,42.0,16.0,Engineer,2023-01-15,800000,
5168,EMP05168,Male,55.0,14.0,QA,,500000,
5169,EMP05169,Male,55.0,2.0,Manager,2025-07-01,600000,
5170,EMP05170,Male,56.0,9.0,Analyst,,600000,emp5170@mail.com
5171,EMP05171,Female,24.0,3.0,Manager,2025-07-01,500000,
5172,EMP05172,Male,27.0,5.0,Manager,,350000,
5173,EMP05173,Male,36.0,15.0,Analyst,2023-01-15,600000,emp5173@mail.com
5174,EMP05174,Male,40.0,14.0,Engineer,2025-07-01,500000,
5175,EMP05175,Female,41.0,16.0,Engineer,,600000,emp5175@mail.com
5176,EMP05176,Male,31.0,11.0,Intern,,500000,emp5176@mail.com
5177,EMP05177,Male,29.0,10.0,HR,2025-07-01,800000,
5178,EMP05178,Female,45.0,9.0,Engineer,2023-01-15,500000,
5179,EMP05179,Female,39.0,1.0,Analyst,,350000,
5180,EMP05180,Female,46.0,5.0,Analyst,2025-07-01,500000,
5181,EMP05181,Female,29.0,8.0,QA,2023-01-15,600000,emp5181@mail.com
5182,EMP05182,Female,28.0,13.0,Analyst,,500000,
5183,EMP05183,Female,25.0,11.0,HR,,800000,emp5183@mail.com
5184,EMP05184,Male,32.0,4.0,Manager,2025-07-01,600000,emp5184@mail.com
5185,EMP05185,Male,59.0,12.0,Manager,2025-07-01,600000,
5186,EMP05186,Male,36.0,8.0,QA,2023-01-15,350000,
5187,EMP05187,Male,53.0,1.0,Engineer,2023-01-15,800000,
5188,EMP05188,Male,23.0,3.0,Manager,2025-07-01,350000,
5189,EMP05189,Female,27.0,14.0,Manager,2023-01-15,600000,
5190,EMP05190,Male,24.0,14.0,Analyst,2023-01-15,350000,
5191,EMP05191,Male,29.0,8.0,Intern,,500000,emp5191@mail.com
5192,EMP05192,Male,52.0,11.0,Engineer,,350000,
5193,EMP05193,Male,38.0,6.0,Engineer,2025-07-01,800000,emp5193@mail.com
5194,EMP05194,Male,37.0,99.0,Analyst,,500000,
5195,EMP05195,Female,25.0,1.0,Manager,,600000,emp5195@mail.com
5196,EMP05196,Unknow,40.0,15.0,Manager,,600000,
5197,EMP05197,Female,23.0,12.0,Engineer,2023-01-15,600000,
5198,EMP05198,Female,59.0,19.0,Manager,2023-01-15,350000,
5199,EMP05199,Unknow,57.0,20.0,Engineer,,600000,emp5199@mail.com
5200,EMP05200,Female,57.0,11.0,Engineer,,800000,
5201,EMP05201,Male,31.0,2.0,Analyst,,600000,
5202,EMP05202,Female,26.0,3.0,Manager,,600000,
5203,EMP05203,Male,40.0,3.0,Manager,2025-07-01,600000,
5204,EMP05204,Male,40.0,16.0,HR,,600000,emp5204@mail.com
5205,EMP05205,Female,57.0,2.0,Manager,,600000,
5206,EMP05206,Male,41.0,12.0,HR,2023-01-15,600000,
5207,EMP05207,Female,59.0,5.0,Engineer,,800000,
5208,EMP05208,Male,35.0,18.0,QA,,600000,
5209,EMP05209,Male,42.0,14.0,Intern,,350000,emp5209@mail.com
5210,EMP05210,Male,24.0,15.0,Manager,2023-01-15,350000,
5211,EMP05211,Male,49.0,19.0,Analyst,,350000,
5212,EMP05212,Male,54.0,17.0,Analyst,,600000,
5213,EMP05213,Male,50.0,17.0,QA,,800000,
5214,EMP05214,Female,49.0,6.0,HR,,600000,
5215,EMP05215,Female,39.0,16.0,QA,,800000,
5216,EMP05216,Unknow,42.0,3.0,Manager,,800000,
5217,EMP05217,Female,52.0,13.0,QA,2023-01-15,800000,
5218,EMP05218,Female,41.0,17.0,Manager,,600000,emp5218@mail.com
5219,EMP05219,Unknow,38.0,16.0,Engineer,2023-01-15,600000,emp5219@mail.com
5220,EMP05220,Female,35.0,12.0,HR,,600000,
5221,EMP05221,Male,54.0,7.0,Intern,,600000,
5222,EMP05222,Male,25.0,17.0,QA,2023-01-15,800000,
5223,EMP05223,Female,25.0,12.0,Engineer,2025-07-01,600000,
5224,EMP05224,Male,40.0,9.0,Analyst,,350000,
5225,EMP05225,Male,24.0,10.0,HR,,600000,
5226,EMP05226,Unknow,28.0,99.0,HR,,800000,emp5226@mail.com
5227,EMP05227,Male,47.0,11.0,Manager,,500000,
5228,EMP05228,Female,46.0,99.0,HR,,800000,
5229,EMP05229,Female,35.0,4.0,Engineer,,600000,
5230,EMP05230,Female,60.0,3.0,QA,2025-07-01,350000,emp5230@mail.com
5231,EMP05231,Female,38.0,7.0,Engineer,,600000,
5232,EMP05232,Female,42.0,1.0,Analyst,,350000,emp5232@mail.com
5233,EMP05233,Male,48.0,3.0,Manager,,500000,
5234,EMP05234,Male,30.0,11.0,Engineer,,500000,
5235,EMP05235,Female,58.0,9.0,Engineer,2023-01-15,500000,emp5235@mail.com
5236,EMP05236,Male,25.0,1.0,Analyst,,500000,
5237,EMP05237,Male,35.0,3.0,HR,,600000,emp5237@mail.com
5238,EMP05238,Unknow,40.0,15.0,Engineer,,350000,
5239,EMP05239,Female,51.0,16.0,Engineer,,600000,
5240,EMP05240,Male,55.0,18.0,HR,,600000,
5241,EMP05241,Female,56.0,17.0,HR,,350000,emp5241@mail.com
5242,EMP05242,Male,23.0,18.0,Manager,,600000,
5243,EMP05243,Female,20.0,,HR,,600000,emp5243@mail.com
5244,EMP05244,Male,41.0,,Analyst,2025-07-01,600000,
5245,EMP05245,Unknow,60.0,12.0,QA,,600000,
5246,EMP05246,Female,27.0,3.0,HR,,800000,
5247,EMP05247,Female,52.0,20.0,Analyst,,350000,
5248,EMP05248,Male,53.0,4.0,Intern,2023-01-15,800000,
5249,EMP05249,Female,35.0,9.0,Intern,2023-01-15,350000,
5250,EMP05250,Female,46.0,12.0,QA,,600000,
5251,EMP05251,Male,36.0,4.0,QA,,600000,emp5251@mail.com
5252,EMP05252,Male,34.0,2.0,Analyst,,350000,
5253,EMP05253,Male,54.0,15.0,Engineer,,500000,
5254,EMP05254,Female,30.0,20.0,Intern,,800000,
5255,EMP05255,Female,24.0,9.0,HR,,350000,
5256,EMP05256,Male,40.0,13.0,HR,,600000,
5257,EMP05257,Male,59.0,9.0,HR,,500000,
5258,EMP05258,Unknow,23.0,9.0,Engineer,2025-07-01,500000,
5259,EMP05259,Unknow,26.0,6.0,Engineer,2025-07-01,800000,
5260,EMP05260,Male,30.0,3.0,QA,2023-01-15,800000,
5261,EMP05261,Male,59.0,6.0,Intern,,600000,emp5261@mail.com
5262,EMP05262,Male,53.0,20.0,Manager,,600000,
5263,EMP05263,Male,59.0,11.0,Intern,2025-07-01,600000,emp5263@mail.com
5264,EMP05264,Female,43.0,15.0,QA,2023-01-15,350000,
5265,EMP05265,Male,33.0,6.0,Manager,,350000,
5266,EMP05266,Unknow,20.0,15.0,Engineer,2025-07-01,800000,
5267,EMP05267,Female,20.0,20.0,Engineer,2023-01-15,600000,
5268,EMP05268,Female,38.0,5.0,Analyst,,600000,
5269,EMP05269,Male,40.0,11.0,Manager,2025-07-01,500000,
5270,EMP05270,Male,31.0,12.0,QA,,800000,
5271,EMP05271,Male,24.0,20.0,HR,2023-01-15,600000,
5272,EMP05272,Female,23.0,4.0,Analyst,2023-01-15,500000,emp5272@mail.com
5273,EMP05273,Unknow,41.0,99.0,Intern,,800000,
5274,EMP05274,Male,25.0,20.0,HR,2023-01-15,800000,emp5274@mail.com
5275,EMP05275,Male,35.0,17.0,Intern,,600000,
5276,EMP05276,Female,59.0,16.0,QA,,800000,
5277,EMP05277,Female,48.0,10.0,Analyst,,500000,
5278,EMP05278,Male,59.0,1.0,Intern,2023-01-15,350000,
5279,EMP05279,Male,36.0,5.0,Manager,2025-07-01,500000,
5280,EMP05280,Male,37.0,17.0,QA,2023-01-15,600000,
5281,EMP05281,Unknow,52.0,9.0,Manager,,500000,emp5281@mail.com
5282,EMP05282,Male,21.0,2.0,HR,2025-07-01,600000,emp5282@mail.com
5283,EMP05283,Female,56.0,7.0,QA,2023-01-15,500000,
5284,EMP05284,Male,60.0,10.0,Analyst,,600000,
5285,EMP05285,Female,60.0,,Engineer,,600000,emp5285@mail.com
5286,EMP05286,Male,45.0,16.0,Intern,2023-01-15,600000,
5287,EMP05287,Unknow,52.0,6.0,Analyst,,600000,
5288,EMP05288,Male,43.0,20.0,Manager,,600000,emp5288@mail.com
5289,EMP05289,Male,40.0,12.0,Engineer,,500000,
5290,EMP05290,Male,27.0,11.0,QA,,500000,emp5290@mail.com
5291,EMP05291,Male,22.0,9.0,Engineer,2025-07-01,500000,
5292,EMP05292,Male,40.0,3.0,Manager,2025-07-01,600000,
5293,EMP05293,Male,46.0,8.0,Intern,2023-01-15,500000,
5294,EMP05294,Female,43.0,15.0,HR,,500000,
5295,EMP05295,Male,56.0,17.0,Analyst,2023-01-15,600000,
5296,EMP05296,Female,40.0,10.0,Intern,,800000,emp5296@mail.com
5297,EMP05297,Female,20.0,20.0,Engineer,,800000,
5298,EMP05298,Male,52.0,11.0,Manager,,500000,
5299,EMP05299,Male,43.0,5.0,QA,,600000,emp5299@mail.com
5300,EMP05300,Male,20.0,12.0,HR,2023-01-15,350000,
5301,EMP05301,Male,59.0,11.0,Intern,,500000,
5302,EMP05302,Unknow,38.0,2.0,Manager,,500000,
5303,EMP05303,Male,51.0,14.0,Manager,2023-01-15,600000,
5304,EMP05304,Female,31.0,18.0,Analyst,,600000,
5305,EMP05305,Unknow,56.0,20.0,QA,2025-07-01,500000,
5306,EMP05306,Female,59.0,99.0,Analyst,,500000,
5307,EMP05307,Male,20.0,,HR,,600000,
5308,EMP05308,Female,21.0,15.0,Engineer,2023-01-15,500000,emp5308@mail.com
5309,EMP05309,Female,24.0,19.0,Intern,,600000,
5310,EMP05310,Male,36.0,1.0,Intern,2023-01-15,500000,
5311,EMP05311,Female,35.0,13.0,Intern,2023-01-15,500000,emp5311@mail.com
5312,EMP05312,Female,34.0,11.0,QA,2025-07-01,350000,
5313,EMP05313,Male,40.0,14.0,Analyst,,600000,
5314,EMP05314,Male,51.0,7.0,Engineer,2025-07-01,800000,
5315,EMP05315,Female,37.0,10.0,Manager,,500000,
5316,EMP05316,Male,48.0,17.0,Analyst,,600000,
5317,EMP05317,Female,54.0,14.0,HR,,600000,
5318,EMP05318,Unknow,42.0,19.0,Manager,,600000,
5319,EMP05319,Unknow,56.0,12.0,Engineer,,600000,
5320,EMP05320,Male,59.0,99.0,Engineer,,350000,
5321,EMP05321,Unknow,20.0,9.0,Intern,2025-07-01,350000,
5322,EMP05322,Unknow,54.0,8.0,Intern,2025-07-01,600000,
5323,EMP05323,Male,56.0,6.0,Engineer,,600000,
5324,EMP05324,Male,60.0,,Analyst,,600000,
5325,EMP05325,Female,29.0,1.0,QA,,600000,
5326,EMP05326,Male,56.0,1.0,Manager,,600000,
5327,EMP05327,Unknow,32.0,9.0,Manager,,800000,
5328,EMP05328,Unknow,40.0,5.0,Manager,,500000,
5329,EMP05329,Unknow,48.0,99.0,Analyst,2025-07-01,600000,
5330,EMP05330,Female,52.0,9.0,Analyst,,350000,
5331,EMP05331,Female,49.0,15.0,Intern,,500000,
5332,EMP05332,Unknow,32.0,3.0,HR,,600000,emp5332@mail.com
5333,EMP05333,Male,32.0,2.0,HR,2023-01-15,600000,
5334,EMP05334,Female,33.0,6.0,HR,2023-01-15,500000,
5335,EMP05335,Unknow,35.0,14.0,Engineer,,600000,emp5335@mail.com
5336,EMP05336,Male,24.0,15.0,QA,,500000,
5337,EMP05337,Female,26.0,8.0,QA,,600000,
5338,EMP05338,Female,23.0,12.0,Manager,2025-07-01,600000,
5339,EMP05339,Male,47.0,6.0,Engineer,,600000,
5340,EMP05340,Unknow,32.0,13.0,Manager,2023-01-15,500000,
5341,EMP05341,Female,44.0,10.0,Intern,,600000,emp5341@mail.com
5342,EMP05342,Male,22.0,18.0,Engineer,,600000,
5343,EMP05343,Female,31.0,7.0,Intern,,500000,
5344,EMP05344,Unknow,49.0,15.0,HR,,800000,emp5344@mail.com
5345,EMP05345,Male,35.0,1.0,Analyst,,600000,emp5345@mail.com
5346,EMP05346,Female,32.0,3.0,Manager,,600000,
5347,EMP05347,Male,42.0,13.0,QA,,350000,
5348,EMP05348,Male,26.0,12.0,Analyst,,600000,
5349,EMP05349,Male,40.0,9.0,Analyst,2025-07-01,500000,emp5349@mail.com
5350,EMP05350,Male,34.0,17.0,Analyst,2025-07-01,600000,emp5350@mail.com
5351,EMP05351,Male,40.0,3.0,QA,,800000,
5352,EMP05352,Unknow,34.0,7.0,Analyst,,500000,
5353,EMP05353,Male,51.0,99.0,Analyst,2025-07-01,800000,
5354,EMP05354,Male,31.0,6.0,QA,2023-01-15,500000,
5355,EMP05355,Female,36.0,20.0,Intern,,600000,
5356,EMP05356,Unknow,52.0,20.0,Manager,,600000,
5357,EMP05357,Female,21.0,15.0,Intern,,800000,
5358,EMP05358,Female,57.0,17.0,Manager,,600000,emp5358@mail.com
5359,EMP05359,Female,51.0,14.0,Intern,2023-01-15,600000,
5360,EMP05360,Male,57.0,5.0,Engineer,,800000,
5361,EMP05361,Male,40.0,10.0,HR,,800000,
5362,EMP05362,Female,27.0,99.0,Intern,,500000,
5363,EMP05363,Female,41.0,12.0,Engineer,2023-01-15,600000,
5364,EMP05364,Female,34.0,9.0,Intern,2023-01-15,500000,
5365,EMP05365,Unknow,40.0,20.0,Manager,2023-01-15,600000,emp5365@mail.com
5366,EMP05366,Male,32.0,9.0,Manager,,500000,emp5366@mail.com
5367,EMP05367,Female,24.0,99.0,HR,,350000,emp5367@mail.com
5368,EMP05368,Unknow,30.0,2.0,Manager,,800000,emp5368@mail.com
5369,EMP05369,Male,40.0,7.0,QA,,500000,emp5369@mail.com
5370,EMP05370,Female,41.0,5.0,HR,2023-01-15,350000,emp5370@mail.com
5371,EMP05371,Male,47.0,12.0,HR,2023-01-15,500000,
5372,EMP05372,Male,40.0,10.0,QA,2025-07-01,600000,
5373,EMP05373,Female,28.0,6.0,Engineer,,350000,
5374,EMP05374,Male,47.0,2.0,QA,,500000,
5375,EMP05375,Female,42.0,3.0,QA,,500000,
5376,EMP05376,Male,25.0,4.0,Intern,2025-07-01,600000,emp5376@mail.com
5377,EMP05377,Female,21.0,11.0,Intern,,350000,
5378,EMP05378,Male,51.0,8.0,Intern,,800000,emp5378@mail.com
5379,EMP05379,Unknow,22.0,9.0,Analyst,,350000,
5380,EMP05380,Female,40.0,20.0,Engineer,2023-01-15,800000,
5381,EMP05381,Female,50.0,18.0,Manager,,600000,
5382,EMP05382,Unknow,52.0,3.0,QA,2025-07-01,500000,
5383,EMP05383,Male,22.0,4.0,HR,,600000,
5384,EMP05384,Male,43.0,3.0,Intern,2023-01-15,350000,emp5384@mail.com
5385,EMP05385,Female,54.0,4.0,HR,,600000,
5386,EMP05386,Female,30.0,12.0,Engineer,2023-01-15,600000,
5387,EMP05387,Unknow,60.0,19.0,HR,2023-01-15,500000,
5388,EMP05388,Male,41.0,1.0,Manager,2023-01-15,600000,
5389,EMP05389,Female,52.0,4.0,Engineer,2025-07-01,350000,
5390,EMP05390,Male,58.0,16.0,QA,,600000,
5391,EMP05391,Male,22.0,12.0,HR,,350000,
5392,EMP05392,Female,39.0,,QA,,600000,
5393,EMP05393,Male,27.0,16.0,Manager,2025-07-01,500000,
5394,EMP05394,Male,50.0,14.0,Analyst,2025-07-01,600000,
5395,EMP05395,Male,29.0,11.0,Manager,,500000,
5396,EMP05396,Male,35.0,20.0,Analyst,,600000,
5397,EMP05397,Male,27.0,17.0,Analyst,2023-01-15,600000,emp5397@mail.com
5398,EMP05398,Unknow,40.0,20.0,Analyst,2023-01-15,350000,
5399,EMP05399,Male,24.0,20.0,HR,,350000,
5400,EMP05400,Female,20.0,10.0,Analyst,,600000,emp5400@mail.com
5401,EMP05401,Male,46.0,18.0,QA,,800000,
5402,EMP05402,Unknow,42.0,18.0,Intern,,500000,emp5402@mail.com
5403,EMP05403,Male,44.0,19.0,HR,2023-01-15,350000,
5404,EMP05404,Male,35.0,1.0,Analyst,,800000,
5405,EMP05405,Male,30.0,12.0,Intern,,600000,
5406,EMP05406,Unknow,32.0,,Intern,2025-07-01,600000,
5407,EMP05407,Female,40.0,12.0,HR,2025-07-01,350000,
5408,EMP05408,Female,41.0,18.0,QA,,600000,
5409,EMP05409,Female,23.0,99.0,Manager,,500000,emp5409@mail.com
5410,EMP05410,Female,49.0,18.0,Analyst,2025-07-01,600000,
5411,EMP05411,Female,57.0,17.0,QA,,600000,
5412,EMP05412,Female,34.0,9.0,HR,2023-01-15,350000,
5413,EMP05413,Male,40.0,2.0,HR,2023-01-15,600000,
5414,EMP05414,Female,50.0,12.0,Analyst,,600000,
5415,EMP05415,Male,51.0,8.0,Engineer,,600000,
5416,EMP05416,Male,39.0,19.0,Intern,,800000,
5417,EMP05417,Male,32.0,6.0,Intern,2023-01-15,500000,emp5417@mail.com
5418,EMP05418,Unknow,38.0,99.0,Analyst,2025-07-01,350000,
5419,EMP05419,Unknow,27.0,7.0,Engineer,,500000,
5420,EMP05420,Female,40.0,6.0,HR,,350000,
5421,EMP05421,Male,42.0,,Analyst,,600000,
5422,EMP05422,Male,40.0,17.0,Manager,,600000,
5423,EMP05423,Female,60.0,2.0,Engineer,,800000,
5424,EMP05424,Male,25.0,,Engineer,2025-07-01,600000,
5425,EMP05425,Male,50.0,15.0,Manager,,500000,
5426,EMP05426,Male,45.0,9.0,Intern,,500000,
5427,EMP05427,Female,27.0,4.0,Engineer,,800000,emp5427@mail.com
5428,EMP05428,Male,25.0,16.0,Analyst,2023-01-15,600000,
5429,EMP05429,Male,40.0,12.0,Manager,2025-07-01,800000,
5430,EMP05430,Female,53.0,3.0,Manager,,800000,emp5430@mail.com
5431,EMP05431,Female,44.0,13.0,Analyst,,800000,
5432,EMP05432,Female,46.0,20.0,Manager,,500000,
5433,EMP05433,Female,42.0,2.0,Manager,,600000,emp5433@mail.com
5434,EMP05434,Male,25.0,12.0,Engineer,2023-01-15,800000,
5435,EMP05435,Male,22.0,10.0,HR,2023-01-15,800000,
5436,EMP05436,Male,46.0,12.0,HR,2025-07-01,600000,
5437,EMP05437,Female,29.0,4.0,Manager,2023-01-15,800000,emp5437@mail.com
5438,EMP05438,Unknow,21.0,99.0,Engineer,2023-01-15,500000,
5439,EMP05439,Male,38.0,2.0,Intern,2023-01-15,600000,emp5439@mail.com
5440,EMP05440,Female,57.0,18.0,Intern,,800000,
5441,EMP05441,Female,37.0,5.0,Manager,2025-07-01,500000,
5442,EMP05442,Male,23.0,12.0,HR,,500000,
5443,EMP05443,Female,45.0,3.0,Intern,,600000,
5444,EMP05444,Male,20.0,12.0,Intern,2025-07-01,600000,
5445,EMP05445,Male,32.0,1.0,Analyst,2023-01-15,500000,
5446,EMP05446,Male,41.0,14.0,Intern,,600000,
5447,EMP05447,Male,58.0,15.0,Manager,,500000,
5448,EMP05448,Female,34.0,2.0,HR,,800000,emp5448@mail.com
5449,EMP05449,Male,35.0,14.0,QA,,600000,
5450,EMP05450,Female,32.0,5.0,Analyst,,350000,
5451,EMP05451,Female,23.0,19.0,QA,,600000,emp5451@mail.com
5452,EMP05452,Male,31.0,18.0,Intern,,600000,
5453,EMP05453,Male,55.0,7.0,HR,,600000,
5454,EMP05454,Female,29.0,19.0,Manager,2025-07-01,600000,
5455,EMP05455,Male,39.0,,Manager,,600000,emp5455@mail.com
5456,EMP05456,Unknow,44.0,8.0,QA,,500000,
5457,EMP05457,Male,39.0,14.0,Manager,,600000,
5458,EMP05458,Unknow,47.0,15.0,Engineer,,350000,
5459,EMP05459,Female,32.0,11.0,Intern,2025-07-01,500000,emp5459@mail.com
5460,EMP05460,Unknow,27.0,11.0,Intern,2025-07-01,600000,
5461,EMP05461,Male,21.0,99.0,QA,,800000,emp5461@mail.com
5462,EMP05462,Unknow,40.0,12.0,Manager,2023-01-15,600000,
5463,EMP05463,Male,51.0,4.0,Engineer,2023-01-15,500000,
5464,EMP05464,Male,24.0,,Manager,,600000,
5465,EMP05465,Female,29.0,8.0,QA,2025-07-01,800000,
5466,EMP05466,Male,40.0,4.0,QA,2023-01-15,500000,
5467,EMP05467,Female,59.0,18.0,Analyst,,600000,
5468,EMP05468,Male,34.0,7.0,Engineer,,500000,
5469,EMP05469,Male,41.0,9.0,HR,2023-01-15,800000,
5470,EMP05470,Male,32.0,6.0,Engineer,,800000,
5471,EMP05471,Male,53.0,8.0,Intern,2023-01-15,800000,
5472,EMP05472,Male,31.0,8.0,Engineer,,600000,
5473,EMP05473,Male,42.0,14.0,HR,,500000,
5474,EMP05474,Male,36.0,4.0,Analyst,,600000,
5475,EMP05475,Unknow,41.0,4.0,Engineer,,600000,
5476,EMP05476,Unknow,58.0,20.0,Engineer,,350000,
5477,EMP05477,Female,40.0,99.0,QA,2023-01-15,500000,emp5477@mail.com
5478,EMP05478,Male,56.0,8.0,Engineer,,500000,
5479,EMP05479,Male,53.0,10.0,HR,2025-07-01,600000,
5480,EMP05480,Male,55.0,9.0,Manager,2023-01-15,800000,
5481,EMP05481,Female,40.0,16.0,Manager,2025-07-01,600000,
5482,EMP05482,Female,27.0,10.0,Analyst,2025-07-01,600000,
5483,EMP05483,Female,21.0,9.0,Engineer,,800000,
5484,EMP05484,Female,41.0,8.0,QA,,800000,
5485,EMP05485,Male,52.0,3.0,Manager,,600000,
5486,EMP05486,Male,50.0,7.0,HR,2023-01-15,500000,
5487,EMP05487,Male,46.0,8.0,Manager,2025-07-01,350000,emp5487@mail.com
5488,EMP05488,Male,51.0,11.0,Analyst,,600000,
5489,EMP05489,Unknow,25.0,4.0,Engineer,,800000,
5490,EMP05490,Male,58.0,14.0,Intern,,350000,emp5490@mail.com
5491,EMP05491,Unknow,54.0,6.0,HR,2025-07-01,800000,
5492,EMP05492,Female,26.0,99.0,HR,2023-01-15,600000,emp5492@mail.com
5493,EMP05493,Female,31.0,99.0,Manager,2025-07-01,500000,
5494,EMP05494,Female,32.0,12.0,Engineer,2023-01-15,600000,
5495,EMP05495,Unknow,40.0,1.0,Intern,,350000,emp5495@mail.com
5496,EMP05496,Female,44.0,8.0,Engineer,2023-01-15,500000,
5497,EMP05497,Male,27.0,4.0,QA,,600000,emp5497@mail.com
5498,EMP05498,Male,35.0,18.0,Analyst,,500000,
5499,EMP05499,Female,32.0,,HR,,600000,
5500,EMP05500,Female,50.0,3.0,Manager,2025-07-01,600000,emp5500@mail.com
5501,EMP05501,Male,55.0,9.0,HR,,500000,emp5501@mail.com
5502,EMP05502,Male,24.0,10.0,Manager,2025-07-01,600000,
5503,EMP05503,Male,28.0,8.0,Intern,2025-07-01,500000,emp5503@mail.com
5504,EMP05504,Female,52.0,15.0,Intern,2025-07-01,800000,emp5504@mail.com
5505,EMP05505,Male,56.0,8.0,Engineer,,800000,emp5505@mail.com
5506,EMP05506,Male,58.0,18.0,HR,,600000,emp5506@mail.com
5507,EMP05507,Unknow,38.0,14.0,Manager,2023-01-15,600000,emp5507@mail.com
5508,EMP05508,Male,31.0,16.0,Manager,,500000,
5509,EMP05509,Unknow,21.0,20.0,Manager,,500000,
5510,EMP05510,Male,24.0,13.0,Analyst,,500000,
5511,EMP05511,Unknow,31.0,4.0,HR,,500000,emp5511@mail.com
5512,EMP05512,Female,40.0,11.0,Intern,2023-01-15,500000,
5513,EMP05513,Male,51.0,14.0,QA,,800000,
5514,EMP05514,Female,56.0,15.0,Manager,2025-07-01,500000,
5515,EMP05515,Male,53.0,16.0,QA,2023-01-15,800000,emp5515@mail.com
5516,EMP05516,Female,25.0,1.0,QA,2023-01-15,350000,emp5516@mail.com
5517,EMP05517,Female,38.0,18.0,Engineer,,600000,
5518,EMP05518,Male,57.0,9.0,Manager,,600000,
5519,EMP05519,Female,28.0,6.0,Analyst,2023-01-15,600000,emp5519@mail.com
5520,EMP05520,Male,35.0,11.0,Manager,,350000,
5521,EMP05521,Unknow,36.0,7.0,Analyst,,800000,
5522,EMP05522,Male,38.0,17.0,Engineer,2025-07-01,600000,
5523,EMP05523,Female,56.0,12.0,QA,,600000,emp5523@mail.com
5524,EMP05524,Male,49.0,9.0,QA,,350000,
5525,EMP05525,Female,31.0,20.0,Analyst,,600000,emp5525@mail.com
5526,EMP05526,Male,38.0,99.0,HR,,500000,
5527,EMP05527,Male,46.0,15.0,HR,,800000,
5528,EMP05528,Male,36.0,16.0,Analyst,,600000,
5529,EMP05529,Female,24.0,7.0,HR,,500000,
5530,EMP05530,Male,22.0,10.0,Analyst,2023-01-15,350000,
5531,EMP05531,Female,47.0,,Analyst,,600000,
5532,EMP05532,Female,35.0,12.0,Intern,2025-07-01,600000,emp5532@mail.com
5533,EMP05533,Male,27.0,,HR,2023-01-15,600000,
5534,EMP05534,Female,59.0,20.0,HR,,350000,
5535,EMP05535,Female,22.0,1.0,Engineer,,500000,emp5535@mail.com
5536,EMP05536,Female,42.0,99.0,Manager,2025-07-01,600000,emp5536@mail.com
5537,EMP05537,Male,32.0,99.0,HR,,600000,
5538,EMP05538,Female,21.0,17.0,Engineer,,600000,emp5538@mail.com
5539,EMP05539,Unknow,40.0,16.0,Engineer,,600000,
5540,EMP05540,Female,48.0,7.0,HR,2023-01-15,350000,
5541,EMP05541,Unknow,60.0,5.0,Manager,,800000,
5542,EMP05542,Female,40.0,19.0,Engineer,2023-01-15,600000,
5543,EMP05543,Female,53.0,99.0,HR,2023-01-15,800000,
5544,EMP05544,Male,22.0,19.0,Manager,2025-07-01,600000,emp5544@mail.com
5545,EMP05545,Unknow,40.0,11.0,QA,2025-07-01,600000,emp5545@mail.com
5546,EMP05546,Female,28.0,5.0,Manager,,500000,
5547,EMP05547,Male,41.0,,Intern,,600000,
5548,EMP05548,Unknow,28.0,13.0,HR,2023-01-15,500000,emp5548@mail.com
5549,EMP05549,Male,52.0,2.0,Intern,,600000,emp5549@mail.com
5550,EMP05550,Female,25.0,15.0,Analyst,2025-07-01,500000,emp5550@mail.com
5551,EMP05551,Female,32.0,13.0,QA,,800000,
5552,EMP05552,Male,48.0,18.0,Manager,,800000,emp5552@mail.com
5553,EMP05553,Female,30.0,20.0,Analyst,,800000,
5554,EMP05554,Female,54.0,10.0,QA,2023-01-15,800000,
5555,EMP05555,Female,22.0,13.0,Analyst,2023-01-15,800000,
5556,EMP05556,Male,30.0,13.0,HR,,350000,
5557,EMP05557,Male,57.0,11.0,HR,2025-07-01,500000,
5558,EMP05558,Male,37.0,1.0,HR,,600000,emp5558@mail.com
5559,EMP05559,Male,40.0,19.0,HR,,800000,
5560,EMP05560,Unknow,21.0,18.0,Analyst,2025-07-01,350000,
5561,EMP05561,Male,46.0,5.0,Manager,2025-07-01,800000,
5562,EMP05562,Female,47.0,99.0,HR,2023-01-15,350000,
5563,EMP05563,Female,49.0,13.0,HR,,500000,
5564,EMP05564,Male,56.0,,HR,,600000,
5565,EMP05565,Unknow,51.0,5.0,QA,,800000,
5566,EMP05566,Unknow,27.0,10.0,Engineer,,600000,
5567,EMP05567,Female,30.0,19.0,Engineer,,500000,
5568,EMP05568,Male,32.0,10.0,Analyst,,350000,emp5568@mail.com
5569,EMP05569,Male,27.0,18.0,HR,,600000,
5570,EMP05570,Male,54.0,18.0,Analyst,,350000,
5571,EMP05571,Female,52.0,10.0,Intern,2025-07-01,500000,emp5571@mail.com
5572,EMP05572,Male,39.0,3.0,Engineer,2023-01-15,600000,
5573,EMP05573,Female,48.0,15.0,Intern,2023-01-15,500000,
5574,EMP05574,Male,60.0,11.0,QA,2023-01-15,500000,
5575,EMP05575,Male,33.0,8.0,Engineer,,800000,
5576,EMP05576,Male,47.0,10.0,Analyst,,350000,
5577,EMP05577,Male,21.0,6.0,Manager,,800000,
5578,EMP05578,Unknow,33.0,17.0,Analyst,,350000,
5579,EMP05579,Unknow,47.0,8.0,HR,,600000,emp5579@mail.com
5580,EMP05580,Male,38.0,10.0,Manager,,600000,emp5580@mail.com
5581,EMP05581,Male,49.0,16.0,Intern,,600000,
5582,EMP05582,Male,50.0,9.0,Intern,2023-01-15,800000,
5583,EMP05583,Male,36.0,7.0,Analyst,,500000,
5584,EMP05584,Male,21.0,16.0,Analyst,2023-01-15,800000,
5585,EMP05585,Male,46.0,2.0,Manager,2025-07-01,800000,
5586,EMP05586,Female,58.0,1.0,Analyst,2023-01-15,600000,emp5586@mail.com
5587,EMP05587,Female,57.0,13.0,Intern,2023-01-15,600000,
5588,EMP05588,Male,42.0,,HR,2025-07-01,600000,
5589,EMP05589,Male,51.0,4.0,Analyst,,800000,
5590,EMP05590,Female,59.0,4.0,Engineer,,350000,
5591,EMP05591,Female,54.0,19.0,Manager,,600000,emp5591@mail.com
5592,EMP05592,Male,25.0,18.0,Analyst,2023-01-15,350000,emp5592@mail.com
5593,EMP05593,Female,55.0,,QA,2023-01-15,600000,
5594,EMP05594,Male,34.0,12.0,Manager,,600000,
5595,EMP05595,Male,41.0,1.0,HR,,600000,
5596,EMP05596,Female,36.0,99.0,HR,,800000,
5597,EMP05597,Female,40.0,8.0,Analyst,2023-01-15,500000,
5598,EMP05598,Female,27.0,,HR,,600000,emp5598@mail.com
5599,EMP05599,Male,58.0,15.0,Engineer,,500000,
5600,EMP05600,Female,44.0,12.0,QA,2025-07-01,600000,
5601,EMP05601,Male,48.0,14.0,QA,2025-07-01,600000,
5602,EMP05602,Unknow,33.0,15.0,Manager,,350000,
5603,EMP05603,Male,29.0,8.0,HR,,500000,
5604,EMP05604,Female,50.0,10.0,Engineer,,800000,
5605,EMP05605,Female,32.0,1.0,QA,2025-07-01,500000,
5606,EMP05606,Male,59.0,17.0,QA,,600000,
5607,EMP05607,Female,57.0,6.0,Manager,,600000,emp5607@mail.com
5608,EMP05608,Female,22.0,12.0,Engineer,2025-07-01,600000,emp5608@mail.com
5609,EMP05609,Female,33.0,9.0,HR,,500000,
5610,EMP05610,Female,24.0,18.0,Engineer,2023-01-15,500000,
5611,EMP05611,Male,40.0,13.0,Analyst,2023-01-15,500000,
5612,EMP05612,Female,40.0,7.0,Manager,2025-07-01,500000,
5613,EMP05613,Male,36.0,3.0,Engineer,,350000,
5614,EMP05614,Male,53.0,13.0,QA,2025-07-01,500000,
5615,EMP05615,Male,38.0,2.0,Intern,2025-07-01,600000,
5616,EMP05616,Female,46.0,12.0,Analyst,,600000,
5617,EMP05617,Male,56.0,4.0,QA,2023-01-15,600000,emp5617@mail.com
5618,EMP05618,Unknow,36.0,16.0,Manager,2025-07-01,600000,
5619,EMP05619,Male,40.0,6.0,Manager,2023-01-15,600000,
5620,EMP05620,Male,23.0,18.0,Manager,2025-07-01,500000,emp5620@mail.com
5621,EMP05621,Unknow,47.0,1.0,Engineer,,600000,
5622,EMP05622,Female,38.0,17.0,QA,2023-01-15,600000,
5623,EMP05623,Unknow,37.0,16.0,HR,2025-07-01,800000,
5624,EMP05624,Female,29.0,8.0,Intern,2025-07-01,500000,emp5624@mail.com
5625,EMP05625,Male,40.0,11.0,HR,,500000,
5626,EMP05626,Female,47.0,7.0,Intern,2025-07-01,500000,
5627,EMP05627,Unknow,55.0,16.0,HR,,600000,
5628,EMP05628,Female,53.0,5.0,QA,,500000,
5629,EMP05629,Unknow,29.0,3.0,Analyst,,600000,emp5629@mail.com
5630,EMP05630,Unknow,60.0,2.0,Engineer,2023-01-15,600000,
5631,EMP05631,Unknow,48.0,1.0,Engineer,2023-01-15,500000,
5632,EMP05632,Female,56.0,,Analyst,,600000,
5633,EMP05633,Unknow,36.0,7.0,QA,,500000,
5634,EMP05634,Male,31.0,5.0,QA,,500000,emp5634@mail.com
5635,EMP05635,Male,20.0,15.0,Manager,,800000,emp5635@mail.com
5636,EMP05636,Female,28.0,1.0,Manager,,600000,
5637,EMP05637,Male,56.0,8.0,QA,2023-01-15,500000,
5638,EMP05638,Male,52.0,10.0,Engineer,,800000,emp5638@mail.com
5639,EMP05639,Female,55.0,20.0,QA,2023-01-15,600000,emp5639@mail.com
5640,EMP05640,Male,44.0,2.0,QA,2025-07-01,500000,
5641,EMP05641,Female,47.0,20.0,Engineer,,600000,emp5641@mail.com
5642,EMP05642,Female,55.0,3.0,Engineer,,600000,
5643,EMP05643,Male,40.0,13.0,QA,,350000,
5644,EMP05644,Female,21.0,3.0,Manager,,600000,emp5644@mail.com
5645,EMP05645,Male,43.0,2.0,Manager,2023-01-15,500000,
5646,EMP05646,Male,31.0,99.0,HR,,500000,
5647,EMP05647,Female,40.0,5.0,QA,,500000,
5648,EMP05648,Unknow,28.0,20.0,Intern,,350000,
5649,EMP05649,Female,44.0,20.0,Analyst,,600000,emp5649@mail.com
5650,EMP05650,Male,32.0,8.0,Engineer,2023-01-15,350000,
5651,EMP05651,Unknow,40.0,12.0,Engineer,,350000,
5652,EMP05652,Male,22.0,9.0,QA,2025-07-01,800000,
5653,EMP05653,Male,22.0,6.0,Engineer,,600000,emp5653@mail.com
5654,EMP05654,Unknow,56.0,9.0,Analyst,,500000,
5655,EMP05655,Male,45.0,3.0,HR,2025-07-01,600000,emp5655@mail.com
5656,EMP05656,Male,40.0,11.0,Analyst,,500000,emp5656@mail.com
5657,EMP05657,Male,43.0,19.0,Intern,,350000,
5658,EMP05658,Male,29.0,4.0,Intern,,350000,
5659,EMP05659,Male,30.0,99.0,Engineer,2023-01-15,500000,
5660,EMP05660,Male,50.0,8.0,Intern,,500000,
5661,EMP05661,Female,22.0,20.0,Manager,2023-01-15,500000,
5662,EMP05662,Female,34.0,7.0,Engineer,,500000,
5663,EMP05663,Unknow,23.0,6.0,HR,,600000,
5664,EMP05664,Unknow,47.0,2.0,HR,2023-01-15,600000,
5665,EMP05665,Male,52.0,1.0,QA,2023-01-15,600000,
5666,EMP05666,Male,36.0,7.0,QA,,500000,
5667,EMP05667,Male,44.0,17.0,Manager,2023-01-15,800000,
5668,EMP05668,Male,43.0,13.0,QA,,500000,emp5668@mail.com
5669,EMP05669,Female,22.0,17.0,QA,,600000,emp5669@mail.com
5670,EMP05670,Female,23.0,1.0,Intern,,500000,
5671,EMP05671,Male,45.0,12.0,Manager,,600000,emp5671@mail.com
5672,EMP05672,Male,24.0,15.0,HR,,600000,
5673,EMP05673,Male,20.0,4.0,Engineer,,500000,emp5673@mail.com
5674,EMP05674,Female,27.0,16.0,Analyst,,350000,
5675,EMP05675,Male,56.0,12.0,Engineer,2023-01-15,600000,
5676,EMP05676,Female,54.0,5.0,Analyst,2023-01-15,350000,emp5676@mail.com
5677,EMP05677,Male,23.0,3.0,HR,2025-07-01,600000,
5678,EMP05678,Male,24.0,13.0,Manager,2023-01-15,600000,emp5678@mail.com
5679,EMP05679,Female,40.0,9.0,Analyst,,500000,
5680,EMP05680,Female,34.0,12.0,QA,2025-07-01,800000,
5681,EMP05681,Unknow,44.0,5.0,Analyst,,350000,
5682,EMP05682,Male,45.0,14.0,HR,2025-07-01,600000,emp5682@mail.com
5683,EMP05683,Male,27.0,99.0,Analyst,,500000,
5684,EMP05684,Unknow,31.0,6.0,QA,,350000,emp5684@mail.com
5685,EMP05685,Female,42.0,20.0,HR,2023-01-15,350000,
5686,EMP05686,Unknow,45.0,20.0,Intern,,600000,emp5686@mail.com
5687,EMP05687,Female,25.0,16.0,Analyst,,600000,
5688,EMP05688,Female,50.0,8.0,HR,,500000,
5689,EMP05689,Male,41.0,1.0,Engineer,,800000,emp5689@mail.com
5690,EMP05690,Female,46.0,14.0,Analyst,,600000,
5691,EMP05691,Female,45.0,14.0,HR,,500000,
5692,EMP05692,Male,49.0,14.0,Manager,2025-07-01,800000,
5693,EMP05693,Male,39.0,15.0,Engineer,,500000,
5694,EMP05694,Female,29.0,9.0,Intern,2023-01-15,500000,
5695,EMP05695,Male,59.0,3.0,Manager,,800000,emp5695@mail.com
5696,EMP05696,Unknow,40.0,20.0,Engineer,2023-01-15,800000,emp5696@mail.com
5697,EMP05697,Female,22.0,12.0,Manager,2025-07-01,600000,
5698,EMP05698,Male,23.0,12.0,QA,,600000,
5699,EMP05699,Female,34.0,4.0,Engineer,2023-01-15,350000,
5700,EMP05700,Male,22.0,,Intern,,600000,
5701,EMP05701,Male,40.0,1.0,Manager,2023-01-15,600000,emp5701@mail.com
5702,EMP05702,Unknow,39.0,13.0,Manager,2023-01-15,350000,
5703,EMP05703,Unknow,52.0,5.0,Analyst,,500000,
5704,EMP05704,Female,36.0,1.0,Analyst,,500000,
5705,EMP05705,Female,53.0,17.0,HR,2025-07-01,500000,
5706,EMP05706,Unknow,58.0,2.0,Intern,,500000,
5707,EMP05707,Female,55.0,1.0,Intern,,600000,
5708,EMP05708,Unknow,31.0,19.0,HR,2025-07-01,800000,
5709,EMP05709,Female,40.0,99.0,QA,,800000,emp5709@mail.com
5710,EMP05710,Female,29.0,14.0,QA,2023-01-15,500000,emp5710@mail.com
5711,EMP05711,Male,24.0,19.0,Manager,2025-07-01,350000,
5712,EMP05712,Female,36.0,3.0,Manager,,600000,
5713,EMP05713,Unknow,31.0,17.0,Analyst,,500000,
5714,EMP05714,Male,50.0,17.0,Engineer,2023-01-15,500000,
5715,EMP05715,Male,22.0,17.0,Analyst,2025-07-01,800000,
5716,EMP05716,Female,40.0,7.0,Analyst,,500000,
5717,EMP05717,Male,40.0,11.0,HR,,800000,
5718,EMP05718,Male,58.0,8.0,QA,2025-07-01,500000,
5719,EMP05719,Male,35.0,2.0,Manager,,800000,
5720,EMP05720,Male,45.0,4.0,Engineer,,350000,emp5720@mail.com
5721,EMP05721,Male,60.0,8.0,HR,2025-07-01,600000,emp5721@mail.com
5722,EMP05722,Unknow,52.0,13.0,Intern,2025-07-01,500000,emp5722@mail.com
5723,EMP05723,Unknow,21.0,4.0,Manager,2023-01-15,600000,emp5723@mail.com
5724,EMP05724,Female,30.0,11.0,Engineer,,500000,
5725,EMP05725,Unknow,59.0,16.0,Engineer,,600000,emp5725@mail.com
5726,EMP05726,Male,41.0,11.0,Intern,2023-01-15,500000,
5727,EMP05727,Male,40.0,1.0,Manager,,600000,
5728,EMP05728,Female,51.0,19.0,QA,,600000,emp5728@mail.com
5729,EMP05729,Male,40.0,13.0,HR,2023-01-15,800000,
5730,EMP05730,Male,56.0,1.0,Analyst,,600000,emp5730@mail.com
5731,EMP05731,Male,59.0,6.0,Engineer,2023-01-15,600000,
5732,EMP05732,Male,40.0,15.0,Manager,2025-07-01,600000,
5733,EMP05733,Female,45.0,4.0,QA,,800000,
5734,EMP05734,Male,54.0,4.0,Intern,2023-01-15,600000,emp5734@mail.com
5735,EMP05735,Male,30.0,13.0,HR,2023-01-15,800000,
5736,EMP05736,Unknow,50.0,4.0,Analyst,,350000,
5737,EMP05737,Unknow,40.0,5.0,Analyst,2025-07-01,350000,emp5737@mail.com
5738,EMP05738,Male,20.0,10.0,Engineer,,500000,
5739,EMP05739,Male,58.0,15.0,Engineer,,500000,
5740,EMP05740,Male,51.0,3.0,Intern,,600000,
5741,EMP05741,Female,24.0,5.0,Engineer,2025-07-01,600000,
5742,EMP05742,Male,38.0,17.0,QA,,600000,
5743,EMP05743,Male,57.0,5.0,Manager,,350000,
5744,EMP05744,Male,41.0,18.0,QA,2023-01-15,600000,
5745,EMP05745,Male,43.0,9.0,Engineer,2025-07-01,800000,
5746,EMP05746,Female,44.0,7.0,Manager,,500000,
5747,EMP05747,Unknow,29.0,2.0,HR,,350000,
5748,EMP05748,Unknow,23.0,11.0,Engineer,2023-01-15,500000,emp5748@mail.com
5749,EMP05749,Male,25.0,18.0,Intern,2025-07-01,600000,
5750,EMP05750,Male,48.0,7.0,Manager,2023-01-15,500000,emp5750@mail.com
5751,EMP05751,Female,44.0,2.0,Intern,,350000,emp5751@mail.com
5752,EMP05752,Female,58.0,1.0,Analyst,2023-01-15,600000,emp5752@mail.com
5753,EMP05753,Female,45.0,14.0,Manager,2023-01-15,500000,
5754,EMP05754,Female,42.0,12.0,Manager,,350000,
5755,EMP05755,Unknow,48.0,16.0,HR,2023-01-15,500000,
5756,EMP05756,Unknow,60.0,1.0,HR,2023-01-15,500000,
5757,EMP05757,Male,29.0,13.0,Intern,2023-01-15,500000,emp5757@mail.com
5758,EMP05758,Male,42.0,12.0,Engineer,,600000,
5759,EMP05759,Male,30.0,5.0,Intern,,500000,
5760,EMP05760,Unknow,44.0,16.0,Engineer,,600000,
5761,EMP05761,Female,42.0,1.0,HR,,500000,
5762,EMP05762,Female,26.0,,Intern,,600000,
5763,EMP05763,Male,21.0,12.0,Intern,,500000,emp5763@mail.com
5764,EMP05764,Unknow,58.0,4.0,Analyst,,600000,
5765,EMP05765,Male,51.0,20.0,Engineer,2025-07-01,350000,
5766,EMP05766,Male,40.0,2.0,QA,,350000,
5767,EMP05767,Male,40.0,18.0,Engineer,2023-01-15,600000,
5768,EMP05768,Female,39.0,16.0,Intern,,600000,
5769,EMP05769,Male,60.0,4.0,Manager,2023-01-15,800000,
5770,EMP05770,Male,50.0,16.0,Intern,,600000,emp5770@mail.com
5771,EMP05771,Male,28.0,1.0,QA,,350000,emp5771@mail.com
5772,EMP05772,Male,46.0,15.0,Manager,,500000,
5773,EMP05773,Unknow,30.0,5.0,Manager,,350000,
5774,EMP05774,Unknow,44.0,5.0,Engineer,2025-07-01,500000,emp5774@mail.com
5775,EMP05775,Female,24.0,99.0,Manager,2025-07-01,350000,emp5775@mail.com
5776,EMP05776,Unknow,40.0,9.0,Analyst,2023-01-15,600000,
5777,EMP05777,Female,51.0,9.0,QA,2023-01-15,500000,
5778,EMP05778,Unknow,21.0,15.0,Intern,,800000,emp5778@mail.com
5779,EMP05779,Male,23.0,99.0,Analyst,2025-07-01,350000,emp5779@mail.com
5780,EMP05780,Unknow,50.0,19.0,QA,,600000,
5781,EMP05781,Female,32.0,9.0,HR,,350000,
5782,EMP05782,Unknow,50.0,6.0,QA,,350000,
5783,EMP05783,Unknow,24.0,11.0,Analyst,,600000,
5784,EMP05784,Male,43.0,1.0,Intern,2023-01-15,600000,
5785,EMP05785,Male,34.0,17.0,QA,,600000,
5786,EMP05786,Male,58.0,19.0,Analyst,2025-07-01,500000,
5787,EMP05787,Female,39.0,10.0,Analyst,,350000,emp5787@mail.com
5788,EMP05788,Unknow,40.0,6.0,Manager,,600000,
5789,EMP05789,Female,56.0,1.0,Engineer,2023-01-15,800000,
5790,EMP05790,Unknow,51.0,17.0,Engineer,,800000,
5791,EMP05791,Female,35.0,14.0,QA,,350000,
5792,EMP05792,Unknow,47.0,19.0,Analyst,,500000,emp5792@mail.com
5793,EMP05793,Unknow,46.0,15.0,QA,2025-07-01,600000,
5794,EMP05794,Male,33.0,11.0,QA,2023-01-15,500000,
5795,EMP05795,Male,38.0,6.0,QA,2023-01-15,600000,
5796,EMP05796,Female,50.0,7.0,QA,,500000,
5797,EMP05797,Male,52.0,7.0,HR,,600000,
5798,EMP05798,Male,59.0,2.0,QA,,800000,
5799,EMP05799,Male,22.0,5.0,QA,,500000,
5800,EMP05800,Female,31.0,19.0,Engineer,2025-07-01,600000,
5801,EMP05801,Male,53.0,6.0,Manager,,800000,emp5801@mail.com
5802,EMP05802,Male,40.0,99.0,HR,2025-07-01,600000,
5803,EMP05803,Male,54.0,6.0,Manager,,350000,
5804,EMP05804,Female,28.0,5.0,Manager,,500000,
5805,EMP05805,Female,50.0,15.0,Manager,,500000,
5806,EMP05806,Male,23.0,13.0,QA,2023-01-15,500000,
5807,EMP05807,Female,39.0,8.0,QA,2025-07-01,500000,
5808,EMP05808,Male,40.0,15.0,Analyst,2023-01-15,500000,
5809,EMP05809,Male,28.0,15.0,QA,,500000,
5810,EMP05810,Male,23.0,4.0,QA,,600000,
5811,EMP05811,Male,52.0,14.0,Analyst,,600000,
5812,EMP05812,Unknow,50.0,99.0,Engineer,,800000,
5813,EMP05813,Female,57.0,10.0,Analyst,,600000,
5814,EMP05814,Female,39.0,9.0,QA,2023-01-15,500000,
5815,EMP05815,Female,52.0,14.0,Analyst,2025-07-01,600000,
5816,EMP05816,Male,43.0,20.0,Analyst,,800000,
5817,EMP05817,Male,50.0,15.0,HR,2025-07-01,500000,
5818,EMP05818,Female,38.0,13.0,Intern,,350000,emp5818@mail.com
5819,EMP05819,Female,44.0,7.0,Manager,,800000,emp5819@mail.com
5820,EMP05820,Male,44.0,18.0,Manager,,800000,
5821,EMP05821,Male,39.0,7.0,Engineer,,500000,emp5821@mail.com
5822,EMP05822,Male,36.0,12.0,HR,,600000,
5823,EMP05823,Male,40.0,10.0,HR,2025-07-01,500000,
5824,EMP05824,Unknow,24.0,4.0,HR,2023-01-15,500000,
5825,EMP05825,Female,41.0,10.0,HR,,350000,
5826,EMP05826,Female,55.0,9.0,Intern,2023-01-15,500000,
5827,EMP05827,Female,52.0,11.0,HR,,500000,
5828,EMP05828,Female,45.0,99.0,Manager,2025-07-01,600000,emp5828@mail.com
5829,EMP05829,Male,31.0,2.0,HR,,600000,emp5829@mail.com
5830,EMP05830,Female,28.0,11.0,Intern,2023-01-15,500000,
5831,EMP05831,Female,40.0,6.0,Analyst,,500000,
5832,EMP05832,Male,27.0,17.0,Intern,,600000,
5833,EMP05833,Male,23.0,10.0,HR,2023-01-15,800000,
5834,EMP05834,Male,48.0,10.0,Intern,2023-01-15,600000,
5835,EMP05835,Unknow,27.0,4.0,Analyst,,600000,emp5835@mail.com
5836,EMP05836,Female,40.0,6.0,Intern,,600000,
5837,EMP05837,Male,37.0,20.0,Analyst,,800000,
5838,EMP05838,Male,52.0,10.0,HR,,600000,
5839,EMP05839,Male,60.0,18.0,Analyst,2023-01-15,500000,emp5839@mail.com
5840,EMP05840,Female,30.0,8.0,Intern,2025-07-01,500000,emp5840@mail.com
5841,EMP05841,Male,26.0,14.0,QA,,800000,
5842,EMP05842,Female,26.0,2.0,Manager,,350000,
5843,EMP05843,Female,29.0,6.0,Intern,,600000,
5844,EMP05844,Male,42.0,5.0,Manager,,800000,
5845,EMP05845,Female,29.0,9.0,HR,,500000,
5846,EMP05846,Female,31.0,4.0,HR,2023-01-15,350000,
5847,EMP05847,Male,39.0,99.0,Manager,,500000,
5848,EMP05848,Female,56.0,3.0,HR,,350000,emp5848@mail.com
5849,EMP05849,Female,53.0,99.0,Intern,,800000,
5850,EMP05850,Male,27.0,9.0,QA,,800000,
5851,EMP05851,Male,54.0,14.0,Manager,2023-01-15,350000,
5852,EMP05852,Male,44.0,6.0,Intern,,600000,
5853,EMP05853,Female,29.0,3.0,Engineer,,600000,emp5853@mail.com
5854,EMP05854,Female,39.0,14.0,Analyst,,600000,
5855,EMP05855,Male,34.0,4.0,Analyst,,600000,
5856,EMP05856,Male,39.0,18.0,QA,,350000,emp5856@mail.com
5857,EMP05857,Unknow,56.0,20.0,Engineer,2025-07-01,800000,
5858,EMP05858,Male,54.0,8.0,Intern,2025-07-01,500000,emp5858@mail.com
5859,EMP05859,Male,58.0,8.0,QA,,350000,
5860,EMP05860,Male,31.0,4.0,QA,2023-01-15,350000,
5861,EMP05861,Female,36.0,18.0,Analyst,,800000,
5862,EMP05862,Male,40.0,15.0,Engineer,,800000,
5863,EMP05863,Female,48.0,2.0,Manager,2023-01-15,600000,
5864,EMP05864,Unknow,30.0,17.0,Intern,2023-01-15,500000,
5865,EMP05865,Male,43.0,12.0,QA,2023-01-15,800000,emp5865@mail.com
5866,EMP05866,Male,21.0,6.0,Intern,,600000,
5867,EMP05867,Male,28.0,11.0,Manager,2023-01-15,500000,
5868,EMP05868,Male,44.0,9.0,Manager,,350000,
5869,EMP05869,Female,20.0,1.0,HR,2023-01-15,350000,emp5869@mail.com
5870,EMP05870,Male,53.0,3.0,Engineer,2023-01-15,500000,emp5870@mail.com
5871,EMP05871,Unknow,55.0,99.0,Intern,,500000,
5872,EMP05872,Unknow,27.0,11.0,HR,2025-07-01,500000,
5873,EMP05873,Male,41.0,6.0,HR,,600000,
5874,EMP05874,Female,46.0,7.0,QA,,350000,
5875,EMP05875,Unknow,53.0,5.0,HR,,500000,
5876,EMP05876,Male,20.0,8.0,Intern,2025-07-01,800000,
5877,EMP05877,Male,33.0,10.0,HR,,600000,
5878,EMP05878,Male,50.0,14.0,HR,2023-01-15,500000,emp5878@mail.com
5879,EMP05879,Female,40.0,13.0,Analyst,2025-07-01,800000,
5880,EMP05880,Male,30.0,8.0,HR,2023-01-15,500000,
5881,EMP05881,Female,29.0,14.0,HR,2025-07-01,600000,
5882,EMP05882,Male,40.0,11.0,HR,2025-07-01,350000,
5883,EMP05883,Male,41.0,17.0,HR,,600000,emp5883@mail.com
5884,EMP05884,Female,46.0,15.0,Engineer,,800000,
5885,EMP05885,Female,22.0,99.0,Engineer,,350000,
5886,EMP05886,Unknow,49.0,10.0,Intern,,350000,
5887,EMP05887,Male,28.0,6.0,QA,,600000,
5888,EMP05888,Male,22.0,16.0,HR,,500000,
5889,EMP05889,Male,36.0,8.0,Intern,2023-01-15,800000,
5890,EMP05890,Male,40.0,15.0,Intern,,500000,
5891,EMP05891,Male,23.0,10.0,QA,,600000,
5892,EMP05892,Male,33.0,15.0,Intern,,600000,
5893,EMP05893,Male,32.0,12.0,Manager,,800000,
5894,EMP05894,Unknow,20.0,99.0,Engineer,,500000,emp5894@mail.com
5895,EMP05895,Male,21.0,,Engineer,,600000,
5896,EMP05896,Female,25.0,,Manager,,600000,
5897,EMP05897,Male,25.0,5.0,QA,2025-07-01,600000,
5898,EMP05898,Female,25.0,8.0,Manager,,600000,emp5898@mail.com
5899,EMP05899,Female,57.0,2.0,QA,,500000,
5900,EMP05900,Male,32.0,10.0,Manager,2023-01-15,350000,emp5900@mail.com
5901,EMP05901,Male,55.0,2.0,Engineer,,350000,
5902,EMP05902,Male,36.0,18.0,HR,2025-07-01,600000,
5903,EMP05903,Unknow,43.0,12.0,QA,,600000,emp5903@mail.com
5904,EMP05904,Male,40.0,,Intern,2023-01-15,600000,
5905,EMP05905,Female,39.0,13.0,Engineer,,800000,
5906,EMP05906,Female,31.0,8.0,HR,2025-07-01,800000,
5907,EMP05907,Unknow,56.0,16.0,Intern,,350000,emp5907@mail.com
5908,EMP05908,Male,20.0,18.0,HR,2025-07-01,600000,
5909,EMP05909,Unknow,47.0,8.0,Engineer,,600000,
5910,EMP05910,Unknow,29.0,5.0,Manager,2025-07-01,500000,
5911,EMP05911,Unknow,43.0,13.0,Analyst,,500000,
5912,EMP05912,Female,37.0,2.0,Engineer,,500000,
5913,EMP05913,Male,28.0,19.0,Intern,,500000,
5914,EMP05914,Female,29.0,6.0,Analyst,2025-07-01,600000,
5915,EMP05915,Male,47.0,2.0,Engineer,,800000,
5916,EMP05916,Unknow,57.0,5.0,Analyst,,500000,
5917,EMP05917,Female,34.0,11.0,HR,,600000,emp5917@mail.com
5918,EMP05918,Male,40.0,8.0,HR,,500000,emp5918@mail.com
5919,EMP05919,Male,39.0,3.0,Engineer,,600000,
5920,EMP05920,Male,30.0,20.0,Engineer,,600000,
5921,EMP05921,Male,47.0,20.0,Engineer,,600000,
5922,EMP05922,Male,41.0,5.0,Intern,2025-07-01,600000,emp5922@mail.com
5923,EMP05923,Female,38.0,6.0,HR,2025-07-01,600000,
5924,EMP05924,Female,25.0,8.0,HR,,600000,
5925,EMP05925,Male,60.0,1.0,Analyst,,800000,
5926,EMP05926,Female,30.0,,Intern,2025-07-01,600000,emp5926@mail.com
5927,EMP05927,Male,32.0,2.0,Intern,,600000,
5928,EMP05928,Male,51.0,99.0,Manager,2023-01-15,500000,
5929,EMP05929,Male,29.0,10.0,Manager,2025-07-01,600000,emp5929@mail.com
5930,EMP05930,Female,45.0,2.0,Manager,,600000,
5931,EMP05931,Male,26.0,99.0,Engineer,,500000,emp5931@mail.com
5932,EMP05932,Male,57.0,8.0,QA,,500000,
5933,EMP05933,Female,24.0,,HR,,600000,
5934,EMP05934,Male,55.0,20.0,Manager,2023-01-15,800000,
5935,EMP05935,Female,55.0,6.0,Engineer,,600000,
5936,EMP05936,Male,40.0,13.0,Analyst,2023-01-15,500000,emp5936@mail.com
5937,EMP05937,Female,24.0,3.0,Intern,2025-07-01,500000,emp5937@mail.com
5938,EMP05938,Unknow,33.0,5.0,QA,,500000,
5939,EMP05939,Female,50.0,15.0,Intern,,800000,
5940,EMP05940,Male,58.0,1.0,QA,2023-01-15,600000,
5941,EMP05941,Female,49.0,6.0,Analyst,2025-07-01,600000,
5942,EMP05942,Unknow,22.0,6.0,HR,,600000,
5943,EMP05943,Male,47.0,13.0,HR,,500000,emp5943@mail.com
5944,EMP05944,Male,57.0,7.0,Manager,2025-07-01,350000,
5945,EMP05945,Male,56.0,7.0,Manager,,500000,
5946,EMP05946,Male,35.0,13.0,QA,,500000,
5947,EMP05947,Unknow,53.0,11.0,QA,,350000,
5948,EMP05948,Male,25.0,20.0,Analyst,,800000,emp5948@mail.com
5949,EMP05949,Female,37.0,1.0,Manager,2023-01-15,600000,emp5949@mail.com
5950,EMP05950,Male,31.0,12.0,QA,,500000,
5951,EMP05951,Female,30.0,9.0,Analyst,,800000,emp5951@mail.com
5952,EMP05952,Female,33.0,18.0,QA,,600000,
5953,EMP05953,Male,59.0,8.0,Engineer,,500000,emp5953@mail.com
5954,EMP05954,Female,59.0,13.0,Intern,2023-01-15,600000,
5955,EMP05955,Female,27.0,,Analyst,,600000,
5956,EMP05956,Unknow,52.0,18.0,Analyst,2025-07-01,600000,
5957,EMP05957,Female,53.0,11.0,Engineer,2023-01-15,500000,
5958,EMP05958,Male,27.0,6.0,Engineer,,600000,
5959,EMP05959,Male,50.0,2.0,Manager,,500000,emp5959@mail.com
5960,EMP05960,Female,43.0,1.0,Engineer,2025-07-01,600000,
5961,EMP05961,Male,23.0,13.0,QA,,500000,
5962,EMP05962,Male,49.0,20.0,Analyst,,600000,emp5962@mail.com
5963,EMP05963,Male,47.0,6.0,Intern,2025-07-01,600000,
5964,EMP05964,Male,55.0,11.0,Manager,2023-01-15,500000,
5965,EMP05965,Unknow,20.0,9.0,Manager,,350000,
5966,EMP05966,Unknow,44.0,9.0,QA,,500000,emp5966@mail.com
5967,EMP05967,Male,25.0,13.0,QA,,600000,emp5967@mail.com
5968,EMP05968,Male,32.0,6.0,Intern,,600000,emp5968@mail.com
5969,EMP05969,Female,42.0,10.0,Analyst,,350000,emp5969@mail.com
5970,EMP05970,Female,50.0,5.0,QA,,350000,
5971,EMP05971,Male,39.0,20.0,QA,,600000,emp5971@mail.com
5972,EMP05972,Unknow,25.0,11.0,Manager,,800000,emp5972@mail.com
5973,EMP05973,Female,32.0,16.0,Engineer,,350000,
5974,EMP05974,Male,37.0,14.0,Analyst,2023-01-15,600000,
5975,EMP05975,Female,54.0,18.0,Engineer,,600000,
5976,EMP05976,Male,52.0,19.0,Analyst,,600000,
5977,EMP05977,Male,53.0,6.0,Analyst,,600000,emp5977@mail.com
5978,EMP05978,Male,48.0,2.0,Analyst,2025-07-01,600000,
5979,EMP05979,Male,22.0,6.0,Analyst,,600000,emp5979@mail.com
5980,EMP05980,Female,49.0,8.0,Analyst,2023-01-15,500000,emp5980@mail.com
5981,EMP05981,Male,40.0,6.0,Intern,,500000,
5982,EMP05982,Female,27.0,5.0,Analyst,2023-01-15,600000,
5983,EMP05983,Female,47.0,9.0,QA,2023-01-15,350000,emp5983@mail.com
5984,EMP05984,Male,54.0,11.0,HR,,500000,
5985,EMP05985,Female,47.0,5.0,Engineer,,500000,
5986,EMP05986,Female,43.0,99.0,Engineer,2023-01-15,500000,emp5986@mail.com
5987,EMP05987,Unknow,51.0,14.0,Manager,2023-01-15,500000,emp5987@mail.com
5988,EMP05988,Unknow,40.0,9.0,Engineer,,350000,
5989,EMP05989,Female,47.0,3.0,QA,,800000,
5990,EMP05990,Unknow,20.0,5.0,Engineer,,800000,
5991,EMP05991,Female,57.0,18.0,Manager,,600000,emp5991@mail.com
5992,EMP05992,Male,39.0,,Manager,2023-01-15,600000,
5993,EMP05993,Male,54.0,8.0,Manager,,500000,
5994,EMP05994,Female,50.0,16.0,HR,,500000,
5995,EMP05995,Male,35.0,16.0,Intern,,600000,
5996,EMP05996,Male,43.0,7.0,Engineer,,350000,
5997,EMP05997,Male,41.0,1.0,Intern,2023-01-15,600000,
5998,EMP05998,Male,52.0,8.0,QA,,500000,
5999,EMP05999,Male,57.0,3.0,Intern,2023-01-15,600000,
6000,EMP06000,Unknow,39.0,14.0,Analyst,2025-07-01,600000,
6001,EMP06001,Male,51.0,11.0,HR,,350000,
6002,EMP06002,Male,44.0,10.0,Manager,,600000,
6003,EMP06003,Male,50.0,1.0,Engineer,,600000,
6004,EMP06004,Unknow,38.0,18.0,HR,,800000,
6005,EMP06005,Male,38.0,10.0,Engineer,,350000,
6006,EMP06006,Unknow,54.0,14.0,Intern,2023-01-15,350000,emp6006@mail.com
6007,EMP06007,Male,52.0,9.0,Engineer,,350000,
6008,EMP06008,Female,22.0,8.0,Engineer,,800000,
6009,EMP06009,Female,58.0,3.0,Engineer,,600000,
6010,EMP06010,Male,40.0,8.0,Intern,,800000,
6011,EMP06011,Male,56.0,8.0,QA,,500000,emp6011@mail.com
6012,EMP06012,Female,20.0,3.0,Engineer,,500000,
6013,EMP06013,Female,45.0,14.0,Engineer,2025-07-01,800000,
6014,EMP06014,Male,21.0,19.0,Intern,,800000,
6015,EMP06015,Male,44.0,15.0,Engineer,,500000,
6016,EMP06016,Male,46.0,7.0,HR,2025-07-01,600000,
6017,EMP06017,Male,51.0,16.0,QA,2023-01-15,800000,
6018,EMP06018,Unknow,56.0,1.0,Analyst,2025-07-01,800000,emp6018@mail.com
6019,EMP06019,Female,36.0,19.0,QA,,600000,emp6019@mail.com
6020,EMP06020,Male,52.0,16.0,Analyst,,600000,
6021,EMP06021,Female,26.0,20.0,HR,,600000,
6022,EMP06022,Male,23.0,18.0,Analyst,2023-01-15,600000,
6023,EMP06023,Female,43.0,7.0,Analyst,,500000,emp6023@mail.com
6024,EMP06024,Male,39.0,9.0,QA,,500000,
6025,EMP06025,Unknow,28.0,19.0,Analyst,2025-07-01,600000,
6026,EMP06026,Female,58.0,10.0,Engineer,2025-07-01,350000,emp6026@mail.com
6027,EMP06027,Male,29.0,17.0,HR,,800000,
6028,EMP06028,Unknow,58.0,19.0,Manager,2023-01-15,500000,emp6028@mail.com
6029,EMP06029,Male,58.0,16.0,Intern,,600000,
6030,EMP06030,Male,42.0,10.0,Manager,,500000,emp6030@mail.com
6031,EMP06031,Male,60.0,10.0,Intern,,800000,
6032,EMP06032,Male,44.0,5.0,Engineer,,500000,
6033,EMP06033,Male,58.0,,Manager,2025-07-01,600000,emp6033@mail.com
6034,EMP06034,Female,34.0,12.0,Engineer,,600000,
6035,EMP06035,Male,47.0,13.0,Analyst,,800000,
6036,EMP06036,Female,32.0,18.0,HR,,600000,
6037,EMP06037,Male,40.0,6.0,Manager,2025-07-01,500000,
6038,EMP06038,Female,58.0,17.0,QA,,600000,emp6038@mail.com
6039,EMP06039,Female,40.0,11.0,Manager,,500000,
6040,EMP06040,Unknow,48.0,8.0,QA,2023-01-15,500000,
6041,EMP06041,Unknow,40.0,8.0,Manager,2023-01-15,600000,
6042,EMP06042,Female,40.0,5.0,Analyst,,800000,
6043,EMP06043,Male,57.0,10.0,Analyst,,500000,emp6043@mail.com
6044,EMP06044,Unknow,32.0,6.0,Engineer,2023-01-15,800000,
6045,EMP06045,Male,30.0,9.0,HR,,350000,
6046,EMP06046,Unknow,40.0,7.0,Intern,2023-01-15,800000,
6047,EMP06047,Unknow,55.0,10.0,Intern,,800000,emp6047@mail.com
6048,EMP06048,Unknow,31.0,6.0,Intern,,600000,
6049,EMP06049,Male,53.0,3.0,Engineer,2025-07-01,350000,
6050,EMP06050,Male,51.0,15.0,Manager,,500000,
6051,EMP06051,Male,36.0,9.0,QA,2025-07-01,500000,
6052,EMP06052,Unknow,40.0,14.0,QA,,600000,
6053,EMP06053,Unknow,24.0,99.0,QA,,600000,
6054,EMP06054,Female,53.0,,Analyst,2025-07-01,600000,
6055,EMP06055,Female,36.0,9.0,Intern,,500000,emp6055@mail.com
6056,EMP06056,Female,28.0,19.0,QA,,600000,
6057,EMP06057,Male,40.0,14.0,Intern,,600000,emp6057@mail.com
6058,EMP06058,Male,38.0,19.0,HR,2023-01-15,800000,emp6058@mail.com
6059,EMP06059,Male,41.0,20.0,HR,2023-01-15,600000,emp6059@mail.com
6060,EMP06060,Male,36.0,4.0,Engineer,2025-07-01,600000,
6061,EMP06061,Unknow,45.0,11.0,QA,,500000,
6062,EMP06062,Male,52.0,4.0,Intern,2023-01-15,600000,
6063,EMP06063,Male,31.0,18.0,HR,,600000,
6064,EMP06064,Female,60.0,11.0,QA,,500000,emp6064@mail.com
6065,EMP06065,Male,54.0,11.0,QA,,350000,emp6065@mail.com
6066,EMP06066,Unknow,40.0,10.0,Engineer,,600000,
6067,EMP06067,Male,35.0,6.0,Manager,,500000,emp6067@mail.com
6068,EMP06068,Female,40.0,6.0,Intern,2023-01-15,600000,emp6068@mail.com
6069,EMP06069,Female,40.0,16.0,QA,2023-01-15,350000,
6070,EMP06070,Unknow,28.0,13.0,Analyst,,600000,
6071,EMP06071,Female,54.0,99.0,Engineer,,350000,
6072,EMP06072,Unknow,33.0,3.0,Intern,,500000,emp6072@mail.com
6073,EMP06073,Unknow,21.0,16.0,Engineer,,600000,
6074,EMP06074,Male,55.0,10.0,Engineer,,350000,
6075,EMP06075,Female,56.0,1.0,Engineer,,800000,
6076,EMP06076,Female,38.0,16.0,Intern,2023-01-15,500000,
6077,EMP06077,Female,46.0,10.0,Manager,2023-01-15,600000,
6078,EMP06078,Male,29.0,9.0,QA,,800000,
6079,EMP06079,Male,40.0,12.0,QA,,600000,
6080,EMP06080,Male,42.0,9.0,Engineer,,600000,
6081,EMP06081,Male,40.0,4.0,Intern,2025-07-01,600000,
6082,EMP06082,Male,50.0,2.0,Intern,2025-07-01,350000,emp6082@mail.com
6083,EMP06083,Female,42.0,18.0,Analyst,,500000,
6084,EMP06084,Male,48.0,8.0,Manager,,800000,
6085,EMP06085,Male,31.0,3.0,Analyst,2025-07-01,350000,
6086,EMP06086,Male,25.0,12.0,Manager,,500000,
6087,EMP06087,Female,46.0,16.0,Engineer,,600000,
6088,EMP06088,Male,40.0,8.0,Engineer,,800000,
6089,EMP06089,Male,43.0,12.0,Intern,,600000,emp6089@mail.com
6090,EMP06090,Male,59.0,6.0,Manager,,800000,
6091,EMP06091,Male,46.0,17.0,Manager,2025-07-01,600000,
6092,EMP06092,Female,39.0,5.0,QA,,500000,
6093,EMP06093,Male,24.0,11.0,HR,,350000,
6094,EMP06094,Unknow,56.0,17.0,Intern,,500000,
6095,EMP06095,Male,44.0,20.0,Manager,2025-07-01,600000,emp6095@mail.com
6096,EMP06096,Female,34.0,2.0,Intern,,800000,
6097,EMP06097,Male,52.0,,HR,,600000,emp6097@mail.com
6098,EMP06098,Unknow,33.0,99.0,Analyst,2023-01-15,350000,emp6098@mail.com
6099,EMP06099,Female,40.0,18.0,Manager,2023-01-15,600000,
6100,EMP06100,Male,28.0,18.0,HR,2023-01-15,600000,
6101,EMP06101,Unknow,21.0,4.0,Intern,,350000,
6102,EMP06102,Male,25.0,5.0,Manager,,800000,emp6102@mail.com
6103,EMP06103,Female,57.0,8.0,Engineer,,800000,
6104,EMP06104,Female,40.0,4.0,Manager,,800000,emp6104@mail.com
6105,EMP06105,Male,33.0,19.0,HR,,600000,
6106,EMP06106,Male,25.0,,Engineer,2023-01-15,600000,emp6106@mail.com
6107,EMP06107,Female,43.0,16.0,HR,2025-07-01,350000,
6108,EMP06108,Female,32.0,13.0,Intern,,500000,
6109,EMP06109,Female,56.0,3.0,HR,2023-01-15,600000,
6110,EMP06110,Unknow,35.0,99.0,Intern,,500000,
6111,EMP06111,Female,40.0,6.0,Intern,,500000,
6112,EMP06112,Female,40.0,5.0,Engineer,2023-01-15,500000,
6113,EMP06113,Male,21.0,12.0,Analyst,,350000,
6114,EMP06114,Male,47.0,8.0,Engineer,,500000,
6115,EMP06115,Male,52.0,8.0,Engineer,,500000,
6116,EMP06116,Male,35.0,99.0,Engineer,2023-01-15,600000,
6117,EMP06117,Male,40.0,15.0,Manager,,600000,
6118,EMP06118,Male,40.0,16.0,Engineer,,600000,emp6118@mail.com
6119,EMP06119,Male,35.0,10.0,Manager,,350000,
6120,EMP06120,Male,29.0,,HR,2025-07-01,600000,
6121,EMP06121,Female,55.0,3.0,QA,,600000,
6122,EMP06122,Unknow,34.0,1.0,Engineer,,600000,
6123,EMP06123,Female,24.0,17.0,QA,,800000,emp6123@mail.com
6124,EMP06124,Unknow,36.0,12.0,Manager,2025-07-01,600000,
6125,EMP06125,Male,23.0,9.0,QA,,800000,emp6125@mail.com
6126,EMP06126,Unknow,32.0,4.0,QA,,350000,
6127,EMP06127,Female,25.0,17.0,Intern,,500000,
6128,EMP06128,Male,48.0,18.0,Manager,,600000,
6129,EMP06129,Male,47.0,17.0,Manager,,500000,
6130,EMP06130,Male,40.0,99.0,HR,2023-01-15,350000,
6131,EMP06131,Female,41.0,4.0,Analyst,,500000,
6132,EMP06132,Unknow,50.0,99.0,HR,,500000,
6133,EMP06133,Female,22.0,16.0,QA,2023-01-15,600000,
6134,EMP06134,Unknow,37.0,3.0,QA,,600000,emp6134@mail.com
6135,EMP06135,Female,49.0,7.0,QA,,500000,emp6135@mail.com
6136,EMP06136,Male,54.0,,Intern,,600000,emp6136@mail.com
6137,EMP06137,Male,22.0,3.0,Analyst,,350000,emp6137@mail.com
6138,EMP06138,Female,55.0,15.0,HR,,350000,
6139,EMP06139,Unknow,35.0,7.0,Intern,,600000,emp6139@mail.com
6140,EMP06140,Female,21.0,11.0,Manager,2025-07-01,500000,
6141,EMP06141,Male,29.0,7.0,Manager,,350000,
6142,EMP06142,Male,46.0,14.0,QA,,350000,
6143,EMP06143,Female,47.0,20.0,QA,2025-07-01,600000,
6144,EMP06144,Female,33.0,9.0,Analyst,,500000,
6145,EMP06145,Female,28.0,6.0,QA,,600000,
6146,EMP06146,Female,46.0,99.0,Manager,,350000,
6147,EMP06147,Male,44.0,14.0,Intern,,600000,
6148,EMP06148,Unknow,21.0,2.0,HR,,600000,
6149,EMP06149,Male,32.0,19.0,QA,,600000,
6150,EMP06150,Male,40.0,19.0,Analyst,2023-01-15,600000,
6151,EMP06151,Male,25.0,4.0,Intern,,500000,
6152,EMP06152,Male,43.0,8.0,Engineer,2023-01-15,800000,
6153,EMP06153,Female,60.0,16.0,HR,2025-07-01,600000,
6154,EMP06154,Unknow,21.0,13.0,Manager,,500000,
6155,EMP06155,Male,41.0,13.0,HR,2023-01-15,500000,
6156,EMP06156,Female,48.0,,Engineer,,600000,
6157,EMP06157,Male,49.0,9.0,Intern,,800000,
6158,EMP06158,Unknow,33.0,12.0,HR,,600000,emp6158@mail.com
6159,EMP06159,Unknow,39.0,17.0,Analyst,2025-07-01,350000,
6160,EMP06160,Male,27.0,17.0,Intern,2023-01-15,600000,
6161,EMP06161,Male,35.0,10.0,HR,2025-07-01,600000,
6162,EMP06162,Female,40.0,14.0,Manager,,500000,
6163,EMP06163,Female,41.0,4.0,QA,,600000,emp6163@mail.com
6164,EMP06164,Male,40.0,9.0,Manager,,500000,emp6164@mail.com
6165,EMP06165,Female,29.0,,QA,,600000,
6166,EMP06166,Male,49.0,5.0,HR,2023-01-15,500000,emp6166@mail.com
6167,EMP06167,Male,20.0,2.0,Engineer,2023-01-15,350000,
6168,EMP06168,Male,37.0,2.0,HR,,500000,
6169,EMP06169,Female,54.0,19.0,Manager,2025-07-01,500000,
6170,EMP06170,Unknow,57.0,13.0,Manager,,500000,
6171,EMP06171,Female,39.0,17.0,Manager,,600000,
6172,EMP06172,Unknow,58.0,7.0,Analyst,2023-01-15,600000,
6173,EMP06173,Male,46.0,99.0,Intern,2023-01-15,350000,
6174,EMP06174,Female,27.0,10.0,QA,,600000,
6175,EMP06175,Unknow,26.0,4.0,Engineer,,800000,emp6175@mail.com
6176,EMP06176,Male,40.0,1.0,Engineer,,600000,
6177,EMP06177,Male,29.0,99.0,Engineer,,500000,emp6177@mail.com
6178,EMP06178,Male,39.0,5.0,Analyst,2023-01-15,800000,
6179,EMP06179,Unknow,30.0,99.0,Engineer,2023-01-15,500000,
6180,EMP06180,Male,31.0,5.0,Engineer,2023-01-15,500000,emp6180@mail.com
6181,EMP06181,Unknow,60.0,18.0,Engineer,,600000,
6182,EMP06182,Female,34.0,1.0,Intern,,600000,
6183,EMP06183,Male,49.0,99.0,Intern,2023-01-15,600000,
6184,EMP06184,Male,36.0,13.0,Manager,,350000,emp6184@mail.com
6185,EMP06185,Male,43.0,20.0,Manager,2023-01-15,500000,
6186,EMP06186,Male,27.0,9.0,Engineer,,500000,
6187,EMP06187,Female,27.0,1.0,Analyst,2025-07-01,350000,
6188,EMP06188,Male,21.0,10.0,Engineer,2025-07-01,350000,
6189,EMP06189,Female,28.0,3.0,Intern,2023-01-15,600000,
6190,EMP06190,Male,48.0,4.0,Engineer,2025-07-01,600000,
6191,EMP06191,Unknow,23.0,10.0,Analyst,,500000,emp6191@mail.com
6192,EMP06192,Female,27.0,9.0,Manager,2023-01-15,600000,
6193,EMP06193,Unknow,33.0,3.0,Engineer,,600000,
6194,EMP06194,Female,24.0,9.0,Engineer,,500000,
6195,EMP06195,Female,25.0,17.0,Analyst,,500000,
6196,EMP06196,Male,32.0,8.0,Analyst,2023-01-15,500000,emp6196@mail.com
6197,EMP06197,Unknow,29.0,8.0,Intern,,800000,emp6197@mail.com
6198,EMP06198,Male,27.0,7.0,Manager,,500000,emp6198@mail.com
6199,EMP06199,Male,49.0,20.0,Intern,,800000,
6200,EMP06200,Female,55.0,16.0,HR,2023-01-15,600000,
6201,EMP06201,Female,39.0,15.0,HR,,500000,
6202,EMP06202,Male,26.0,15.0,Manager,,800000,
6203,EMP06203,Unknow,57.0,10.0,QA,,500000,
6204,EMP06204,Male,37.0,4.0,Intern,2023-01-15,600000,
6205,EMP06205,Unknow,41.0,8.0,Engineer,2025-07-01,600000,
6206,EMP06206,Male,40.0,2.0,Manager,,350000,
6207,EMP06207,Male,56.0,,HR,,600000,
6208,EMP06208,Male,36.0,6.0,Engineer,2023-01-15,600000,
6209,EMP06209,Male,35.0,19.0,HR,2023-01-15,600000,emp6209@mail.com
6210,EMP06210,Female,40.0,17.0,Analyst,2025-07-01,350000,
6211,EMP06211,Female,42.0,7.0,Intern,,600000,
6212,EMP06212,Female,30.0,8.0,Analyst,,500000,
6213,EMP06213,Male,36.0,99.0,Engineer,,350000,
6214,EMP06214,Male,23.0,,QA,,600000,
6215,EMP06215,Male,31.0,20.0,HR,,600000,
6216,EMP06216,Male,52.0,1.0,QA,2023-01-15,600000,
6217,EMP06217,Male,27.0,20.0,QA,,500000,emp6217@mail.com
6218,EMP06218,Female,38.0,19.0,Engineer,,800000,emp6218@mail.com
6219,EMP06219,Female,60.0,13.0,QA,,600000,
6220,EMP06220,Female,55.0,20.0,QA,,800000,
6221,EMP06221,Male,52.0,1.0,Manager,2023-01-15,600000,
6222,EMP06222,Male,34.0,7.0,Analyst,2025-07-01,600000,
6223,EMP06223,Male,43.0,20.0,QA,,800000,
6224,EMP06224,Unknow,49.0,14.0,Analyst,2023-01-15,600000,
6225,EMP06225,Unknow,40.0,14.0,Manager,,600000,
6226,EMP06226,Female,46.0,16.0,Intern,,600000,
6227,EMP06227,Female,56.0,5.0,Analyst,2025-07-01,500000,emp6227@mail.com
6228,EMP06228,Male,48.0,3.0,QA,,350000,emp6228@mail.com
6229,EMP06229,Female,32.0,19.0,Engineer,,600000,
6230,EMP06230,Male,58.0,,Manager,,600000,
6231,EMP06231,Male,23.0,13.0,Intern,2023-01-15,500000,
6232,EMP06232,Male,54.0,11.0,Manager,,500000,emp6232@mail.com
6233,EMP06233,Unknow,39.0,19.0,Manager,,500000,emp6233@mail.com
6234,EMP06234,Male,36.0,16.0,Intern,,350000,emp6234@mail.com
6235,EMP06235,Female,55.0,12.0,QA,,800000,emp6235@mail.com
6236,EMP06236,Female,46.0,18.0,HR,2023-01-15,800000,
6237,EMP06237,Male,31.0,8.0,Intern,2025-07-01,350000,emp6237@mail.com
6238,EMP06238,Female,42.0,9.0,HR,2025-07-01,500000,emp6238@mail.com
6239,EMP06239,Male,50.0,8.0,QA,2025-07-01,500000,
6240,EMP06240,Male,48.0,12.0,Analyst,,800000,
6241,EMP06241,Female,56.0,10.0,Analyst,,800000,
6242,EMP06242,Unknow,22.0,,HR,,600000,
6243,EMP06243,Unknow,42.0,3.0,Intern,,600000,
6244,EMP06244,Unknow,30.0,17.0,Engineer,,800000,
6245,EMP06245,Male,44.0,20.0,HR,,600000,
6246,EMP06246,Female,45.0,19.0,Engineer,,800000,
6247,EMP06247,Male,40.0,20.0,Analyst,,600000,emp6247@mail.com
6248,EMP06248,Female,36.0,11.0,Engineer,,500000,
6249,EMP06249,Male,39.0,3.0,Intern,2023-01-15,600000,emp6249@mail.com
6250,EMP06250,Unknow,20.0,18.0,QA,,500000,
6251,EMP06251,Male,31.0,15.0,Engineer,,600000,
6252,EMP06252,Male,32.0,2.0,Analyst,2025-07-01,600000,emp6252@mail.com
6253,EMP06253,Female,44.0,15.0,Analyst,,500000,emp6253@mail.com
6254,EMP06254,Male,53.0,6.0,QA,,800000,
6255,EMP06255,Male,23.0,14.0,HR,,600000,
6256,EMP06256,Male,34.0,19.0,Manager,2025-07-01,600000,
6257,EMP06257,Female,33.0,19.0,Analyst,2023-01-15,350000,
6258,EMP06258,Male,48.0,16.0,Engineer,,350000,
6259,EMP06259,Female,30.0,9.0,HR,2023-01-15,600000,
6260,EMP06260,Male,52.0,15.0,Analyst,,350000,emp6260@mail.com
6261,EMP06261,Male,20.0,11.0,Analyst,,500000,
6262,EMP06262,Male,48.0,14.0,QA,2023-01-15,800000,
6263,EMP06263,Female,45.0,11.0,HR,2025-07-01,800000,emp6263@mail.com
6264,EMP06264,Female,49.0,1.0,Engineer,,600000,
6265,EMP06265,Female,20.0,16.0,Manager,2025-07-01,800000,emp6265@mail.com
6266,EMP06266,Unknow,48.0,8.0,Manager,2023-01-15,500000,
6267,EMP06267,Male,31.0,9.0,Engineer,2025-07-01,800000,emp6267@mail.com
6268,EMP06268,Male,34.0,9.0,Analyst,2025-07-01,500000,emp6268@mail.com
6269,EMP06269,Female,25.0,1.0,HR,2025-07-01,600000,
6270,EMP06270,Male,57.0,12.0,Engineer,,800000,
6271,EMP06271,Male,40.0,12.0,Analyst,2025-07-01,800000,emp6271@mail.com
6272,EMP06272,Unknow,59.0,11.0,HR,,600000,
6273,EMP06273,Female,25.0,16.0,Analyst,,600000,emp6273@mail.com
6274,EMP06274,Female,48.0,,QA,2025-07-01,600000,emp6274@mail.com
6275,EMP06275,Unknow,31.0,99.0,HR,,600000,
6276,EMP06276,Male,24.0,14.0,Intern,2023-01-15,800000,
6277,EMP06277,Male,42.0,17.0,Analyst,,600000,
6278,EMP06278,Unknow,60.0,15.0,Engineer,,800000,emp6278@mail.com
6279,EMP06279,Male,35.0,5.0,Engineer,,350000,
6280,EMP06280,Female,43.0,7.0,QA,,600000,emp6280@mail.com
6281,EMP06281,Female,49.0,10.0,Engineer,2023-01-15,350000,emp6281@mail.com
6282,EMP06282,Unknow,40.0,6.0,Manager,2023-01-15,800000,
6283,EMP06283,Male,51.0,19.0,Engineer,2023-01-15,800000,
6284,EMP06284,Female,57.0,,HR,2025-07-01,600000,
6285,EMP06285,Female,55.0,10.0,Intern,,600000,
6286,EMP06286,Male,34.0,13.0,Manager,,500000,
6287,EMP06287,Male,40.0,16.0,HR,2025-07-01,800000,
6288,EMP06288,Male,42.0,10.0,QA,2023-01-15,500000,emp6288@mail.com
6289,EMP06289,Female,24.0,2.0,HR,,600000,emp6289@mail.com
6290,EMP06290,Male,29.0,5.0,Analyst,,500000,
6291,EMP06291,Unknow,32.0,19.0,QA,2025-07-01,600000,
6292,EMP06292,Unknow,23.0,11.0,QA,2023-01-15,500000,
6293,EMP06293,Female,53.0,4.0,Engineer,2025-07-01,500000,emp6293@mail.com
6294,EMP06294,Male,40.0,15.0,Engineer,,500000,
6295,EMP06295,Unknow,44.0,13.0,QA,,500000,
6296,EMP06296,Male,39.0,18.0,Manager,2025-07-01,500000,
6297,EMP06297,Unknow,47.0,19.0,Engineer,2025-07-01,600000,
6298,EMP06298,Male,44.0,1.0,QA,2025-07-01,600000,
6299,EMP06299,Female,58.0,3.0,HR,2023-01-15,600000,
6300,EMP06300,Male,58.0,18.0,Intern,2025-07-01,600000,
6301,EMP06301,Female,41.0,9.0,QA,,500000,
6302,EMP06302,Female,44.0,13.0,HR,,500000,
6303,EMP06303,Unknow,43.0,2.0,HR,,800000,
6304,EMP06304,Female,34.0,17.0,QA,,600000,emp6304@mail.com
6305,EMP06305,Unknow,42.0,,QA,,600000,emp6305@mail.com
6306,EMP06306,Female,59.0,5.0,QA,,350000,emp6306@mail.com
6307,EMP06307,Male,56.0,14.0,QA,,350000,
6308,EMP06308,Female,54.0,4.0,Intern,2023-01-15,600000,
6309,EMP06309,Male,42.0,99.0,Analyst,2025-07-01,500000,
6310,EMP06310,Unknow,43.0,3.0,Analyst,2025-07-01,600000,
6311,EMP06311,Female,25.0,19.0,Intern,,600000,
6312,EMP06312,Female,59.0,15.0,Intern,,500000,
6313,EMP06313,Male,60.0,4.0,Engineer,,600000,
6314,EMP06314,Male,44.0,16.0,Manager,,600000,
6315,EMP06315,Male,20.0,15.0,HR,2023-01-15,500000,
6316,EMP06316,Male,60.0,6.0,Intern,2023-01-15,600000,
6317,EMP06317,Female,35.0,8.0,Analyst,,500000,
6318,EMP06318,Male,42.0,20.0,Intern,,800000,
6319,EMP06319,Male,55.0,10.0,Analyst,,500000,
6320,EMP06320,Unknow,45.0,13.0,Engineer,,350000,emp6320@mail.com
6321,EMP06321,Unknow,32.0,16.0,QA,2023-01-15,350000,
6322,EMP06322,Female,40.0,4.0,Manager,,600000,emp6322@mail.com
6323,EMP06323,Male,52.0,18.0,Manager,,350000,
6324,EMP06324,Female,42.0,1.0,QA,2023-01-15,600000,
6325,EMP06325,Female,28.0,16.0,HR,,600000,
6326,EMP06326,Female,60.0,13.0,Analyst,2025-07-01,800000,
6327,EMP06327,Female,49.0,18.0,Engineer,,600000,
6328,EMP06328,Female,30.0,13.0,QA,,500000,
6329,EMP06329,Male,23.0,7.0,HR,,500000,
6330,EMP06330,Male,49.0,2.0,Engineer,,600000,
6331,EMP06331,Male,40.0,99.0,Engineer,,500000,
6332,EMP06332,Male,48.0,16.0,Engineer,2023-01-15,600000,
6333,EMP06333,Female,22.0,2.0,QA,2023-01-15,600000,
6334,EMP06334,Female,42.0,99.0,HR,2023-01-15,600000,emp6334@mail.com
6335,EMP06335,Unknow,38.0,7.0,HR,,500000,
6336,EMP06336,Male,50.0,8.0,Manager,,800000,
6337,EMP06337,Male,49.0,,Engineer,,600000,
6338,EMP06338,Female,48.0,12.0,QA,,600000,
6339,EMP06339,Unknow,54.0,6.0,Manager,,800000,
6340,EMP06340,Male,20.0,14.0,HR,,600000,
6341,EMP06341,Male,51.0,8.0,Intern,2025-07-01,350000,emp6341@mail.com
6342,EMP06342,Female,40.0,9.0,Manager,,500000,emp6342@mail.com
6343,EMP06343,Unknow,32.0,9.0,Manager,2025-07-01,500000,emp6343@mail.com
6344,EMP06344,Male,55.0,5.0,Intern,,600000,
6345,EMP06345,Male,40.0,19.0,Intern,2025-07-01,600000,
6346,EMP06346,Male,51.0,13.0,Manager,,500000,
6347,EMP06347,Male,31.0,12.0,QA,,500000,
6348,EMP06348,Unknow,55.0,8.0,Analyst,2023-01-15,500000,
6349,EMP06349,Male,40.0,9.0,Intern,,500000,
6350,EMP06350,Female,20.0,17.0,HR,2023-01-15,600000,emp6350@mail.com
6351,EMP06351,Unknow,28.0,16.0,QA,2025-07-01,600000,emp6351@mail.com
6352,EMP06352,Female,39.0,11.0,QA,,500000,
6353,EMP06353,Female,37.0,3.0,Engineer,,800000,
6354,EMP06354,Male,27.0,14.0,Engineer,,600000,
6355,EMP06355,Male,47.0,12.0,Manager,,800000,
6356,EMP06356,Male,35.0,10.0,Analyst,,350000,
6357,EMP06357,Female,48.0,13.0,Analyst,2025-07-01,500000,
6358,EMP06358,Male,34.0,16.0,QA,2023-01-15,600000,
6359,EMP06359,Unknow,53.0,20.0,QA,2025-07-01,350000,emp6359@mail.com
6360,EMP06360,Unknow,37.0,15.0,HR,2025-07-01,350000,
6361,EMP06361,Female,28.0,11.0,Engineer,2023-01-15,500000,
6362,EMP06362,Male,56.0,14.0,Intern,,600000,
6363,EMP06363,Female,59.0,17.0,Manager,2023-01-15,350000,
6364,EMP06364,Male,40.0,16.0,Analyst,2023-01-15,500000,emp6364@mail.com
6365,EMP06365,Male,33.0,10.0,Engineer,2025-07-01,800000,
6366,EMP06366,Unknow,30.0,2.0,HR,2023-01-15,800000,
6367,EMP06367,Female,24.0,99.0,QA,,500000,
6368,EMP06368,Male,28.0,19.0,HR,2025-07-01,600000,emp6368@mail.com
6369,EMP06369,Male,32.0,2.0,QA,,600000,
6370,EMP06370,Male,30.0,13.0,HR,,800000,
6371,EMP06371,Female,28.0,5.0,QA,2025-07-01,600000,emp6371@mail.com
6372,EMP06372,Male,54.0,13.0,HR,,500000,emp6372@mail.com
6373,EMP06373,Male,36.0,3.0,Analyst,,800000,emp6373@mail.com
6374,EMP06374,Unknow,45.0,16.0,HR,,350000,
6375,EMP06375,Male,55.0,6.0,Intern,,350000,
6376,EMP06376,Female,28.0,7.0,Engineer,2025-07-01,350000,
6377,EMP06377,Female,46.0,14.0,Manager,2025-07-01,350000,
6378,EMP06378,Male,46.0,5.0,Intern,,500000,
6379,EMP06379,Female,53.0,4.0,Engineer,,500000,
6380,EMP06380,Male,58.0,2.0,QA,,600000,
6381,EMP06381,Male,22.0,18.0,Manager,2025-07-01,500000,
6382,EMP06382,Male,20.0,18.0,QA,,350000,
6383,EMP06383,Male,27.0,20.0,Analyst,,600000,emp6383@mail.com
6384,EMP06384,Female,56.0,18.0,Intern,2025-07-01,350000,
6385,EMP06385,Male,49.0,,HR,,600000,
6386,EMP06386,Male,25.0,17.0,QA,2023-01-15,600000,
6387,EMP06387,Male,40.0,1.0,HR,,600000,emp6387@mail.com
6388,EMP06388,Female,42.0,2.0,Manager,,600000,
6389,EMP06389,Male,53.0,18.0,Engineer,2025-07-01,500000,
6390,EMP06390,Unknow,58.0,12.0,Intern,2025-07-01,600000,
6391,EMP06391,Female,40.0,13.0,Intern,,500000,
6392,EMP06392,Female,52.0,9.0,Analyst,2023-01-15,500000,
6393,EMP06393,Male,21.0,12.0,Manager,2023-01-15,600000,
6394,EMP06394,Male,41.0,18.0,Intern,,350000,
6395,EMP06395,Male,58.0,20.0,Analyst,2025-07-01,350000,
6396,EMP06396,Male,35.0,20.0,Engineer,,600000,emp6396@mail.com
6397,EMP06397,Female,37.0,6.0,Engineer,,600000,
6398,EMP06398,Unknow,59.0,2.0,Intern,2025-07-01,600000,
6399,EMP06399,Male,24.0,3.0,HR,2025-07-01,800000,emp6399@mail.com
6400,EMP06400,Female,40.0,13.0,Intern,,500000,
6401,EMP06401,Female,41.0,1.0,Intern,,600000,emp6401@mail.com
6402,EMP06402,Male,57.0,6.0,Engineer,2023-01-15,350000,
6403,EMP06403,Male,45.0,19.0,Engineer,,500000,
6404,EMP06404,Female,30.0,12.0,Analyst,2025-07-01,800000,emp6404@mail.com
6405,EMP06405,Female,48.0,,Manager,2025-07-01,600000,
6406,EMP06406,Female,30.0,14.0,Manager,2025-07-01,600000,
6407,EMP06407,Male,40.0,99.0,Intern,,500000,
6408,EMP06408,Female,40.0,3.0,Manager,,800000,
6409,EMP06409,Female,49.0,99.0,Manager,,500000,
6410,EMP06410,Male,40.0,4.0,HR,,800000,
6411,EMP06411,Female,52.0,1.0,QA,,600000,
6412,EMP06412,Male,30.0,99.0,Engineer,2025-07-01,600000,
6413,EMP06413,Male,47.0,8.0,Engineer,,800000,
6414,EMP06414,Unknow,40.0,17.0,Manager,2025-07-01,600000,emp6414@mail.com
6415,EMP06415,Male,40.0,99.0,Intern,,500000,
6416,EMP06416,Male,48.0,99.0,QA,,800000,
6417,EMP06417,Female,40.0,9.0,Manager,,500000,emp6417@mail.com
6418,EMP06418,Male,27.0,13.0,Manager,2025-07-01,500000,
6419,EMP06419,Male,42.0,19.0,HR,,800000,
6420,EMP06420,Male,57.0,20.0,Manager,2023-01-15,600000,
6421,EMP06421,Female,52.0,7.0,HR,,500000,
6422,EMP06422,Male,23.0,2.0,Manager,2023-01-15,500000,emp6422@mail.com
6423,EMP06423,Male,59.0,19.0,Intern,,600000,
6424,EMP06424,Unknow,56.0,99.0,Manager,2025-07-01,350000,emp6424@mail.com
6425,EMP06425,Female,48.0,2.0,Manager,2023-01-15,800000,
6426,EMP06426,Male,32.0,16.0,Analyst,2025-07-01,600000,
6427,EMP06427,Female,50.0,99.0,Engineer,2023-01-15,800000,
6428,EMP06428,Female,49.0,14.0,QA,2023-01-15,600000,emp6428@mail.com
6429,EMP06429,Male,27.0,4.0,Engineer,,500000,emp6429@mail.com
6430,EMP06430,Female,53.0,,HR,,600000,
6431,EMP06431,Male,33.0,19.0,HR,2025-07-01,600000,emp6431@mail.com
6432,EMP06432,Female,40.0,10.0,HR,,600000,
6433,EMP06433,Male,43.0,15.0,QA,,800000,
6434,EMP06434,Female,57.0,8.0,HR,,350000,
6435,EMP06435,Female,31.0,99.0,Intern,,500000,
6436,EMP06436,Unknow,23.0,20.0,QA,,350000,emp6436@mail.com
6437,EMP06437,Male,40.0,3.0,Engineer,,350000,emp6437@mail.com
6438,EMP06438,Male,42.0,5.0,Analyst,2023-01-15,800000,emp6438@mail.com
6439,EMP06439,Female,34.0,5.0,Engineer,2023-01-15,500000,
6440,EMP06440,Male,44.0,11.0,Intern,,500000,
6441,EMP06441,Male,50.0,13.0,HR,2023-01-15,800000,
6442,EMP06442,Unknow,51.0,19.0,HR,2023-01-15,600000,
6443,EMP06443,Male,51.0,6.0,Intern,,600000,emp6443@mail.com
6444,EMP06444,Male,59.0,10.0,Manager,2023-01-15,350000,
6445,EMP06445,Male,29.0,6.0,QA,2023-01-15,800000,
6446,EMP06446,Unknow,52.0,11.0,Manager,,800000,
6447,EMP06447,Male,38.0,17.0,Intern,,600000,
6448,EMP06448,Male,21.0,13.0,QA,,800000,
6449,EMP06449,Male,54.0,10.0,Intern,,600000,emp6449@mail.com
6450,EMP06450,Unknow,27.0,9.0,Engineer,2023-01-15,500000,
6451,EMP06451,Female,51.0,7.0,QA,2023-01-15,500000,
6452,EMP06452,Male,33.0,6.0,Manager,2025-07-01,500000,
6453,EMP06453,Male,27.0,10.0,HR,,800000,
6454,EMP06454,Unknow,57.0,14.0,Analyst,,600000,
6455,EMP06455,Male,27.0,5.0,Manager,2025-07-01,600000,
6456,EMP06456,Unknow,24.0,20.0,Manager,2025-07-01,600000,
6457,EMP06457,Female,59.0,13.0,Analyst,,500000,
6458,EMP06458,Male,48.0,19.0,HR,2023-01-15,350000,
6459,EMP06459,Unknow,46.0,4.0,Intern,2025-07-01,600000,
6460,EMP06460,Female,48.0,11.0,Manager,2025-07-01,500000,
6461,EMP06461,Female,60.0,11.0,Engineer,,600000,
6462,EMP06462,Male,49.0,10.0,Engineer,2023-01-15,350000,
6463,EMP06463,Female,46.0,11.0,Manager,2023-01-15,500000,
6464,EMP06464,Male,40.0,14.0,Analyst,,350000,
6465,EMP06465,Female,45.0,6.0,Intern,,600000,
6466,EMP06466,Male,41.0,2.0,Engineer,,500000,emp6466@mail.com
6467,EMP06467,Male,37.0,11.0,Manager,,500000,emp6467@mail.com
6468,EMP06468,Unknow,60.0,19.0,Engineer,2023-01-15,350000,
6469,EMP06469,Male,59.0,99.0,Engineer,,350000,
6470,EMP06470,Female,41.0,1.0,QA,2025-07-01,350000,
6471,EMP06471,Male,22.0,18.0,Engineer,,500000,
6472,EMP06472,Male,28.0,5.0,Manager,,500000,
6473,EMP06473,Male,40.0,5.0,HR,2023-01-15,500000,
6474,EMP06474,Unknow,48.0,11.0,Engineer,2023-01-15,350000,
6475,EMP06475,Unknow,59.0,5.0,Engineer,,350000,emp6475@mail.com
6476,EMP06476,Male,37.0,4.0,Engineer,2023-01-15,600000,
6477,EMP06477,Female,20.0,,Analyst,,600000,
6478,EMP06478,Unknow,44.0,20.0,Manager,,600000,
6479,EMP06479,Male,25.0,19.0,Intern,2025-07-01,600000,emp6479@mail.com
6480,EMP06480,Male,22.0,20.0,QA,2023-01-15,350000,
6481,EMP06481,Male,27.0,5.0,HR,,500000,
6482,EMP06482,Male,43.0,8.0,Analyst,,350000,
6483,EMP06483,Male,40.0,5.0,HR,,350000,
6484,EMP06484,Unknow,60.0,,HR,,600000,
6485,EMP06485,Female,46.0,12.0,Intern,2025-07-01,600000,
6486,EMP06486,Male,25.0,15.0,Analyst,2025-07-01,800000,emp6486@mail.com
6487,EMP06487,Female,29.0,3.0,HR,2023-01-15,350000,
6488,EMP06488,Male,31.0,13.0,Engineer,2025-07-01,500000,
6489,EMP06489,Female,44.0,15.0,Intern,,500000,emp6489@mail.com
6490,EMP06490,Male,25.0,18.0,HR,,600000,emp6490@mail.com
6491,EMP06491,Female,44.0,99.0,Analyst,2025-07-01,500000,emp6491@mail.com
6492,EMP06492,Female,40.0,18.0,Manager,,600000,emp6492@mail.com
6493,EMP06493,Male,36.0,,Manager,,600000,
6494,EMP06494,Male,40.0,10.0,Analyst,2023-01-15,600000,
6495,EMP06495,Male,36.0,18.0,Manager,,600000,emp6495@mail.com
6496,EMP06496,Female,43.0,5.0,Intern,2025-07-01,350000,
6497,EMP06497,Female,27.0,11.0,Engineer,,500000,
6498,EMP06498,Male,21.0,13.0,QA,,600000,
6499,EMP06499,Male,50.0,5.0,Intern,2025-07-01,500000,
6500,EMP06500,Male,46.0,14.0,Analyst,2023-01-15,600000,emp6500@mail.com
6501,EMP06501,Female,50.0,,HR,2025-07-01,600000,
6502,EMP06502,Unknow,34.0,13.0,Intern,,350000,
6503,EMP06503,Male,58.0,11.0,Analyst,,600000,emp6503@mail.com
6504,EMP06504,Male,43.0,4.0,QA,,350000,
6505,EMP06505,Male,47.0,5.0,QA,,350000,
6506,EMP06506,Male,53.0,19.0,HR,2023-01-15,350000,
6507,EMP06507,Female,52.0,14.0,HR,,600000,
6508,EMP06508,Male,26.0,4.0,Analyst,2025-07-01,500000,
6509,EMP06509,Female,60.0,1.0,HR,2023-01-15,600000,
6510,EMP06510,Female,39.0,,Manager,2023-01-15,600000,emp6510@mail.com
6511,EMP06511,Female,55.0,17.0,Intern,,600000,emp6511@mail.com
6512,EMP06512,Female,53.0,18.0,Analyst,2025-07-01,350000,emp6512@mail.com
6513,EMP06513,Unknow,43.0,3.0,Analyst,2025-07-01,350000,
6514,EMP06514,Female,49.0,18.0,HR,,600000,
6515,EMP06515,Female,28.0,,HR,2025-07-01,600000,
6516,EMP06516,Unknow,59.0,1.0,QA,2023-01-15,600000,emp6516@mail.com
6517,EMP06517,Male,58.0,4.0,Analyst,2023-01-15,500000,
6518,EMP06518,Male,21.0,18.0,Analyst,2023-01-15,600000,
6519,EMP06519,Unknow,26.0,8.0,Manager,,500000,
6520,EMP06520,Female,34.0,3.0,QA,2025-07-01,350000,
6521,EMP06521,Female,55.0,99.0,QA,,500000,emp6521@mail.com
6522,EMP06522,Unknow,60.0,10.0,Engineer,2025-07-01,600000,
6523,EMP06523,Male,25.0,99.0,Intern,,500000,
6524,EMP06524,Male,33.0,11.0,Manager,2023-01-15,350000,emp6524@mail.com
6525,EMP06525,Female,36.0,99.0,Analyst,2023-01-15,350000,
6526,EMP06526,Female,45.0,6.0,Engineer,,600000,
6527,EMP06527,Unknow,58.0,20.0,Analyst,,500000,
6528,EMP06528,Male,48.0,18.0,Manager,,600000,
6529,EMP06529,Female,40.0,16.0,QA,2023-01-15,600000,
6530,EMP06530,Male,34.0,,Analyst,,600000,emp6530@mail.com
6531,EMP06531,Unknow,49.0,15.0,HR,,500000,
6532,EMP06532,Unknow,58.0,12.0,Intern,2023-01-15,600000,
6533,EMP06533,Unknow,47.0,4.0,Analyst,,500000,emp6533@mail.com
6534,EMP06534,Unknow,46.0,14.0,Intern,2025-07-01,600000,
6535,EMP06535,Female,51.0,16.0,QA,2025-07-01,500000,
6536,EMP06536,Unknow,47.0,2.0,Engineer,,600000,emp6536@mail.com
6537,EMP06537,Male,40.0,9.0,Manager,2025-07-01,350000,
6538,EMP06538,Male,36.0,1.0,Analyst,,800000,
6539,EMP06539,Male,46.0,4.0,Engineer,2023-01-15,800000,emp6539@mail.com
6540,EMP06540,Male,54.0,4.0,HR,,500000,
6541,EMP06541,Male,31.0,15.0,Intern,,500000,emp6541@mail.com
6542,EMP06542,Female,28.0,5.0,QA,2025-07-01,500000,
6543,EMP06543,Female,39.0,3.0,HR,,600000,
6544,EMP06544,Female,39.0,5.0,Manager,,600000,
6545,EMP06545,Female,20.0,17.0,Intern,,600000,emp6545@mail.com
6546,EMP06546,Unknow,40.0,13.0,HR,2025-07-01,800000,
6547,EMP06547,Female,39.0,18.0,QA,2023-01-15,500000,
6548,EMP06548,Male,50.0,2.0,Intern,,600000,
6549,EMP06549,Unknow,39.0,12.0,Engineer,2023-01-15,600000,
6550,EMP06550,Unknow,52.0,5.0,Intern,2025-07-01,500000,emp6550@mail.com
6551,EMP06551,Female,53.0,9.0,QA,,350000,emp6551@mail.com
6552,EMP06552,Female,49.0,99.0,Intern,2023-01-15,600000,emp6552@mail.com
6553,EMP06553,Unknow,45.0,5.0,Manager,,500000,
6554,EMP06554,Unknow,36.0,,HR,,600000,
6555,EMP06555,Male,50.0,18.0,Analyst,,500000,
6556,EMP06556,Male,27.0,5.0,Intern,,500000,
6557,EMP06557,Female,40.0,3.0,Manager,,350000,
6558,EMP06558,Female,31.0,12.0,HR,2023-01-15,600000,emp6558@mail.com
6559,EMP06559,Male,33.0,9.0,Intern,2025-07-01,500000,
6560,EMP06560,Male,48.0,2.0,HR,,600000,
6561,EMP06561,Unknow,57.0,11.0,Engineer,,500000,
6562,EMP06562,Male,50.0,20.0,Manager,2023-01-15,600000,emp6562@mail.com
6563,EMP06563,Female,56.0,14.0,QA,,500000,
6564,EMP06564,Male,60.0,11.0,QA,,500000,emp6564@mail.com
6565,EMP06565,Female,23.0,4.0,Manager,,500000,
6566,EMP06566,Female,60.0,6.0,Manager,2025-07-01,600000,emp6566@mail.com
6567,EMP06567,Unknow,25.0,16.0,Manager,,600000,
6568,EMP06568,Female,36.0,12.0,Engineer,,600000,
6569,EMP06569,Female,26.0,18.0,HR,,350000,
6570,EMP06570,Unknow,50.0,13.0,HR,2023-01-15,500000,
6571,EMP06571,Male,52.0,2.0,Manager,2025-07-01,600000,
6572,EMP06572,Female,50.0,,HR,2025-07-01,600000,emp6572@mail.com
6573,EMP06573,Female,48.0,2.0,QA,,800000,
6574,EMP06574,Male,48.0,8.0,HR,,350000,
6575,EMP06575,Unknow,40.0,4.0,Engineer,,350000,
6576,EMP06576,Male,33.0,6.0,Manager,,350000,
6577,EMP06577,Male,35.0,19.0,Manager,,600000,
6578,EMP06578,Unknow,38.0,14.0,Engineer,,350000,
6579,EMP06579,Male,55.0,20.0,Manager,,600000,
6580,EMP06580,Female,31.0,2.0,Intern,,350000,
6581,EMP06581,Male,50.0,18.0,Analyst,,350000,emp6581@mail.com
6582,EMP06582,Female,38.0,4.0,Manager,,800000,
6583,EMP06583,Female,46.0,,Intern,,600000,
6584,EMP06584,Unknow,42.0,3.0,Manager,2025-07-01,600000,
6585,EMP06585,Male,49.0,19.0,Engineer,,800000,
6586,EMP06586,Unknow,51.0,12.0,Engineer,,600000,
6587,EMP06587,Unknow,58.0,14.0,HR,,600000,emp6587@mail.com
6588,EMP06588,Male,41.0,2.0,Engineer,2023-01-15,600000,emp6588@mail.com
6589,EMP06589,Female,33.0,8.0,Manager,,350000,
6590,EMP06590,Male,52.0,5.0,Manager,2023-01-15,350000,
6591,EMP06591,Unknow,45.0,9.0,Manager,2025-07-01,500000,
6592,EMP06592,Female,43.0,1.0,QA,,800000,
6593,EMP06593,Male,59.0,16.0,Intern,2023-01-15,600000,
6594,EMP06594,Female,40.0,15.0,QA,,500000,
6595,EMP06595,Unknow,59.0,16.0,QA,,800000,
6596,EMP06596,Male,45.0,16.0,Analyst,2025-07-01,600000,
6597,EMP06597,Unknow,30.0,8.0,HR,,350000,emp6597@mail.com
6598,EMP06598,Unknow,22.0,99.0,Analyst,2023-01-15,500000,
6599,EMP06599,Female,44.0,11.0,Engineer,,350000,
6600,EMP06600,Unknow,42.0,17.0,Manager,,350000,
6601,EMP06601,Unknow,38.0,,Manager,2023-01-15,600000,
6602,EMP06602,Male,32.0,12.0,Analyst,2023-01-15,600000,emp6602@mail.com
6603,EMP06603,Male,40.0,11.0,Manager,,500000,
6604,EMP06604,Male,26.0,11.0,Manager,,600000,emp6604@mail.com
6605,EMP06605,Female,21.0,6.0,HR,2025-07-01,600000,
6606,EMP06606,Male,33.0,7.0,QA,,350000,emp6606@mail.com
6607,EMP06607,Female,38.0,11.0,Intern,,350000,
6608,EMP06608,Female,53.0,6.0,QA,,350000,
6609,EMP06609,Male,51.0,8.0,Engineer,,500000,
6610,EMP06610,Male,40.0,13.0,Intern,2023-01-15,500000,
6611,EMP06611,Female,35.0,6.0,Engineer,2023-01-15,500000,
6612,EMP06612,Male,33.0,15.0,QA,,800000,emp6612@mail.com
6613,EMP06613,Unknow,57.0,15.0,Intern,,350000,
6614,EMP06614,Male,53.0,6.0,QA,,600000,emp6614@mail.com
6615,EMP06615,Male,40.0,8.0,Analyst,,500000,emp6615@mail.com
6616,EMP06616,Female,37.0,14.0,QA,,600000,
6617,EMP06617,Female,21.0,6.0,Manager,,800000,
6618,EMP06618,Female,55.0,11.0,Engineer,,500000,
6619,EMP06619,Male,40.0,,Intern,,600000,emp6619@mail.com
6620,EMP06620,Female,59.0,9.0,Manager,,350000,emp6620@mail.com
6621,EMP06621,Male,60.0,17.0,Engineer,2025-07-01,350000,
6622,EMP06622,Female,24.0,4.0,Manager,,350000,emp6622@mail.com
6623,EMP06623,Male,30.0,10.0,Manager,,600000,
6624,EMP06624,Male,44.0,16.0,Engineer,,600000,
6625,EMP06625,Male,21.0,13.0,Intern,,500000,
6626,EMP06626,Female,57.0,,Engineer,,600000,
6627,EMP06627,Male,40.0,11.0,QA,,800000,
6628,EMP06628,Female,29.0,15.0,Intern,,350000,
6629,EMP06629,Female,31.0,13.0,Engineer,2025-07-01,600000,
6630,EMP06630,Female,49.0,18.0,HR,,800000,
6631,EMP06631,Male,30.0,4.0,HR,,600000,emp6631@mail.com
6632,EMP06632,Female,45.0,20.0,Analyst,,600000,
6633,EMP06633,Female,44.0,13.0,Engineer,,500000,
6634,EMP06634,Male,26.0,13.0,Analyst,2025-07-01,800000,emp6634@mail.com
6635,EMP06635,Female,40.0,4.0,HR,,800000,
6636,EMP06636,Female,30.0,12.0,Engineer,2023-01-15,600000,emp6636@mail.com
6637,EMP06637,Male,54.0,19.0,QA,,600000,
6638,EMP06638,Male,33.0,9.0,HR,2025-07-01,500000,
6639,EMP06639,Male,51.0,11.0,QA,2025-07-01,500000,
6640,EMP06640,Male,34.0,3.0,Engineer,2023-01-15,600000,
6641,EMP06641,Male,49.0,10.0,Analyst,,600000,
6642,EMP06642,Female,55.0,1.0,HR,2025-07-01,500000,emp6642@mail.com
6643,EMP06643,Male,50.0,11.0,HR,2023-01-15,500000,
6644,EMP06644,Female,26.0,,QA,,600000,emp6644@mail.com
6645,EMP06645,Unknow,59.0,7.0,QA,,800000,emp6645@mail.com
6646,EMP06646,Female,45.0,18.0,HR,,600000,
6647,EMP06647,Male,56.0,8.0,HR,,500000,
6648,EMP06648,Unknow,40.0,1.0,Manager,2025-07-01,600000,
6649,EMP06649,Female,34.0,13.0,Analyst,2023-01-15,500000,
6650,EMP06650,Male,59.0,14.0,Intern,,600000,
6651,EMP06651,Unknow,37.0,15.0,Analyst,,350000,
6652,EMP06652,Female,40.0,5.0,Manager,,500000,
6653,EMP06653,Male,22.0,11.0,Analyst,2025-07-01,500000,
6654,EMP06654,Unknow,36.0,8.0,Intern,2025-07-01,350000,
6655,EMP06655,Male,58.0,1.0,Analyst,2023-01-15,800000,
6656,EMP06656,Male,27.0,4.0,HR,,600000,
6657,EMP06657,Unknow,42.0,3.0,QA,,350000,emp6657@mail.com
6658,EMP06658,Unknow,28.0,4.0,Intern,,600000,
6659,EMP06659,Male,39.0,15.0,Intern,,800000,emp6659@mail.com
6660,EMP06660,Male,43.0,20.0,HR,,500000,
6661,EMP06661,Male,46.0,99.0,Engineer,,500000,
6662,EMP06662,Male,44.0,3.0,QA,2025-07-01,600000,
6663,EMP06663,Unknow,20.0,19.0,HR,2025-07-01,600000,
6664,EMP06664,Male,27.0,15.0,Engineer,2023-01-15,800000,emp6664@mail.com
6665,EMP06665,Unknow,39.0,18.0,Engineer,2023-01-15,800000,
6666,EMP06666,Female,54.0,18.0,QA,,600000,
6667,EMP06667,Female,40.0,14.0,Intern,,600000,
6668,EMP06668,Unknow,41.0,4.0,Engineer,,800000,
6669,EMP06669,Female,27.0,,Engineer,2023-01-15,600000,
6670,EMP06670,Male,59.0,99.0,QA,,350000,
6671,EMP06671,Unknow,48.0,2.0,Intern,,600000,
6672,EMP06672,Male,43.0,18.0,HR,,600000,
6673,EMP06673,Male,26.0,3.0,Manager,2025-07-01,500000,
6674,EMP06674,Unknow,48.0,4.0,Engineer,2025-07-01,800000,emp6674@mail.com
6675,EMP06675,Female,54.0,13.0,Manager,,500000,emp6675@mail.com
6676,EMP06676,Unknow,40.0,12.0,Intern,2025-07-01,350000,
6677,EMP06677,Male,33.0,1.0,Engineer,,800000,
6678,EMP06678,Male,21.0,19.0,QA,2025-07-01,600000,emp6678@mail.com
6679,EMP06679,Male,59.0,8.0,Intern,,500000,
6680,EMP06680,Male,47.0,19.0,HR,2023-01-15,600000,
6681,EMP06681,Female,41.0,15.0,Manager,2023-01-15,800000,
6682,EMP06682,Unknow,40.0,1.0,Engineer,,500000,
6683,EMP06683,Unknow,34.0,7.0,QA,,500000,emp6683@mail.com
6684,EMP06684,Female,58.0,6.0,Manager,2023-01-15,600000,
6685,EMP06685,Female,33.0,19.0,Manager,,350000,
6686,EMP06686,Unknow,26.0,11.0,QA,,500000,emp6686@mail.com
6687,EMP06687,Unknow,40.0,18.0,Analyst,2025-07-01,600000,
6688,EMP06688,Unknow,40.0,5.0,Analyst,2023-01-15,500000,
6689,EMP06689,Male,36.0,13.0,QA,2025-07-01,500000,
6690,EMP06690,Unknow,30.0,6.0,QA,,500000,
6691,EMP06691,Male,55.0,4.0,HR,,600000,
6692,EMP06692,Female,59.0,9.0,Engineer,2023-01-15,800000,
6693,EMP06693,Female,59.0,19.0,HR,,600000,emp6693@mail.com
6694,EMP06694,Male,20.0,11.0,Intern,,500000,
6695,EMP06695,Male,24.0,18.0,HR,2025-07-01,500000,
6696,EMP06696,Female,54.0,6.0,Engineer,,600000,
6697,EMP06697,Male,45.0,3.0,Manager,,800000,emp6697@mail.com
6698,EMP06698,Male,34.0,11.0,Manager,2025-07-01,800000,
6699,EMP06699,Unknow,57.0,15.0,Engineer,,600000,
6700,EMP06700,Unknow,54.0,4.0,Engineer,2023-01-15,600000,
6701,EMP06701,Female,31.0,14.0,HR,2023-01-15,600000,
6702,EMP06702,Unknow,54.0,9.0,Engineer,2023-01-15,800000,
6703,EMP06703,Unknow,25.0,10.0,Analyst,,800000,
6704,EMP06704,Female,51.0,9.0,Intern,2025-07-01,500000,emp6704@mail.com
6705,EMP06705,Male,39.0,8.0,QA,2023-01-15,500000,emp6705@mail.com
6706,EMP06706,Female,45.0,8.0,Intern,,500000,
6707,EMP06707,Male,40.0,16.0,HR,,500000,
6708,EMP06708,Male,56.0,6.0,QA,,500000,
6709,EMP06709,Male,43.0,18.0,Engineer,2025-07-01,800000,
6710,EMP06710,Male,47.0,99.0,HR,,800000,
6711,EMP06711,Male,33.0,17.0,Engineer,2023-01-15,600000,
6712,EMP06712,Unknow,45.0,12.0,Intern,,500000,
6713,EMP06713,Female,26.0,6.0,Analyst,2023-01-15,600000,
6714,EMP06714,Male,49.0,18.0,Engineer,,350000,
6715,EMP06715,Male,58.0,19.0,QA,2023-01-15,350000,
6716,EMP06716,Male,27.0,5.0,QA,,800000,
6717,EMP06717,Male,23.0,8.0,QA,,500000,
6718,EMP06718,Female,23.0,14.0,Intern,2025-07-01,350000,
6719,EMP06719,Unknow,40.0,99.0,HR,2025-07-01,350000,
6720,EMP06720,Female,47.0,11.0,QA,,350000,emp6720@mail.com
6721,EMP06721,Unknow,54.0,9.0,QA,,500000,
6722,EMP06722,Male,51.0,18.0,HR,,600000,
6723,EMP06723,Female,25.0,9.0,Analyst,,600000,emp6723@mail.com
6724,EMP06724,Male,43.0,11.0,Manager,2025-07-01,350000,
6725,EMP06725,Male,56.0,2.0,Analyst,2023-01-15,600000,
6726,EMP06726,Unknow,45.0,7.0,Intern,,500000,
6727,EMP06727,Female,55.0,18.0,Manager,,600000,
6728,EMP06728,Unknow,53.0,1.0,HR,,600000,
6729,EMP06729,Male,45.0,11.0,Engineer,,350000,
6730,EMP06730,Unknow,49.0,3.0,Analyst,,600000,
6731,EMP06731,Female,45.0,10.0,Intern,,600000,
6732,EMP06732,Male,46.0,4.0,HR,,600000,emp6732@mail.com
6733,EMP06733,Male,25.0,8.0,Engineer,,600000,
6734,EMP06734,Unknow,27.0,14.0,Manager,2023-01-15,600000,emp6734@mail.com
6735,EMP06735,Male,49.0,20.0,Intern,,800000,
6736,EMP06736,Male,30.0,17.0,Manager,,600000,
6737,EMP06737,Unknow,48.0,6.0,Manager,2023-01-15,500000,
6738,EMP06738,Male,35.0,19.0,HR,,600000,emp6738@mail.com
6739,EMP06739,Male,40.0,17.0,QA,2025-07-01,600000,
6740,EMP06740,Male,40.0,18.0,Analyst,2025-07-01,600000,emp6740@mail.com
6741,EMP06741,Male,46.0,16.0,QA,,350000,emp6741@mail.com
6742,EMP06742,Male,55.0,20.0,Manager,,600000,emp6742@mail.com
6743,EMP06743,Female,57.0,13.0,Analyst,,500000,
6744,EMP06744,Female,45.0,12.0,Engineer,2023-01-15,600000,
6745,EMP06745,Male,40.0,18.0,Engineer,,800000,
6746,EMP06746,Female,32.0,20.0,HR,2025-07-01,350000,
6747,EMP06747,Male,54.0,13.0,Engineer,,500000,emp6747@mail.com
6748,EMP06748,Female,53.0,5.0,Engineer,2023-01-15,500000,
6749,EMP06749,Male,33.0,99.0,HR,2023-01-15,600000,
6750,EMP06750,Female,46.0,9.0,Engineer,,500000,emp6750@mail.com
6751,EMP06751,Male,50.0,8.0,Analyst,,600000,
6752,EMP06752,Male,28.0,12.0,QA,,350000,
6753,EMP06753,Female,43.0,99.0,QA,2025-07-01,500000,
6754,EMP06754,Male,60.0,20.0,Analyst,,800000,emp6754@mail.com
6755,EMP06755,Male,28.0,7.0,Engineer,,500000,
6756,EMP06756,Unknow,54.0,2.0,Engineer,,350000,emp6756@mail.com
6757,EMP06757,Male,45.0,7.0,Analyst,2023-01-15,500000,
6758,EMP06758,Female,22.0,17.0,QA,,600000,
6759,EMP06759,Male,54.0,5.0,Analyst,,600000,
6760,EMP06760,Female,40.0,5.0,Engineer,,500000,
6761,EMP06761,Male,53.0,3.0,Intern,,600000,
6762,EMP06762,Female,51.0,19.0,Manager,,600000,emp6762@mail.com
6763,EMP06763,Female,39.0,19.0,Engineer,,600000,emp6763@mail.com
6764,EMP06764,Male,45.0,3.0,QA,,600000,
6765,EMP06765,Female,25.0,20.0,Analyst,,350000,
6766,EMP06766,Female,40.0,1.0,HR,,600000,
6767,EMP06767,Male,45.0,17.0,HR,,800000,
6768,EMP06768,Unknow,40.0,4.0,HR,,500000,
6769,EMP06769,Unknow,52.0,5.0,Intern,,600000,
6770,EMP06770,Male,41.0,1.0,Manager,2023-01-15,350000,
6771,EMP06771,Female,44.0,19.0,QA,,600000,emp6771@mail.com
6772,EMP06772,Unknow,36.0,12.0,Analyst,,600000,emp6772@mail.com
6773,EMP06773,Male,29.0,13.0,HR,2025-07-01,800000,
6774,EMP06774,Male,20.0,19.0,Intern,2023-01-15,600000,
6775,EMP06775,Male,30.0,,Engineer,,600000,emp6775@mail.com
6776,EMP06776,Male,59.0,99.0,Intern,,500000,emp6776@mail.com
6777,EMP06777,Male,28.0,20.0,HR,2023-01-15,600000,emp6777@mail.com
6778,EMP06778,Male,51.0,99.0,Intern,2025-07-01,350000,
6779,EMP06779,Male,50.0,99.0,QA,,600000,
6780,EMP06780,Female,31.0,11.0,QA,,500000,
6781,EMP06781,Male,40.0,9.0,HR,2025-07-01,800000,
6782,EMP06782,Male,34.0,1.0,Engineer,2023-01-15,600000,emp6782@mail.com
6783,EMP06783,Female,55.0,3.0,Analyst,,800000,
6784,EMP06784,Male,30.0,4.0,Analyst,,600000,
6785,EMP06785,Unknow,54.0,15.0,Intern,,500000,emp6785@mail.com
6786,EMP06786,Female,37.0,19.0,QA,,600000,
6787,EMP06787,Male,57.0,17.0,Engineer,2023-01-15,500000,
6788,EMP06788,Male,34.0,10.0,QA,,800000,
6789,EMP06789,Unknow,50.0,99.0,Intern,2025-07-01,350000,emp6789@mail.com
6790,EMP06790,Male,28.0,6.0,Manager,,600000,
6791,EMP06791,Male,32.0,4.0,QA,,800000,emp6791@mail.com
6792,EMP06792,Male,32.0,8.0,Intern,,800000,
6793,EMP06793,Male,28.0,15.0,HR,,500000,
6794,EMP06794,Female,60.0,8.0,Engineer,2025-07-01,800000,
6795,EMP06795,Unknow,44.0,,HR,,600000,
6796,EMP06796,Male,35.0,8.0,HR,2025-07-01,600000,
6797,EMP06797,Female,32.0,7.0,QA,2025-07-01,800000,
6798,EMP06798,Male,45.0,20.0,QA,2023-01-15,800000,
6799,EMP06799,Unknow,23.0,19.0,Engineer,2023-01-15,600000,emp6799@mail.com
6800,EMP06800,Unknow,40.0,4.0,Analyst,,350000,
6801,EMP06801,Male,42.0,99.0,Intern,,350000,
6802,EMP06802,Male,26.0,17.0,Intern,,600000,
6803,EMP06803,Male,40.0,18.0,Engineer,,600000,
6804,EMP06804,Female,52.0,8.0,QA,2023-01-15,600000,
6805,EMP06805,Female,21.0,20.0,Manager,2025-07-01,600000,
6806,EMP06806,Female,59.0,15.0,HR,2023-01-15,500000,emp6806@mail.com
6807,EMP06807,Male,30.0,9.0,Analyst,2025-07-01,350000,
6808,EMP06808,Male,31.0,9.0,Analyst,,800000,
6809,EMP06809,Unknow,46.0,17.0,Intern,,600000,
6810,EMP06810,Male,39.0,12.0,QA,,600000,
6811,EMP06811,Male,55.0,7.0,Engineer,,800000,emp6811@mail.com
6812,EMP06812,Female,40.0,14.0,Engineer,2025-07-01,600000,emp6812@mail.com
6813,EMP06813,Female,21.0,13.0,QA,2023-01-15,500000,
6814,EMP06814,Unknow,33.0,6.0,HR,,800000,
6815,EMP06815,Male,53.0,16.0,Intern,,500000,
6816,EMP06816,Male,59.0,99.0,Manager,2023-01-15,350000,
6817,EMP06817,Unknow,53.0,17.0,Engineer,,350000,
6818,EMP06818,Male,52.0,11.0,Manager,2025-07-01,350000,
6819,EMP06819,Female,40.0,3.0,Analyst,,600000,emp6819@mail.com
6820,EMP06820,Male,49.0,16.0,Manager,,600000,
6821,EMP06821,Male,34.0,4.0,HR,,600000,emp6821@mail.com
6822,EMP06822,Male,48.0,5.0,QA,,500000,
6823,EMP06823,Unknow,23.0,8.0,Engineer,,500000,emp6823@mail.com
6824,EMP06824,Male,45.0,14.0,Analyst,,800000,
6825,EMP06825,Male,44.0,13.0,QA,2025-07-01,500000,
6826,EMP06826,Male,20.0,1.0,Intern,,600000,
6827,EMP06827,Male,48.0,19.0,QA,,350000,
6828,EMP06828,Male,50.0,12.0,Manager,2025-07-01,500000,emp6828@mail.com
6829,EMP06829,Male,37.0,8.0,Analyst,,600000,
6830,EMP06830,Unknow,28.0,1.0,HR,,600000,
6831,EMP06831,Unknow,46.0,8.0,Manager,,800000,emp6831@mail.com
6832,EMP06832,Male,22.0,2.0,Intern,,600000,
6833,EMP06833,Male,21.0,19.0,HR,,600000,
6834,EMP06834,Male,40.0,16.0,QA,,500000,emp6834@mail.com
6835,EMP06835,Unknow,51.0,12.0,Engineer,,350000,
6836,EMP06836,Unknow,46.0,14.0,HR,2023-01-15,500000,
6837,EMP06837,Male,49.0,6.0,Analyst,,350000,emp6837@mail.com
6838,EMP06838,Male,36.0,16.0,QA,2023-01-15,500000,
6839,EMP06839,Male,47.0,13.0,QA,2025-07-01,500000,
6840,EMP06840,Female,24.0,99.0,QA,,800000,
6841,EMP06841,Female,33.0,4.0,Manager,,600000,
6842,EMP06842,Male,25.0,3.0,QA,,350000,emp6842@mail.com
6843,EMP06843,Male,24.0,20.0,QA,,600000,
6844,EMP06844,Male,37.0,6.0,Intern,2025-07-01,600000,
6845,EMP06845,Male,35.0,2.0,HR,,600000,
6846,EMP06846,Female,24.0,,Manager,,600000,
6847,EMP06847,Male,56.0,,Analyst,,600000,
6848,EMP06848,Female,51.0,9.0,Analyst,,600000,
6849,EMP06849,Male,57.0,8.0,Analyst,,800000,emp6849@mail.com
6850,EMP06850,Male,50.0,16.0,HR,,600000,emp6850@mail.com
6851,EMP06851,Unknow,55.0,19.0,QA,2023-01-15,600000,emp6851@mail.com
6852,EMP06852,Female,58.0,19.0,HR,2023-01-15,600000,
6853,EMP06853,Male,32.0,10.0,Analyst,2025-07-01,800000,
6854,EMP06854,Male,51.0,99.0,HR,,500000,
6855,EMP06855,Male,41.0,13.0,Analyst,,600000,emp6855@mail.com
6856,EMP06856,Male,25.0,,Intern,,600000,
6857,EMP06857,Female,40.0,11.0,HR,2025-07-01,500000,
6858,EMP06858,Male,60.0,8.0,QA,,500000,
6859,EMP06859,Female,40.0,8.0,Intern,2023-01-15,500000,
6860,EMP06860,Unknow,59.0,11.0,HR,,500000,emp6860@mail.com
6861,EMP06861,Male,58.0,12.0,Manager,2025-07-01,600000,
6862,EMP06862,Unknow,28.0,,Intern,,600000,emp6862@mail.com
6863,EMP06863,Female,46.0,15.0,Intern,,600000,
6864,EMP06864,Female,37.0,8.0,Intern,2025-07-01,350000,
6865,EMP06865,Female,23.0,8.0,Intern,,500000,
6866,EMP06866,Unknow,29.0,1.0,Manager,,800000,emp6866@mail.com
6867,EMP06867,Male,22.0,1.0,Analyst,2023-01-15,800000,
6868,EMP06868,Female,40.0,10.0,QA,2025-07-01,350000,
6869,EMP06869,Male,29.0,17.0,Engineer,,800000,
6870,EMP06870,Male,52.0,18.0,QA,,350000,
6871,EMP06871,Male,28.0,3.0,Analyst,,600000,
6872,EMP06872,Male,33.0,9.0,QA,,350000,
6873,EMP06873,Unknow,43.0,20.0,Manager,2025-07-01,600000,
6874,EMP06874,Male,56.0,16.0,Analyst,2023-01-15,600000,emp6874@mail.com
6875,EMP06875,Male,33.0,17.0,Manager,,800000,emp6875@mail.com
6876,EMP06876,Unknow,58.0,19.0,Engineer,,500000,
6877,EMP06877,Female,54.0,2.0,Engineer,2025-07-01,600000,emp6877@mail.com
6878,EMP06878,Unknow,29.0,19.0,HR,,600000,emp6878@mail.com
6879,EMP06879,Male,60.0,14.0,Manager,2025-07-01,500000,
6880,EMP06880,Female,32.0,16.0,Engineer,2023-01-15,500000,
6881,EMP06881,Unknow,38.0,13.0,Engineer,,800000,
6882,EMP06882,Male,50.0,15.0,Analyst,2025-07-01,800000,
6883,EMP06883,Female,49.0,3.0,Intern,2023-01-15,500000,
6884,EMP06884,Male,45.0,13.0,HR,2023-01-15,500000,
6885,EMP06885,Female,33.0,13.0,Engineer,2025-07-01,500000,
6886,EMP06886,Male,52.0,13.0,Analyst,2025-07-01,350000,
6887,EMP06887,Female,44.0,13.0,Analyst,2023-01-15,350000,
6888,EMP06888,Male,22.0,4.0,QA,2025-07-01,800000,emp6888@mail.com
6889,EMP06889,Male,40.0,5.0,Intern,2025-07-01,500000,
6890,EMP06890,Male,58.0,,Intern,2023-01-15,600000,
6891,EMP06891,Unknow,59.0,10.0,Engineer,2025-07-01,800000,
6892,EMP06892,Male,46.0,9.0,QA,,350000,
6893,EMP06893,Male,24.0,11.0,Analyst,2025-07-01,800000,
6894,EMP06894,Male,27.0,6.0,Analyst,2023-01-15,800000,
6895,EMP06895,Unknow,60.0,4.0,Intern,,350000,
6896,EMP06896,Male,60.0,4.0,Engineer,,600000,
6897,EMP06897,Male,23.0,99.0,Manager,2023-01-15,350000,
6898,EMP06898,Female,34.0,1.0,Manager,2023-01-15,800000,
6899,EMP06899,Female,51.0,18.0,Intern,,600000,
6900,EMP06900,Unknow,51.0,3.0,Engineer,2023-01-15,500000,
6901,EMP06901,Male,38.0,5.0,Manager,,500000,
6902,EMP06902,Male,40.0,15.0,Analyst,2023-01-15,350000,
6903,EMP06903,Male,55.0,16.0,Engineer,,600000,
6904,EMP06904,Unknow,29.0,2.0,QA,2023-01-15,600000,emp6904@mail.com
6905,EMP06905,Male,55.0,20.0,Intern,,350000,emp6905@mail.com
6906,EMP06906,Unknow,28.0,4.0,Engineer,,350000,
6907,EMP06907,Female,35.0,12.0,Analyst,,600000,
6908,EMP06908,Female,50.0,11.0,Intern,,350000,
6909,EMP06909,Male,31.0,13.0,QA,2025-07-01,800000,
6910,EMP06910,Unknow,48.0,1.0,Engineer,,600000,
6911,EMP06911,Male,40.0,3.0,Analyst,2023-01-15,600000,
6912,EMP06912,Female,22.0,16.0,Engineer,2023-01-15,350000,
6913,EMP06913,Male,57.0,16.0,Manager,,600000,
6914,EMP06914,Female,22.0,4.0,Engineer,,600000,
6915,EMP06915,Unknow,26.0,1.0,Intern,,800000,
6916,EMP06916,Female,50.0,15.0,HR,,350000,
6917,EMP06917,Female,23.0,7.0,QA,2023-01-15,600000,emp6917@mail.com
6918,EMP06918,Female,40.0,13.0,QA,,800000,
6919,EMP06919,Male,52.0,16.0,Engineer,,600000,
6920,EMP06920,Unknow,33.0,16.0,Analyst,,600000,
6921,EMP06921,Male,42.0,6.0,Manager,,800000,
6922,EMP06922,Female,20.0,11.0,Engineer,2025-07-01,500000,
6923,EMP06923,Male,27.0,4.0,Engineer,,600000,
6924,EMP06924,Male,48.0,13.0,QA,,350000,
6925,EMP06925,Female,45.0,3.0,Engineer,,500000,
6926,EMP06926,Unknow,44.0,11.0,Manager,2023-01-15,350000,
6927,EMP06927,Female,30.0,3.0,Manager,2025-07-01,500000,
6928,EMP06928,Male,56.0,13.0,Manager,2025-07-01,350000,
6929,EMP06929,Male,37.0,14.0,HR,2023-01-15,500000,
6930,EMP06930,Male,45.0,4.0,QA,2023-01-15,600000,emp6930@mail.com
6931,EMP06931,Female,22.0,15.0,Analyst,,500000,
6932,EMP06932,Male,27.0,9.0,Manager,,500000,
6933,EMP06933,Male,40.0,16.0,Engineer,,500000,
6934,EMP06934,Unknow,21.0,6.0,Intern,2025-07-01,350000,emp6934@mail.com
6935,EMP06935,Male,39.0,20.0,Intern,2025-07-01,600000,
6936,EMP06936,Male,27.0,5.0,HR,,500000,
6937,EMP06937,Male,52.0,13.0,Manager,,500000,emp6937@mail.com
6938,EMP06938,Unknow,30.0,18.0,Engineer,,800000,emp6938@mail.com
6939,EMP06939,Unknow,40.0,17.0,Analyst,2025-07-01,600000,emp6939@mail.com
6940,EMP06940,Male,41.0,14.0,QA,,600000,
6941,EMP06941,Female,42.0,4.0,Manager,2025-07-01,600000,
6942,EMP06942,Female,47.0,10.0,Intern,,500000,emp6942@mail.com
6943,EMP06943,Unknow,21.0,99.0,Intern,,500000,
6944,EMP06944,Male,29.0,9.0,Intern,,800000,
6945,EMP06945,Unknow,32.0,5.0,Analyst,2023-01-15,800000,
6946,EMP06946,Unknow,45.0,11.0,Engineer,2025-07-01,500000,
6947,EMP06947,Unknow,21.0,1.0,QA,,800000,
6948,EMP06948,Female,22.0,11.0,Manager,,500000,emp6948@mail.com
6949,EMP06949,Female,44.0,7.0,Intern,2025-07-01,800000,
6950,EMP06950,Female,48.0,99.0,Manager,2025-07-01,500000,
6951,EMP06951,Male,48.0,17.0,HR,2025-07-01,800000,emp6951@mail.com
6952,EMP06952,Male,25.0,,Intern,2025-07-01,600000,emp6952@mail.com
6953,EMP06953,Male,52.0,18.0,Intern,2023-01-15,800000,emp6953@mail.com
6954,EMP06954,Female,34.0,14.0,QA,2023-01-15,500000,
6955,EMP06955,Unknow,60.0,,Engineer,,600000,
6956,EMP06956,Male,48.0,1.0,Manager,,500000,emp6956@mail.com
6957,EMP06957,Unknow,41.0,11.0,Manager,2023-01-15,800000,
6958,EMP06958,Male,30.0,3.0,Analyst,,600000,
6959,EMP06959,Female,41.0,14.0,Intern,,350000,emp6959@mail.com
6960,EMP06960,Male,60.0,11.0,Analyst,,500000,emp6960@mail.com
6961,EMP06961,Female,43.0,4.0,Manager,2025-07-01,600000,
6962,EMP06962,Unknow,40.0,,Analyst,2023-01-15,600000,
6963,EMP06963,Female,36.0,12.0,HR,2023-01-15,600000,emp6963@mail.com
6964,EMP06964,Female,36.0,18.0,HR,,600000,emp6964@mail.com
6965,EMP06965,Male,53.0,14.0,Manager,2023-01-15,350000,
6966,EMP06966,Male,45.0,7.0,Intern,2023-01-15,800000,emp6966@mail.com
6967,EMP06967,Unknow,53.0,14.0,Intern,,600000,
6968,EMP06968,Male,52.0,12.0,QA,,500000,
6969,EMP06969,Female,54.0,20.0,Analyst,2023-01-15,600000,
6970,EMP06970,Male,40.0,9.0,Manager,,500000,
6971,EMP06971,Female,41.0,14.0,QA,,600000,
6972,EMP06972,Female,40.0,11.0,Engineer,2025-07-01,500000,
6973,EMP06973,Female,35.0,12.0,Manager,2023-01-15,600000,emp6973@mail.com
6974,EMP06974,Female,22.0,11.0,HR,2025-07-01,600000,
6975,EMP06975,Male,37.0,16.0,Engineer,,800000,
6976,EMP06976,Female,48.0,13.0,Manager,2023-01-15,350000,
6977,EMP06977,Male,50.0,13.0,HR,,500000,
6978,EMP06978,Male,24.0,13.0,Engineer,,800000,
6979,EMP06979,Male,28.0,15.0,Manager,,500000,emp6979@mail.com
6980,EMP06980,Female,40.0,11.0,Manager,,600000,emp6980@mail.com
6981,EMP06981,Male,42.0,9.0,Intern,,500000,emp6981@mail.com
6982,EMP06982,Male,21.0,9.0,Intern,2023-01-15,500000,
6983,EMP06983,Female,45.0,2.0,Intern,,800000,emp6983@mail.com
6984,EMP06984,Male,21.0,7.0,Analyst,,600000,
6985,EMP06985,Female,32.0,10.0,Manager,,500000,
6986,EMP06986,Female,45.0,5.0,HR,,800000,
6987,EMP06987,Male,48.0,15.0,Analyst,2025-07-01,500000,emp6987@mail.com
6988,EMP06988,Male,40.0,,Analyst,,600000,
6989,EMP06989,Male,59.0,2.0,Engineer,,800000,
6990,EMP06990,Unknow,40.0,5.0,Intern,,800000,
6991,EMP06991,Female,51.0,10.0,QA,,600000,
6992,EMP06992,Unknow,54.0,11.0,QA,2025-07-01,600000,emp6992@mail.com
6993,EMP06993,Male,58.0,5.0,Engineer,2025-07-01,800000,
6994,EMP06994,Male,38.0,17.0,Engineer,,350000,
6995,EMP06995,Male,38.0,10.0,Analyst,,500000,
6996,EMP06996,Male,34.0,20.0,Manager,2023-01-15,600000,emp6996@mail.com
6997,EMP06997,Female,56.0,6.0,Manager,2023-01-15,600000,
6998,EMP06998,Male,54.0,14.0,Intern,,500000,
6999,EMP06999,Male,39.0,7.0,QA,,350000,emp6999@mail.com
7000,EMP07000,Male,48.0,17.0,Manager,,350000,emp7000@mail.com
7001,EMP07001,Male,41.0,17.0,Manager,,500000,
7002,EMP07002,Unknow,52.0,16.0,Analyst,2023-01-15,600000,
7003,EMP07003,Male,33.0,16.0,Intern,,600000,
7004,EMP07004,Unknow,30.0,13.0,Intern,2025-07-01,500000,
7005,EMP07005,Male,53.0,15.0,QA,,500000,emp7005@mail.com
7006,EMP07006,Male,40.0,10.0,QA,2025-07-01,600000,emp7006@mail.com
7007,EMP07007,Male,42.0,5.0,QA,2025-07-01,600000,
7008,EMP07008,Male,30.0,11.0,Engineer,2025-07-01,500000,
7009,EMP07009,Male,51.0,6.0,Manager,,600000,
7010,EMP07010,Unknow,54.0,19.0,HR,,800000,
7011,EMP07011,Unknow,45.0,19.0,QA,2023-01-15,350000,emp7011@mail.com
7012,EMP07012,Female,34.0,7.0,QA,2023-01-15,500000,
7013,EMP07013,Unknow,51.0,8.0,QA,,350000,
7014,EMP07014,Female,23.0,19.0,QA,,800000,
7015,EMP07015,Unknow,37.0,12.0,HR,,600000,
7016,EMP07016,Female,43.0,11.0,HR,,500000,
7017,EMP07017,Male,37.0,10.0,Intern,,500000,emp7017@mail.com
7018,EMP07018,Male,50.0,,Engineer,2023-01-15,600000,
7019,EMP07019,Male,21.0,4.0,Engineer,,600000,emp7019@mail.com
7020,EMP07020,Unknow,32.0,19.0,Analyst,2025-07-01,800000,
7021,EMP07021,Male,50.0,20.0,Engineer,,600000,emp7021@mail.com
7022,EMP07022,Male,40.0,3.0,Analyst,,600000,emp7022@mail.com
7023,EMP07023,Unknow,27.0,19.0,QA,,600000,
7024,EMP07024,Unknow,59.0,14.0,Manager,2025-07-01,600000,
7025,EMP07025,Male,33.0,9.0,Analyst,,500000,
7026,EMP07026,Male,47.0,99.0,Analyst,,500000,emp7026@mail.com
7027,EMP07027,Male,41.0,12.0,QA,,800000,
7028,EMP07028,Male,52.0,99.0,Analyst,2023-01-15,500000,
7029,EMP07029,Female,25.0,1.0,Manager,,600000,emp7029@mail.com
7030,EMP07030,Male,57.0,9.0,HR,,800000,
7031,EMP07031,Male,40.0,1.0,Analyst,,600000,
7032,EMP07032,Female,25.0,3.0,Intern,2023-01-15,600000,
7033,EMP07033,Unknow,35.0,20.0,HR,,600000,
7034,EMP07034,Male,37.0,16.0,HR,,350000,
7035,EMP07035,Unknow,51.0,5.0,QA,,500000,emp7035@mail.com
7036,EMP07036,Male,29.0,7.0,HR,,500000,
7037,EMP07037,Male,45.0,3.0,Intern,,500000,
7038,EMP07038,Female,37.0,,HR,,600000,
7039,EMP07039,Male,30.0,18.0,QA,2025-07-01,600000,
7040,EMP07040,Male,50.0,,Engineer,,600000,emp7040@mail.com
7041,EMP07041,Male,40.0,8.0,Intern,,500000,
7042,EMP07042,Unknow,40.0,18.0,Analyst,2023-01-15,600000,
7043,EMP07043,Female,40.0,11.0,Intern,,600000,
7044,EMP07044,Male,40.0,1.0,Manager,,350000,emp7044@mail.com
7045,EMP07045,Female,20.0,1.0,Analyst,,600000,
7046,EMP07046,Unknow,40.0,13.0,Intern,,500000,emp7046@mail.com
7047,EMP07047,Female,30.0,14.0,Intern,,500000,
7048,EMP07048,Male,25.0,99.0,HR,2023-01-15,600000,emp7048@mail.com
7049,EMP07049,Male,48.0,19.0,Intern,,600000,emp7049@mail.com
7050,EMP07050,Male,22.0,12.0,HR,,800000,
7051,EMP07051,Male,44.0,20.0,Manager,2023-01-15,800000,
7052,EMP07052,Male,27.0,11.0,Analyst,2023-01-15,500000,emp7052@mail.com
7053,EMP07053,Male,25.0,2.0,Analyst,,600000,emp7053@mail.com
7054,EMP07054,Unknow,59.0,10.0,Engineer,2025-07-01,600000,
7055,EMP07055,Female,37.0,8.0,Engineer,,800000,
7056,EMP07056,Female,54.0,4.0,HR,,600000,emp7056@mail.com
7057,EMP07057,Female,35.0,15.0,Engineer,2023-01-15,500000,
7058,EMP07058,Female,44.0,2.0,Analyst,2025-07-01,500000,
7059,EMP07059,Male,25.0,9.0,Engineer,,500000,
7060,EMP07060,Female,43.0,,Intern,,600000,
7061,EMP07061,Male,27.0,14.0,Manager,,600000,
7062,EMP07062,Male,28.0,17.0,HR,2023-01-15,500000,emp7062@mail.com
7063,EMP07063,Female,32.0,15.0,Analyst,2025-07-01,350000,
7064,EMP07064,Male,55.0,6.0,QA,,600000,
7065,EMP07065,Male,55.0,19.0,HR,2023-01-15,800000,emp7065@mail.com
7066,EMP07066,Male,38.0,9.0,Engineer,,800000,
7067,EMP07067,Unknow,37.0,7.0,Engineer,,500000,
7068,EMP07068,Male,43.0,9.0,Intern,,500000,
7069,EMP07069,Unknow,58.0,4.0,Analyst,,500000,emp7069@mail.com
7070,EMP07070,Male,29.0,4.0,Engineer,2025-07-01,800000,
7071,EMP07071,Male,37.0,4.0,Engineer,,600000,
7072,EMP07072,Unknow,33.0,1.0,HR,,500000,
7073,EMP07073,Male,51.0,9.0,HR,,500000,
7074,EMP07074,Female,46.0,20.0,Engineer,2023-01-15,500000,
7075,EMP07075,Female,28.0,3.0,Analyst,2025-07-01,350000,
7076,EMP07076,Male,23.0,99.0,Engineer,2025-07-01,800000,
7077,EMP07077,Female,43.0,20.0,Analyst,,600000,
7078,EMP07078,Female,56.0,5.0,Manager,2025-07-01,500000,emp7078@mail.com
7079,EMP07079,Female,34.0,5.0,Manager,2025-07-01,350000,
7080,EMP07080,Unknow,49.0,4.0,Analyst,2023-01-15,600000,
7081,EMP07081,Unknow,42.0,1.0,Engineer,2025-07-01,500000,
7082,EMP07082,Female,38.0,3.0,Analyst,,600000,emp7082@mail.com
7083,EMP07083,Male,27.0,15.0,Analyst,,500000,
7084,EMP07084,Female,32.0,,QA,2025-07-01,600000,
7085,EMP07085,Male,23.0,15.0,Engineer,2023-01-15,800000,emp7085@mail.com
7086,EMP07086,Female,32.0,2.0,QA,2025-07-01,600000,
7087,EMP07087,Female,23.0,20.0,Manager,,350000,emp7087@mail.com
7088,EMP07088,Male,34.0,13.0,Analyst,,500000,
7089,EMP07089,Unknow,57.0,13.0,Intern,2025-07-01,600000,
7090,EMP07090,Female,43.0,5.0,Intern,2023-01-15,600000,
7091,EMP07091,Female,33.0,17.0,Manager,,600000,
7092,EMP07092,Male,23.0,6.0,Intern,,600000,
7093,EMP07093,Male,40.0,18.0,Manager,2023-01-15,600000,emp7093@mail.com
7094,EMP07094,Unknow,40.0,19.0,Manager,2025-07-01,600000,
7095,EMP07095,Female,50.0,10.0,Engineer,2023-01-15,500000,
7096,EMP07096,Male,49.0,1.0,Manager,,350000,
7097,EMP07097,Male,38.0,5.0,QA,2025-07-01,600000,
7098,EMP07098,Female,31.0,1.0,Engineer,2023-01-15,600000,
7099,EMP07099,Unknow,54.0,4.0,Intern,,500000,
7100,EMP07100,Female,59.0,5.0,Intern,,500000,emp7100@mail.com
7101,EMP07101,Male,44.0,7.0,QA,,500000,
7102,EMP07102,Male,45.0,12.0,Manager,,350000,
7103,EMP07103,Male,41.0,4.0,QA,,350000,
7104,EMP07104,Female,27.0,18.0,Analyst,2025-07-01,600000,
7105,EMP07105,Female,25.0,15.0,QA,,500000,
7106,EMP07106,Female,47.0,16.0,HR,2025-07-01,600000,
7107,EMP07107,Unknow,28.0,11.0,Intern,2025-07-01,500000,
7108,EMP07108,Unknow,40.0,16.0,HR,,500000,
7109,EMP07109,Female,49.0,12.0,Intern,2023-01-15,800000,
7110,EMP07110,Male,40.0,3.0,Engineer,,600000,
7111,EMP07111,Female,48.0,9.0,Analyst,,500000,emp7111@mail.com
7112,EMP07112,Male,20.0,2.0,Intern,2023-01-15,500000,
7113,EMP07113,Male,57.0,5.0,Engineer,2025-07-01,500000,emp7113@mail.com
7114,EMP07114,Unknow,36.0,1.0,Intern,,600000,
7115,EMP07115,Female,20.0,19.0,QA,2023-01-15,350000,
7116,EMP07116,Male,50.0,20.0,Intern,2023-01-15,600000,
7117,EMP07117,Female,52.0,9.0,QA,,500000,
7118,EMP07118,Male,37.0,11.0,QA,2023-01-15,500000,emp7118@mail.com
7119,EMP07119,Male,47.0,12.0,Manager,2025-07-01,600000,emp7119@mail.com
7120,EMP07120,Male,35.0,1.0,Manager,,500000,
7121,EMP07121,Male,32.0,18.0,Manager,2025-07-01,600000,
7122,EMP07122,Male,25.0,14.0,QA,2025-07-01,500000,
7123,EMP07123,Female,48.0,15.0,Analyst,,350000,
7124,EMP07124,Female,22.0,20.0,Intern,,350000,
7125,EMP07125,Unknow,38.0,4.0,HR,,350000,emp7125@mail.com
7126,EMP07126,Unknow,34.0,2.0,QA,,600000,
7127,EMP07127,Unknow,26.0,17.0,HR,,350000,
7128,EMP07128,Unknow,26.0,1.0,Intern,2023-01-15,600000,
7129,EMP07129,Male,44.0,99.0,QA,2023-01-15,500000,emp7129@mail.com
7130,EMP07130,Unknow,28.0,3.0,Engineer,,350000,
7131,EMP07131,Male,46.0,,Intern,2025-07-01,600000,
7132,EMP07132,Female,28.0,19.0,Analyst,2023-01-15,800000,
7133,EMP07133,Male,33.0,14.0,Manager,2025-07-01,800000,
7134,EMP07134,Female,35.0,2.0,Intern,2025-07-01,800000,
7135,EMP07135,Male,24.0,11.0,HR,2023-01-15,500000,emp7135@mail.com
7136,EMP07136,Male,34.0,11.0,Engineer,2025-07-01,350000,
7137,EMP07137,Unknow,44.0,7.0,Analyst,,350000,
7138,EMP07138,Female,21.0,18.0,QA,,800000,
7139,EMP07139,Male,37.0,19.0,Manager,2023-01-15,600000,
7140,EMP07140,Unknow,40.0,19.0,Intern,2023-01-15,500000,
7141,EMP07141,Male,56.0,2.0,Analyst,2025-07-01,800000,
7142,EMP07142,Female,36.0,18.0,Engineer,,800000,
7143,EMP07143,Male,23.0,99.0,Intern,2025-07-01,500000,
7144,EMP07144,Female,26.0,7.0,Analyst,2025-07-01,500000,
7145,EMP07145,Male,23.0,8.0,HR,,500000,
7146,EMP07146,Female,39.0,6.0,Analyst,2023-01-15,600000,emp7146@mail.com
7147,EMP07147,Female,54.0,20.0,HR,2025-07-01,600000,emp7147@mail.com
7148,EMP07148,Female,35.0,7.0,Analyst,2023-01-15,500000,
7149,EMP07149,Female,26.0,13.0,Analyst,,500000,
7150,EMP07150,Female,29.0,8.0,Intern,2025-07-01,350000,
7151,EMP07151,Male,49.0,14.0,Analyst,2025-07-01,800000,
7152,EMP07152,Male,36.0,,QA,,600000,emp7152@mail.com
7153,EMP07153,Male,35.0,8.0,Engineer,2025-07-01,350000,
7154,EMP07154,Male,21.0,99.0,Intern,,500000,emp7154@mail.com
7155,EMP07155,Male,50.0,16.0,Manager,2025-07-01,600000,
7156,EMP07156,Female,59.0,,HR,2023-01-15,600000,
7157,EMP07157,Unknow,31.0,10.0,HR,,600000,
7158,EMP07158,Female,44.0,9.0,Intern,2025-07-01,500000,
7159,EMP07159,Female,37.0,10.0,Engineer,,600000,
7160,EMP07160,Unknow,47.0,10.0,Analyst,,600000,
7161,EMP07161,Male,28.0,8.0,Manager,2023-01-15,800000,emp7161@mail.com
7162,EMP07162,Male,33.0,20.0,Intern,2023-01-15,350000,
7163,EMP07163,Male,40.0,9.0,HR,,800000,
7164,EMP07164,Male,40.0,3.0,Engineer,2025-07-01,600000,
7165,EMP07165,Male,42.0,8.0,Manager,,500000,
7166,EMP07166,Male,60.0,14.0,QA,2025-07-01,800000,
7167,EMP07167,Unknow,28.0,14.0,Engineer,,600000,
7168,EMP07168,Male,32.0,20.0,Engineer,2023-01-15,600000,
7169,EMP07169,Male,32.0,17.0,Engineer,2025-07-01,600000,
7170,EMP07170,Unknow,46.0,20.0,Manager,2025-07-01,500000,emp7170@mail.com
7171,EMP07171,Female,21.0,17.0,Intern,,600000,
7172,EMP07172,Male,25.0,6.0,QA,2025-07-01,600000,
7173,EMP07173,Male,32.0,14.0,Intern,2025-07-01,500000,emp7173@mail.com
7174,EMP07174,Unknow,54.0,8.0,Manager,,500000,
7175,EMP07175,Female,56.0,13.0,Engineer,2025-07-01,600000,
7176,EMP07176,Female,28.0,11.0,Intern,,350000,
7177,EMP07177,Female,38.0,10.0,Engineer,2023-01-15,350000,
7178,EMP07178,Male,45.0,5.0,Analyst,,500000,
7179,EMP07179,Male,33.0,5.0,HR,2023-01-15,800000,
7180,EMP07180,Female,54.0,13.0,QA,2023-01-15,350000,emp7180@mail.com
7181,EMP07181,Male,42.0,,HR,,600000,
7182,EMP07182,Male,22.0,,HR,,600000,
7183,EMP07183,Male,35.0,8.0,HR,2025-07-01,600000,
7184,EMP07184,Female,35.0,7.0,Analyst,2025-07-01,500000,
7185,EMP07185,Male,52.0,10.0,HR,2025-07-01,600000,
7186,EMP07186,Female,33.0,20.0,Engineer,2023-01-15,600000,
7187,EMP07187,Female,37.0,10.0,Manager,2025-07-01,800000,emp7187@mail.com
7188,EMP07188,Female,58.0,6.0,Manager,,350000,
7189,EMP07189,Male,45.0,10.0,QA,,800000,emp7189@mail.com
7190,EMP07190,Unknow,50.0,2.0,Manager,2023-01-15,600000,emp7190@mail.com
7191,EMP07191,Male,40.0,99.0,Analyst,,500000,
7192,EMP07192,Female,58.0,10.0,QA,,600000,
7193,EMP07193,Male,49.0,99.0,Manager,2023-01-15,600000,
7194,EMP07194,Male,26.0,6.0,HR,2025-07-01,600000,
7195,EMP07195,Unknow,25.0,15.0,QA,2025-07-01,600000,
7196,EMP07196,Unknow,47.0,8.0,Intern,2025-07-01,500000,
7197,EMP07197,Female,42.0,2.0,Engineer,,350000,emp7197@mail.com
7198,EMP07198,Female,39.0,3.0,Manager,2025-07-01,800000,
7199,EMP07199,Female,48.0,15.0,Intern,,500000,emp7199@mail.com
7200,EMP07200,Unknow,40.0,2.0,Engineer,,600000,
7201,EMP07201,Female,39.0,6.0,Manager,,800000,
7202,EMP07202,Male,45.0,17.0,Manager,,500000,
7203,EMP07203,Male,46.0,17.0,HR,2023-01-15,500000,
7204,EMP07204,Male,57.0,10.0,Intern,,600000,
7205,EMP07205,Male,40.0,4.0,HR,,600000,
7206,EMP07206,Unknow,46.0,2.0,HR,2023-01-15,500000,emp7206@mail.com
7207,EMP07207,Unknow,26.0,6.0,QA,,600000,
7208,EMP07208,Male,58.0,5.0,Manager,,600000,emp7208@mail.com
7209,EMP07209,Male,41.0,14.0,Intern,,800000,
7210,EMP07210,Unknow,40.0,2.0,Engineer,,500000,
7211,EMP07211,Male,23.0,99.0,Intern,,800000,emp7211@mail.com
7212,EMP07212,Male,21.0,7.0,HR,,800000,emp7212@mail.com
7213,EMP07213,Female,41.0,8.0,Engineer,,600000,emp7213@mail.com
7214,EMP07214,Male,35.0,1.0,Manager,,600000,
7215,EMP07215,Male,24.0,19.0,Intern,2023-01-15,350000,
7216,EMP07216,Female,46.0,2.0,Intern,2025-07-01,350000,emp7216@mail.com
7217,EMP07217,Unknow,40.0,8.0,Intern,2025-07-01,600000,emp7217@mail.com
7218,EMP07218,Male,24.0,99.0,HR,2025-07-01,500000,emp7218@mail.com
7219,EMP07219,Male,58.0,18.0,Analyst,,600000,
7220,EMP07220,Unknow,27.0,15.0,QA,,500000,
7221,EMP07221,Female,40.0,12.0,HR,,600000,
7222,EMP07222,Male,25.0,11.0,Manager,,600000,
7223,EMP07223,Male,48.0,8.0,Intern,2025-07-01,500000,
7224,EMP07224,Male,40.0,15.0,Analyst,,500000,
7225,EMP07225,Male,53.0,20.0,Engineer,,800000,emp7225@mail.com
7226,EMP07226,Female,44.0,7.0,Engineer,2023-01-15,500000,
7227,EMP07227,Male,31.0,8.0,Analyst,2025-07-01,500000,
7228,EMP07228,Unknow,57.0,13.0,HR,,600000,
7229,EMP07229,Female,39.0,18.0,Intern,2025-07-01,350000,
7230,EMP07230,Male,38.0,14.0,QA,,600000,emp7230@mail.com
7231,EMP07231,Male,40.0,8.0,HR,,350000,
7232,EMP07232,Male,22.0,19.0,Manager,2025-07-01,600000,
7233,EMP07233,Male,38.0,17.0,Intern,,600000,
7234,EMP07234,Male,31.0,4.0,HR,2023-01-15,600000,emp7234@mail.com
7235,EMP07235,Female,30.0,13.0,Engineer,,600000,
7236,EMP07236,Female,46.0,13.0,Engineer,,500000,
7237,EMP07237,Male,24.0,4.0,Analyst,,600000,
7238,EMP07238,Male,40.0,15.0,Intern,,800000,
7239,EMP07239,Female,55.0,20.0,Engineer,,600000,emp7239@mail.com
7240,EMP07240,Male,57.0,,QA,,600000,
7241,EMP07241,Female,47.0,18.0,HR,2023-01-15,600000,emp7241@mail.com
7242,EMP07242,Male,32.0,15.0,QA,2023-01-15,500000,emp7242@mail.com
7243,EMP07243,Male,39.0,15.0,Engineer,,600000,
7244,EMP07244,Male,40.0,20.0,HR,,600000,
7245,EMP07245,Female,40.0,2.0,Engineer,,600000,
7246,EMP07246,Male,42.0,19.0,Engineer,,800000,emp7246@mail.com
7247,EMP07247,Male,42.0,12.0,Engineer,2023-01-15,800000,
7248,EMP07248,Male,44.0,,Engineer,,600000,emp7248@mail.com
7249,EMP07249,Male,46.0,14.0,Analyst,,600000,
7250,EMP07250,Female,50.0,10.0,Intern,,800000,
7251,EMP07251,Male,51.0,7.0,QA,2025-07-01,500000,
7252,EMP07252,Female,27.0,7.0,Intern,,350000,
7253,EMP07253,Male,40.0,2.0,Engineer,,500000,emp7253@mail.com
7254,EMP07254,Male,49.0,99.0,Engineer,2025-07-01,500000,emp7254@mail.com
7255,EMP07255,Female,45.0,1.0,Engineer,2023-01-15,600000,
7256,EMP07256,Female,50.0,,Analyst,,600000,emp7256@mail.com
7257,EMP07257,Male,57.0,18.0,HR,2023-01-15,600000,
7258,EMP07258,Male,34.0,20.0,HR,,600000,
7259,EMP07259,Female,48.0,18.0,HR,2025-07-01,500000,
7260,EMP07260,Female,31.0,,Engineer,2023-01-15,600000,emp7260@mail.com
7261,EMP07261,Male,57.0,2.0,QA,,500000,
7262,EMP07262,Male,27.0,5.0,Intern,,500000,
7263,EMP07263,Female,60.0,13.0,Engineer,,500000,
7264,EMP07264,Male,59.0,12.0,HR,,600000,
7265,EMP07265,Male,25.0,,QA,2025-07-01,600000,emp7265@mail.com
7266,EMP07266,Unknow,31.0,,Manager,,600000,
7267,EMP07267,Female,34.0,19.0,HR,2023-01-15,600000,
7268,EMP07268,Unknow,42.0,20.0,HR,2023-01-15,600000,emp7268@mail.com
7269,EMP07269,Male,31.0,4.0,Intern,,350000,
7270,EMP07270,Unknow,47.0,7.0,QA,2023-01-15,800000,emp7270@mail.com
7271,EMP07271,Male,30.0,10.0,HR,,600000,
7272,EMP07272,Unknow,56.0,15.0,Manager,2023-01-15,350000,
7273,EMP07273,Unknow,34.0,13.0,Manager,,500000,emp7273@mail.com
7274,EMP07274,Male,25.0,19.0,Engineer,,500000,
7275,EMP07275,Female,53.0,5.0,Analyst,,500000,
7276,EMP07276,Female,41.0,2.0,Analyst,2025-07-01,600000,emp7276@mail.com
7277,EMP07277,Female,43.0,4.0,Engineer,,350000,
7278,EMP07278,Unknow,26.0,5.0,Intern,2025-07-01,600000,
7279,EMP07279,Female,40.0,5.0,Manager,2025-07-01,800000,
7280,EMP07280,Male,32.0,,Manager,,600000,
7281,EMP07281,Male,40.0,5.0,HR,2025-07-01,500000,
7282,EMP07282,Male,35.0,13.0,Intern,,350000,
7283,EMP07283,Female,31.0,7.0,Engineer,,350000,
7284,EMP07284,Male,55.0,6.0,Intern,,500000,
7285,EMP07285,Female,60.0,10.0,Intern,,350000,
7286,EMP07286,Unknow,57.0,99.0,HR,,500000,
7287,EMP07287,Male,23.0,9.0,Analyst,,800000,
7288,EMP07288,Male,47.0,16.0,Analyst,,500000,
7289,EMP07289,Female,37.0,19.0,Manager,,350000,
7290,EMP07290,Female,50.0,99.0,Analyst,,600000,
7291,EMP07291,Unknow,57.0,99.0,HR,,500000,emp7291@mail.com
7292,EMP07292,Unknow,32.0,99.0,HR,,500000,
7293,EMP07293,Female,20.0,9.0,Engineer,,800000,
7294,EMP07294,Female,41.0,12.0,QA,,800000,
7295,EMP07295,Female,26.0,9.0,Intern,,800000,emp7295@mail.com
7296,EMP07296,Unknow,39.0,18.0,Analyst,2023-01-15,600000,emp7296@mail.com
7297,EMP07297,Male,23.0,1.0,Intern,,800000,
7298,EMP07298,Male,43.0,15.0,Intern,,500000,
7299,EMP07299,Female,53.0,2.0,Intern,,600000,
7300,EMP07300,Female,38.0,20.0,HR,,600000,
7301,EMP07301,Unknow,40.0,5.0,QA,,800000,
7302,EMP07302,Female,40.0,16.0,Analyst,2023-01-15,600000,
7303,EMP07303,Unknow,53.0,,HR,,600000,emp7303@mail.com
7304,EMP07304,Female,43.0,15.0,Analyst,,500000,
7305,EMP07305,Male,40.0,9.0,HR,2025-07-01,500000,emp7305@mail.com
7306,EMP07306,Male,50.0,14.0,Intern,2025-07-01,600000,
7307,EMP07307,Female,27.0,3.0,HR,2023-01-15,600000,emp7307@mail.com
7308,EMP07308,Male,33.0,19.0,Engineer,2025-07-01,600000,
7309,EMP07309,Female,60.0,16.0,Engineer,,600000,
7310,EMP07310,Female,53.0,99.0,Analyst,,600000,
7311,EMP07311,Male,26.0,3.0,Analyst,,350000,
7312,EMP07312,Male,34.0,17.0,QA,,350000,
7313,EMP07313,Unknow,55.0,15.0,QA,2025-07-01,500000,emp7313@mail.com
7314,EMP07314,Unknow,25.0,9.0,Manager,2025-07-01,500000,
7315,EMP07315,Female,43.0,1.0,HR,2023-01-15,500000,emp7315@mail.com
7316,EMP07316,Female,55.0,20.0,QA,,600000,
7317,EMP07317,Female,37.0,20.0,Engineer,,800000,
7318,EMP07318,Female,57.0,8.0,Engineer,2025-07-01,600000,emp7318@mail.com
7319,EMP07319,Male,39.0,8.0,QA,,350000,
7320,EMP07320,Unknow,28.0,20.0,Manager,2025-07-01,600000,emp7320@mail.com
7321,EMP07321,Male,25.0,8.0,QA,2025-07-01,350000,
7322,EMP07322,Female,32.0,3.0,QA,,800000,
7323,EMP07323,Male,42.0,19.0,HR,,600000,
7324,EMP07324,Male,30.0,15.0,Analyst,2023-01-15,500000,
7325,EMP07325,Male,37.0,5.0,QA,,500000,
7326,EMP07326,Female,31.0,20.0,Analyst,,350000,
7327,EMP07327,Male,20.0,13.0,Analyst,2023-01-15,800000,
7328,EMP07328,Unknow,31.0,20.0,QA,,500000,
7329,EMP07329,Unknow,41.0,3.0,Intern,,800000,emp7329@mail.com
7330,EMP07330,Male,40.0,4.0,Manager,,350000,emp7330@mail.com
7331,EMP07331,Male,24.0,6.0,Intern,,800000,
7332,EMP07332,Unknow,44.0,5.0,Engineer,,600000,
7333,EMP07333,Male,22.0,18.0,Intern,2023-01-15,600000,
7334,EMP07334,Male,46.0,2.0,Intern,2025-07-01,600000,
7335,EMP07335,Female,30.0,12.0,Intern,,600000,
7336,EMP07336,Unknow,60.0,11.0,Engineer,2023-01-15,800000,
7337,EMP07337,Male,57.0,10.0,HR,2023-01-15,600000,
7338,EMP07338,Female,23.0,12.0,HR,,800000,
7339,EMP07339,Female,56.0,15.0,QA,,500000,
7340,EMP07340,Female,47.0,12.0,Intern,2025-07-01,600000,emp7340@mail.com
7341,EMP07341,Unknow,24.0,16.0,Engineer,,800000,
7342,EMP07342,Male,30.0,17.0,QA,,600000,emp7342@mail.com
7343,EMP07343,Male,60.0,2.0,Manager,2025-07-01,500000,
7344,EMP07344,Female,25.0,7.0,HR,,600000,
7345,EMP07345,Male,33.0,1.0,Analyst,2025-07-01,600000,
7346,EMP07346,Male,33.0,,HR,2023-01-15,600000,emp7346@mail.com
7347,EMP07347,Male,49.0,3.0,Intern,,600000,
7348,EMP07348,Male,56.0,3.0,Intern,,800000,emp7348@mail.com
7349,EMP07349,Male,51.0,11.0,QA,,800000,
7350,EMP07350,Female,30.0,9.0,Analyst,,500000,
7351,EMP07351,Female,21.0,14.0,QA,,350000,emp7351@mail.com
7352,EMP07352,Female,26.0,15.0,Analyst,2023-01-15,350000,
7353,EMP07353,Male,37.0,4.0,QA,,600000,emp7353@mail.com
7354,EMP07354,Female,48.0,11.0,Analyst,2025-07-01,500000,
7355,EMP07355,Female,49.0,15.0,Analyst,2023-01-15,500000,
7356,EMP07356,Male,20.0,15.0,Analyst,,500000,
7357,EMP07357,Male,40.0,1.0,Intern,2023-01-15,600000,emp7357@mail.com
7358,EMP07358,Female,39.0,8.0,QA,,500000,
7359,EMP07359,Unknow,52.0,19.0,HR,2025-07-01,600000,
7360,EMP07360,Male,40.0,,Manager,,600000,
7361,EMP07361,Male,46.0,16.0,HR,,350000,
7362,EMP07362,Male,52.0,17.0,Analyst,,600000,emp7362@mail.com
7363,EMP07363,Male,33.0,99.0,Analyst,2025-07-01,500000,
7364,EMP07364,Male,56.0,2.0,Manager,,800000,emp7364@mail.com
7365,EMP07365,Unknow,36.0,18.0,Intern,,500000,
7366,EMP07366,Male,23.0,1.0,Analyst,2025-07-01,800000,
7367,EMP07367,Unknow,49.0,15.0,Intern,2025-07-01,800000,
7368,EMP07368,Female,39.0,5.0,Analyst,,500000,
7369,EMP07369,Male,48.0,8.0,Engineer,,350000,
7370,EMP07370,Male,22.0,17.0,QA,2023-01-15,800000,
7371,EMP07371,Male,24.0,13.0,HR,,500000,
7372,EMP07372,Female,31.0,18.0,Engineer,,800000,emp7372@mail.com
7373,EMP07373,Female,56.0,17.0,Analyst,,500000,
7374,EMP07374,Unknow,35.0,,HR,,600000,emp7374@mail.com
7375,EMP07375,Male,21.0,20.0,HR,,350000,
7376,EMP07376,Male,52.0,7.0,HR,2023-01-15,500000,
7377,EMP07377,Male,23.0,6.0,Intern,2025-07-01,800000,emp7377@mail.com
7378,EMP07378,Male,44.0,9.0,Analyst,,600000,
7379,EMP07379,Male,27.0,7.0,HR,,350000,
7380,EMP07380,Male,40.0,17.0,Manager,,800000,
7381,EMP07381,Unknow,30.0,3.0,Intern,2025-07-01,600000,emp7381@mail.com
7382,EMP07382,Male,27.0,8.0,QA,,800000,emp7382@mail.com
7383,EMP07383,Male,34.0,8.0,HR,2025-07-01,350000,
7384,EMP07384,Female,42.0,7.0,HR,,350000,
7385,EMP07385,Female,23.0,20.0,HR,2023-01-15,500000,emp7385@mail.com
7386,EMP07386,Female,35.0,99.0,Analyst,2025-07-01,350000,
7387,EMP07387,Male,20.0,10.0,Manager,,600000,
7388,EMP07388,Unknow,56.0,99.0,Engineer,,500000,emp7388@mail.com
7389,EMP07389,Unknow,32.0,5.0,Intern,,800000,
7390,EMP07390,Male,20.0,,Manager,,600000,emp7390@mail.com
7391,EMP07391,Female,26.0,99.0,Analyst,2025-07-01,800000,
7392,EMP07392,Male,25.0,5.0,Manager,,500000,
7393,EMP07393,Male,25.0,18.0,Intern,2023-01-15,350000,
7394,EMP07394,Female,49.0,20.0,Analyst,2023-01-15,800000,
7395,EMP07395,Unknow,48.0,16.0,QA,,800000,
7396,EMP07396,Male,20.0,5.0,Manager,,500000,emp7396@mail.com
7397,EMP07397,Male,28.0,12.0,Analyst,2023-01-15,350000,
7398,EMP07398,Male,37.0,99.0,Intern,2023-01-15,500000,
7399,EMP07399,Female,51.0,12.0,Analyst,,600000,
7400,EMP07400,Female,59.0,4.0,Engineer,2023-01-15,600000,
7401,EMP07401,Male,57.0,13.0,Engineer,,800000,
7402,EMP07402,Male,39.0,11.0,Engineer,,350000,
7403,EMP07403,Male,22.0,9.0,QA,2023-01-15,800000,
7404,EMP07404,Female,40.0,13.0,HR,2025-07-01,500000,
7405,EMP07405,Male,24.0,,Manager,,600000,
7406,EMP07406,Unknow,48.0,20.0,Engineer,,600000,
7407,EMP07407,Unknow,56.0,5.0,QA,,600000,emp7407@mail.com
7408,EMP07408,Male,40.0,,Analyst,,600000,
7409,EMP07409,Male,57.0,2.0,Analyst,,600000,emp7409@mail.com
7410,EMP07410,Male,34.0,99.0,Analyst,,500000,emp7410@mail.com
7411,EMP07411,Unknow,37.0,,QA,2023-01-15,600000,
7412,EMP07412,Male,31.0,1.0,QA,,600000,
7413,EMP07413,Unknow,25.0,12.0,Analyst,,500000,
7414,EMP07414,Female,24.0,18.0,Intern,2023-01-15,800000,emp7414@mail.com
7415,EMP07415,Unknow,25.0,2.0,QA,2023-01-15,500000,emp7415@mail.com
7416,EMP07416,Male,24.0,16.0,QA,2023-01-15,600000,
7417,EMP07417,Male,49.0,18.0,Engineer,,600000,emp7417@mail.com
7418,EMP07418,Male,41.0,9.0,HR,,350000,
7419,EMP07419,Male,33.0,14.0,QA,,600000,
7420,EMP07420,Male,54.0,9.0,QA,2025-07-01,600000,
7421,EMP07421,Unknow,43.0,4.0,Manager,,600000,
7422,EMP07422,Male,25.0,6.0,Intern,2023-01-15,350000,
7423,EMP07423,Female,50.0,17.0,Manager,2023-01-15,600000,emp7423@mail.com
7424,EMP07424,Female,36.0,14.0,Engineer,,600000,
7425,EMP07425,Male,43.0,1.0,HR,,800000,emp7425@mail.com
7426,EMP07426,Female,40.0,1.0,QA,2025-07-01,600000,
7427,EMP07427,Female,54.0,14.0,Analyst,,600000,
7428,EMP07428,Unknow,22.0,4.0,QA,,500000,
7429,EMP07429,Female,43.0,19.0,Analyst,,500000,
7430,EMP07430,Unknow,25.0,7.0,Manager,2023-01-15,500000,
7431,EMP07431,Male,23.0,15.0,Intern,,600000,
7432,EMP07432,Male,26.0,9.0,Manager,,500000,emp7432@mail.com
7433,EMP07433,Male,29.0,17.0,HR,,800000,
7434,EMP07434,Unknow,56.0,11.0,HR,2025-07-01,500000,emp7434@mail.com
7435,EMP07435,Female,21.0,20.0,Intern,2023-01-15,600000,emp7435@mail.com
7436,EMP07436,Male,52.0,8.0,Manager,,350000,emp7436@mail.com
7437,EMP07437,Female,47.0,20.0,HR,,600000,
7438,EMP07438,Female,59.0,15.0,QA,2023-01-15,600000,emp7438@mail.com
7439,EMP07439,Unknow,22.0,19.0,Engineer,2023-01-15,350000,
7440,EMP07440,Male,45.0,13.0,Manager,,800000,emp7440@mail.com
7441,EMP07441,Male,52.0,18.0,Manager,2025-07-01,600000,
7442,EMP07442,Male,48.0,8.0,HR,2023-01-15,500000,
7443,EMP07443,Unknow,50.0,2.0,Manager,,600000,
7444,EMP07444,Unknow,30.0,15.0,QA,2023-01-15,600000,emp7444@mail.com
7445,EMP07445,Male,31.0,99.0,Manager,2023-01-15,600000,
7446,EMP07446,Male,38.0,2.0,Engineer,,600000,
7447,EMP07447,Male,37.0,6.0,Intern,,600000,emp7447@mail.com
7448,EMP07448,Unknow,59.0,10.0,Engineer,,600000,
7449,EMP07449,Male,40.0,99.0,HR,2025-07-01,500000,
7450,EMP07450,Female,34.0,18.0,Intern,,500000,
7451,EMP07451,Male,47.0,6.0,Engineer,,600000,emp7451@mail.com
7452,EMP07452,Female,59.0,20.0,HR,,600000,
7453,EMP07453,Female,30.0,,Intern,,600000,
7454,EMP07454,Male,38.0,11.0,Manager,,350000,
7455,EMP07455,Male,39.0,1.0,Manager,2025-07-01,500000,
7456,EMP07456,Male,25.0,6.0,Intern,,500000,emp7456@mail.com
7457,EMP07457,Female,27.0,6.0,Intern,2023-01-15,500000,emp7457@mail.com
7458,EMP07458,Unknow,57.0,2.0,Engineer,2023-01-15,500000,
7459,EMP07459,Male,57.0,99.0,Engineer,,500000,
7460,EMP07460,Male,60.0,20.0,Engineer,,500000,
7461,EMP07461,Male,31.0,19.0,Manager,,600000,emp7461@mail.com
7462,EMP07462,Male,59.0,99.0,Analyst,,600000,
7463,EMP07463,Male,46.0,10.0,Manager,2023-01-15,500000,
7464,EMP07464,Male,26.0,7.0,QA,,600000,
7465,EMP07465,Female,56.0,6.0,Analyst,,800000,
7466,EMP07466,Female,20.0,15.0,Intern,,600000,emp7466@mail.com
7467,EMP07467,Female,55.0,11.0,QA,2025-07-01,600000,
7468,EMP07468,Female,60.0,,QA,2025-07-01,600000,emp7468@mail.com
7469,EMP07469,Female,39.0,1.0,Intern,2023-01-15,500000,emp7469@mail.com
7470,EMP07470,Male,41.0,15.0,Engineer,,350000,emp7470@mail.com
7471,EMP07471,Female,25.0,,QA,,600000,
7472,EMP07472,Female,49.0,12.0,HR,,600000,
7473,EMP07473,Female,28.0,20.0,Analyst,,600000,emp7473@mail.com
7474,EMP07474,Male,38.0,18.0,Analyst,,500000,
7475,EMP07475,Male,25.0,18.0,Engineer,2025-07-01,350000,
7476,EMP07476,Female,55.0,17.0,Engineer,,350000,
7477,EMP07477,Male,40.0,12.0,Analyst,2025-07-01,350000,
7478,EMP07478,Male,47.0,1.0,Engineer,2025-07-01,600000,emp7478@mail.com
7479,EMP07479,Male,31.0,7.0,Engineer,2025-07-01,800000,emp7479@mail.com
7480,EMP07480,Female,41.0,13.0,HR,,500000,
7481,EMP07481,Male,58.0,12.0,Manager,,600000,
7482,EMP07482,Unknow,60.0,16.0,Manager,,600000,
7483,EMP07483,Male,39.0,5.0,QA,2025-07-01,500000,
7484,EMP07484,Male,57.0,6.0,Engineer,,500000,
7485,EMP07485,Male,40.0,1.0,Engineer,2023-01-15,500000,
7486,EMP07486,Male,39.0,,HR,,600000,
7487,EMP07487,Male,52.0,6.0,HR,,600000,
7488,EMP07488,Male,24.0,7.0,Intern,,500000,emp7488@mail.com
7489,EMP07489,Male,32.0,7.0,Manager,,500000,
7490,EMP07490,Female,44.0,20.0,Analyst,,350000,
7491,EMP07491,Female,21.0,15.0,Engineer,2025-07-01,500000,
7492,EMP07492,Male,21.0,16.0,HR,2023-01-15,350000,
7493,EMP07493,Unknow,36.0,7.0,Engineer,2025-07-01,500000,
7494,EMP07494,Male,36.0,19.0,QA,,600000,
7495,EMP07495,Female,34.0,3.0,QA,,600000,
7496,EMP07496,Female,56.0,12.0,QA,,600000,
7497,EMP07497,Male,40.0,7.0,Intern,2025-07-01,500000,
7498,EMP07498,Unknow,39.0,8.0,Intern,2025-07-01,600000,
7499,EMP07499,Male,40.0,2.0,Engineer,,600000,emp7499@mail.com
7500,EMP07500,Female,40.0,2.0,Analyst,,600000,
7501,EMP07501,Unknow,36.0,3.0,Analyst,,500000,emp7501@mail.com
7502,EMP07502,Unknow,40.0,16.0,HR,2025-07-01,800000,
7503,EMP07503,Unknow,40.0,8.0,Engineer,,500000,
7504,EMP07504,Male,46.0,8.0,Manager,,350000,emp7504@mail.com
7505,EMP07505,Unknow,29.0,20.0,Intern,,600000,
7506,EMP07506,Unknow,46.0,16.0,Analyst,,800000,
7507,EMP07507,Unknow,36.0,11.0,Intern,2023-01-15,600000,
7508,EMP07508,Unknow,51.0,8.0,QA,,350000,emp7508@mail.com
7509,EMP07509,Male,40.0,5.0,Engineer,2023-01-15,800000,
7510,EMP07510,Male,28.0,20.0,QA,2023-01-15,600000,emp7510@mail.com
7511,EMP07511,Male,34.0,17.0,Engineer,2023-01-15,800000,
7512,EMP07512,Female,47.0,4.0,HR,,350000,
7513,EMP07513,Unknow,42.0,20.0,QA,2025-07-01,350000,emp7513@mail.com
7514,EMP07514,Unknow,29.0,6.0,Intern,,600000,
7515,EMP07515,Unknow,60.0,1.0,QA,,600000,
7516,EMP07516,Female,32.0,6.0,Manager,2025-07-01,600000,emp7516@mail.com
7517,EMP07517,Unknow,51.0,7.0,Analyst,2023-01-15,500000,
7518,EMP07518,Male,20.0,16.0,Intern,2023-01-15,600000,
7519,EMP07519,Male,57.0,19.0,Analyst,,600000,emp7519@mail.com
7520,EMP07520,Male,47.0,4.0,Manager,2023-01-15,800000,emp7520@mail.com
7521,EMP07521,Female,30.0,16.0,Manager,2025-07-01,600000,emp7521@mail.com
7522,EMP07522,Male,32.0,15.0,QA,2023-01-15,500000,
7523,EMP07523,Male,27.0,13.0,HR,2025-07-01,500000,
7524,EMP07524,Male,41.0,1.0,HR,2023-01-15,600000,
7525,EMP07525,Male,28.0,20.0,Manager,2023-01-15,600000,
7526,EMP07526,Male,26.0,18.0,Intern,,600000,
7527,EMP07527,Unknow,34.0,2.0,QA,,500000,
7528,EMP07528,Unknow,47.0,19.0,Analyst,,600000,
7529,EMP07529,Female,40.0,15.0,HR,,600000,emp7529@mail.com
7530,EMP07530,Female,40.0,13.0,Manager,2025-07-01,800000,
7531,EMP07531,Female,20.0,13.0,QA,,800000,emp7531@mail.com
7532,EMP07532,Unknow,49.0,7.0,HR,2025-07-01,500000,
7533,EMP07533,Female,38.0,13.0,HR,2023-01-15,350000,emp7533@mail.com
7534,EMP07534,Male,36.0,16.0,Intern,,500000,
7535,EMP07535,Male,40.0,,Manager,2025-07-01,600000,emp7535@mail.com
7536,EMP07536,Female,41.0,5.0,Manager,,500000,
7537,EMP07537,Male,58.0,14.0,Intern,,600000,
7538,EMP07538,Unknow,58.0,,Engineer,,600000,emp7538@mail.com
7539,EMP07539,Male,37.0,10.0,HR,,600000,
7540,EMP07540,Female,27.0,3.0,Manager,,800000,
7541,EMP07541,Female,37.0,9.0,Intern,2025-07-01,350000,emp7541@mail.com
7542,EMP07542,Male,33.0,10.0,QA,2023-01-15,600000,emp7542@mail.com
7543,EMP07543,Male,50.0,3.0,Manager,2025-07-01,600000,
7544,EMP07544,Male,50.0,18.0,HR,,600000,
7545,EMP07545,Female,48.0,1.0,Analyst,,600000,
7546,EMP07546,Female,44.0,15.0,Manager,,500000,
7547,EMP07547,Unknow,57.0,99.0,HR,,600000,
7548,EMP07548,Unknow,47.0,17.0,Engineer,,600000,
7549,EMP07549,Male,50.0,8.0,QA,2023-01-15,600000,emp7549@mail.com
7550,EMP07550,Male,47.0,,Manager,2025-07-01,600000,
7551,EMP07551,Female,57.0,1.0,HR,,600000,
7552,EMP07552,Female,46.0,99.0,Intern,,350000,
7553,EMP07553,Female,45.0,17.0,Intern,,600000,emp7553@mail.com
7554,EMP07554,Unknow,38.0,1.0,QA,,350000,
7555,EMP07555,Male,36.0,4.0,HR,2025-07-01,600000,emp7555@mail.com
7556,EMP07556,Male,48.0,13.0,Manager,,800000,
7557,EMP07557,Female,40.0,13.0,QA,,800000,
7558,EMP07558,Female,45.0,2.0,Manager,2025-07-01,600000,
7559,EMP07559,Male,52.0,5.0,Manager,2023-01-15,350000,
7560,EMP07560,Male,23.0,9.0,HR,2023-01-15,600000,
7561,EMP07561,Male,48.0,11.0,HR,2025-07-01,800000,
7562,EMP07562,Unknow,23.0,3.0,Engineer,2025-07-01,350000,emp7562@mail.com
7563,EMP07563,Male,54.0,9.0,Analyst,,350000,
7564,EMP07564,Unknow,40.0,2.0,QA,2025-07-01,800000,
7565,EMP07565,Unknow,32.0,,Intern,2023-01-15,600000,emp7565@mail.com
7566,EMP07566,Unknow,38.0,15.0,Manager,,800000,
7567,EMP07567,Male,46.0,12.0,Intern,,350000,
7568,EMP07568,Female,42.0,1.0,Engineer,2023-01-15,350000,
7569,EMP07569,Female,40.0,12.0,Manager,,800000,
7570,EMP07570,Male,58.0,1.0,Analyst,2025-07-01,500000,emp7570@mail.com
7571,EMP07571,Female,55.0,7.0,Manager,,500000,emp7571@mail.com
7572,EMP07572,Female,44.0,10.0,Engineer,2023-01-15,500000,
7573,EMP07573,Female,47.0,17.0,QA,,600000,
7574,EMP07574,Unknow,21.0,3.0,HR,,600000,
7575,EMP07575,Male,20.0,5.0,Manager,,350000,
7576,EMP07576,Unknow,23.0,9.0,Analyst,,800000,emp7576@mail.com
7577,EMP07577,Male,30.0,5.0,Intern,,500000,
7578,EMP07578,Male,27.0,6.0,HR,2023-01-15,600000,
7579,EMP07579,Male,39.0,99.0,Manager,,350000,
7580,EMP07580,Unknow,49.0,1.0,Analyst,,600000,
7581,EMP07581,Female,25.0,16.0,Analyst,,600000,
7582,EMP07582,Male,55.0,5.0,Analyst,2025-07-01,500000,emp7582@mail.com
7583,EMP07583,Male,29.0,14.0,HR,,600000,
7584,EMP07584,Female,31.0,6.0,Analyst,2023-01-15,600000,emp7584@mail.com
7585,EMP07585,Female,40.0,12.0,Analyst,,600000,
7586,EMP07586,Male,35.0,99.0,Engineer,,800000,emp7586@mail.com
7587,EMP07587,Female,57.0,5.0,Analyst,,500000,
7588,EMP07588,Female,59.0,19.0,Intern,,800000,
7589,EMP07589,Male,24.0,16.0,QA,2025-07-01,600000,
7590,EMP07590,Male,29.0,5.0,QA,2023-01-15,350000,
7591,EMP07591,Female,58.0,4.0,HR,,350000,
7592,EMP07592,Female,40.0,10.0,HR,2023-01-15,500000,
7593,EMP07593,Male,37.0,5.0,Engineer,2023-01-15,800000,
7594,EMP07594,Male,32.0,12.0,HR,,800000,emp7594@mail.com
7595,EMP07595,Male,32.0,14.0,Intern,,600000,
7596,EMP07596,Male,21.0,17.0,HR,2025-07-01,350000,
7597,EMP07597,Female,39.0,4.0,QA,,800000,
7598,EMP07598,Male,24.0,2.0,Engineer,2023-01-15,600000,
7599,EMP07599,Male,42.0,20.0,Manager,2023-01-15,350000,emp7599@mail.com
7600,EMP07600,Female,43.0,16.0,QA,2023-01-15,800000,
7601,EMP07601,Male,20.0,4.0,Intern,,600000,emp7601@mail.com
7602,EMP07602,Male,42.0,12.0,HR,,350000,
7603,EMP07603,Male,49.0,7.0,HR,,500000,emp7603@mail.com
7604,EMP07604,Female,44.0,10.0,Manager,,500000,
7605,EMP07605,Male,20.0,16.0,HR,2025-07-01,800000,emp7605@mail.com
7606,EMP07606,Unknow,57.0,18.0,Engineer,,600000,
7607,EMP07607,Female,38.0,2.0,Manager,2025-07-01,600000,
7608,EMP07608,Female,31.0,5.0,QA,,600000,
7609,EMP07609,Female,40.0,18.0,Manager,2023-01-15,600000,
7610,EMP07610,Male,51.0,18.0,Engineer,,600000,emp7610@mail.com
7611,EMP07611,Male,24.0,10.0,Intern,2023-01-15,600000,
7612,EMP07612,Unknow,44.0,16.0,QA,,350000,
7613,EMP07613,Female,41.0,2.0,Analyst,2025-07-01,600000,emp7613@mail.com
7614,EMP07614,Male,49.0,,Engineer,2025-07-01,600000,
7615,EMP07615,Male,36.0,,Engineer,,600000,
7616,EMP07616,Unknow,34.0,2.0,Intern,,600000,
7617,EMP07617,Female,44.0,19.0,QA,,800000,emp7617@mail.com
7618,EMP07618,Male,49.0,3.0,Engineer,2023-01-15,600000,
7619,EMP07619,Female,29.0,13.0,Analyst,,800000,
7620,EMP07620,Female,28.0,20.0,Intern,,600000,
7621,EMP07621,Male,32.0,99.0,Analyst,2025-07-01,500000,
7622,EMP07622,Female,49.0,2.0,Intern,2023-01-15,350000,
7623,EMP07623,Male,40.0,6.0,Intern,2023-01-15,800000,
7624,EMP07624,Male,24.0,6.0,Intern,,600000,
7625,EMP07625,Male,52.0,13.0,HR,,350000,
7626,EMP07626,Female,27.0,11.0,Manager,2025-07-01,350000,
7627,EMP07627,Male,46.0,99.0,Manager,2023-01-15,500000,
7628,EMP07628,Male,49.0,9.0,Intern,,500000,
7629,EMP07629,Unknow,22.0,4.0,Manager,,500000,emp7629@mail.com
7630,EMP07630,Female,57.0,,HR,,600000,
7631,EMP07631,Female,33.0,17.0,Intern,,600000,
7632,EMP07632,Female,35.0,16.0,QA,,600000,
7633,EMP07633,Female,23.0,13.0,HR,2025-07-01,500000,
7634,EMP07634,Male,47.0,5.0,QA,,500000,emp7634@mail.com
7635,EMP07635,Male,32.0,,Analyst,,600000,
7636,EMP07636,Female,44.0,5.0,Engineer,,800000,emp7636@mail.com
7637,EMP07637,Male,58.0,7.0,Analyst,,800000,
7638,EMP07638,Female,46.0,18.0,QA,,600000,
7639,EMP07639,Male,55.0,3.0,Engineer,2025-07-01,500000,
7640,EMP07640,Female,54.0,10.0,QA,2025-07-01,500000,
7641,EMP07641,Male,59.0,19.0,QA,2025-07-01,600000,
7642,EMP07642,Female,52.0,9.0,Manager,2023-01-15,350000,emp7642@mail.com
7643,EMP07643,Unknow,57.0,13.0,Manager,,500000,emp7643@mail.com
7644,EMP07644,Unknow,53.0,13.0,Analyst,,500000,
7645,EMP07645,Male,45.0,16.0,QA,2023-01-15,350000,
7646,EMP07646,Female,23.0,8.0,Manager,2025-07-01,500000,
7647,EMP07647,Male,40.0,,Manager,2023-01-15,600000,
7648,EMP07648,Male,26.0,12.0,Manager,,600000,
7649,EMP07649,Male,40.0,15.0,Engineer,2023-01-15,500000,
7650,EMP07650,Unknow,40.0,8.0,Manager,,500000,
7651,EMP07651,Male,23.0,13.0,HR,,500000,
7652,EMP07652,Female,25.0,8.0,Intern,,350000,
7653,EMP07653,Male,35.0,8.0,Analyst,2023-01-15,350000,
7654,EMP07654,Female,52.0,3.0,HR,,500000,
7655,EMP07655,Unknow,34.0,8.0,Manager,,500000,
7656,EMP07656,Male,53.0,99.0,Intern,2023-01-15,500000,
7657,EMP07657,Male,23.0,17.0,HR,,500000,
7658,EMP07658,Unknow,52.0,8.0,HR,2025-07-01,350000,emp7658@mail.com
7659,EMP07659,Male,56.0,10.0,Analyst,,350000,
7660,EMP07660,Female,23.0,,Engineer,,600000,
7661,EMP07661,Unknow,40.0,15.0,QA,2025-07-01,500000,emp7661@mail.com
7662,EMP07662,Female,46.0,20.0,QA,,600000,emp7662@mail.com
7663,EMP07663,Female,29.0,99.0,QA,,600000,emp7663@mail.com
7664,EMP07664,Male,20.0,5.0,QA,,600000,
7665,EMP07665,Male,48.0,3.0,Engineer,2025-07-01,800000,
7666,EMP07666,Female,59.0,12.0,Intern,,800000,
7667,EMP07667,Female,32.0,,QA,2025-07-01,600000,
7668,EMP07668,Male,23.0,5.0,Intern,,500000,
7669,EMP07669,Male,46.0,18.0,Engineer,2023-01-15,350000,
7670,EMP07670,Male,42.0,10.0,QA,,350000,emp7670@mail.com
7671,EMP07671,Female,32.0,10.0,HR,,350000,
7672,EMP07672,Female,40.0,8.0,QA,,500000,
7673,EMP07673,Male,40.0,4.0,Engineer,,600000,
7674,EMP07674,Male,38.0,13.0,QA,,500000,
7675,EMP07675,Unknow,22.0,20.0,QA,,600000,
7676,EMP07676,Male,20.0,5.0,HR,2023-01-15,800000,
7677,EMP07677,Male,55.0,20.0,HR,2023-01-15,600000,
7678,EMP07678,Unknow,43.0,5.0,Manager,2025-07-01,500000,
7679,EMP07679,Male,45.0,9.0,Intern,,500000,
7680,EMP07680,Unknow,60.0,1.0,HR,2025-07-01,800000,
7681,EMP07681,Male,52.0,13.0,HR,2023-01-15,500000,emp7681@mail.com
7682,EMP07682,Female,42.0,10.0,Intern,2025-07-01,600000,
7683,EMP07683,Male,34.0,20.0,Engineer,2023-01-15,350000,
7684,EMP07684,Unknow,51.0,4.0,Intern,2025-07-01,600000,
7685,EMP07685,Male,55.0,10.0,Manager,2023-01-15,500000,
7686,EMP07686,Male,51.0,11.0,Engineer,2025-07-01,500000,emp7686@mail.com
7687,EMP07687,Male,27.0,99.0,Analyst,,800000,
7688,EMP07688,Male,56.0,2.0,HR,,600000,
7689,EMP07689,Male,44.0,20.0,Intern,,500000,
7690,EMP07690,Male,22.0,9.0,Engineer,,500000,
7691,EMP07691,Male,51.0,13.0,HR,2025-07-01,500000,emp7691@mail.com
7692,EMP07692,Male,27.0,14.0,QA,,500000,
7693,EMP07693,Female,27.0,14.0,Analyst,,500000,
7694,EMP07694,Female,29.0,12.0,Intern,,800000,
7695,EMP07695,Female,38.0,3.0,Engineer,2025-07-01,800000,
7696,EMP07696,Male,22.0,3.0,QA,,600000,
7697,EMP07697,Female,37.0,5.0,QA,,500000,
7698,EMP07698,Male,32.0,8.0,Analyst,2023-01-15,500000,
7699,EMP07699,Male,34.0,15.0,HR,2023-01-15,800000,
7700,EMP07700,Unknow,56.0,20.0,Analyst,,600000,emp7700@mail.com
7701,EMP07701,Unknow,39.0,6.0,HR,2023-01-15,600000,emp7701@mail.com
7702,EMP07702,Unknow,45.0,4.0,QA,,800000,
7703,EMP07703,Male,30.0,7.0,QA,,500000,emp7703@mail.com
7704,EMP07704,Male,52.0,15.0,QA,,500000,emp7704@mail.com
7705,EMP07705,Male,31.0,5.0,Engineer,,500000,emp7705@mail.com
7706,EMP07706,Female,20.0,3.0,Manager,,600000,
7707,EMP07707,Male,38.0,,QA,,600000,
7708,EMP07708,Female,24.0,99.0,Engineer,,350000,
7709,EMP07709,Female,54.0,3.0,Intern,,800000,emp7709@mail.com
7710,EMP07710,Female,48.0,3.0,HR,2025-07-01,500000,emp7710@mail.com
7711,EMP07711,Male,58.0,10.0,Manager,2025-07-01,600000,
7712,EMP07712,Female,52.0,7.0,HR,2025-07-01,500000,
7713,EMP07713,Unknow,29.0,14.0,Analyst,2023-01-15,600000,
7714,EMP07714,Female,44.0,15.0,Manager,,350000,
7715,EMP07715,Unknow,25.0,9.0,Intern,2023-01-15,500000,
7716,EMP07716,Male,56.0,16.0,Intern,2025-07-01,350000,emp7716@mail.com
7717,EMP07717,Male,23.0,15.0,HR,,500000,
7718,EMP07718,Female,43.0,9.0,Intern,,500000,
7719,EMP07719,Male,38.0,99.0,Intern,2023-01-15,500000,
7720,EMP07720,Male,46.0,,Engineer,,600000,
7721,EMP07721,Female,58.0,19.0,QA,2025-07-01,600000,
7722,EMP07722,Male,31.0,1.0,Analyst,,600000,
7723,EMP07723,Male,21.0,14.0,Engineer,,600000,emp7723@mail.com
7724,EMP07724,Female,59.0,99.0,QA,,350000,
7725,EMP07725,Female,47.0,17.0,Analyst,,600000,
7726,EMP07726,Male,40.0,2.0,HR,2023-01-15,600000,
7727,EMP07727,Unknow,25.0,13.0,Engineer,2023-01-15,600000,
7728,EMP07728,Female,45.0,11.0,QA,2023-01-15,500000,
7729,EMP07729,Male,23.0,12.0,QA,,500000,emp7729@mail.com
7730,EMP07730,Unknow,37.0,4.0,Analyst,,600000,emp7730@mail.com
7731,EMP07731,Male,47.0,4.0,Engineer,2025-07-01,600000,
7732,EMP07732,Male,51.0,12.0,HR,,350000,
7733,EMP07733,Female,32.0,17.0,Manager,,350000,
7734,EMP07734,Female,33.0,12.0,QA,,600000,
7735,EMP07735,Female,42.0,7.0,Analyst,2023-01-15,800000,
7736,EMP07736,Unknow,28.0,5.0,HR,,600000,emp7736@mail.com
7737,EMP07737,Female,42.0,6.0,Manager,,350000,
7738,EMP07738,Unknow,24.0,6.0,QA,,350000,emp7738@mail.com
7739,EMP07739,Female,35.0,5.0,Analyst,2023-01-15,500000,
7740,EMP07740,Male,25.0,5.0,HR,,500000,
7741,EMP07741,Male,38.0,11.0,HR,2023-01-15,500000,
7742,EMP07742,Unknow,32.0,13.0,Engineer,,500000,
7743,EMP07743,Female,42.0,16.0,HR,,600000,
7744,EMP07744,Female,56.0,99.0,Manager,2025-07-01,600000,
7745,EMP07745,Male,46.0,3.0,QA,2025-07-01,500000,
7746,EMP07746,Female,48.0,1.0,QA,,600000,
7747,EMP07747,Male,32.0,16.0,QA,2025-07-01,800000,
7748,EMP07748,Female,48.0,20.0,Analyst,2025-07-01,350000,
7749,EMP07749,Male,39.0,9.0,Engineer,,800000,
7750,EMP07750,Female,59.0,7.0,QA,,350000,
7751,EMP07751,Female,40.0,10.0,Manager,,600000,
7752,EMP07752,Female,46.0,6.0,Engineer,,600000,
7753,EMP07753,Male,52.0,7.0,HR,,600000,
7754,EMP07754,Male,43.0,4.0,Manager,,500000,
7755,EMP07755,Unknow,22.0,16.0,Analyst,,800000,emp7755@mail.com
7756,EMP07756,Male,56.0,18.0,HR,,350000,
7757,EMP07757,Male,46.0,12.0,Engineer,,350000,
7758,EMP07758,Female,56.0,5.0,Engineer,,600000,
7759,EMP07759,Unknow,49.0,14.0,Analyst,2023-01-15,800000,
7760,EMP07760,Male,37.0,16.0,HR,,350000,
7761,EMP07761,Male,49.0,3.0,Intern,,600000,emp7761@mail.com
7762,EMP07762,Male,58.0,14.0,QA,,350000,
7763,EMP07763,Male,38.0,6.0,Analyst,2023-01-15,600000,emp7763@mail.com
7764,EMP07764,Female,31.0,5.0,QA,2025-07-01,500000,
7765,EMP07765,Female,28.0,11.0,Intern,2023-01-15,350000,
7766,EMP07766,Male,40.0,,Engineer,,600000,
7767,EMP07767,Male,44.0,5.0,Intern,,600000,
7768,EMP07768,Female,34.0,20.0,HR,2025-07-01,600000,
7769,EMP07769,Male,49.0,16.0,Engineer,,600000,emp7769@mail.com
7770,EMP07770,Male,57.0,15.0,QA,2023-01-15,500000,
7771,EMP07771,Female,59.0,14.0,HR,,500000,
7772,EMP07772,Female,43.0,20.0,HR,,600000,
7773,EMP07773,Female,34.0,18.0,HR,2025-07-01,600000,
7774,EMP07774,Male,47.0,9.0,HR,,600000,
7775,EMP07775,Female,60.0,,Manager,,600000,
7776,EMP07776,Male,45.0,11.0,HR,2025-07-01,350000,
7777,EMP07777,Male,46.0,10.0,QA,2025-07-01,600000,
7778,EMP07778,Unknow,40.0,7.0,Engineer,,350000,
7779,EMP07779,Unknow,35.0,9.0,Intern,2025-07-01,350000,
7780,EMP07780,Female,59.0,12.0,QA,,600000,
7781,EMP07781,Male,40.0,3.0,QA,,600000,
7782,EMP07782,Male,38.0,20.0,Manager,,500000,
7783,EMP07783,Unknow,36.0,2.0,HR,2023-01-15,600000,
7784,EMP07784,Male,41.0,5.0,Engineer,2023-01-15,500000,emp7784@mail.com
7785,EMP07785,Male,54.0,4.0,HR,,600000,
7786,EMP07786,Male,40.0,99.0,Engineer,,500000,
7787,EMP07787,Female,40.0,12.0,Engineer,,350000,emp7787@mail.com
7788,EMP07788,Female,35.0,13.0,HR,,500000,
7789,EMP07789,Female,57.0,15.0,Engineer,,500000,emp7789@mail.com
7790,EMP07790,Female,59.0,3.0,Manager,,600000,
7791,EMP07791,Male,26.0,11.0,Analyst,2025-07-01,500000,emp7791@mail.com
7792,EMP07792,Male,53.0,7.0,Engineer,,500000,emp7792@mail.com
7793,EMP07793,Male,55.0,11.0,HR,2023-01-15,600000,
7794,EMP07794,Male,40.0,99.0,Engineer,,500000,
7795,EMP07795,Female,52.0,5.0,HR,,500000,emp7795@mail.com
7796,EMP07796,Male,37.0,13.0,Engineer,2025-07-01,500000,
7797,EMP07797,Female,55.0,16.0,Intern,,800000,
7798,EMP07798,Female,46.0,19.0,Intern,2023-01-15,800000,emp7798@mail.com
7799,EMP07799,Male,38.0,15.0,Manager,,350000,
7800,EMP07800,Unknow,31.0,20.0,HR,,800000,
7801,EMP07801,Male,28.0,11.0,HR,,500000,
7802,EMP07802,Unknow,40.0,99.0,Intern,,600000,
7803,EMP07803,Female,48.0,4.0,Analyst,2023-01-15,350000,
7804,EMP07804,Female,36.0,3.0,Analyst,2023-01-15,600000,emp7804@mail.com
7805,EMP07805,Female,39.0,8.0,Engineer,,500000,
7806,EMP07806,Unknow,28.0,7.0,Engineer,,800000,
7807,EMP07807,Unknow,42.0,13.0,QA,,800000,
7808,EMP07808,Female,56.0,14.0,Manager,,600000,
7809,EMP07809,Female,60.0,14.0,HR,,600000,
7810,EMP07810,Unknow,60.0,11.0,HR,2025-07-01,350000,
7811,EMP07811,Male,59.0,14.0,Engineer,2023-01-15,500000,emp7811@mail.com
7812,EMP07812,Female,42.0,8.0,Intern,,500000,
7813,EMP07813,Female,27.0,5.0,QA,2023-01-15,500000,
7814,EMP07814,Male,26.0,99.0,Intern,2023-01-15,500000,
7815,EMP07815,Male,20.0,10.0,Engineer,,800000,
7816,EMP07816,Unknow,40.0,8.0,Engineer,,500000,
7817,EMP07817,Male,40.0,13.0,Intern,2025-07-01,350000,
7818,EMP07818,Male,57.0,17.0,HR,,600000,
7819,EMP07819,Female,39.0,18.0,Intern,,600000,emp7819@mail.com
7820,EMP07820,Male,29.0,16.0,HR,,600000,
7821,EMP07821,Unknow,29.0,17.0,Intern,2025-07-01,350000,
7822,EMP07822,Unknow,37.0,6.0,Engineer,,500000,emp7822@mail.com
7823,EMP07823,Female,30.0,15.0,Intern,2025-07-01,800000,emp7823@mail.com
7824,EMP07824,Male,44.0,9.0,Engineer,,600000,
7825,EMP07825,Male,42.0,11.0,HR,,800000,
7826,EMP07826,Male,30.0,9.0,Engineer,2025-07-01,800000,
7827,EMP07827,Female,51.0,14.0,QA,,600000,
7828,EMP07828,Female,60.0,10.0,QA,2025-07-01,350000,emp7828@mail.com
7829,EMP07829,Male,59.0,14.0,QA,2025-07-01,600000,emp7829@mail.com
7830,EMP07830,Unknow,20.0,10.0,Analyst,,600000,emp7830@mail.com
7831,EMP07831,Female,33.0,4.0,Engineer,,500000,
7832,EMP07832,Female,40.0,12.0,HR,,350000,
7833,EMP07833,Unknow,36.0,18.0,QA,2025-07-01,500000,emp7833@mail.com
7834,EMP07834,Female,38.0,13.0,Analyst,,350000,
7835,EMP07835,Male,56.0,1.0,Analyst,2025-07-01,600000,
7836,EMP07836,Male,47.0,15.0,HR,,500000,
7837,EMP07837,Male,45.0,,Manager,2023-01-15,600000,emp7837@mail.com
7838,EMP07838,Male,51.0,10.0,QA,,800000,
7839,EMP07839,Female,57.0,16.0,Manager,,600000,emp7839@mail.com
7840,EMP07840,Male,53.0,3.0,Manager,2025-07-01,350000,
7841,EMP07841,Unknow,45.0,99.0,Engineer,,500000,
7842,EMP07842,Male,44.0,14.0,Analyst,,600000,
7843,EMP07843,Male,57.0,16.0,HR,,600000,
7844,EMP07844,Unknow,36.0,1.0,HR,,600000,
7845,EMP07845,Male,42.0,20.0,QA,2023-01-15,800000,
7846,EMP07846,Male,25.0,99.0,HR,2023-01-15,500000,
7847,EMP07847,Male,57.0,17.0,Intern,,350000,
7848,EMP07848,Unknow,21.0,,Analyst,2023-01-15,600000,
7849,EMP07849,Female,51.0,17.0,Engineer,2025-07-01,500000,
7850,EMP07850,Female,29.0,7.0,Analyst,,500000,
7851,EMP07851,Male,39.0,19.0,Engineer,2023-01-15,600000,
7852,EMP07852,Female,23.0,14.0,Manager,2023-01-15,500000,
7853,EMP07853,Male,51.0,15.0,HR,,350000,
7854,EMP07854,Female,53.0,12.0,Engineer,2023-01-15,500000,
7855,EMP07855,Male,20.0,17.0,Engineer,,600000,
7856,EMP07856,Male,24.0,5.0,QA,2025-07-01,350000,
7857,EMP07857,Male,53.0,6.0,HR,2023-01-15,600000,
7858,EMP07858,Unknow,36.0,13.0,Engineer,,350000,
7859,EMP07859,Unknow,34.0,11.0,Engineer,,500000,
7860,EMP07860,Male,49.0,20.0,QA,2025-07-01,600000,
7861,EMP07861,Female,47.0,3.0,Manager,,350000,emp7861@mail.com
7862,EMP07862,Male,38.0,6.0,Engineer,,500000,emp7862@mail.com
7863,EMP07863,Male,46.0,5.0,Manager,,500000,
7864,EMP07864,Male,54.0,19.0,HR,,800000,
7865,EMP07865,Male,35.0,15.0,QA,,350000,
7866,EMP07866,Female,42.0,1.0,Manager,,350000,
7867,EMP07867,Male,28.0,17.0,QA,2023-01-15,350000,
7868,EMP07868,Unknow,36.0,1.0,QA,,800000,
7869,EMP07869,Female,43.0,5.0,Intern,,800000,
7870,EMP07870,Male,37.0,7.0,Intern,,500000,
7871,EMP07871,Female,22.0,3.0,HR,2025-07-01,600000,
7872,EMP07872,Unknow,35.0,8.0,HR,,600000,emp7872@mail.com
7873,EMP07873,Male,55.0,1.0,Analyst,2023-01-15,600000,emp7873@mail.com
7874,EMP07874,Male,60.0,2.0,Analyst,2023-01-15,600000,
7875,EMP07875,Female,46.0,12.0,Analyst,,600000,
7876,EMP07876,Male,39.0,13.0,Analyst,,800000,
7877,EMP07877,Female,43.0,4.0,Analyst,,600000,emp7877@mail.com
7878,EMP07878,Male,24.0,17.0,Manager,,600000,emp7878@mail.com
7879,EMP07879,Male,30.0,5.0,QA,,600000,emp7879@mail.com
7880,EMP07880,Unknow,37.0,2.0,Analyst,2023-01-15,600000,
7881,EMP07881,Female,23.0,99.0,Intern,,800000,
7882,EMP07882,Female,31.0,17.0,Intern,,600000,
7883,EMP07883,Female,49.0,17.0,Manager,2023-01-15,500000,
7884,EMP07884,Female,40.0,,HR,,600000,emp7884@mail.com
7885,EMP07885,Male,34.0,12.0,Intern,,600000,emp7885@mail.com
7886,EMP07886,Male,36.0,10.0,Intern,,600000,
7887,EMP07887,Female,33.0,9.0,HR,2025-07-01,600000,
7888,EMP07888,Female,46.0,14.0,Analyst,2023-01-15,500000,emp7888@mail.com
7889,EMP07889,Male,52.0,99.0,Engineer,,500000,
7890,EMP07890,Male,45.0,15.0,Analyst,2023-01-15,600000,
7891,EMP07891,Male,49.0,6.0,Engineer,2025-07-01,500000,
7892,EMP07892,Female,46.0,7.0,QA,2023-01-15,500000,
7893,EMP07893,Unknow,40.0,14.0,HR,,600000,
7894,EMP07894,Male,48.0,99.0,Manager,,350000,
7895,EMP07895,Male,21.0,19.0,Manager,,600000,
7896,EMP07896,Male,33.0,18.0,HR,2025-07-01,600000,emp7896@mail.com
7897,EMP07897,Male,31.0,,Engineer,,600000,
7898,EMP07898,Male,27.0,14.0,HR,,800000,
7899,EMP07899,Female,35.0,8.0,Manager,,500000,
7900,EMP07900,Male,57.0,9.0,Analyst,2025-07-01,800000,
7901,EMP07901,Unknow,34.0,9.0,HR,2025-07-01,500000,emp7901@mail.com
7902,EMP07902,Female,39.0,18.0,QA,2025-07-01,600000,
7903,EMP07903,Male,35.0,3.0,Analyst,2025-07-01,800000,
7904,EMP07904,Male,21.0,20.0,Manager,,600000,
7905,EMP07905,Male,30.0,17.0,Manager,,800000,
7906,EMP07906,Male,26.0,20.0,Intern,,600000,emp7906@mail.com
7907,EMP07907,Female,44.0,16.0,HR,,600000,
7908,EMP07908,Male,43.0,99.0,Analyst,,600000,
7909,EMP07909,Male,48.0,16.0,HR,,500000,
7910,EMP07910,Male,41.0,17.0,Engineer,,600000,
7911,EMP07911,Female,44.0,7.0,Manager,2025-07-01,800000,
7912,EMP07912,Female,44.0,20.0,Intern,,800000,emp7912@mail.com
7913,EMP07913,Male,33.0,15.0,QA,,500000,
7914,EMP07914,Male,45.0,9.0,QA,,500000,
7915,EMP07915,Unknow,25.0,,HR,2023-01-15,600000,
7916,EMP07916,Male,47.0,4.0,Engineer,,600000,
7917,EMP07917,Male,38.0,1.0,Engineer,2023-01-15,800000,
7918,EMP07918,Male,44.0,13.0,Analyst,,600000,
7919,EMP07919,Female,55.0,4.0,Manager,,500000,
7920,EMP07920,Female,40.0,5.0,QA,,350000,
7921,EMP07921,Male,27.0,5.0,Intern,2025-07-01,500000,
7922,EMP07922,Female,58.0,1.0,Manager,2025-07-01,500000,
7923,EMP07923,Male,40.0,4.0,Engineer,,600000,emp7923@mail.com
7924,EMP07924,Male,43.0,19.0,QA,,800000,
7925,EMP07925,Male,21.0,16.0,Analyst,,600000,
7926,EMP07926,Unknow,40.0,15.0,Intern,2023-01-15,500000,emp7926@mail.com
7927,EMP07927,Male,57.0,20.0,Engineer,,600000,
7928,EMP07928,Female,29.0,16.0,QA,2025-07-01,800000,
7929,EMP07929,Male,58.0,10.0,Manager,,800000,
7930,EMP07930,Male,56.0,7.0,QA,,500000,
7931,EMP07931,Male,48.0,7.0,Intern,,600000,emp7931@mail.com
7932,EMP07932,Male,36.0,8.0,Manager,,600000,
7933,EMP07933,Male,38.0,13.0,Manager,,350000,emp7933@mail.com
7934,EMP07934,Female,30.0,20.0,HR,2025-07-01,800000,
7935,EMP07935,Unknow,48.0,14.0,HR,2023-01-15,800000,emp7935@mail.com
7936,EMP07936,Female,57.0,11.0,Intern,,500000,
7937,EMP07937,Male,59.0,5.0,Analyst,,600000,
7938,EMP07938,Female,49.0,13.0,HR,,500000,
7939,EMP07939,Female,35.0,14.0,Manager,,500000,emp7939@mail.com
7940,EMP07940,Female,34.0,12.0,Intern,2025-07-01,350000,
7941,EMP07941,Female,40.0,14.0,Manager,,350000,
7942,EMP07942,Female,28.0,17.0,Analyst,,500000,emp7942@mail.com
7943,EMP07943,Male,32.0,12.0,Engineer,2025-07-01,600000,
7944,EMP07944,Female,52.0,6.0,Manager,,600000,emp7944@mail.com
7945,EMP07945,Male,40.0,9.0,HR,,800000,emp7945@mail.com
7946,EMP07946,Female,55.0,19.0,HR,2023-01-15,350000,
7947,EMP07947,Male,21.0,10.0,Manager,,800000,emp7947@mail.com
7948,EMP07948,Unknow,55.0,20.0,Engineer,2023-01-15,600000,
7949,EMP07949,Female,23.0,9.0,Intern,,500000,emp7949@mail.com
7950,EMP07950,Male,26.0,11.0,Manager,2025-07-01,500000,emp7950@mail.com
7951,EMP07951,Female,58.0,20.0,Manager,,600000,
7952,EMP07952,Male,46.0,16.0,HR,2023-01-15,350000,
7953,EMP07953,Female,50.0,9.0,Engineer,,600000,emp7953@mail.com
7954,EMP07954,Male,35.0,18.0,QA,2023-01-15,600000,
7955,EMP07955,Unknow,58.0,11.0,Manager,,350000,
7956,EMP07956,Unknow,40.0,7.0,HR,,500000,emp7956@mail.com
7957,EMP07957,Male,27.0,7.0,QA,2023-01-15,800000,
7958,EMP07958,Male,40.0,7.0,HR,,800000,
7959,EMP07959,Male,20.0,19.0,Analyst,,800000,
7960,EMP07960,Female,50.0,2.0,Manager,2023-01-15,600000,
7961,EMP07961,Male,35.0,11.0,HR,,500000,
7962,EMP07962,Unknow,58.0,5.0,QA,2023-01-15,600000,emp7962@mail.com
7963,EMP07963,Male,46.0,16.0,Analyst,,800000,
7964,EMP07964,Male,36.0,9.0,Manager,2025-07-01,800000,
7965,EMP07965,Unknow,41.0,8.0,Manager,2025-07-01,500000,
7966,EMP07966,Unknow,44.0,18.0,Engineer,,350000,
7967,EMP07967,Male,24.0,10.0,HR,,350000,
7968,EMP07968,Unknow,49.0,13.0,QA,,500000,emp7968@mail.com
7969,EMP07969,Female,48.0,15.0,Intern,2025-07-01,500000,emp7969@mail.com
7970,EMP07970,Unknow,25.0,9.0,QA,,500000,emp7970@mail.com
7971,EMP07971,Female,57.0,2.0,Intern,2025-07-01,600000,
7972,EMP07972,Female,55.0,18.0,Engineer,,800000,
7973,EMP07973,Male,43.0,5.0,QA,,600000,
7974,EMP07974,Male,29.0,9.0,Intern,2023-01-15,350000,
7975,EMP07975,Unknow,40.0,12.0,Analyst,2025-07-01,800000,emp7975@mail.com
7976,EMP07976,Female,36.0,1.0,Analyst,2025-07-01,350000,
7977,EMP07977,Male,31.0,2.0,Intern,2023-01-15,600000,emp7977@mail.com
7978,EMP07978,Male,34.0,6.0,Engineer,2025-07-01,500000,emp7978@mail.com
7979,EMP07979,Unknow,48.0,17.0,Intern,2025-07-01,350000,emp7979@mail.com
7980,EMP07980,Male,46.0,9.0,Engineer,,500000,emp7980@mail.com
7981,EMP07981,Male,49.0,4.0,Intern,,800000,emp7981@mail.com
7982,EMP07982,Male,26.0,7.0,HR,2023-01-15,800000,emp7982@mail.com
7983,EMP07983,Unknow,60.0,19.0,QA,2023-01-15,350000,
7984,EMP07984,Unknow,29.0,14.0,QA,2025-07-01,600000,
7985,EMP07985,Female,40.0,15.0,Intern,,800000,
7986,EMP07986,Male,60.0,4.0,QA,2025-07-01,600000,
7987,EMP07987,Male,55.0,99.0,Engineer,,350000,
7988,EMP07988,Male,40.0,10.0,Engineer,,600000,emp7988@mail.com
7989,EMP07989,Female,37.0,20.0,HR,,800000,
7990,EMP07990,Male,55.0,11.0,Manager,2025-07-01,800000,
7991,EMP07991,Female,39.0,10.0,Analyst,2025-07-01,600000,
7992,EMP07992,Female,52.0,7.0,Engineer,,350000,emp7992@mail.com
7993,EMP07993,Unknow,40.0,,Analyst,,600000,
7994,EMP07994,Female,48.0,10.0,Analyst,2025-07-01,800000,
7995,EMP07995,Female,49.0,15.0,Engineer,2025-07-01,500000,emp7995@mail.com
7996,EMP07996,Male,20.0,4.0,HR,,600000,
7997,EMP07997,Unknow,35.0,14.0,Engineer,,600000,
7998,EMP07998,Female,32.0,17.0,Engineer,,800000,
7999,EMP07999,Unknow,30.0,12.0,Manager,,600000,
8000,EMP08000,Male,36.0,8.0,QA,,500000,
8001,EMP08001,Male,21.0,10.0,HR,2025-07-01,350000,
8002,EMP08002,Male,37.0,14.0,QA,,800000,emp8002@mail.com
8003,EMP08003,Female,46.0,,Intern,2025-07-01,600000,
8004,EMP08004,Male,45.0,3.0,Intern,2025-07-01,600000,
8005,EMP08005,Unknow,52.0,8.0,Engineer,,500000,
8006,EMP08006,Female,43.0,,Analyst,2025-07-01,600000,
8007,EMP08007,Female,49.0,14.0,Analyst,2025-07-01,600000,emp8007@mail.com
8008,EMP08008,Male,34.0,20.0,Engineer,,600000,
8009,EMP08009,Female,37.0,19.0,HR,,600000,
8010,EMP08010,Male,49.0,,Manager,,600000,emp8010@mail.com
8011,EMP08011,Male,52.0,1.0,Engineer,2025-07-01,350000,
8012,EMP08012,Male,55.0,13.0,Manager,,500000,
8013,EMP08013,Male,59.0,4.0,Manager,,350000,
8014,EMP08014,Male,52.0,8.0,Analyst,,800000,
8015,EMP08015,Male,42.0,7.0,Manager,,500000,
8016,EMP08016,Female,58.0,8.0,QA,2023-01-15,350000,emp8016@mail.com
8017,EMP08017,Male,31.0,8.0,QA,,600000,emp8017@mail.com
8018,EMP08018,Female,55.0,2.0,HR,,600000,
8019,EMP08019,Male,25.0,9.0,Analyst,,500000,
8020,EMP08020,Female,56.0,7.0,Intern,2025-07-01,350000,
8021,EMP08021,Female,50.0,8.0,Analyst,,500000,
8022,EMP08022,Male,28.0,6.0,Engineer,,600000,emp8022@mail.com
8023,EMP08023,Female,48.0,99.0,HR,,800000,
8024,EMP08024,Female,55.0,12.0,Engineer,2025-07-01,600000,
8025,EMP08025,Male,40.0,3.0,Engineer,2025-07-01,600000,
8026,EMP08026,Male,36.0,7.0,Intern,,600000,
8027,EMP08027,Male,40.0,7.0,Manager,2023-01-15,600000,
8028,EMP08028,Male,34.0,16.0,Manager,2025-07-01,350000,
8029,EMP08029,Male,29.0,11.0,Analyst,,350000,
8030,EMP08030,Male,32.0,2.0,Manager,2023-01-15,600000,
8031,EMP08031,Female,36.0,13.0,Engineer,,500000,
8032,EMP08032,Male,34.0,9.0,Analyst,,600000,
8033,EMP08033,Unknow,53.0,6.0,Engineer,,500000,
8034,EMP08034,Male,26.0,14.0,QA,2023-01-15,800000,emp8034@mail.com
8035,EMP08035,Male,55.0,14.0,Analyst,2025-07-01,600000,emp8035@mail.com
8036,EMP08036,Female,32.0,19.0,Engineer,2023-01-15,600000,
8037,EMP08037,Female,50.0,17.0,Manager,,800000,emp8037@mail.com
8038,EMP08038,Female,38.0,8.0,Analyst,,350000,
8039,EMP08039,Female,21.0,16.0,Manager,2025-07-01,500000,emp8039@mail.com
8040,EMP08040,Male,20.0,7.0,Analyst,,350000,
8041,EMP08041,Male,33.0,8.0,Engineer,,600000,emp8041@mail.com
8042,EMP08042,Male,36.0,19.0,Manager,,350000,
8043,EMP08043,Female,38.0,14.0,QA,,500000,
8044,EMP08044,Unknow,40.0,2.0,Analyst,,600000,
8045,EMP08045,Female,44.0,7.0,Intern,,350000,
8046,EMP08046,Unknow,47.0,18.0,Intern,2025-07-01,600000,
8047,EMP08047,Female,40.0,12.0,Manager,,500000,emp8047@mail.com
8048,EMP08048,Female,21.0,11.0,Manager,,500000,
8049,EMP08049,Male,58.0,9.0,Engineer,,500000,
8050,EMP08050,Male,34.0,12.0,Manager,2023-01-15,600000,emp8050@mail.com
8051,EMP08051,Male,48.0,4.0,Intern,2025-07-01,350000,emp8051@mail.com
8052,EMP08052,Female,31.0,7.0,HR,2023-01-15,600000,
8053,EMP08053,Male,43.0,2.0,HR,2025-07-01,500000,emp8053@mail.com
8054,EMP08054,Unknow,46.0,12.0,Intern,,600000,emp8054@mail.com
8055,EMP08055,Female,30.0,3.0,QA,2025-07-01,800000,
8056,EMP08056,Male,23.0,,Intern,2025-07-01,600000,emp8056@mail.com
8057,EMP08057,Male,30.0,9.0,Engineer,,350000,
8058,EMP08058,Male,50.0,3.0,Analyst,2025-07-01,600000,
8059,EMP08059,Male,44.0,14.0,Analyst,,600000,
8060,EMP08060,Male,51.0,4.0,Intern,,800000,emp8060@mail.com
8061,EMP08061,Male,53.0,7.0,HR,,500000,
8062,EMP08062,Female,40.0,8.0,Engineer,2023-01-15,500000,
8063,EMP08063,Female,34.0,11.0,Intern,2025-07-01,350000,
8064,EMP08064,Female,54.0,19.0,Analyst,,500000,
8065,EMP08065,Female,41.0,11.0,HR,2025-07-01,350000,
8066,EMP08066,Male,56.0,12.0,Engineer,,350000,emp8066@mail.com
8067,EMP08067,Male,32.0,99.0,Manager,,500000,
8068,EMP08068,Male,46.0,14.0,QA,,600000,
8069,EMP08069,Male,23.0,14.0,HR,,600000,emp8069@mail.com
8070,EMP08070,Male,49.0,2.0,QA,,600000,
8071,EMP08071,Male,50.0,10.0,HR,,600000,
8072,EMP08072,Male,31.0,15.0,Engineer,,500000,
8073,EMP08073,Male,57.0,12.0,HR,,800000,emp8073@mail.com
8074,EMP08074,Male,38.0,99.0,Manager,,800000,
8075,EMP08075,Male,28.0,3.0,Intern,,800000,
8076,EMP08076,Unknow,40.0,17.0,Intern,,800000,
8077,EMP08077,Male,30.0,16.0,Analyst,2025-07-01,600000,
8078,EMP08078,Female,57.0,19.0,Manager,,500000,
8079,EMP08079,Male,21.0,12.0,HR,,350000,
8080,EMP08080,Unknow,56.0,19.0,Analyst,,800000,
8081,EMP08081,Female,45.0,5.0,Analyst,2023-01-15,800000,
8082,EMP08082,Male,22.0,20.0,Analyst,,600000,
8083,EMP08083,Male,27.0,15.0,Analyst,,600000,
8084,EMP08084,Male,23.0,6.0,Intern,,350000,
8085,EMP08085,Female,21.0,,Manager,2023-01-15,600000,
8086,EMP08086,Male,39.0,11.0,Engineer,,800000,
8087,EMP08087,Female,32.0,3.0,Engineer,,600000,
8088,EMP08088,Male,24.0,,Engineer,2023-01-15,600000,
8089,EMP08089,Male,46.0,17.0,QA,2023-01-15,600000,
8090,EMP08090,Male,45.0,12.0,Engineer,,350000,
8091,EMP08091,Male,20.0,2.0,Intern,2023-01-15,600000,
8092,EMP08092,Unknow,40.0,99.0,Intern,,500000,
8093,EMP08093,Female,43.0,,HR,,600000,emp8093@mail.com
8094,EMP08094,Female,41.0,11.0,Analyst,,500000,
8095,EMP08095,Male,60.0,14.0,Manager,,500000,
8096,EMP08096,Male,39.0,15.0,Analyst,2025-07-01,500000,
8097,EMP08097,Unknow,23.0,18.0,Intern,,600000,emp8097@mail.com
8098,EMP08098,Female,57.0,4.0,QA,2025-07-01,350000,
8099,EMP08099,Male,52.0,5.0,Analyst,,500000,
8100,EMP08100,Male,36.0,16.0,Engineer,2023-01-15,600000,
8101,EMP08101,Unknow,37.0,13.0,Engineer,,500000,emp8101@mail.com
8102,EMP08102,Female,25.0,10.0,HR,2023-01-15,800000,
8103,EMP08103,Unknow,32.0,18.0,HR,,600000,
8104,EMP08104,Female,47.0,99.0,QA,2023-01-15,350000,
8105,EMP08105,Male,26.0,20.0,QA,2025-07-01,600000,emp8105@mail.com
8106,EMP08106,Male,40.0,1.0,HR,2023-01-15,600000,
8107,EMP08107,Female,56.0,15.0,Engineer,2025-07-01,350000,
8108,EMP08108,Male,40.0,,Engineer,2025-07-01,600000,
8109,EMP08109,Male,23.0,,Engineer,,600000,
8110,EMP08110,Male,48.0,19.0,Engineer,2025-07-01,600000,
8111,EMP08111,Unknow,53.0,8.0,HR,,800000,
8112,EMP08112,Female,55.0,8.0,QA,,500000,emp8112@mail.com
8113,EMP08113,Female,33.0,17.0,Manager,,500000,emp8113@mail.com
8114,EMP08114,Female,52.0,1.0,QA,,600000,
8115,EMP08115,Male,24.0,18.0,HR,,600000,
8116,EMP08116,Male,42.0,99.0,QA,2023-01-15,500000,
8117,EMP08117,Female,36.0,17.0,Intern,,600000,emp8117@mail.com
8118,EMP08118,Unknow,40.0,9.0,Analyst,,500000,
8119,EMP08119,Male,26.0,4.0,Intern,,350000,
8120,EMP08120,Male,22.0,99.0,QA,,600000,
8121,EMP08121,Male,20.0,,QA,,600000,
8122,EMP08122,Unknow,54.0,2.0,HR,,350000,
8123,EMP08123,Female,23.0,2.0,HR,2025-07-01,600000,emp8123@mail.com
8124,EMP08124,Male,29.0,7.0,Analyst,,500000,
8125,EMP08125,Male,32.0,4.0,HR,,800000,
8126,EMP08126,Male,29.0,12.0,Intern,2023-01-15,600000,
8127,EMP08127,Male,22.0,1.0,Analyst,,500000,
8128,EMP08128,Unknow,46.0,16.0,Analyst,,600000,
8129,EMP08129,Female,33.0,17.0,Manager,2025-07-01,600000,
8130,EMP08130,Male,40.0,19.0,HR,2025-07-01,600000,emp8130@mail.com
8131,EMP08131,Male,31.0,13.0,HR,,500000,
8132,EMP08132,Unknow,20.0,15.0,Manager,,600000,
8133,EMP08133,Female,29.0,8.0,Engineer,,500000,
8134,EMP08134,Female,43.0,20.0,Intern,,600000,
8135,EMP08135,Female,23.0,12.0,Analyst,2023-01-15,600000,
8136,EMP08136,Male,40.0,10.0,HR,2023-01-15,800000,
8137,EMP08137,Unknow,57.0,7.0,Engineer,2023-01-15,350000,
8138,EMP08138,Male,21.0,1.0,Engineer,2023-01-15,800000,
8139,EMP08139,Female,55.0,2.0,Analyst,2025-07-01,350000,
8140,EMP08140,Male,44.0,4.0,Manager,,600000,
8141,EMP08141,Female,60.0,11.0,HR,,350000,
8142,EMP08142,Female,51.0,4.0,Manager,,600000,
8143,EMP08143,Male,58.0,14.0,Intern,,600000,
8144,EMP08144,Unknow,44.0,6.0,Engineer,,350000,
8145,EMP08145,Male,25.0,10.0,Analyst,,800000,emp8145@mail.com
8146,EMP08146,Male,38.0,7.0,HR,,600000,
8147,EMP08147,Unknow,38.0,,QA,,600000,
8148,EMP08148,Female,54.0,4.0,HR,2023-01-15,350000,
8149,EMP08149,Female,38.0,4.0,Intern,2023-01-15,500000,
8150,EMP08150,Female,45.0,19.0,QA,2023-01-15,600000,
8151,EMP08151,Unknow,25.0,15.0,Engineer,2025-07-01,600000,
8152,EMP08152,Female,40.0,20.0,QA,2023-01-15,600000,
8153,EMP08153,Male,44.0,15.0,Intern,,600000,
8154,EMP08154,Female,55.0,13.0,Engineer,,350000,
8155,EMP08155,Female,46.0,13.0,Manager,,600000,
8156,EMP08156,Male,50.0,11.0,Analyst,2023-01-15,500000,emp8156@mail.com
8157,EMP08157,Male,21.0,11.0,QA,,800000,
8158,EMP08158,Female,25.0,12.0,QA,,800000,
8159,EMP08159,Unknow,49.0,20.0,Intern,,800000,
8160,EMP08160,Female,40.0,8.0,Analyst,2025-07-01,800000,
8161,EMP08161,Male,55.0,19.0,Analyst,,500000,
8162,EMP08162,Male,38.0,8.0,Analyst,2023-01-15,500000,
8163,EMP08163,Female,54.0,15.0,Engineer,2023-01-15,500000,
8164,EMP08164,Female,60.0,7.0,QA,2025-07-01,500000,
8165,EMP08165,Female,38.0,4.0,Intern,,800000,
8166,EMP08166,Unknow,40.0,11.0,Analyst,,350000,emp8166@mail.com
8167,EMP08167,Male,59.0,,QA,2025-07-01,600000,
8168,EMP08168,Male,31.0,9.0,Intern,2023-01-15,500000,
8169,EMP08169,Female,56.0,17.0,QA,2025-07-01,500000,
8170,EMP08170,Male,45.0,8.0,Engineer,2023-01-15,500000,
8171,EMP08171,Female,55.0,7.0,Engineer,,500000,
8172,EMP08172,Male,26.0,12.0,HR,2025-07-01,600000,
8173,EMP08173,Unknow,42.0,2.0,QA,2025-07-01,600000,
8174,EMP08174,Female,24.0,18.0,Manager,,600000,
8175,EMP08175,Male,39.0,16.0,Manager,,500000,emp8175@mail.com
8176,EMP08176,Female,20.0,1.0,HR,2025-07-01,800000,
8177,EMP08177,Female,29.0,5.0,QA,,500000,
8178,EMP08178,Male,23.0,15.0,Manager,,500000,
8179,EMP08179,Male,49.0,99.0,Analyst,,500000,emp8179@mail.com
8180,EMP08180,Male,32.0,17.0,Analyst,2025-07-01,600000,emp8180@mail.com
8181,EMP08181,Female,59.0,11.0,HR,,500000,
8182,EMP08182,Unknow,57.0,19.0,Manager,2023-01-15,600000,
8183,EMP08183,Male,30.0,5.0,Analyst,2025-07-01,500000,
8184,EMP08184,Female,30.0,3.0,QA,2025-07-01,500000,
8185,EMP08185,Male,37.0,18.0,Engineer,2023-01-15,600000,
8186,EMP08186,Female,25.0,13.0,Manager,,500000,
8187,EMP08187,Male,48.0,99.0,Engineer,,500000,
8188,EMP08188,Male,44.0,17.0,Manager,2023-01-15,500000,
8189,EMP08189,Male,40.0,1.0,Intern,2023-01-15,350000,
8190,EMP08190,Male,41.0,17.0,Intern,,350000,emp8190@mail.com
8191,EMP08191,Male,23.0,15.0,QA,2023-01-15,800000,
8192,EMP08192,Female,45.0,16.0,HR,2023-01-15,600000,
8193,EMP08193,Male,28.0,10.0,Intern,2023-01-15,350000,emp8193@mail.com
8194,EMP08194,Unknow,42.0,9.0,HR,,800000,
8195,EMP08195,Male,23.0,,HR,,600000,emp8195@mail.com
8196,EMP08196,Unknow,28.0,2.0,Manager,2025-07-01,600000,
8197,EMP08197,Male,56.0,8.0,HR,,800000,
8198,EMP08198,Unknow,48.0,13.0,Intern,,500000,
8199,EMP08199,Female,40.0,10.0,HR,,800000,
8200,EMP08200,Female,21.0,7.0,Engineer,,350000,
8201,EMP08201,Male,29.0,11.0,Engineer,,500000,emp8201@mail.com
8202,EMP08202,Male,30.0,,QA,,600000,
8203,EMP08203,Male,54.0,20.0,QA,,600000,
8204,EMP08204,Male,50.0,10.0,Manager,2023-01-15,800000,
8205,EMP08205,Female,20.0,10.0,Intern,,600000,
8206,EMP08206,Unknow,39.0,19.0,Intern,2023-01-15,600000,
8207,EMP08207,Male,40.0,16.0,Analyst,,600000,
8208,EMP08208,Female,25.0,18.0,QA,,600000,
8209,EMP08209,Female,57.0,1.0,Manager,2023-01-15,600000,emp8209@mail.com
8210,EMP08210,Unknow,28.0,3.0,Manager,2023-01-15,600000,
8211,EMP08211,Female,40.0,2.0,Analyst,,500000,
8212,EMP08212,Male,59.0,18.0,HR,,600000,
8213,EMP08213,Male,32.0,12.0,Intern,2025-07-01,600000,
8214,EMP08214,Male,55.0,10.0,Manager,,600000,
8215,EMP08215,Female,42.0,19.0,HR,,800000,
8216,EMP08216,Male,23.0,19.0,Manager,2025-07-01,800000,
8217,EMP08217,Male,45.0,19.0,HR,,600000,
8218,EMP08218,Male,32.0,,Engineer,,600000,
8219,EMP08219,Female,52.0,18.0,Engineer,,600000,
8220,EMP08220,Unknow,39.0,16.0,QA,,350000,emp8220@mail.com
8221,EMP08221,Male,27.0,5.0,Engineer,2023-01-15,500000,
8222,EMP08222,Male,44.0,11.0,QA,2023-01-15,800000,
8223,EMP08223,Female,58.0,17.0,QA,2023-01-15,600000,emp8223@mail.com
8224,EMP08224,Female,59.0,12.0,Intern,,800000,
8225,EMP08225,Female,53.0,1.0,QA,,600000,
8226,EMP08226,Male,46.0,10.0,HR,,600000,
8227,EMP08227,Female,24.0,11.0,Engineer,,500000,
8228,EMP08228,Male,53.0,10.0,Manager,2025-07-01,800000,emp8228@mail.com
8229,EMP08229,Female,20.0,17.0,QA,2023-01-15,600000,emp8229@mail.com
8230,EMP08230,Female,20.0,20.0,Intern,2025-07-01,600000,
8231,EMP08231,Female,58.0,19.0,Analyst,2023-01-15,600000,
8232,EMP08232,Female,56.0,19.0,Intern,2025-07-01,600000,
8233,EMP08233,Unknow,52.0,99.0,QA,,500000,
8234,EMP08234,Female,43.0,13.0,Intern,,500000,
8235,EMP08235,Unknow,39.0,9.0,Manager,,800000,
8236,EMP08236,Female,53.0,13.0,HR,2023-01-15,500000,
8237,EMP08237,Unknow,55.0,19.0,Intern,,600000,
8238,EMP08238,Female,22.0,5.0,Manager,,500000,emp8238@mail.com
8239,EMP08239,Female,59.0,18.0,Intern,,600000,emp8239@mail.com
8240,EMP08240,Male,45.0,99.0,Engineer,2023-01-15,600000,
8241,EMP08241,Female,20.0,4.0,Engineer,,600000,emp8241@mail.com
8242,EMP08242,Female,54.0,99.0,HR,,600000,emp8242@mail.com
8243,EMP08243,Male,40.0,,Analyst,,600000,emp8243@mail.com
8244,EMP08244,Unknow,44.0,4.0,Engineer,,600000,
8245,EMP08245,Unknow,34.0,20.0,Intern,,350000,emp8245@mail.com
8246,EMP08246,Female,46.0,17.0,Analyst,2023-01-15,350000,
8247,EMP08247,Female,41.0,2.0,Manager,,350000,
8248,EMP08248,Female,29.0,15.0,QA,,350000,emp8248@mail.com
8249,EMP08249,Female,40.0,1.0,Intern,2023-01-15,350000,
8250,EMP08250,Male,27.0,1.0,Manager,2023-01-15,350000,
8251,EMP08251,Male,21.0,18.0,Manager,,350000,
8252,EMP08252,Female,27.0,4.0,Analyst,2025-07-01,600000,
8253,EMP08253,Male,28.0,1.0,QA,,600000,emp8253@mail.com
8254,EMP08254,Female,51.0,4.0,Intern,2023-01-15,600000,
8255,EMP08255,Unknow,55.0,20.0,QA,,600000,
8256,EMP08256,Female,40.0,7.0,Analyst,,350000,
8257,EMP08257,Female,49.0,7.0,Analyst,,350000,
8258,EMP08258,Female,30.0,16.0,HR,,600000,
8259,EMP08259,Female,52.0,17.0,Analyst,2023-01-15,500000,
8260,EMP08260,Unknow,29.0,19.0,Engineer,2023-01-15,600000,
8261,EMP08261,Female,30.0,17.0,Analyst,,800000,emp8261@mail.com
8262,EMP08262,Unknow,53.0,10.0,Intern,,350000,
8263,EMP08263,Male,24.0,8.0,Manager,,500000,emp8263@mail.com
8264,EMP08264,Unknow,22.0,5.0,Analyst,2023-01-15,500000,
8265,EMP08265,Male,58.0,11.0,Manager,,350000,emp8265@mail.com
8266,EMP08266,Male,29.0,99.0,QA,2025-07-01,350000,
8267,EMP08267,Male,40.0,17.0,Intern,2023-01-15,350000,
8268,EMP08268,Male,41.0,5.0,Engineer,,500000,
8269,EMP08269,Male,38.0,2.0,Manager,2023-01-15,500000,
8270,EMP08270,Unknow,35.0,10.0,Manager,,800000,emp8270@mail.com
8271,EMP08271,Male,33.0,12.0,HR,,600000,
8272,EMP08272,Unknow,36.0,7.0,Manager,,500000,emp8272@mail.com
8273,EMP08273,Unknow,20.0,99.0,HR,,500000,
8274,EMP08274,Male,25.0,3.0,HR,2023-01-15,350000,
8275,EMP08275,Male,58.0,11.0,Analyst,,350000,emp8275@mail.com
8276,EMP08276,Male,37.0,12.0,Analyst,2023-01-15,500000,
8277,EMP08277,Female,28.0,13.0,HR,,500000,
8278,EMP08278,Male,55.0,16.0,Engineer,2025-07-01,350000,
8279,EMP08279,Female,34.0,8.0,Manager,2023-01-15,500000,emp8279@mail.com
8280,EMP08280,Female,26.0,12.0,Intern,,600000,emp8280@mail.com
8281,EMP08281,Female,55.0,10.0,HR,,350000,emp8281@mail.com
8282,EMP08282,Male,20.0,13.0,Analyst,,350000,
8283,EMP08283,Unknow,50.0,7.0,Manager,,800000,
8284,EMP08284,Male,49.0,3.0,Intern,,600000,
8285,EMP08285,Male,52.0,,HR,,600000,
8286,EMP08286,Female,44.0,7.0,Analyst,,500000,
8287,EMP08287,Female,56.0,2.0,QA,,600000,
8288,EMP08288,Female,34.0,15.0,HR,,500000,
8289,EMP08289,Male,40.0,12.0,QA,2023-01-15,600000,
8290,EMP08290,Male,23.0,8.0,Intern,2025-07-01,500000,
8291,EMP08291,Female,57.0,16.0,QA,,800000,
8292,EMP08292,Male,49.0,9.0,QA,,500000,
8293,EMP08293,Female,50.0,18.0,Engineer,,800000,
8294,EMP08294,Male,33.0,18.0,QA,,600000,
8295,EMP08295,Male,40.0,11.0,QA,2023-01-15,800000,
8296,EMP08296,Male,44.0,4.0,Manager,,500000,
8297,EMP08297,Male,39.0,11.0,HR,,500000,
8298,EMP08298,Male,54.0,4.0,Intern,,800000,
8299,EMP08299,Female,51.0,13.0,Engineer,,350000,emp8299@mail.com
8300,EMP08300,Male,36.0,13.0,HR,,500000,
8301,EMP08301,Male,20.0,19.0,Analyst,,800000,
8302,EMP08302,Male,40.0,4.0,QA,,600000,emp8302@mail.com
8303,EMP08303,Male,33.0,10.0,QA,2025-07-01,350000,
8304,EMP08304,Female,37.0,11.0,Manager,,500000,
8305,EMP08305,Unknow,27.0,16.0,Analyst,,600000,emp8305@mail.com
8306,EMP08306,Male,35.0,99.0,Manager,,500000,
8307,EMP08307,Male,20.0,17.0,Analyst,,350000,emp8307@mail.com
8308,EMP08308,Male,25.0,9.0,QA,,500000,
8309,EMP08309,Female,22.0,5.0,Engineer,2025-07-01,600000,
8310,EMP08310,Male,44.0,4.0,Manager,,600000,
8311,EMP08311,Unknow,40.0,18.0,QA,2023-01-15,600000,emp8311@mail.com
8312,EMP08312,Male,51.0,6.0,Intern,2023-01-15,800000,emp8312@mail.com
8313,EMP08313,Female,30.0,16.0,Intern,,600000,
8314,EMP08314,Male,40.0,2.0,Analyst,2025-07-01,500000,
8315,EMP08315,Male,34.0,9.0,QA,,500000,emp8315@mail.com
8316,EMP08316,Unknow,40.0,16.0,QA,,600000,
8317,EMP08317,Male,29.0,99.0,Intern,2023-01-15,500000,
8318,EMP08318,Unknow,45.0,18.0,Manager,2025-07-01,800000,
8319,EMP08319,Male,24.0,3.0,Intern,2025-07-01,600000,
8320,EMP08320,Male,41.0,14.0,Intern,2025-07-01,800000,emp8320@mail.com
8321,EMP08321,Unknow,24.0,16.0,Manager,,600000,
8322,EMP08322,Female,26.0,6.0,Intern,2023-01-15,600000,
8323,EMP08323,Male,47.0,15.0,QA,2025-07-01,800000,emp8323@mail.com
8324,EMP08324,Female,49.0,20.0,HR,,600000,
8325,EMP08325,Female,42.0,14.0,Engineer,2023-01-15,800000,
8326,EMP08326,Female,40.0,,Engineer,,600000,
8327,EMP08327,Male,53.0,19.0,HR,,800000,
8328,EMP08328,Unknow,26.0,15.0,Manager,2025-07-01,600000,emp8328@mail.com
8329,EMP08329,Unknow,43.0,16.0,Intern,2025-07-01,500000,
8330,EMP08330,Male,51.0,14.0,Manager,,500000,
8331,EMP08331,Male,37.0,9.0,QA,,800000,emp8331@mail.com
8332,EMP08332,Female,31.0,9.0,Analyst,2025-07-01,350000,emp8332@mail.com
8333,EMP08333,Male,35.0,3.0,Manager,,800000,
8334,EMP08334,Unknow,58.0,12.0,HR,2023-01-15,600000,
8335,EMP08335,Male,31.0,13.0,Analyst,,500000,
8336,EMP08336,Unknow,45.0,8.0,QA,2023-01-15,600000,emp8336@mail.com
8337,EMP08337,Male,37.0,13.0,Analyst,2023-01-15,500000,
8338,EMP08338,Unknow,57.0,1.0,Analyst,,500000,
8339,EMP08339,Male,55.0,4.0,HR,2025-07-01,600000,
8340,EMP08340,Female,39.0,11.0,QA,,600000,emp8340@mail.com
8341,EMP08341,Male,46.0,99.0,QA,,350000,
8342,EMP08342,Male,58.0,9.0,Analyst,,350000,
8343,EMP08343,Female,59.0,16.0,Manager,,800000,
8344,EMP08344,Male,35.0,10.0,HR,2025-07-01,500000,
8345,EMP08345,Female,38.0,20.0,HR,,600000,
8346,EMP08346,Male,27.0,17.0,QA,2023-01-15,800000,emp8346@mail.com
8347,EMP08347,Male,40.0,13.0,QA,,500000,
8348,EMP08348,Female,26.0,8.0,Intern,,500000,
8349,EMP08349,Unknow,32.0,2.0,QA,2025-07-01,600000,
8350,EMP08350,Male,41.0,7.0,Intern,,500000,
8351,EMP08351,Male,40.0,18.0,Engineer,,350000,
8352,EMP08352,Unknow,60.0,9.0,Intern,2023-01-15,500000,
8353,EMP08353,Female,56.0,7.0,Analyst,,600000,
8354,EMP08354,Unknow,50.0,7.0,Intern,,600000,
8355,EMP08355,Male,22.0,15.0,QA,2023-01-15,500000,
8356,EMP08356,Female,49.0,13.0,Engineer,,350000,
8357,EMP08357,Female,43.0,20.0,QA,,600000,emp8357@mail.com
8358,EMP08358,Female,48.0,16.0,Manager,,800000,
8359,EMP08359,Male,29.0,9.0,Analyst,,500000,
8360,EMP08360,Male,56.0,14.0,Analyst,,600000,
8361,EMP08361,Unknow,56.0,1.0,HR,2025-07-01,600000,
8362,EMP08362,Female,40.0,,Engineer,2025-07-01,600000,emp8362@mail.com
8363,EMP08363,Male,55.0,20.0,QA,2025-07-01,600000,
8364,EMP08364,Male,22.0,1.0,Intern,,600000,
8365,EMP08365,Male,31.0,12.0,Intern,,600000,
8366,EMP08366,Male,39.0,10.0,Intern,2025-07-01,600000,
8367,EMP08367,Female,26.0,16.0,Engineer,,500000,
8368,EMP08368,Unknow,40.0,14.0,Intern,2023-01-15,600000,emp8368@mail.com
8369,EMP08369,Male,51.0,6.0,HR,,600000,
8370,EMP08370,Female,54.0,,QA,2023-01-15,600000,emp8370@mail.com
8371,EMP08371,Male,33.0,11.0,Engineer,,500000,
8372,EMP08372,Female,29.0,18.0,Manager,2023-01-15,600000,emp8372@mail.com
8373,EMP08373,Male,21.0,7.0,Analyst,,500000,
8374,EMP08374,Female,40.0,13.0,Intern,2025-07-01,800000,emp8374@mail.com
8375,EMP08375,Male,37.0,6.0,Engineer,,600000,
8376,EMP08376,Female,40.0,4.0,QA,,600000,
8377,EMP08377,Male,37.0,99.0,HR,,600000,emp8377@mail.com
8378,EMP08378,Male,31.0,7.0,Engineer,,500000,
8379,EMP08379,Male,29.0,14.0,QA,2025-07-01,600000,emp8379@mail.com
8380,EMP08380,Female,60.0,7.0,Analyst,2023-01-15,800000,emp8380@mail.com
8381,EMP08381,Unknow,46.0,10.0,Engineer,2023-01-15,500000,
8382,EMP08382,Male,28.0,14.0,QA,,600000,
8383,EMP08383,Male,22.0,7.0,Intern,,500000,
8384,EMP08384,Male,33.0,7.0,Manager,2025-07-01,500000,
8385,EMP08385,Male,23.0,16.0,Intern,2023-01-15,500000,emp8385@mail.com
8386,EMP08386,Female,39.0,15.0,QA,,500000,
8387,EMP08387,Female,30.0,19.0,Engineer,2023-01-15,600000,
8388,EMP08388,Male,55.0,16.0,Engineer,2023-01-15,600000,emp8388@mail.com
8389,EMP08389,Male,41.0,1.0,Engineer,,500000,
8390,EMP08390,Male,53.0,8.0,Intern,,500000,
8391,EMP08391,Female,40.0,14.0,Analyst,,600000,
8392,EMP08392,Unknow,40.0,20.0,HR,2025-07-01,600000,
8393,EMP08393,Female,43.0,18.0,QA,2023-01-15,600000,
8394,EMP08394,Male,23.0,10.0,Manager,2025-07-01,800000,
8395,EMP08395,Male,29.0,18.0,Manager,,600000,
8396,EMP08396,Male,34.0,99.0,Analyst,,500000,
8397,EMP08397,Male,29.0,14.0,QA,2025-07-01,350000,
8398,EMP08398,Male,25.0,6.0,HR,,600000,
8399,EMP08399,Male,31.0,12.0,HR,2025-07-01,600000,
8400,EMP08400,Male,30.0,3.0,QA,,350000,
8401,EMP08401,Female,27.0,18.0,HR,,800000,
8402,EMP08402,Unknow,54.0,99.0,Engineer,,600000,emp8402@mail.com
8403,EMP08403,Female,26.0,19.0,Manager,2025-07-01,600000,emp8403@mail.com
8404,EMP08404,Male,49.0,,Manager,,600000,
8405,EMP08405,Male,51.0,12.0,QA,,600000,
8406,EMP08406,Female,26.0,19.0,Manager,,350000,
8407,EMP08407,Unknow,51.0,17.0,Engineer,,500000,
8408,EMP08408,Male,39.0,2.0,Engineer,,350000,
8409,EMP08409,Male,57.0,13.0,QA,2023-01-15,800000,emp8409@mail.com
8410,EMP08410,Unknow,59.0,2.0,Manager,,600000,
8411,EMP08411,Male,37.0,6.0,QA,2023-01-15,800000,
8412,EMP08412,Female,26.0,15.0,Analyst,,600000,
8413,EMP08413,Unknow,40.0,4.0,Intern,2023-01-15,600000,
8414,EMP08414,Male,35.0,15.0,Engineer,,350000,
8415,EMP08415,Male,39.0,,QA,2023-01-15,600000,
8416,EMP08416,Male,20.0,99.0,Intern,2025-07-01,800000,
8417,EMP08417,Female,30.0,14.0,Analyst,,800000,emp8417@mail.com
8418,EMP08418,Unknow,21.0,99.0,Engineer,,800000,
8419,EMP08419,Female,56.0,9.0,QA,,800000,
8420,EMP08420,Unknow,43.0,8.0,Intern,2023-01-15,600000,emp8420@mail.com
8421,EMP08421,Female,23.0,10.0,Engineer,,600000,
8422,EMP08422,Male,23.0,10.0,Manager,,600000,
8423,EMP08423,Male,41.0,6.0,Engineer,2023-01-15,500000,
8424,EMP08424,Male,42.0,15.0,Engineer,,800000,
8425,EMP08425,Male,21.0,17.0,Intern,,500000,emp8425@mail.com
8426,EMP08426,Male,29.0,6.0,Manager,2023-01-15,600000,
8427,EMP08427,Unknow,40.0,2.0,QA,,600000,emp8427@mail.com
8428,EMP08428,Male,21.0,10.0,HR,,600000,
8429,EMP08429,Male,49.0,4.0,Analyst,,600000,
8430,EMP08430,Male,31.0,16.0,Intern,,500000,emp8430@mail.com
8431,EMP08431,Female,54.0,14.0,Intern,,350000,
8432,EMP08432,Female,41.0,19.0,Analyst,,600000,
8433,EMP08433,Male,38.0,1.0,Intern,2025-07-01,350000,
8434,EMP08434,Male,59.0,19.0,Engineer,,350000,
8435,EMP08435,Male,40.0,19.0,QA,,600000,
8436,EMP08436,Male,58.0,16.0,Analyst,2025-07-01,600000,
8437,EMP08437,Female,50.0,5.0,Engineer,2023-01-15,800000,
8438,EMP08438,Female,59.0,9.0,QA,2023-01-15,500000,
8439,EMP08439,Male,54.0,,HR,,600000,
8440,EMP08440,Male,29.0,99.0,QA,,500000,
8441,EMP08441,Female,20.0,99.0,Manager,,800000,
8442,EMP08442,Female,42.0,13.0,Intern,2025-07-01,500000,
8443,EMP08443,Male,57.0,20.0,Analyst,,600000,emp8443@mail.com
8444,EMP08444,Female,49.0,15.0,Intern,,500000,
8445,EMP08445,Male,40.0,6.0,Analyst,,600000,
8446,EMP08446,Male,24.0,4.0,QA,2023-01-15,600000,
8447,EMP08447,Female,57.0,15.0,Analyst,,500000,
8448,EMP08448,Male,23.0,7.0,Manager,,800000,
8449,EMP08449,Male,53.0,3.0,QA,,600000,
8450,EMP08450,Female,28.0,5.0,Manager,,350000,
8451,EMP08451,Female,58.0,1.0,QA,,500000,emp8451@mail.com
8452,EMP08452,Unknow,38.0,18.0,Engineer,,600000,emp8452@mail.com
8453,EMP08453,Female,58.0,7.0,Intern,,500000,
8454,EMP08454,Unknow,41.0,15.0,QA,,500000,
8455,EMP08455,Male,24.0,10.0,Intern,2025-07-01,600000,emp8455@mail.com
8456,EMP08456,Male,33.0,11.0,Manager,2025-07-01,800000,
8457,EMP08457,Male,60.0,14.0,Analyst,,600000,
8458,EMP08458,Unknow,29.0,19.0,Manager,,500000,
8459,EMP08459,Female,42.0,18.0,QA,,600000,emp8459@mail.com
8460,EMP08460,Male,26.0,12.0,QA,,600000,emp8460@mail.com
8461,EMP08461,Female,25.0,19.0,Manager,,800000,
8462,EMP08462,Female,35.0,6.0,Analyst,2025-07-01,600000,
8463,EMP08463,Unknow,43.0,12.0,Manager,2023-01-15,800000,
8464,EMP08464,Female,39.0,14.0,QA,,500000,
8465,EMP08465,Female,60.0,5.0,Analyst,,800000,
8466,EMP08466,Unknow,43.0,3.0,Engineer,,600000,
8467,EMP08467,Female,49.0,20.0,Analyst,2025-07-01,600000,
8468,EMP08468,Male,55.0,8.0,Manager,2023-01-15,500000,
8469,EMP08469,Male,38.0,,Manager,,600000,
8470,EMP08470,Male,24.0,19.0,HR,,600000,emp8470@mail.com
8471,EMP08471,Unknow,57.0,2.0,Analyst,,600000,
8472,EMP08472,Unknow,40.0,15.0,HR,,500000,
8473,EMP08473,Unknow,32.0,99.0,Manager,2023-01-15,500000,
8474,EMP08474,Male,28.0,,QA,,600000,
8475,EMP08475,Unknow,27.0,7.0,Manager,,500000,emp8475@mail.com
8476,EMP08476,Unknow,57.0,19.0,Manager,,600000,
8477,EMP08477,Male,38.0,2.0,Analyst,,600000,
8478,EMP08478,Female,40.0,16.0,Engineer,2023-01-15,500000,
8479,EMP08479,Male,47.0,9.0,Manager,,500000,
8480,EMP08480,Male,45.0,13.0,QA,2023-01-15,500000,
8481,EMP08481,Male,32.0,10.0,HR,2023-01-15,500000,emp8481@mail.com
8482,EMP08482,Male,22.0,5.0,Intern,,500000,
8483,EMP08483,Male,58.0,,HR,2025-07-01,600000,emp8483@mail.com
8484,EMP08484,Male,41.0,10.0,QA,,600000,
8485,EMP08485,Female,38.0,15.0,QA,,350000,
8486,EMP08486,Female,59.0,19.0,QA,2025-07-01,600000,emp8486@mail.com
8487,EMP08487,Male,45.0,13.0,QA,,500000,emp8487@mail.com
8488,EMP08488,Unknow,40.0,16.0,Manager,,500000,
8489,EMP08489,Male,26.0,5.0,Intern,2023-01-15,350000,
8490,EMP08490,Unknow,44.0,1.0,QA,,800000,
8491,EMP08491,Female,60.0,14.0,Analyst,,800000,
8492,EMP08492,Female,32.0,6.0,Manager,,600000,
8493,EMP08493,Male,57.0,20.0,Intern,,600000,emp8493@mail.com
8494,EMP08494,Unknow,37.0,3.0,Analyst,2023-01-15,600000,emp8494@mail.com
8495,EMP08495,Male,36.0,1.0,HR,,600000,emp8495@mail.com
8496,EMP08496,Male,59.0,19.0,Manager,,600000,
8497,EMP08497,Male,39.0,3.0,Analyst,,500000,
8498,EMP08498,Female,52.0,17.0,Manager,2025-07-01,500000,
8499,EMP08499,Female,53.0,3.0,Manager,,600000,
8500,EMP08500,Female,50.0,10.0,HR,,800000,
8501,EMP08501,Male,45.0,14.0,QA,,600000,
8502,EMP08502,Male,26.0,17.0,HR,,500000,
8503,EMP08503,Female,40.0,5.0,HR,,500000,
8504,EMP08504,Male,22.0,19.0,QA,,600000,
8505,EMP08505,Male,27.0,5.0,Engineer,,350000,
8506,EMP08506,Male,28.0,15.0,Engineer,,350000,
8507,EMP08507,Male,40.0,4.0,Manager,2025-07-01,800000,
8508,EMP08508,Unknow,31.0,2.0,Engineer,,800000,emp8508@mail.com
8509,EMP08509,Male,50.0,6.0,HR,,350000,
8510,EMP08510,Female,21.0,7.0,Engineer,,600000,
8511,EMP08511,Female,54.0,16.0,Engineer,2025-07-01,500000,
8512,EMP08512,Unknow,48.0,16.0,HR,,600000,
8513,EMP08513,Male,52.0,6.0,QA,2025-07-01,800000,
8514,EMP08514,Female,40.0,13.0,Manager,2025-07-01,500000,
8515,EMP08515,Female,51.0,3.0,Manager,,800000,
8516,EMP08516,Male,54.0,19.0,Analyst,2025-07-01,600000,
8517,EMP08517,Male,56.0,15.0,Analyst,,500000,
8518,EMP08518,Male,50.0,1.0,QA,,600000,
8519,EMP08519,Male,46.0,18.0,Intern,2023-01-15,500000,
8520,EMP08520,Male,59.0,13.0,Engineer,,600000,
8521,EMP08521,Female,60.0,16.0,Analyst,,600000,
8522,EMP08522,Male,40.0,11.0,HR,2023-01-15,800000,
8523,EMP08523,Male,40.0,6.0,HR,2025-07-01,800000,emp8523@mail.com
8524,EMP08524,Female,59.0,14.0,HR,2025-07-01,600000,
8525,EMP08525,Male,28.0,9.0,Analyst,2023-01-15,500000,
8526,EMP08526,Male,45.0,20.0,HR,,500000,
8527,EMP08527,Male,42.0,10.0,Manager,2023-01-15,500000,emp8527@mail.com
8528,EMP08528,Female,58.0,7.0,Manager,,500000,emp8528@mail.com
8529,EMP08529,Male,55.0,1.0,QA,,600000,
8530,EMP08530,Unknow,29.0,99.0,HR,,600000,emp8530@mail.com
8531,EMP08531,Male,36.0,19.0,Engineer,2025-07-01,600000,
8532,EMP08532,Female,49.0,9.0,HR,,500000,
8533,EMP08533,Male,31.0,6.0,Manager,,500000,emp8533@mail.com
8534,EMP08534,Male,40.0,8.0,Intern,2023-01-15,500000,
8535,EMP08535,Female,37.0,20.0,Intern,2025-07-01,350000,
8536,EMP08536,Male,36.0,4.0,Manager,,600000,
8537,EMP08537,Male,52.0,14.0,QA,,500000,
8538,EMP08538,Female,49.0,2.0,HR,,350000,emp8538@mail.com
8539,EMP08539,Male,32.0,2.0,HR,2025-07-01,600000,emp8539@mail.com
8540,EMP08540,Male,60.0,11.0,QA,,600000,emp8540@mail.com
8541,EMP08541,Male,39.0,11.0,Engineer,,800000,emp8541@mail.com
8542,EMP08542,Female,30.0,20.0,Analyst,2025-07-01,600000,
8543,EMP08543,Male,48.0,4.0,HR,,600000,
8544,EMP08544,Male,21.0,8.0,HR,,500000,
8545,EMP08545,Unknow,30.0,7.0,Engineer,,600000,emp8545@mail.com
8546,EMP08546,Unknow,43.0,10.0,HR,,500000,
8547,EMP08547,Unknow,25.0,99.0,Intern,,800000,emp8547@mail.com
8548,EMP08548,Male,50.0,18.0,Manager,2025-07-01,350000,
8549,EMP08549,Male,37.0,8.0,QA,,500000,emp8549@mail.com
8550,EMP08550,Unknow,44.0,10.0,HR,,600000,
8551,EMP08551,Male,49.0,19.0,QA,,600000,emp8551@mail.com
8552,EMP08552,Unknow,50.0,9.0,Engineer,,500000,
8553,EMP08553,Male,38.0,15.0,Intern,2025-07-01,500000,
8554,EMP08554,Male,29.0,9.0,Analyst,2025-07-01,600000,
8555,EMP08555,Male,48.0,19.0,QA,,600000,
8556,EMP08556,Male,52.0,4.0,Analyst,,800000,
8557,EMP08557,Male,45.0,6.0,QA,2025-07-01,800000,emp8557@mail.com
8558,EMP08558,Female,39.0,5.0,HR,2023-01-15,600000,
8559,EMP08559,Female,22.0,3.0,Analyst,2023-01-15,800000,
8560,EMP08560,Male,27.0,18.0,Manager,2025-07-01,500000,
8561,EMP08561,Unknow,56.0,3.0,HR,,600000,emp8561@mail.com
8562,EMP08562,Male,31.0,17.0,Intern,,600000,emp8562@mail.com
8563,EMP08563,Unknow,46.0,13.0,Engineer,,350000,emp8563@mail.com
8564,EMP08564,Unknow,34.0,11.0,HR,,500000,
8565,EMP08565,Male,36.0,99.0,Engineer,,350000,
8566,EMP08566,Female,22.0,6.0,Manager,2025-07-01,600000,emp8566@mail.com
8567,EMP08567,Male,33.0,17.0,Engineer,,600000,
8568,EMP08568,Male,29.0,6.0,Engineer,,350000,
8569,EMP08569,Male,38.0,17.0,HR,2025-07-01,800000,
8570,EMP08570,Unknow,34.0,20.0,Analyst,2025-07-01,500000,
8571,EMP08571,Female,55.0,17.0,Analyst,,350000,
8572,EMP08572,Male,59.0,1.0,QA,2023-01-15,800000,emp8572@mail.com
8573,EMP08573,Female,46.0,13.0,Manager,2025-07-01,800000,
8574,EMP08574,Unknow,37.0,19.0,Manager,,800000,
8575,EMP08575,Male,45.0,5.0,Manager,,500000,
8576,EMP08576,Unknow,55.0,8.0,Engineer,,500000,emp8576@mail.com
8577,EMP08577,Male,56.0,19.0,Analyst,,500000,
8578,EMP08578,Male,57.0,18.0,QA,,350000,
8579,EMP08579,Unknow,43.0,4.0,QA,,800000,
8580,EMP08580,Male,25.0,,QA,2023-01-15,600000,
8581,EMP08581,Female,34.0,12.0,Analyst,2025-07-01,800000,
8582,EMP08582,Female,22.0,3.0,Manager,,350000,
8583,EMP08583,Unknow,40.0,10.0,Manager,,800000,emp8583@mail.com
8584,EMP08584,Male,40.0,8.0,Intern,2023-01-15,800000,emp8584@mail.com
8585,EMP08585,Unknow,31.0,20.0,HR,,600000,emp8585@mail.com
8586,EMP08586,Unknow,39.0,6.0,Analyst,2023-01-15,600000,
8587,EMP08587,Male,40.0,19.0,QA,2025-07-01,500000,emp8587@mail.com
8588,EMP08588,Male,20.0,20.0,HR,,600000,
8589,EMP08589,Male,58.0,16.0,HR,,500000,emp8589@mail.com
8590,EMP08590,Male,36.0,15.0,Manager,,600000,
8591,EMP08591,Female,56.0,15.0,HR,,350000,
8592,EMP08592,Male,57.0,3.0,HR,,600000,
8593,EMP08593,Male,20.0,9.0,HR,,500000,
8594,EMP08594,Female,60.0,18.0,Engineer,,800000,emp8594@mail.com
8595,EMP08595,Female,57.0,14.0,QA,,600000,
8596,EMP08596,Female,22.0,19.0,HR,,600000,emp8596@mail.com
8597,EMP08597,Male,35.0,17.0,QA,2023-01-15,800000,
8598,EMP08598,Male,30.0,20.0,QA,,350000,
8599,EMP08599,Unknow,40.0,7.0,QA,2023-01-15,800000,emp8599@mail.com
8600,EMP08600,Male,24.0,20.0,Analyst,2023-01-15,350000,emp8600@mail.com
8601,EMP08601,Male,24.0,16.0,Analyst,2025-07-01,600000,
8602,EMP08602,Male,59.0,14.0,HR,,600000,
8603,EMP08603,Male,41.0,17.0,HR,2025-07-01,600000,
8604,EMP08604,Female,38.0,12.0,Analyst,,600000,
8605,EMP08605,Female,40.0,3.0,Analyst,,600000,emp8605@mail.com
8606,EMP08606,Male,26.0,6.0,Analyst,,600000,emp8606@mail.com
8607,EMP08607,Male,45.0,14.0,QA,,600000,
8608,EMP08608,Female,25.0,5.0,HR,2025-07-01,500000,
8609,EMP08609,Male,40.0,2.0,HR,2023-01-15,600000,
8610,EMP08610,Unknow,45.0,18.0,HR,2025-07-01,800000,
8611,EMP08611,Male,29.0,16.0,Engineer,2025-07-01,350000,
8612,EMP08612,Female,52.0,20.0,Intern,2023-01-15,500000,
8613,EMP08613,Unknow,36.0,15.0,QA,2023-01-15,500000,emp8613@mail.com
8614,EMP08614,Unknow,29.0,9.0,Manager,,500000,emp8614@mail.com
8615,EMP08615,Unknow,36.0,18.0,Engineer,2025-07-01,600000,
8616,EMP08616,Male,37.0,14.0,Engineer,,600000,
8617,EMP08617,Male,30.0,16.0,Engineer,,500000,
8618,EMP08618,Male,26.0,19.0,QA,2025-07-01,600000,
8619,EMP08619,Male,49.0,4.0,Manager,2025-07-01,600000,
8620,EMP08620,Female,29.0,3.0,HR,,600000,
8621,EMP08621,Unknow,43.0,18.0,Manager,,600000,emp8621@mail.com
8622,EMP08622,Unknow,34.0,3.0,Intern,,800000,
8623,EMP08623,Female,24.0,16.0,Manager,,350000,
8624,EMP08624,Female,55.0,15.0,Manager,,500000,emp8624@mail.com
8625,EMP08625,Female,23.0,14.0,Analyst,2025-07-01,600000,
8626,EMP08626,Male,20.0,10.0,HR,2025-07-01,500000,
8627,EMP08627,Female,36.0,13.0,Analyst,,500000,
8628,EMP08628,Male,48.0,,Manager,2025-07-01,600000,
8629,EMP08629,Male,36.0,6.0,QA,2023-01-15,350000,
8630,EMP08630,Female,39.0,17.0,Intern,2023-01-15,350000,
8631,EMP08631,Male,30.0,11.0,Intern,,600000,
8632,EMP08632,Female,49.0,17.0,Intern,,800000,
8633,EMP08633,Female,43.0,12.0,Manager,2025-07-01,350000,
8634,EMP08634,Unknow,36.0,99.0,Intern,,500000,
8635,EMP08635,Unknow,22.0,3.0,Manager,,600000,
8636,EMP08636,Female,39.0,16.0,Manager,2025-07-01,600000,
8637,EMP08637,Female,41.0,9.0,Engineer,,500000,
8638,EMP08638,Male,33.0,16.0,Analyst,,600000,
8639,EMP08639,Male,40.0,12.0,Manager,2023-01-15,800000,
8640,EMP08640,Male,42.0,99.0,Analyst,2025-07-01,500000,
8641,EMP08641,Male,54.0,6.0,HR,,800000,
8642,EMP08642,Male,58.0,19.0,QA,2025-07-01,800000,emp8642@mail.com
8643,EMP08643,Female,33.0,20.0,Intern,2023-01-15,600000,
8644,EMP08644,Female,20.0,20.0,Engineer,2023-01-15,600000,emp8644@mail.com
8645,EMP08645,Male,22.0,2.0,QA,2023-01-15,350000,
8646,EMP08646,Female,60.0,16.0,Intern,2025-07-01,600000,
8647,EMP08647,Male,32.0,7.0,QA,,600000,emp8647@mail.com
8648,EMP08648,Male,39.0,20.0,Intern,,500000,
8649,EMP08649,Female,28.0,,HR,,600000,
8650,EMP08650,Male,24.0,11.0,Engineer,,600000,
8651,EMP08651,Unknow,48.0,15.0,HR,,500000,
8652,EMP08652,Male,33.0,17.0,Engineer,2023-01-15,600000,
8653,EMP08653,Male,34.0,15.0,Manager,,500000,
8654,EMP08654,Female,40.0,1.0,Analyst,2023-01-15,600000,
8655,EMP08655,Female,51.0,19.0,Manager,,800000,
8656,EMP08656,Male,52.0,15.0,Manager,2025-07-01,600000,
8657,EMP08657,Male,27.0,14.0,Analyst,,350000,
8658,EMP08658,Male,60.0,11.0,Analyst,,500000,
8659,EMP08659,Female,35.0,11.0,Engineer,,800000,
8660,EMP08660,Unknow,36.0,10.0,Intern,,600000,
8661,EMP08661,Male,40.0,10.0,QA,2025-07-01,600000,emp8661@mail.com
8662,EMP08662,Female,26.0,13.0,Intern,,800000,
8663,EMP08663,Unknow,50.0,13.0,Analyst,2023-01-15,800000,
8664,EMP08664,Unknow,54.0,8.0,Analyst,2023-01-15,800000,
8665,EMP08665,Female,26.0,14.0,Manager,,600000,
8666,EMP08666,Female,22.0,8.0,Intern,,600000,
8667,EMP08667,Male,57.0,9.0,Engineer,,350000,
8668,EMP08668,Male,39.0,20.0,QA,2025-07-01,600000,
8669,EMP08669,Female,43.0,11.0,QA,,350000,emp8669@mail.com
8670,EMP08670,Female,45.0,4.0,HR,2025-07-01,600000,emp8670@mail.com
8671,EMP08671,Male,49.0,5.0,Manager,2023-01-15,500000,
8672,EMP08672,Unknow,48.0,99.0,Intern,,350000,
8673,EMP08673,Male,25.0,6.0,HR,2023-01-15,600000,
8674,EMP08674,Female,27.0,8.0,Manager,2023-01-15,800000,
8675,EMP08675,Female,30.0,16.0,QA,2025-07-01,600000,
8676,EMP08676,Unknow,31.0,6.0,Analyst,2023-01-15,600000,
8677,EMP08677,Male,53.0,7.0,Analyst,,500000,emp8677@mail.com
8678,EMP08678,Female,44.0,4.0,Intern,2025-07-01,600000,
8679,EMP08679,Female,54.0,19.0,Intern,,600000,
8680,EMP08680,Male,58.0,4.0,HR,2025-07-01,350000,
8681,EMP08681,Female,49.0,16.0,HR,2023-01-15,500000,emp8681@mail.com
8682,EMP08682,Unknow,39.0,18.0,QA,,600000,
8683,EMP08683,Male,25.0,11.0,Engineer,,800000,emp8683@mail.com
8684,EMP08684,Female,20.0,7.0,Analyst,,600000,
8685,EMP08685,Male,43.0,17.0,Intern,,600000,
8686,EMP08686,Male,58.0,4.0,Manager,,600000,
8687,EMP08687,Unknow,24.0,4.0,Engineer,2025-07-01,350000,
8688,EMP08688,Unknow,57.0,2.0,Engineer,2025-07-01,800000,emp8688@mail.com
8689,EMP08689,Unknow,35.0,17.0,Intern,2023-01-15,350000,
8690,EMP08690,Male,36.0,6.0,Engineer,,600000,
8691,EMP08691,Female,40.0,5.0,Manager,2025-07-01,350000,
8692,EMP08692,Male,34.0,9.0,Engineer,,500000,
8693,EMP08693,Female,21.0,13.0,Manager,,600000,
8694,EMP08694,Male,22.0,6.0,QA,,600000,
8695,EMP08695,Male,52.0,8.0,Analyst,2023-01-15,600000,
8696,EMP08696,Male,43.0,17.0,Engineer,2025-07-01,600000,emp8696@mail.com
8697,EMP08697,Male,39.0,15.0,Engineer,,350000,
8698,EMP08698,Male,20.0,7.0,Analyst,2025-07-01,800000,
8699,EMP08699,Female,56.0,16.0,HR,,600000,emp8699@mail.com
8700,EMP08700,Male,36.0,8.0,Engineer,,500000,
8701,EMP08701,Male,32.0,5.0,Engineer,2025-07-01,500000,
8702,EMP08702,Male,48.0,3.0,Manager,2025-07-01,500000,
8703,EMP08703,Male,50.0,14.0,Intern,,600000,
8704,EMP08704,Unknow,26.0,10.0,QA,,600000,
8705,EMP08705,Female,28.0,1.0,Engineer,2023-01-15,600000,
8706,EMP08706,Unknow,29.0,15.0,Analyst,2025-07-01,500000,emp8706@mail.com
8707,EMP08707,Male,38.0,13.0,Manager,2025-07-01,500000,emp8707@mail.com
8708,EMP08708,Male,22.0,17.0,QA,,600000,
8709,EMP08709,Female,46.0,20.0,Manager,,800000,emp8709@mail.com
8710,EMP08710,Male,40.0,9.0,Analyst,2025-07-01,500000,emp8710@mail.com
8711,EMP08711,Male,42.0,,Engineer,,600000,
8712,EMP08712,Female,21.0,12.0,QA,,600000,
8713,EMP08713,Male,39.0,19.0,HR,,600000,
8714,EMP08714,Male,50.0,3.0,Engineer,,600000,
8715,EMP08715,Female,35.0,16.0,Analyst,2025-07-01,350000,
8716,EMP08716,Female,57.0,11.0,Intern,,800000,
8717,EMP08717,Unknow,37.0,10.0,Manager,2025-07-01,600000,emp8717@mail.com
8718,EMP08718,Male,37.0,20.0,Engineer,,600000,
8719,EMP08719,Male,49.0,18.0,Engineer,,600000,emp8719@mail.com
8720,EMP08720,Female,52.0,14.0,Manager,2023-01-15,600000,emp8720@mail.com
8721,EMP08721,Female,29.0,6.0,Manager,2025-07-01,500000,
8722,EMP08722,Unknow,41.0,10.0,Intern,,800000,
8723,EMP08723,Male,49.0,19.0,QA,,600000,
8724,EMP08724,Male,58.0,2.0,Intern,,800000,
8725,EMP08725,Unknow,28.0,4.0,Intern,,800000,
8726,EMP08726,Female,46.0,9.0,QA,,600000,emp8726@mail.com
8727,EMP08727,Male,38.0,14.0,QA,,800000,
8728,EMP08728,Male,20.0,18.0,Manager,,350000,emp8728@mail.com
8729,EMP08729,Female,40.0,19.0,Engineer,,600000,emp8729@mail.com
8730,EMP08730,Male,35.0,19.0,HR,2025-07-01,600000,
8731,EMP08731,Male,32.0,17.0,Manager,2023-01-15,600000,emp8731@mail.com
8732,EMP08732,Female,60.0,7.0,QA,,350000,
8733,EMP08733,Male,45.0,9.0,Manager,2023-01-15,500000,
8734,EMP08734,Female,49.0,9.0,Analyst,,800000,
8735,EMP08735,Male,34.0,19.0,Manager,2023-01-15,600000,
8736,EMP08736,Male,47.0,9.0,Analyst,,350000,
8737,EMP08737,Female,40.0,17.0,Intern,,600000,
8738,EMP08738,Female,20.0,11.0,Engineer,,600000,
8739,EMP08739,Female,26.0,12.0,Intern,,600000,
8740,EMP08740,Male,31.0,17.0,Manager,,800000,
8741,EMP08741,Male,58.0,17.0,Engineer,,800000,
8742,EMP08742,Female,60.0,2.0,Analyst,,600000,
8743,EMP08743,Male,20.0,19.0,Manager,,600000,
8744,EMP08744,Male,58.0,5.0,Intern,,350000,emp8744@mail.com
8745,EMP08745,Male,41.0,13.0,Manager,,350000,
8746,EMP08746,Male,49.0,6.0,Engineer,,600000,emp8746@mail.com
8747,EMP08747,Female,26.0,10.0,Manager,2025-07-01,500000,emp8747@mail.com
8748,EMP08748,Male,42.0,5.0,Analyst,,350000,
8749,EMP08749,Male,34.0,18.0,Manager,2025-07-01,350000,
8750,EMP08750,Male,24.0,3.0,Engineer,,800000,emp8750@mail.com
8751,EMP08751,Female,20.0,12.0,HR,,350000,
8752,EMP08752,Male,20.0,16.0,Intern,,500000,
8753,EMP08753,Male,51.0,18.0,HR,2023-01-15,500000,
8754,EMP08754,Female,40.0,12.0,Manager,2025-07-01,800000,
8755,EMP08755,Unknow,37.0,11.0,HR,,500000,
8756,EMP08756,Female,21.0,7.0,HR,,500000,
8757,EMP08757,Male,28.0,12.0,HR,,600000,emp8757@mail.com
8758,EMP08758,Male,53.0,19.0,Manager,2025-07-01,800000,
8759,EMP08759,Female,48.0,13.0,Manager,2025-07-01,500000,
8760,EMP08760,Female,46.0,12.0,QA,,600000,
8761,EMP08761,Male,47.0,,HR,,600000,
8762,EMP08762,Unknow,32.0,99.0,QA,2023-01-15,350000,
8763,EMP08763,Male,33.0,11.0,HR,,600000,
8764,EMP08764,Male,30.0,19.0,Manager,,600000,
8765,EMP08765,Male,44.0,5.0,QA,2023-01-15,500000,
8766,EMP08766,Female,40.0,15.0,Engineer,2025-07-01,350000,
8767,EMP08767,Male,28.0,7.0,Analyst,2023-01-15,350000,
8768,EMP08768,Female,30.0,18.0,Manager,2023-01-15,600000,
8769,EMP08769,Female,41.0,1.0,Manager,,500000,
8770,EMP08770,Male,38.0,5.0,Manager,,350000,
8771,EMP08771,Male,39.0,12.0,HR,,600000,
8772,EMP08772,Female,45.0,13.0,Engineer,2023-01-15,600000,
8773,EMP08773,Female,41.0,9.0,Intern,,500000,
8774,EMP08774,Male,39.0,6.0,Engineer,,600000,emp8774@mail.com
8775,EMP08775,Female,47.0,19.0,Analyst,,800000,emp8775@mail.com
8776,EMP08776,Female,42.0,12.0,Manager,,600000,
8777,EMP08777,Male,20.0,16.0,Manager,,600000,
8778,EMP08778,Male,38.0,3.0,HR,,350000,
8779,EMP08779,Male,53.0,20.0,Analyst,,350000,
8780,EMP08780,Unknow,58.0,18.0,Analyst,,500000,
8781,EMP08781,Male,22.0,13.0,HR,,350000,
8782,EMP08782,Male,40.0,18.0,HR,2023-01-15,600000,emp8782@mail.com
8783,EMP08783,Male,58.0,2.0,Manager,,500000,
8784,EMP08784,Male,43.0,8.0,Intern,2023-01-15,500000,
8785,EMP08785,Male,30.0,16.0,Manager,,600000,
8786,EMP08786,Unknow,48.0,1.0,Engineer,2023-01-15,350000,
8787,EMP08787,Male,49.0,17.0,HR,,600000,
8788,EMP08788,Unknow,46.0,3.0,Engineer,,600000,
8789,EMP08789,Male,52.0,20.0,QA,2025-07-01,350000,
8790,EMP08790,Female,35.0,18.0,QA,2023-01-15,800000,
8791,EMP08791,Female,40.0,11.0,HR,2023-01-15,800000,
8792,EMP08792,Female,29.0,15.0,Engineer,2023-01-15,500000,
8793,EMP08793,Female,51.0,6.0,QA,2023-01-15,600000,
8794,EMP08794,Male,53.0,20.0,HR,,500000,emp8794@mail.com
8795,EMP08795,Male,57.0,4.0,Intern,2023-01-15,800000,
8796,EMP08796,Female,40.0,14.0,QA,,600000,emp8796@mail.com
8797,EMP08797,Male,54.0,17.0,Analyst,,600000,emp8797@mail.com
8798,EMP08798,Male,40.0,1.0,Engineer,,500000,emp8798@mail.com
8799,EMP08799,Unknow,59.0,4.0,Engineer,,600000,
8800,EMP08800,Female,47.0,20.0,Engineer,,500000,
8801,EMP08801,Male,26.0,1.0,Manager,2025-07-01,600000,
8802,EMP08802,Male,59.0,9.0,Manager,,500000,
8803,EMP08803,Male,34.0,12.0,Engineer,2023-01-15,600000,
8804,EMP08804,Unknow,54.0,16.0,QA,2023-01-15,600000,
8805,EMP08805,Male,40.0,7.0,Analyst,2025-07-01,800000,
8806,EMP08806,Female,26.0,9.0,HR,2025-07-01,350000,
8807,EMP08807,Unknow,52.0,16.0,Analyst,,600000,emp8807@mail.com
8808,EMP08808,Male,25.0,,Manager,,600000,
8809,EMP08809,Female,60.0,15.0,HR,,500000,
8810,EMP08810,Female,40.0,16.0,HR,,600000,emp8810@mail.com
8811,EMP08811,Male,45.0,5.0,Engineer,2025-07-01,350000,
8812,EMP08812,Unknow,31.0,2.0,QA,,350000,emp8812@mail.com
8813,EMP08813,Male,29.0,11.0,Analyst,2025-07-01,500000,
8814,EMP08814,Male,28.0,15.0,Intern,,500000,
8815,EMP08815,Unknow,59.0,16.0,Manager,2025-07-01,500000,
8816,EMP08816,Unknow,37.0,3.0,Manager,2023-01-15,800000,emp8816@mail.com
8817,EMP08817,Female,27.0,13.0,HR,,500000,
8818,EMP08818,Female,49.0,3.0,Intern,,600000,
8819,EMP08819,Male,36.0,10.0,QA,2023-01-15,500000,
8820,EMP08820,Male,57.0,4.0,HR,,500000,
8821,EMP08821,Female,45.0,20.0,Manager,2023-01-15,500000,
8822,EMP08822,Male,28.0,18.0,Engineer,,500000,
8823,EMP08823,Male,44.0,20.0,QA,,500000,
8824,EMP08824,Male,23.0,4.0,Engineer,,600000,
8825,EMP08825,Unknow,49.0,1.0,HR,,800000,
8826,EMP08826,Female,57.0,6.0,QA,,800000,
8827,EMP08827,Male,33.0,12.0,Manager,,350000,
8828,EMP08828,Male,54.0,17.0,Intern,,350000,
8829,EMP08829,Unknow,37.0,8.0,Analyst,2023-01-15,350000,emp8829@mail.com
8830,EMP08830,Male,51.0,16.0,QA,2023-01-15,500000,
8831,EMP08831,Male,25.0,3.0,Manager,,500000,
8832,EMP08832,Female,59.0,16.0,Manager,,800000,
8833,EMP08833,Male,60.0,7.0,QA,2023-01-15,500000,
8834,EMP08834,Male,26.0,1.0,Manager,2023-01-15,500000,emp8834@mail.com
8835,EMP08835,Unknow,24.0,19.0,Intern,,800000,
8836,EMP08836,Male,37.0,13.0,QA,2025-07-01,500000,emp8836@mail.com
8837,EMP08837,Unknow,29.0,10.0,HR,,600000,emp8837@mail.com
8838,EMP08838,Female,56.0,15.0,Manager,,500000,
8839,EMP08839,Unknow,58.0,2.0,Intern,,500000,
8840,EMP08840,Female,36.0,99.0,Manager,,800000,
8841,EMP08841,Male,40.0,2.0,HR,,500000,
8842,EMP08842,Male,22.0,5.0,Intern,,500000,
8843,EMP08843,Male,24.0,7.0,QA,,500000,
8844,EMP08844,Male,53.0,7.0,Intern,,350000,
8845,EMP08845,Female,22.0,18.0,Analyst,2023-01-15,350000,emp8845@mail.com
8846,EMP08846,Female,40.0,99.0,Engineer,,800000,
8847,EMP08847,Female,46.0,18.0,HR,,600000,
8848,EMP08848,Female,47.0,8.0,QA,2023-01-15,350000,
8849,EMP08849,Female,48.0,10.0,Manager,,500000,emp8849@mail.com
8850,EMP08850,Unknow,24.0,19.0,Intern,,600000,
8851,EMP08851,Male,32.0,5.0,Intern,,800000,emp8851@mail.com
8852,EMP08852,Male,21.0,5.0,Manager,,350000,
8853,EMP08853,Female,45.0,13.0,Intern,,800000,
8854,EMP08854,Male,41.0,3.0,QA,2023-01-15,600000,emp8854@mail.com
8855,EMP08855,Female,26.0,3.0,Intern,2025-07-01,800000,
8856,EMP08856,Unknow,40.0,15.0,Engineer,,600000,
8857,EMP08857,Male,54.0,11.0,HR,,600000,
8858,EMP08858,Female,48.0,10.0,Analyst,,600000,
8859,EMP08859,Male,21.0,3.0,QA,,350000,
8860,EMP08860,Unknow,32.0,4.0,Manager,,500000,
8861,EMP08861,Male,20.0,12.0,Intern,,500000,emp8861@mail.com
8862,EMP08862,Female,28.0,14.0,HR,,500000,
8863,EMP08863,Male,39.0,6.0,Engineer,,800000,
8864,EMP08864,Male,27.0,9.0,HR,2025-07-01,350000,
8865,EMP08865,Male,44.0,14.0,Intern,,500000,emp8865@mail.com
8866,EMP08866,Male,40.0,20.0,Engineer,,600000,
8867,EMP08867,Female,31.0,14.0,Intern,2025-07-01,600000,
8868,EMP08868,Female,24.0,15.0,Analyst,,500000,
8869,EMP08869,Male,20.0,4.0,Engineer,2025-07-01,600000,emp8869@mail.com
8870,EMP08870,Male,60.0,3.0,HR,2023-01-15,350000,
8871,EMP08871,Male,56.0,1.0,Engineer,,600000,emp8871@mail.com
8872,EMP08872,Unknow,39.0,,Manager,,600000,
8873,EMP08873,Male,59.0,7.0,Manager,,800000,
8874,EMP08874,Male,20.0,15.0,HR,,500000,
8875,EMP08875,Female,51.0,1.0,Manager,2025-07-01,500000,emp8875@mail.com
8876,EMP08876,Male,30.0,13.0,QA,,350000,
8877,EMP08877,Male,40.0,,Intern,,600000,
8878,EMP08878,Male,50.0,11.0,Manager,2023-01-15,500000,
8879,EMP08879,Female,30.0,14.0,Engineer,,350000,
8880,EMP08880,Female,40.0,6.0,Intern,,600000,emp8880@mail.com
8881,EMP08881,Male,53.0,6.0,Intern,,600000,
8882,EMP08882,Male,55.0,17.0,Engineer,,600000,
8883,EMP08883,Female,28.0,18.0,Intern,2023-01-15,600000,
8884,EMP08884,Female,57.0,10.0,QA,2025-07-01,600000,
8885,EMP08885,Male,54.0,16.0,Manager,,600000,
8886,EMP08886,Male,40.0,19.0,Intern,,600000,
8887,EMP08887,Male,51.0,9.0,Engineer,2023-01-15,350000,
8888,EMP08888,Unknow,54.0,10.0,Engineer,2025-07-01,350000,emp8888@mail.com
8889,EMP08889,Female,40.0,16.0,Engineer,2025-07-01,350000,
8890,EMP08890,Female,48.0,19.0,Engineer,2025-07-01,800000,
8891,EMP08891,Male,41.0,7.0,Manager,2025-07-01,500000,
8892,EMP08892,Female,48.0,15.0,HR,2023-01-15,500000,
8893,EMP08893,Male,54.0,19.0,QA,,600000,
8894,EMP08894,Male,29.0,,Engineer,,600000,
8895,EMP08895,Male,21.0,20.0,Engineer,,600000,
8896,EMP08896,Unknow,57.0,1.0,Intern,,350000,
8897,EMP08897,Unknow,34.0,2.0,Engineer,2025-07-01,600000,
8898,EMP08898,Female,52.0,19.0,HR,2025-07-01,350000,
8899,EMP08899,Unknow,25.0,8.0,Intern,,800000,
8900,EMP08900,Unknow,37.0,7.0,Engineer,2023-01-15,500000,emp8900@mail.com
8901,EMP08901,Male,41.0,4.0,HR,,600000,
8902,EMP08902,Male,20.0,2.0,HR,2025-07-01,350000,
8903,EMP08903,Male,40.0,18.0,QA,2025-07-01,600000,
8904,EMP08904,Unknow,28.0,16.0,Analyst,,600000,
8905,EMP08905,Male,31.0,6.0,HR,,600000,emp8905@mail.com
8906,EMP08906,Female,22.0,18.0,Manager,,600000,
8907,EMP08907,Unknow,43.0,10.0,HR,2025-07-01,600000,
8908,EMP08908,Female,20.0,13.0,Intern,,500000,
8909,EMP08909,Male,40.0,10.0,QA,2025-07-01,350000,
8910,EMP08910,Female,41.0,20.0,Manager,,800000,
8911,EMP08911,Unknow,24.0,1.0,Intern,,600000,
8912,EMP08912,Male,24.0,4.0,Manager,2025-07-01,600000,
8913,EMP08913,Male,42.0,13.0,Manager,2023-01-15,500000,emp8913@mail.com
8914,EMP08914,Female,40.0,18.0,Analyst,,600000,emp8914@mail.com
8915,EMP08915,Unknow,52.0,9.0,Manager,,600000,
8916,EMP08916,Male,44.0,14.0,HR,,500000,
8917,EMP08917,Female,21.0,17.0,QA,,800000,
8918,EMP08918,Female,23.0,1.0,Manager,2025-07-01,600000,
8919,EMP08919,Male,30.0,2.0,Analyst,2023-01-15,350000,
8920,EMP08920,Female,58.0,2.0,QA,2023-01-15,600000,
8921,EMP08921,Male,26.0,19.0,HR,,500000,emp8921@mail.com
8922,EMP08922,Male,24.0,19.0,Manager,2023-01-15,800000,
8923,EMP08923,Female,59.0,4.0,Analyst,2023-01-15,600000,
8924,EMP08924,Unknow,21.0,16.0,Intern,,600000,
8925,EMP08925,Female,21.0,10.0,Intern,2023-01-15,800000,
8926,EMP08926,Male,52.0,5.0,Engineer,,500000,emp8926@mail.com
8927,EMP08927,Male,57.0,13.0,Analyst,,350000,
8928,EMP08928,Female,60.0,20.0,Manager,2023-01-15,600000,
8929,EMP08929,Male,35.0,10.0,HR,,600000,
8930,EMP08930,Male,47.0,18.0,Engineer,2025-07-01,600000,
8931,EMP08931,Female,47.0,13.0,Intern,,600000,
8932,EMP08932,Unknow,36.0,14.0,Manager,,600000,
8933,EMP08933,Male,38.0,7.0,Analyst,,500000,emp8933@mail.com
8934,EMP08934,Female,49.0,13.0,QA,,350000,
8935,EMP08935,Male,33.0,10.0,Manager,,600000,emp8935@mail.com
8936,EMP08936,Female,31.0,10.0,HR,,600000,
8937,EMP08937,Unknow,24.0,13.0,HR,2025-07-01,350000,
8938,EMP08938,Unknow,52.0,8.0,Engineer,2023-01-15,500000,
8939,EMP08939,Unknow,27.0,16.0,QA,2023-01-15,350000,emp8939@mail.com
8940,EMP08940,Male,51.0,3.0,Manager,,350000,
8941,EMP08941,Male,20.0,18.0,Manager,,350000,
8942,EMP08942,Female,49.0,16.0,Manager,,600000,
8943,EMP08943,Female,55.0,1.0,Intern,,600000,
8944,EMP08944,Female,48.0,13.0,Intern,,500000,
8945,EMP08945,Male,21.0,16.0,Intern,,600000,emp8945@mail.com
8946,EMP08946,Unknow,40.0,12.0,Manager,,600000,
8947,EMP08947,Male,58.0,,Engineer,,600000,emp8947@mail.com
8948,EMP08948,Unknow,43.0,19.0,Intern,2023-01-15,500000,emp8948@mail.com
8949,EMP08949,Female,50.0,12.0,QA,,600000,emp8949@mail.com
8950,EMP08950,Male,23.0,7.0,Intern,,500000,
8951,EMP08951,Female,40.0,12.0,Intern,2023-01-15,350000,emp8951@mail.com
8952,EMP08952,Unknow,48.0,4.0,HR,,800000,emp8952@mail.com
8953,EMP08953,Female,40.0,9.0,Analyst,2025-07-01,350000,
8954,EMP08954,Unknow,23.0,8.0,QA,2025-07-01,500000,emp8954@mail.com
8955,EMP08955,Unknow,21.0,3.0,Manager,2023-01-15,600000,
8956,EMP08956,Female,47.0,7.0,QA,2023-01-15,500000,
8957,EMP08957,Unknow,32.0,11.0,Analyst,,600000,
8958,EMP08958,Female,56.0,10.0,HR,,600000,emp8958@mail.com
8959,EMP08959,Male,58.0,19.0,Engineer,2025-07-01,500000,
8960,EMP08960,Male,27.0,7.0,Analyst,,600000,
8961,EMP08961,Male,39.0,6.0,Analyst,,500000,
8962,EMP08962,Unknow,31.0,14.0,Analyst,,600000,
8963,EMP08963,Female,59.0,10.0,Intern,,350000,emp8963@mail.com
8964,EMP08964,Female,40.0,11.0,Engineer,,350000,
8965,EMP08965,Female,49.0,13.0,QA,,600000,
8966,EMP08966,Female,36.0,12.0,Intern,2025-07-01,600000,emp8966@mail.com
8967,EMP08967,Female,28.0,5.0,Intern,2023-01-15,350000,
8968,EMP08968,Female,45.0,,Intern,,600000,
8969,EMP08969,Female,40.0,9.0,Analyst,,350000,
8970,EMP08970,Female,47.0,13.0,Analyst,2025-07-01,500000,emp8970@mail.com
8971,EMP08971,Unknow,50.0,11.0,Analyst,2025-07-01,500000,
8972,EMP08972,Male,34.0,20.0,Engineer,2023-01-15,350000,
8973,EMP08973,Female,57.0,5.0,Intern,,500000,emp8973@mail.com
8974,EMP08974,Unknow,46.0,16.0,Analyst,2023-01-15,600000,
8975,EMP08975,Female,22.0,20.0,Analyst,,500000,
8976,EMP08976,Female,20.0,10.0,Engineer,,800000,emp8976@mail.com
8977,EMP08977,Male,45.0,15.0,Engineer,,600000,
8978,EMP08978,Male,22.0,3.0,HR,,500000,
8979,EMP08979,Male,45.0,7.0,Intern,2025-07-01,350000,
8980,EMP08980,Male,40.0,99.0,Analyst,,500000,emp8980@mail.com
8981,EMP08981,Female,22.0,10.0,Engineer,2025-07-01,600000,
8982,EMP08982,Unknow,48.0,16.0,Analyst,,600000,
8983,EMP08983,Female,24.0,3.0,Intern,2023-01-15,600000,
8984,EMP08984,Unknow,42.0,10.0,Intern,,600000,
8985,EMP08985,Male,60.0,18.0,Intern,2025-07-01,600000,
8986,EMP08986,Female,55.0,7.0,Intern,,500000,
8987,EMP08987,Male,20.0,14.0,HR,,500000,
8988,EMP08988,Male,33.0,15.0,Analyst,,800000,
8989,EMP08989,Unknow,40.0,18.0,Engineer,,600000,emp8989@mail.com
8990,EMP08990,Unknow,40.0,8.0,Engineer,,350000,
8991,EMP08991,Male,52.0,19.0,Engineer,,600000,
8992,EMP08992,Unknow,53.0,20.0,QA,,500000,emp8992@mail.com
8993,EMP08993,Male,28.0,17.0,Manager,2023-01-15,600000,emp8993@mail.com
8994,EMP08994,Female,24.0,16.0,Intern,2023-01-15,800000,emp8994@mail.com
8995,EMP08995,Female,21.0,99.0,Manager,,800000,
8996,EMP08996,Male,40.0,,Manager,2023-01-15,600000,
8997,EMP08997,Female,22.0,14.0,Manager,,600000,emp8997@mail.com
8998,EMP08998,Female,47.0,12.0,Intern,,600000,
8999,EMP08999,Male,45.0,1.0,Analyst,,350000,
9000,EMP09000,Male,58.0,16.0,HR,2023-01-15,600000,emp9000@mail.com
9001,EMP09001,Unknow,37.0,12.0,Engineer,,600000,emp9001@mail.com
9002,EMP09002,Unknow,35.0,11.0,Engineer,2025-07-01,600000,
9003,EMP09003,Female,40.0,7.0,Analyst,,800000,
9004,EMP09004,Female,25.0,19.0,Engineer,,350000,
9005,EMP09005,Female,40.0,6.0,Engineer,,350000,emp9005@mail.com
9006,EMP09006,Female,40.0,10.0,Intern,,600000,
9007,EMP09007,Male,23.0,18.0,Manager,2023-01-15,600000,
9008,EMP09008,Male,54.0,20.0,HR,,600000,emp9008@mail.com
9009,EMP09009,Male,60.0,9.0,Analyst,,600000,
9010,EMP09010,Unknow,51.0,5.0,Analyst,,600000,emp9010@mail.com
9011,EMP09011,Male,40.0,11.0,HR,2023-01-15,500000,
9012,EMP09012,Female,31.0,16.0,Manager,,800000,
9013,EMP09013,Male,40.0,99.0,Intern,,350000,
9014,EMP09014,Male,40.0,2.0,QA,,600000,
9015,EMP09015,Male,58.0,6.0,HR,2025-07-01,600000,
9016,EMP09016,Male,35.0,3.0,QA,2023-01-15,600000,
9017,EMP09017,Male,45.0,3.0,Engineer,,350000,
9018,EMP09018,Female,35.0,20.0,QA,,600000,
9019,EMP09019,Male,53.0,8.0,Analyst,,500000,emp9019@mail.com
9020,EMP09020,Unknow,56.0,19.0,Engineer,,600000,emp9020@mail.com
9021,EMP09021,Male,25.0,9.0,QA,,350000,
9022,EMP09022,Female,54.0,2.0,QA,,600000,
9023,EMP09023,Female,49.0,99.0,Analyst,2023-01-15,500000,
9024,EMP09024,Male,40.0,8.0,Engineer,2023-01-15,500000,
9025,EMP09025,Unknow,40.0,14.0,QA,,800000,
9026,EMP09026,Female,40.0,17.0,Engineer,2023-01-15,600000,emp9026@mail.com
9027,EMP09027,Female,53.0,5.0,QA,2023-01-15,500000,
9028,EMP09028,Female,40.0,19.0,QA,,500000,
9029,EMP09029,Unknow,50.0,9.0,Intern,,350000,
9030,EMP09030,Male,48.0,11.0,Intern,,600000,
9031,EMP09031,Male,33.0,7.0,Engineer,,350000,emp9031@mail.com
9032,EMP09032,Female,25.0,9.0,QA,,350000,
9033,EMP09033,Male,25.0,2.0,QA,,600000,emp9033@mail.com
9034,EMP09034,Male,27.0,11.0,Manager,,500000,emp9034@mail.com
9035,EMP09035,Male,25.0,9.0,HR,,500000,emp9035@mail.com
9036,EMP09036,Unknow,42.0,13.0,Engineer,,350000,
9037,EMP09037,Female,40.0,2.0,Intern,,600000,
9038,EMP09038,Unknow,54.0,11.0,HR,,500000,emp9038@mail.com
9039,EMP09039,Male,47.0,15.0,Manager,2023-01-15,350000,
9040,EMP09040,Female,29.0,3.0,HR,,600000,
9041,EMP09041,Male,56.0,13.0,Analyst,,500000,
9042,EMP09042,Male,25.0,14.0,Manager,,350000,
9043,EMP09043,Male,40.0,11.0,HR,2025-07-01,500000,
9044,EMP09044,Male,46.0,10.0,HR,2023-01-15,600000,emp9044@mail.com
9045,EMP09045,Female,27.0,9.0,Engineer,2025-07-01,350000,emp9045@mail.com
9046,EMP09046,Male,27.0,,Intern,2025-07-01,600000,emp9046@mail.com
9047,EMP09047,Female,40.0,99.0,QA,2023-01-15,600000,
9048,EMP09048,Female,22.0,10.0,QA,,500000,
9049,EMP09049,Male,39.0,18.0,Manager,,600000,
9050,EMP09050,Unknow,20.0,15.0,Manager,,800000,
9051,EMP09051,Male,36.0,11.0,QA,,800000,
9052,EMP09052,Female,41.0,5.0,Intern,2023-01-15,500000,
9053,EMP09053,Female,26.0,11.0,Analyst,,600000,
9054,EMP09054,Female,40.0,17.0,Analyst,,800000,
9055,EMP09055,Male,52.0,99.0,HR,,600000,
9056,EMP09056,Male,37.0,12.0,HR,2025-07-01,600000,
9057,EMP09057,Male,46.0,17.0,Intern,2025-07-01,600000,
9058,EMP09058,Male,46.0,99.0,Intern,,500000,
9059,EMP09059,Female,28.0,1.0,Analyst,,350000,emp9059@mail.com
9060,EMP09060,Female,40.0,19.0,HR,2025-07-01,350000,
9061,EMP09061,Male,37.0,12.0,QA,2023-01-15,350000,
9062,EMP09062,Male,26.0,12.0,Engineer,,800000,emp9062@mail.com
9063,EMP09063,Female,49.0,3.0,Analyst,,600000,
9064,EMP09064,Female,27.0,1.0,Manager,,600000,
9065,EMP09065,Female,50.0,5.0,Engineer,2023-01-15,500000,emp9065@mail.com
9066,EMP09066,Female,25.0,99.0,Engineer,2025-07-01,500000,
9067,EMP09067,Male,55.0,8.0,HR,2023-01-15,500000,
9068,EMP09068,Female,49.0,16.0,Analyst,,600000,
9069,EMP09069,Male,60.0,10.0,HR,2025-07-01,600000,
9070,EMP09070,Male,47.0,5.0,HR,2023-01-15,600000,
9071,EMP09071,Female,38.0,9.0,Engineer,2025-07-01,600000,emp9071@mail.com
9072,EMP09072,Unknow,40.0,16.0,Engineer,,800000,
9073,EMP09073,Male,50.0,4.0,HR,,350000,
9074,EMP09074,Male,56.0,14.0,Analyst,2023-01-15,600000,emp9074@mail.com
9075,EMP09075,Male,40.0,16.0,Analyst,,500000,emp9075@mail.com
9076,EMP09076,Male,41.0,16.0,Intern,,800000,
9077,EMP09077,Male,35.0,2.0,QA,2023-01-15,600000,
9078,EMP09078,Unknow,56.0,14.0,Intern,,500000,
9079,EMP09079,Unknow,32.0,4.0,Analyst,2023-01-15,600000,emp9079@mail.com
9080,EMP09080,Female,46.0,10.0,QA,2023-01-15,500000,
9081,EMP09081,Unknow,40.0,,QA,,600000,
9082,EMP09082,Female,27.0,12.0,Engineer,2023-01-15,600000,
9083,EMP09083,Female,36.0,12.0,Intern,2023-01-15,600000,
9084,EMP09084,Female,36.0,12.0,Engineer,2023-01-15,350000,emp9084@mail.com
9085,EMP09085,Unknow,53.0,19.0,Manager,2025-07-01,350000,
9086,EMP09086,Female,28.0,20.0,Manager,,350000,
9087,EMP09087,Male,23.0,17.0,HR,2025-07-01,500000,emp9087@mail.com
9088,EMP09088,Male,49.0,4.0,QA,2023-01-15,800000,emp9088@mail.com
9089,EMP09089,Male,46.0,5.0,QA,,800000,
9090,EMP09090,Male,44.0,12.0,QA,,500000,
9091,EMP09091,Male,32.0,2.0,QA,2025-07-01,500000,
9092,EMP09092,Male,53.0,11.0,Intern,,500000,emp9092@mail.com
9093,EMP09093,Male,26.0,16.0,QA,,350000,
9094,EMP09094,Female,59.0,8.0,Analyst,2025-07-01,500000,
9095,EMP09095,Male,30.0,8.0,QA,2023-01-15,500000,emp9095@mail.com
9096,EMP09096,Unknow,27.0,10.0,Intern,2025-07-01,350000,emp9096@mail.com
9097,EMP09097,Female,40.0,5.0,Engineer,2023-01-15,600000,
9098,EMP09098,Male,48.0,17.0,Manager,,600000,
9099,EMP09099,Male,24.0,1.0,Intern,,600000,
9100,EMP09100,Male,60.0,2.0,Engineer,2023-01-15,600000,
9101,EMP09101,Male,59.0,10.0,QA,2025-07-01,800000,
9102,EMP09102,Male,21.0,12.0,Analyst,2023-01-15,600000,
9103,EMP09103,Female,42.0,8.0,HR,,500000,
9104,EMP09104,Female,59.0,15.0,HR,,350000,
9105,EMP09105,Male,54.0,13.0,Intern,2023-01-15,500000,
9106,EMP09106,Female,46.0,14.0,HR,2023-01-15,350000,
9107,EMP09107,Male,37.0,2.0,QA,,800000,
9108,EMP09108,Male,41.0,9.0,Analyst,,500000,
9109,EMP09109,Female,31.0,,Manager,,600000,
9110,EMP09110,Female,53.0,7.0,Manager,,500000,emp9110@mail.com
9111,EMP09111,Male,37.0,20.0,Intern,,600000,emp9111@mail.com
9112,EMP09112,Female,24.0,14.0,HR,,600000,
9113,EMP09113,Male,28.0,14.0,Manager,,800000,
9114,EMP09114,Unknow,21.0,6.0,Engineer,,600000,emp9114@mail.com
9115,EMP09115,Male,41.0,16.0,Intern,,800000,
9116,EMP09116,Female,24.0,3.0,HR,2025-07-01,600000,emp9116@mail.com
9117,EMP09117,Female,32.0,10.0,QA,2025-07-01,600000,
9118,EMP09118,Female,24.0,12.0,Analyst,2025-07-01,800000,
9119,EMP09119,Male,22.0,6.0,Intern,,500000,emp9119@mail.com
9120,EMP09120,Male,38.0,9.0,Intern,,600000,emp9120@mail.com
9121,EMP09121,Male,25.0,11.0,Analyst,,800000,emp9121@mail.com
9122,EMP09122,Male,39.0,12.0,Manager,2023-01-15,600000,
9123,EMP09123,Male,27.0,9.0,Analyst,2025-07-01,350000,
9124,EMP09124,Male,46.0,8.0,HR,,350000,
9125,EMP09125,Male,47.0,2.0,QA,,800000,
9126,EMP09126,Unknow,53.0,4.0,QA,,600000,
9127,EMP09127,Female,54.0,2.0,Intern,,350000,
9128,EMP09128,Unknow,24.0,11.0,QA,,350000,
9129,EMP09129,Male,37.0,16.0,Analyst,,800000,emp9129@mail.com
9130,EMP09130,Male,33.0,7.0,Manager,,500000,
9131,EMP09131,Female,32.0,2.0,Intern,2023-01-15,600000,
9132,EMP09132,Male,29.0,19.0,QA,,600000,
9133,EMP09133,Male,54.0,6.0,Analyst,,800000,
9134,EMP09134,Female,40.0,16.0,Manager,,500000,
9135,EMP09135,Unknow,40.0,4.0,Manager,2025-07-01,500000,
9136,EMP09136,Male,54.0,16.0,QA,,350000,emp9136@mail.com
9137,EMP09137,Female,40.0,16.0,Intern,,600000,
9138,EMP09138,Male,27.0,2.0,Analyst,,600000,
9139,EMP09139,Male,56.0,16.0,Engineer,,500000,
9140,EMP09140,Male,31.0,12.0,Engineer,,600000,
9141,EMP09141,Male,60.0,3.0,Analyst,,600000,
9142,EMP09142,Female,56.0,16.0,HR,2025-07-01,350000,emp9142@mail.com
9143,EMP09143,Female,37.0,2.0,Intern,2023-01-15,800000,
9144,EMP09144,Male,40.0,11.0,Engineer,2025-07-01,600000,
9145,EMP09145,Female,24.0,15.0,Engineer,,500000,
9146,EMP09146,Male,56.0,7.0,HR,,500000,
9147,EMP09147,Male,40.0,5.0,Analyst,,500000,
9148,EMP09148,Male,55.0,8.0,HR,,500000,
9149,EMP09149,Male,38.0,13.0,Analyst,2023-01-15,350000,emp9149@mail.com
9150,EMP09150,Male,44.0,13.0,HR,,800000,emp9150@mail.com
9151,EMP09151,Male,54.0,14.0,Intern,,500000,
9152,EMP09152,Male,46.0,8.0,Manager,,350000,
9153,EMP09153,Female,30.0,13.0,Manager,,600000,
9154,EMP09154,Female,54.0,10.0,Engineer,2023-01-15,600000,emp9154@mail.com
9155,EMP09155,Male,25.0,11.0,Analyst,,800000,emp9155@mail.com
9156,EMP09156,Female,53.0,99.0,Analyst,2023-01-15,500000,
9157,EMP09157,Male,55.0,1.0,QA,2023-01-15,600000,
9158,EMP09158,Male,42.0,,QA,2025-07-01,600000,
9159,EMP09159,Male,54.0,8.0,Manager,,500000,
9160,EMP09160,Male,39.0,11.0,QA,2023-01-15,800000,
9161,EMP09161,Male,20.0,13.0,QA,,350000,
9162,EMP09162,Male,42.0,16.0,Engineer,2023-01-15,600000,emp9162@mail.com
9163,EMP09163,Male,54.0,1.0,Analyst,,600000,
9164,EMP09164,Male,44.0,17.0,HR,,600000,emp9164@mail.com
9165,EMP09165,Female,49.0,15.0,Manager,,500000,
9166,EMP09166,Male,30.0,99.0,QA,2023-01-15,600000,
9167,EMP09167,Male,58.0,8.0,QA,2025-07-01,800000,
9168,EMP09168,Male,21.0,11.0,Engineer,,800000,
9169,EMP09169,Male,47.0,15.0,Intern,,500000,
9170,EMP09170,Male,59.0,11.0,HR,,500000,emp9170@mail.com
9171,EMP09171,Male,53.0,1.0,Analyst,,600000,
9172,EMP09172,Male,41.0,3.0,QA,,600000,
9173,EMP09173,Unknow,30.0,4.0,Intern,2023-01-15,600000,emp9173@mail.com
9174,EMP09174,Female,33.0,14.0,QA,2025-07-01,600000,emp9174@mail.com
9175,EMP09175,Male,31.0,9.0,Manager,,500000,
9176,EMP09176,Female,20.0,3.0,QA,2025-07-01,600000,
9177,EMP09177,Male,32.0,17.0,Engineer,2023-01-15,350000,
9178,EMP09178,Male,23.0,14.0,Intern,,800000,
9179,EMP09179,Female,57.0,6.0,Intern,2023-01-15,500000,
9180,EMP09180,Male,45.0,,HR,2023-01-15,600000,
9181,EMP09181,Male,33.0,3.0,Manager,,600000,
9182,EMP09182,Female,37.0,18.0,Intern,,350000,
9183,EMP09183,Female,58.0,1.0,Manager,2023-01-15,600000,
9184,EMP09184,Female,35.0,4.0,Analyst,,600000,
9185,EMP09185,Female,36.0,12.0,Intern,,800000,
9186,EMP09186,Male,41.0,8.0,Engineer,,350000,
9187,EMP09187,Male,23.0,99.0,QA,,350000,emp9187@mail.com
9188,EMP09188,Male,56.0,,HR,,600000,emp9188@mail.com
9189,EMP09189,Female,46.0,1.0,Intern,,600000,emp9189@mail.com
9190,EMP09190,Male,50.0,6.0,Analyst,2023-01-15,500000,
9191,EMP09191,Male,47.0,10.0,QA,,500000,
9192,EMP09192,Male,26.0,9.0,Engineer,2023-01-15,800000,
9193,EMP09193,Male,24.0,6.0,QA,,600000,
9194,EMP09194,Male,30.0,16.0,Analyst,2025-07-01,600000,
9195,EMP09195,Male,27.0,19.0,Engineer,,600000,emp9195@mail.com
9196,EMP09196,Male,49.0,14.0,QA,2025-07-01,600000,
9197,EMP09197,Female,26.0,5.0,Manager,,350000,emp9197@mail.com
9198,EMP09198,Female,60.0,15.0,Manager,,500000,emp9198@mail.com
9199,EMP09199,Female,41.0,15.0,HR,2023-01-15,500000,
9200,EMP09200,Female,39.0,17.0,HR,,600000,
9201,EMP09201,Unknow,34.0,13.0,Analyst,,600000,emp9201@mail.com
9202,EMP09202,Female,27.0,4.0,Intern,,500000,
9203,EMP09203,Male,49.0,5.0,HR,,500000,
9204,EMP09204,Male,30.0,2.0,Analyst,,600000,emp9204@mail.com
9205,EMP09205,Male,23.0,13.0,Intern,,500000,
9206,EMP09206,Female,56.0,20.0,Engineer,2023-01-15,500000,
9207,EMP09207,Male,21.0,11.0,Engineer,,500000,
9208,EMP09208,Female,56.0,17.0,Intern,,800000,emp9208@mail.com
9209,EMP09209,Male,34.0,15.0,HR,,500000,emp9209@mail.com
9210,EMP09210,Female,37.0,1.0,Intern,2025-07-01,600000,
9211,EMP09211,Male,57.0,3.0,Engineer,2023-01-15,800000,
9212,EMP09212,Female,51.0,8.0,Manager,,500000,emp9212@mail.com
9213,EMP09213,Unknow,50.0,18.0,HR,,350000,
9214,EMP09214,Unknow,24.0,8.0,Engineer,2025-07-01,500000,
9215,EMP09215,Male,45.0,3.0,QA,,800000,
9216,EMP09216,Female,43.0,16.0,Intern,,800000,
9217,EMP09217,Male,46.0,6.0,QA,2025-07-01,600000,
9218,EMP09218,Male,55.0,8.0,Analyst,2025-07-01,500000,
9219,EMP09219,Male,55.0,4.0,Manager,2023-01-15,600000,
9220,EMP09220,Male,30.0,17.0,Manager,2025-07-01,800000,
9221,EMP09221,Female,45.0,16.0,Engineer,,800000,
9222,EMP09222,Male,24.0,19.0,Engineer,,600000,
9223,EMP09223,Female,39.0,7.0,Analyst,,800000,
9224,EMP09224,Female,29.0,8.0,Analyst,,500000,
9225,EMP09225,Unknow,36.0,3.0,Manager,,500000,emp9225@mail.com
9226,EMP09226,Female,50.0,7.0,Engineer,2023-01-15,800000,emp9226@mail.com
9227,EMP09227,Male,44.0,2.0,QA,,350000,emp9227@mail.com
9228,EMP09228,Male,28.0,,QA,2023-01-15,600000,
9229,EMP09229,Male,58.0,10.0,Engineer,2025-07-01,500000,
9230,EMP09230,Male,53.0,8.0,QA,,600000,
9231,EMP09231,Male,41.0,4.0,Manager,2025-07-01,600000,
9232,EMP09232,Male,38.0,,Analyst,,600000,emp9232@mail.com
9233,EMP09233,Female,42.0,11.0,Manager,,500000,emp9233@mail.com
9234,EMP09234,Female,38.0,5.0,Analyst,,500000,
9235,EMP09235,Male,53.0,,HR,2025-07-01,600000,
9236,EMP09236,Female,41.0,7.0,QA,,500000,emp9236@mail.com
9237,EMP09237,Female,22.0,19.0,HR,2025-07-01,500000,emp9237@mail.com
9238,EMP09238,Female,23.0,4.0,Engineer,,600000,emp9238@mail.com
9239,EMP09239,Male,40.0,99.0,QA,,500000,
9240,EMP09240,Male,30.0,13.0,Engineer,2025-07-01,600000,
9241,EMP09241,Male,34.0,2.0,Manager,,600000,
9242,EMP09242,Unknow,60.0,19.0,Intern,,800000,
9243,EMP09243,Female,56.0,18.0,Manager,2023-01-15,500000,
9244,EMP09244,Female,47.0,19.0,HR,,600000,
9245,EMP09245,Male,48.0,1.0,QA,,500000,
9246,EMP09246,Male,47.0,13.0,Manager,,800000,
9247,EMP09247,Female,20.0,,Manager,2023-01-15,600000,
9248,EMP09248,Female,48.0,14.0,Analyst,,800000,
9249,EMP09249,Female,40.0,15.0,QA,,500000,
9250,EMP09250,Unknow,40.0,18.0,Manager,,600000,
9251,EMP09251,Female,20.0,4.0,QA,,600000,
9252,EMP09252,Male,26.0,13.0,Engineer,2025-07-01,500000,
9253,EMP09253,Female,44.0,17.0,Intern,,350000,
9254,EMP09254,Male,33.0,12.0,Engineer,,600000,
9255,EMP09255,Female,51.0,11.0,Engineer,,500000,emp9255@mail.com
9256,EMP09256,Male,44.0,5.0,HR,,600000,
9257,EMP09257,Male,34.0,7.0,QA,2023-01-15,800000,
9258,EMP09258,Unknow,30.0,,Engineer,2023-01-15,600000,emp9258@mail.com
9259,EMP09259,Male,23.0,12.0,HR,,800000,emp9259@mail.com
9260,EMP09260,Unknow,47.0,16.0,Manager,,800000,
9261,EMP09261,Unknow,57.0,20.0,Analyst,,350000,
9262,EMP09262,Male,42.0,4.0,QA,,600000,
9263,EMP09263,Male,29.0,7.0,Analyst,,800000,emp9263@mail.com
9264,EMP09264,Male,59.0,20.0,QA,2023-01-15,600000,
9265,EMP09265,Female,39.0,,Engineer,2023-01-15,600000,
9266,EMP09266,Male,52.0,11.0,Analyst,,600000,
9267,EMP09267,Male,40.0,99.0,QA,2025-07-01,350000,
9268,EMP09268,Male,50.0,15.0,Engineer,2023-01-15,350000,
9269,EMP09269,Unknow,54.0,1.0,Manager,,350000,
9270,EMP09270,Female,40.0,10.0,Engineer,,800000,emp9270@mail.com
9271,EMP09271,Unknow,35.0,14.0,HR,2023-01-15,600000,
9272,EMP09272,Male,40.0,17.0,Manager,,600000,
9273,EMP09273,Unknow,49.0,20.0,Analyst,,600000,
9274,EMP09274,Unknow,55.0,10.0,HR,,600000,
9275,EMP09275,Female,27.0,19.0,Engineer,,500000,
9276,EMP09276,Female,54.0,1.0,Intern,,800000,
9277,EMP09277,Male,48.0,6.0,Manager,,800000,
9278,EMP09278,Male,35.0,5.0,HR,,350000,emp9278@mail.com
9279,EMP09279,Female,49.0,4.0,QA,2023-01-15,350000,
9280,EMP09280,Female,42.0,9.0,HR,2023-01-15,600000,
9281,EMP09281,Female,52.0,1.0,Manager,,800000,
9282,EMP09282,Female,49.0,11.0,HR,,600000,
9283,EMP09283,Male,36.0,3.0,Manager,,800000,
9284,EMP09284,Unknow,48.0,8.0,QA,2023-01-15,500000,
9285,EMP09285,Male,26.0,9.0,HR,,800000,emp9285@mail.com
9286,EMP09286,Female,60.0,,HR,,600000,
9287,EMP09287,Male,45.0,11.0,Intern,,500000,emp9287@mail.com
9288,EMP09288,Male,22.0,99.0,HR,2023-01-15,500000,
9289,EMP09289,Male,40.0,15.0,Intern,2023-01-15,350000,
9290,EMP09290,Male,30.0,2.0,Intern,2025-07-01,350000,
9291,EMP09291,Female,30.0,11.0,HR,,500000,emp9291@mail.com
9292,EMP09292,Female,20.0,11.0,Intern,2023-01-15,500000,emp9292@mail.com
9293,EMP09293,Male,51.0,2.0,Analyst,,600000,
9294,EMP09294,Female,33.0,12.0,Intern,,350000,
9295,EMP09295,Male,38.0,19.0,HR,2025-07-01,600000,emp9295@mail.com
9296,EMP09296,Female,24.0,18.0,Engineer,2023-01-15,500000,
9297,EMP09297,Male,39.0,17.0,Engineer,,600000,
9298,EMP09298,Male,59.0,4.0,Manager,,600000,
9299,EMP09299,Male,45.0,11.0,Engineer,,350000,
9300,EMP09300,Male,20.0,20.0,Manager,,500000,
9301,EMP09301,Male,24.0,2.0,Manager,2023-01-15,500000,
9302,EMP09302,Female,45.0,17.0,Manager,,800000,
9303,EMP09303,Female,20.0,20.0,Analyst,2025-07-01,800000,emp9303@mail.com
9304,EMP09304,Male,32.0,5.0,Manager,2025-07-01,500000,
9305,EMP09305,Male,40.0,3.0,Manager,,350000,
9306,EMP09306,Female,35.0,8.0,QA,2023-01-15,800000,emp9306@mail.com
9307,EMP09307,Male,37.0,11.0,Analyst,2025-07-01,500000,emp9307@mail.com
9308,EMP09308,Unknow,42.0,1.0,Manager,,600000,
9309,EMP09309,Male,26.0,19.0,Manager,2025-07-01,600000,
9310,EMP09310,Female,49.0,1.0,Engineer,,800000,
9311,EMP09311,Male,50.0,8.0,HR,,350000,emp9311@mail.com
9312,EMP09312,Male,40.0,15.0,Analyst,,500000,
9313,EMP09313,Unknow,30.0,16.0,Intern,,800000,
9314,EMP09314,Female,40.0,10.0,Manager,,500000,emp9314@mail.com
9315,EMP09315,Female,42.0,11.0,Analyst,,500000,emp9315@mail.com
9316,EMP09316,Male,33.0,4.0,QA,2023-01-15,800000,
9317,EMP09317,Male,58.0,5.0,Intern,,500000,
9318,EMP09318,Male,24.0,3.0,HR,,350000,
9319,EMP09319,Male,28.0,99.0,Manager,,500000,
9320,EMP09320,Male,40.0,15.0,QA,,500000,
9321,EMP09321,Unknow,58.0,8.0,Manager,,500000,
9322,EMP09322,Female,40.0,17.0,Analyst,,600000,emp9322@mail.com
9323,EMP09323,Female,50.0,,Analyst,2025-07-01,600000,
9324,EMP09324,Male,48.0,5.0,QA,,350000,emp9324@mail.com
9325,EMP09325,Male,40.0,9.0,Manager,,600000,
9326,EMP09326,Female,58.0,99.0,Analyst,2023-01-15,500000,
9327,EMP09327,Female,28.0,4.0,HR,,800000,
9328,EMP09328,Unknow,60.0,14.0,Engineer,2025-07-01,500000,
9329,EMP09329,Unknow,27.0,14.0,Manager,,600000,emp9329@mail.com
9330,EMP09330,Female,31.0,2.0,Engineer,,600000,
9331,EMP09331,Male,55.0,17.0,QA,2023-01-15,500000,
9332,EMP09332,Female,46.0,4.0,Manager,2023-01-15,500000,
9333,EMP09333,Unknow,56.0,14.0,Engineer,,600000,
9334,EMP09334,Male,56.0,6.0,Intern,,600000,
9335,EMP09335,Male,20.0,8.0,HR,2023-01-15,350000,
9336,EMP09336,Male,22.0,11.0,Intern,,500000,
9337,EMP09337,Male,47.0,17.0,Manager,,600000,emp9337@mail.com
9338,EMP09338,Male,31.0,12.0,HR,2023-01-15,600000,emp9338@mail.com
9339,EMP09339,Male,48.0,19.0,Engineer,,800000,
9340,EMP09340,Male,40.0,18.0,QA,,600000,
9341,EMP09341,Male,22.0,6.0,Manager,,600000,
9342,EMP09342,Female,34.0,17.0,Intern,,600000,emp9342@mail.com
9343,EMP09343,Female,59.0,3.0,Manager,,600000,
9344,EMP09344,Male,40.0,7.0,QA,,600000,emp9344@mail.com
9345,EMP09345,Unknow,60.0,15.0,Engineer,,500000,
9346,EMP09346,Unknow,23.0,20.0,QA,2023-01-15,600000,
9347,EMP09347,Female,29.0,14.0,HR,,600000,
9348,EMP09348,Unknow,23.0,6.0,Engineer,2023-01-15,600000,emp9348@mail.com
9349,EMP09349,Female,36.0,15.0,HR,,500000,
9350,EMP09350,Male,23.0,4.0,Engineer,2025-07-01,350000,
9351,EMP09351,Female,41.0,14.0,Intern,2025-07-01,350000,emp9351@mail.com
9352,EMP09352,Male,36.0,14.0,Manager,2023-01-15,500000,emp9352@mail.com
9353,EMP09353,Male,41.0,20.0,HR,2023-01-15,500000,
9354,EMP09354,Male,60.0,7.0,QA,,600000,
9355,EMP09355,Male,46.0,18.0,Analyst,2023-01-15,600000,
9356,EMP09356,Male,53.0,19.0,Engineer,,350000,
9357,EMP09357,Male,35.0,4.0,Manager,,600000,
9358,EMP09358,Unknow,33.0,17.0,HR,2023-01-15,350000,
9359,EMP09359,Unknow,33.0,17.0,Engineer,2023-01-15,350000,
9360,EMP09360,Unknow,51.0,3.0,Intern,,600000,
9361,EMP09361,Male,44.0,20.0,Manager,,600000,emp9361@mail.com
9362,EMP09362,Male,22.0,,QA,,600000,
9363,EMP09363,Male,30.0,8.0,Manager,,350000,
9364,EMP09364,Male,29.0,4.0,HR,,350000,
9365,EMP09365,Female,44.0,1.0,HR,,350000,
9366,EMP09366,Unknow,26.0,99.0,HR,,800000,
9367,EMP09367,Male,26.0,14.0,QA,,800000,emp9367@mail.com
9368,EMP09368,Male,60.0,15.0,Analyst,2023-01-15,500000,emp9368@mail.com
9369,EMP09369,Male,33.0,16.0,Manager,,500000,
9370,EMP09370,Male,22.0,10.0,Engineer,2025-07-01,350000,
9371,EMP09371,Male,40.0,2.0,Intern,2023-01-15,500000,
9372,EMP09372,Female,58.0,9.0,QA,2025-07-01,500000,
9373,EMP09373,Male,57.0,7.0,Analyst,,800000,
9374,EMP09374,Male,59.0,9.0,Manager,,500000,
9375,EMP09375,Unknow,29.0,13.0,QA,2023-01-15,600000,emp9375@mail.com
9376,EMP09376,Male,36.0,2.0,Manager,,800000,emp9376@mail.com
9377,EMP09377,Male,25.0,3.0,Manager,2023-01-15,600000,
9378,EMP09378,Female,36.0,14.0,Intern,,600000,
9379,EMP09379,Unknow,58.0,19.0,HR,,500000,
9380,EMP09380,Male,30.0,12.0,Analyst,,600000,
9381,EMP09381,Female,31.0,20.0,HR,,350000,
9382,EMP09382,Female,42.0,18.0,Analyst,,600000,
9383,EMP09383,Unknow,22.0,,QA,2023-01-15,600000,
9384,EMP09384,Male,41.0,99.0,Manager,2023-01-15,500000,
9385,EMP09385,Female,21.0,8.0,QA,2023-01-15,350000,
9386,EMP09386,Male,37.0,14.0,QA,,800000,
9387,EMP09387,Male,35.0,6.0,Manager,,600000,
9388,EMP09388,Male,47.0,99.0,Analyst,2023-01-15,350000,
9389,EMP09389,Male,58.0,14.0,Intern,2025-07-01,600000,
9390,EMP09390,Male,38.0,6.0,Intern,,600000,
9391,EMP09391,Male,26.0,11.0,Manager,,350000,
9392,EMP09392,Unknow,49.0,10.0,QA,2023-01-15,600000,
9393,EMP09393,Male,23.0,99.0,Manager,,500000,
9394,EMP09394,Male,20.0,5.0,Engineer,2023-01-15,600000,emp9394@mail.com
9395,EMP09395,Female,37.0,18.0,Manager,,800000,
9396,EMP09396,Male,50.0,20.0,QA,,600000,emp9396@mail.com
9397,EMP09397,Female,30.0,99.0,QA,2023-01-15,500000,
9398,EMP09398,Male,42.0,8.0,QA,,500000,
9399,EMP09399,Female,43.0,99.0,Manager,2025-07-01,800000,
9400,EMP09400,Male,34.0,3.0,Analyst,,600000,
9401,EMP09401,Female,39.0,17.0,QA,,800000,
9402,EMP09402,Female,58.0,2.0,QA,2025-07-01,600000,
9403,EMP09403,Unknow,32.0,16.0,HR,2025-07-01,600000,
9404,EMP09404,Female,40.0,2.0,HR,,600000,
9405,EMP09405,Male,36.0,6.0,Analyst,2025-07-01,600000,
9406,EMP09406,Male,34.0,4.0,HR,2025-07-01,600000,emp9406@mail.com
9407,EMP09407,Male,54.0,99.0,QA,2023-01-15,600000,emp9407@mail.com
9408,EMP09408,Male,35.0,19.0,QA,,350000,
9409,EMP09409,Unknow,40.0,11.0,HR,2025-07-01,500000,
9410,EMP09410,Female,54.0,10.0,QA,,500000,
9411,EMP09411,Female,23.0,4.0,HR,2023-01-15,600000,
9412,EMP09412,Female,54.0,,Manager,2023-01-15,600000,
9413,EMP09413,Unknow,50.0,99.0,Analyst,2025-07-01,500000,emp9413@mail.com
9414,EMP09414,Female,46.0,1.0,Analyst,2025-07-01,600000,
9415,EMP09415,Male,36.0,9.0,HR,2025-07-01,500000,
9416,EMP09416,Female,40.0,8.0,Engineer,2025-07-01,500000,
9417,EMP09417,Male,45.0,17.0,HR,2023-01-15,600000,
9418,EMP09418,Female,38.0,5.0,Intern,,800000,
9419,EMP09419,Unknow,55.0,4.0,Manager,,800000,
9420,EMP09420,Male,40.0,1.0,HR,,500000,emp9420@mail.com
9421,EMP09421,Male,60.0,17.0,Analyst,,600000,
9422,EMP09422,Female,33.0,4.0,Manager,,500000,
9423,EMP09423,Female,40.0,4.0,Engineer,,600000,emp9423@mail.com
9424,EMP09424,Male,32.0,,QA,2023-01-15,600000,
9425,EMP09425,Female,50.0,18.0,Manager,,600000,
9426,EMP09426,Female,54.0,8.0,Engineer,2023-01-15,500000,
9427,EMP09427,Female,25.0,3.0,Engineer,,600000,emp9427@mail.com
9428,EMP09428,Female,40.0,2.0,HR,2023-01-15,600000,
9429,EMP09429,Male,52.0,19.0,Manager,2023-01-15,350000,
9430,EMP09430,Female,27.0,16.0,QA,,600000,
9431,EMP09431,Female,47.0,5.0,Analyst,,500000,emp9431@mail.com
9432,EMP09432,Male,29.0,9.0,QA,,500000,
9433,EMP09433,Male,26.0,5.0,HR,2023-01-15,600000,emp9433@mail.com
9434,EMP09434,Unknow,50.0,9.0,Intern,2023-01-15,800000,emp9434@mail.com
9435,EMP09435,Male,26.0,14.0,Intern,,800000,
9436,EMP09436,Male,42.0,19.0,Manager,,600000,
9437,EMP09437,Unknow,30.0,3.0,HR,2025-07-01,800000,
9438,EMP09438,Female,27.0,16.0,Intern,2023-01-15,500000,
9439,EMP09439,Male,32.0,19.0,Analyst,2023-01-15,350000,
9440,EMP09440,Female,43.0,2.0,HR,,350000,emp9440@mail.com
9441,EMP09441,Male,28.0,3.0,Manager,,600000,emp9441@mail.com
9442,EMP09442,Female,44.0,16.0,HR,2025-07-01,500000,
9443,EMP09443,Male,43.0,7.0,Analyst,,500000,
9444,EMP09444,Male,40.0,5.0,Analyst,2023-01-15,500000,
9445,EMP09445,Male,48.0,3.0,QA,,800000,
9446,EMP09446,Male,50.0,11.0,QA,,500000,
9447,EMP09447,Female,26.0,99.0,Engineer,2023-01-15,350000,
9448,EMP09448,Male,30.0,,Intern,,600000,
9449,EMP09449,Male,40.0,1.0,Intern,,600000,
9450,EMP09450,Male,52.0,10.0,QA,,350000,
9451,EMP09451,Male,52.0,14.0,Manager,2023-01-15,800000,
9452,EMP09452,Female,49.0,7.0,Intern,,500000,
9453,EMP09453,Female,40.0,11.0,HR,2023-01-15,500000,
9454,EMP09454,Female,41.0,7.0,Analyst,2023-01-15,350000,
9455,EMP09455,Female,38.0,17.0,QA,,350000,emp9455@mail.com
9456,EMP09456,Male,24.0,15.0,Intern,2023-01-15,800000,
9457,EMP09457,Female,58.0,4.0,QA,2025-07-01,350000,emp9457@mail.com
9458,EMP09458,Unknow,46.0,16.0,Intern,,600000,
9459,EMP09459,Male,23.0,1.0,Intern,2023-01-15,350000,
9460,EMP09460,Unknow,40.0,19.0,Manager,2023-01-15,600000,
9461,EMP09461,Male,42.0,10.0,Intern,,600000,
9462,EMP09462,Male,22.0,19.0,Intern,2023-01-15,500000,
9463,EMP09463,Male,25.0,5.0,HR,,500000,
9464,EMP09464,Unknow,40.0,17.0,HR,2023-01-15,600000,emp9464@mail.com
9465,EMP09465,Male,55.0,1.0,Engineer,,600000,
9466,EMP09466,Female,22.0,11.0,Engineer,,600000,emp9466@mail.com
9467,EMP09467,Female,41.0,18.0,QA,2023-01-15,800000,
9468,EMP09468,Female,42.0,13.0,Analyst,,500000,emp9468@mail.com
9469,EMP09469,Unknow,48.0,10.0,HR,2025-07-01,500000,emp9469@mail.com
9470,EMP09470,Male,24.0,5.0,Manager,,500000,
9471,EMP09471,Male,30.0,12.0,Intern,2025-07-01,500000,
9472,EMP09472,Male,37.0,6.0,HR,2023-01-15,800000,emp9472@mail.com
9473,EMP09473,Male,24.0,12.0,Engineer,2023-01-15,350000,
9474,EMP09474,Male,38.0,9.0,Engineer,,500000,emp9474@mail.com
9475,EMP09475,Unknow,32.0,11.0,Manager,,800000,
9476,EMP09476,Male,24.0,20.0,Manager,,500000,emp9476@mail.com
9477,EMP09477,Unknow,26.0,10.0,Intern,,600000,
9478,EMP09478,Unknow,23.0,13.0,Manager,2025-07-01,350000,emp9478@mail.com
9479,EMP09479,Unknow,37.0,19.0,Manager,2025-07-01,600000,
9480,EMP09480,Female,47.0,14.0,Engineer,2023-01-15,350000,emp9480@mail.com
9481,EMP09481,Male,41.0,17.0,Engineer,2023-01-15,800000,
9482,EMP09482,Female,27.0,10.0,Engineer,2023-01-15,800000,
9483,EMP09483,Unknow,27.0,2.0,HR,,500000,
9484,EMP09484,Male,58.0,,Manager,,600000,emp9484@mail.com
9485,EMP09485,Male,27.0,17.0,Intern,,800000,
9486,EMP09486,Female,28.0,7.0,Manager,,800000,
9487,EMP09487,Unknow,51.0,7.0,Engineer,,800000,
9488,EMP09488,Female,36.0,19.0,Engineer,,600000,
9489,EMP09489,Unknow,52.0,8.0,Analyst,2025-07-01,800000,
9490,EMP09490,Male,47.0,2.0,Intern,2025-07-01,800000,
9491,EMP09491,Male,35.0,,Analyst,2025-07-01,600000,
9492,EMP09492,Male,54.0,8.0,Engineer,2023-01-15,500000,emp9492@mail.com
9493,EMP09493,Female,47.0,2.0,Intern,2025-07-01,350000,
9494,EMP09494,Male,52.0,5.0,Engineer,,800000,emp9494@mail.com
9495,EMP09495,Unknow,29.0,10.0,Manager,2025-07-01,600000,
9496,EMP09496,Male,53.0,12.0,Intern,2025-07-01,350000,
9497,EMP09497,Unknow,40.0,99.0,Analyst,2025-07-01,500000,
9498,EMP09498,Male,52.0,4.0,HR,,350000,
9499,EMP09499,Male,22.0,18.0,QA,2025-07-01,350000,
9500,EMP09500,Male,40.0,8.0,Intern,2025-07-01,500000,
9501,EMP09501,Male,48.0,9.0,Engineer,2023-01-15,500000,
9502,EMP09502,Male,20.0,,QA,,600000,
9503,EMP09503,Male,54.0,10.0,Intern,,600000,
9504,EMP09504,Male,45.0,10.0,QA,,500000,
9505,EMP09505,Unknow,36.0,4.0,HR,,350000,
9506,EMP09506,Female,45.0,7.0,Engineer,2023-01-15,350000,
9507,EMP09507,Female,48.0,16.0,HR,,600000,
9508,EMP09508,Female,52.0,1.0,QA,,800000,emp9508@mail.com
9509,EMP09509,Unknow,47.0,11.0,Manager,,500000,
9510,EMP09510,Male,55.0,1.0,Engineer,2023-01-15,600000,
9511,EMP09511,Female,50.0,,Analyst,,600000,
9512,EMP09512,Male,43.0,6.0,Analyst,,800000,
9513,EMP09513,Unknow,32.0,10.0,Engineer,,600000,
9514,EMP09514,Female,40.0,2.0,Analyst,,500000,
9515,EMP09515,Female,33.0,99.0,QA,,500000,emp9515@mail.com
9516,EMP09516,Female,40.0,3.0,Intern,,600000,
9517,EMP09517,Male,27.0,99.0,Manager,,500000,
9518,EMP09518,Male,40.0,16.0,Intern,2023-01-15,800000,emp9518@mail.com
9519,EMP09519,Male,44.0,10.0,Analyst,2023-01-15,800000,
9520,EMP09520,Male,25.0,20.0,Engineer,2023-01-15,600000,emp9520@mail.com
9521,EMP09521,Female,33.0,19.0,Analyst,,600000,
9522,EMP09522,Unknow,56.0,14.0,Intern,,600000,
9523,EMP09523,Male,25.0,13.0,Analyst,,800000,
9524,EMP09524,Male,27.0,7.0,QA,,500000,
9525,EMP09525,Male,42.0,10.0,Intern,2023-01-15,600000,
9526,EMP09526,Female,40.0,18.0,Analyst,2023-01-15,600000,emp9526@mail.com
9527,EMP09527,Male,44.0,18.0,Intern,2023-01-15,350000,
9528,EMP09528,Unknow,21.0,5.0,Analyst,2023-01-15,500000,
9529,EMP09529,Female,20.0,6.0,Engineer,,600000,emp9529@mail.com
9530,EMP09530,Male,29.0,7.0,Intern,,800000,emp9530@mail.com
9531,EMP09531,Male,20.0,15.0,Engineer,,500000,
9532,EMP09532,Male,40.0,15.0,Manager,2023-01-15,600000,emp9532@mail.com
9533,EMP09533,Male,60.0,99.0,HR,,500000,
9534,EMP09534,Female,27.0,17.0,Analyst,2023-01-15,800000,
9535,EMP09535,Female,21.0,19.0,Manager,,800000,
9536,EMP09536,Female,27.0,12.0,HR,,350000,
9537,EMP09537,Unknow,46.0,17.0,Intern,,600000,
9538,EMP09538,Male,20.0,2.0,Engineer,2025-07-01,600000,
9539,EMP09539,Unknow,39.0,,QA,2023-01-15,600000,
9540,EMP09540,Male,42.0,10.0,HR,2025-07-01,500000,
9541,EMP09541,Male,47.0,10.0,Intern,2023-01-15,600000,
9542,EMP09542,Unknow,40.0,7.0,Intern,,500000,emp9542@mail.com
9543,EMP09543,Male,33.0,14.0,Engineer,,600000,emp9543@mail.com
9544,EMP09544,Female,40.0,5.0,Intern,,600000,
9545,EMP09545,Female,30.0,18.0,Engineer,2023-01-15,600000,emp9545@mail.com
9546,EMP09546,Female,53.0,12.0,Engineer,,600000,
9547,EMP09547,Male,28.0,18.0,Intern,,500000,emp9547@mail.com
9548,EMP09548,Female,33.0,1.0,Engineer,2025-07-01,500000,emp9548@mail.com
9549,EMP09549,Male,37.0,12.0,Analyst,,500000,emp9549@mail.com
9550,EMP09550,Male,44.0,17.0,QA,,600000,
9551,EMP09551,Female,39.0,99.0,Intern,2025-07-01,350000,
9552,EMP09552,Male,53.0,2.0,Intern,,350000,
9553,EMP09553,Female,52.0,7.0,Manager,,500000,
9554,EMP09554,Unknow,49.0,4.0,Engineer,2023-01-15,800000,emp9554@mail.com
9555,EMP09555,Female,25.0,5.0,Analyst,,350000,
9556,EMP09556,Male,54.0,4.0,Engineer,,800000,
9557,EMP09557,Unknow,54.0,18.0,QA,,600000,emp9557@mail.com
9558,EMP09558,Male,49.0,7.0,Manager,,500000,emp9558@mail.com
9559,EMP09559,Unknow,20.0,11.0,Intern,2025-07-01,500000,
9560,EMP09560,Unknow,29.0,9.0,Intern,,600000,
9561,EMP09561,Male,23.0,1.0,Manager,2023-01-15,500000,
9562,EMP09562,Male,44.0,4.0,Engineer,,500000,
9563,EMP09563,Female,52.0,7.0,Manager,2025-07-01,600000,
9564,EMP09564,Male,36.0,10.0,QA,2023-01-15,600000,emp9564@mail.com
9565,EMP09565,Male,25.0,12.0,Engineer,2025-07-01,800000,
9566,EMP09566,Female,47.0,11.0,Intern,2023-01-15,800000,
9567,EMP09567,Female,20.0,18.0,Manager,2023-01-15,600000,emp9567@mail.com
9568,EMP09568,Male,34.0,16.0,Analyst,,500000,
9569,EMP09569,Male,23.0,99.0,QA,,800000,
9570,EMP09570,Female,20.0,20.0,Intern,2025-07-01,500000,
9571,EMP09571,Male,23.0,9.0,HR,,350000,emp9571@mail.com
9572,EMP09572,Female,51.0,,Manager,2023-01-15,600000,
9573,EMP09573,Male,60.0,2.0,Analyst,,800000,
9574,EMP09574,Male,49.0,14.0,Engineer,,350000,
9575,EMP09575,Male,47.0,6.0,Engineer,2025-07-01,600000,
9576,EMP09576,Unknow,49.0,5.0,QA,,500000,
9577,EMP09577,Female,60.0,20.0,QA,,600000,
9578,EMP09578,Male,57.0,15.0,QA,,350000,
9579,EMP09579,Female,30.0,9.0,Intern,,500000,emp9579@mail.com
9580,EMP09580,Female,41.0,9.0,HR,2023-01-15,500000,
9581,EMP09581,Female,30.0,13.0,Intern,2023-01-15,350000,
9582,EMP09582,Female,33.0,20.0,Engineer,2023-01-15,600000,
9583,EMP09583,Male,23.0,,QA,2023-01-15,600000,
9584,EMP09584,Unknow,36.0,12.0,Analyst,,500000,
9585,EMP09585,Female,49.0,12.0,Engineer,2025-07-01,600000,
9586,EMP09586,Male,22.0,16.0,HR,,600000,emp9586@mail.com
9587,EMP09587,Female,52.0,9.0,QA,,500000,emp9587@mail.com
9588,EMP09588,Unknow,34.0,19.0,Intern,,350000,
9589,EMP09589,Male,52.0,3.0,QA,2023-01-15,500000,
9590,EMP09590,Unknow,45.0,19.0,HR,,600000,emp9590@mail.com
9591,EMP09591,Male,38.0,99.0,HR,,800000,
9592,EMP09592,Female,51.0,7.0,HR,,350000,
9593,EMP09593,Male,23.0,12.0,Intern,2025-07-01,500000,
9594,EMP09594,Male,38.0,10.0,HR,,600000,
9595,EMP09595,Female,37.0,19.0,QA,2023-01-15,600000,emp9595@mail.com
9596,EMP09596,Male,23.0,3.0,Analyst,,600000,emp9596@mail.com
9597,EMP09597,Unknow,27.0,8.0,Intern,2023-01-15,500000,emp9597@mail.com
9598,EMP09598,Female,47.0,4.0,Engineer,,800000,
9599,EMP09599,Male,58.0,5.0,Manager,2023-01-15,500000,
9600,EMP09600,Male,60.0,15.0,QA,,500000,
9601,EMP09601,Unknow,25.0,12.0,HR,,500000,
9602,EMP09602,Male,23.0,18.0,Analyst,2025-07-01,600000,
9603,EMP09603,Male,36.0,18.0,Intern,2025-07-01,800000,
9604,EMP09604,Female,37.0,2.0,Intern,,500000,
9605,EMP09605,Male,29.0,17.0,HR,2025-07-01,350000,
9606,EMP09606,Female,58.0,16.0,HR,2023-01-15,500000,
9607,EMP09607,Male,45.0,7.0,Analyst,,500000,
9608,EMP09608,Male,55.0,,Engineer,2025-07-01,600000,
9609,EMP09609,Female,28.0,12.0,QA,2023-01-15,500000,
9610,EMP09610,Female,25.0,6.0,Manager,,600000,
9611,EMP09611,Male,38.0,9.0,Manager,,350000,
9612,EMP09612,Male,37.0,13.0,Intern,,500000,
9613,EMP09613,Male,55.0,99.0,Manager,,600000,
9614,EMP09614,Male,49.0,15.0,Intern,2025-07-01,500000,emp9614@mail.com
9615,EMP09615,Male,60.0,1.0,Engineer,,600000,
9616,EMP09616,Unknow,33.0,18.0,Analyst,,600000,
9617,EMP09617,Male,45.0,3.0,Manager,,600000,
9618,EMP09618,Male,29.0,14.0,QA,2025-07-01,600000,
9619,EMP09619,Female,52.0,13.0,QA,2025-07-01,350000,
9620,EMP09620,Male,47.0,1.0,Intern,2025-07-01,800000,
9621,EMP09621,Male,24.0,11.0,HR,,800000,
9622,EMP09622,Male,22.0,20.0,QA,,600000,
9623,EMP09623,Female,34.0,,QA,2023-01-15,600000,
9624,EMP09624,Female,31.0,3.0,QA,,500000,
9625,EMP09625,Male,47.0,20.0,Analyst,2025-07-01,600000,
9626,EMP09626,Male,41.0,6.0,Analyst,2025-07-01,800000,
9627,EMP09627,Female,27.0,20.0,Analyst,,600000,
9628,EMP09628,Male,51.0,15.0,Manager,,500000,
9629,EMP09629,Male,57.0,13.0,HR,,600000,emp9629@mail.com
9630,EMP09630,Male,40.0,16.0,Analyst,,800000,
9631,EMP09631,Female,54.0,12.0,HR,,350000,
9632,EMP09632,Male,42.0,10.0,HR,,600000,
9633,EMP09633,Female,37.0,14.0,Intern,2023-01-15,350000,
9634,EMP09634,Male,45.0,9.0,Analyst,,500000,
9635,EMP09635,Unknow,56.0,17.0,Analyst,,350000,
9636,EMP09636,Female,40.0,18.0,Manager,,800000,emp9636@mail.com
9637,EMP09637,Male,58.0,9.0,Engineer,2025-07-01,500000,
9638,EMP09638,Male,24.0,6.0,QA,2025-07-01,600000,emp9638@mail.com
9639,EMP09639,Male,55.0,20.0,Analyst,,600000,
9640,EMP09640,Female,37.0,7.0,HR,,800000,
9641,EMP09641,Unknow,40.0,11.0,Engineer,,500000,
9642,EMP09642,Male,56.0,12.0,Manager,,600000,
9643,EMP09643,Male,40.0,17.0,Engineer,,800000,
9644,EMP09644,Female,45.0,16.0,QA,,500000,
9645,EMP09645,Male,43.0,16.0,HR,2023-01-15,350000,
9646,EMP09646,Male,27.0,19.0,Engineer,,600000,
9647,EMP09647,Unknow,27.0,7.0,Manager,2023-01-15,500000,
9648,EMP09648,Male,54.0,17.0,QA,,600000,
9649,EMP09649,Female,40.0,8.0,QA,,600000,
9650,EMP09650,Unknow,29.0,11.0,Analyst,2023-01-15,350000,
9651,EMP09651,Male,56.0,2.0,HR,2025-07-01,500000,
9652,EMP09652,Male,44.0,12.0,Intern,2025-07-01,600000,
9653,EMP09653,Female,49.0,5.0,Intern,,500000,emp9653@mail.com
9654,EMP09654,Male,49.0,8.0,Analyst,,800000,
9655,EMP09655,Female,20.0,7.0,Manager,,350000,
9656,EMP09656,Male,39.0,18.0,HR,2025-07-01,500000,
9657,EMP09657,Female,40.0,9.0,Manager,2025-07-01,600000,
9658,EMP09658,Unknow,58.0,19.0,Engineer,2025-07-01,800000,
9659,EMP09659,Female,28.0,3.0,QA,2023-01-15,350000,
9660,EMP09660,Female,27.0,1.0,Intern,,800000,
9661,EMP09661,Female,40.0,1.0,HR,,600000,
9662,EMP09662,Male,40.0,18.0,Manager,2023-01-15,600000,
9663,EMP09663,Male,31.0,19.0,Intern,,500000,
9664,EMP09664,Unknow,34.0,10.0,Analyst,,350000,
9665,EMP09665,Male,54.0,13.0,Manager,,600000,
9666,EMP09666,Male,59.0,1.0,Manager,,600000,emp9666@mail.com
9667,EMP09667,Male,45.0,15.0,Intern,2023-01-15,500000,
9668,EMP09668,Unknow,31.0,10.0,Intern,,600000,
9669,EMP09669,Female,44.0,1.0,QA,,600000,
9670,EMP09670,Male,24.0,19.0,Analyst,,600000,emp9670@mail.com
9671,EMP09671,Male,42.0,20.0,Manager,,500000,
9672,EMP09672,Female,40.0,6.0,Manager,2025-07-01,600000,
9673,EMP09673,Female,24.0,12.0,Intern,2025-07-01,600000,
9674,EMP09674,Male,49.0,13.0,Intern,,350000,
9675,EMP09675,Male,48.0,15.0,Intern,,350000,
9676,EMP09676,Female,33.0,9.0,Intern,,500000,emp9676@mail.com
9677,EMP09677,Female,56.0,8.0,Intern,2025-07-01,800000,emp9677@mail.com
9678,EMP09678,Female,54.0,14.0,QA,2025-07-01,600000,
9679,EMP09679,Female,54.0,9.0,Manager,2025-07-01,600000,emp9679@mail.com
9680,EMP09680,Unknow,56.0,18.0,QA,,500000,emp9680@mail.com
9681,EMP09681,Male,22.0,8.0,Intern,2025-07-01,350000,
9682,EMP09682,Male,52.0,19.0,Engineer,,600000,
9683,EMP09683,Female,33.0,9.0,Analyst,2023-01-15,600000,emp9683@mail.com
9684,EMP09684,Female,48.0,5.0,Engineer,2023-01-15,800000,emp9684@mail.com
9685,EMP09685,Female,54.0,7.0,Intern,,500000,emp9685@mail.com
9686,EMP09686,Male,25.0,18.0,Manager,2025-07-01,350000,
9687,EMP09687,Female,40.0,20.0,Manager,,600000,
9688,EMP09688,Male,53.0,,QA,,600000,
9689,EMP09689,Female,25.0,1.0,Intern,2023-01-15,350000,
9690,EMP09690,Female,22.0,1.0,QA,2025-07-01,350000,
9691,EMP09691,Female,40.0,13.0,QA,,500000,
9692,EMP09692,Female,37.0,1.0,Intern,2025-07-01,800000,emp9692@mail.com
9693,EMP09693,Female,25.0,13.0,QA,2023-01-15,600000,
9694,EMP09694,Male,22.0,3.0,Engineer,,350000,
9695,EMP09695,Male,32.0,19.0,Analyst,,600000,
9696,EMP09696,Male,40.0,7.0,HR,2023-01-15,350000,
9697,EMP09697,Male,57.0,17.0,Manager,2025-07-01,600000,
9698,EMP09698,Male,40.0,2.0,Intern,2025-07-01,350000,
9699,EMP09699,Female,20.0,15.0,Analyst,,500000,
9700,EMP09700,Male,40.0,12.0,QA,,500000,emp9700@mail.com
9701,EMP09701,Female,51.0,2.0,Manager,,600000,emp9701@mail.com
9702,EMP09702,Unknow,40.0,15.0,QA,2025-07-01,500000,
9703,EMP09703,Female,30.0,4.0,Analyst,,500000,emp9703@mail.com
9704,EMP09704,Male,27.0,9.0,HR,,500000,
9705,EMP09705,Male,45.0,5.0,HR,,500000,
9706,EMP09706,Unknow,47.0,3.0,QA,2023-01-15,350000,emp9706@mail.com
9707,EMP09707,Male,45.0,13.0,HR,,500000,emp9707@mail.com
9708,EMP09708,Male,52.0,12.0,Analyst,2023-01-15,350000,emp9708@mail.com
9709,EMP09709,Unknow,52.0,1.0,QA,,500000,
9710,EMP09710,Male,59.0,20.0,Analyst,,600000,emp9710@mail.com
9711,EMP09711,Unknow,51.0,11.0,Engineer,,500000,emp9711@mail.com
9712,EMP09712,Male,26.0,18.0,Engineer,,500000,
9713,EMP09713,Male,25.0,7.0,Manager,2025-07-01,800000,
9714,EMP09714,Unknow,56.0,14.0,Intern,2025-07-01,600000,
9715,EMP09715,Female,27.0,99.0,Manager,,500000,
9716,EMP09716,Female,52.0,10.0,QA,,600000,
9717,EMP09717,Male,35.0,9.0,Manager,,350000,
9718,EMP09718,Male,43.0,6.0,Analyst,2023-01-15,600000,
9719,EMP09719,Unknow,43.0,20.0,Intern,2023-01-15,800000,emp9719@mail.com
9720,EMP09720,Male,21.0,18.0,Intern,,600000,
9721,EMP09721,Female,29.0,17.0,QA,,350000,
9722,EMP09722,Female,60.0,13.0,Analyst,,600000,emp9722@mail.com
9723,EMP09723,Male,47.0,12.0,Intern,,600000,
9724,EMP09724,Unknow,57.0,1.0,Engineer,,600000,emp9724@mail.com
9725,EMP09725,Male,53.0,11.0,Intern,,500000,
9726,EMP09726,Female,43.0,5.0,Intern,,500000,
9727,EMP09727,Male,21.0,12.0,Intern,2025-07-01,600000,
9728,EMP09728,Male,32.0,17.0,Engineer,2023-01-15,800000,emp9728@mail.com
9729,EMP09729,Female,56.0,2.0,Engineer,,350000,
9730,EMP09730,Male,22.0,13.0,HR,,500000,emp9730@mail.com
9731,EMP09731,Male,42.0,20.0,HR,2023-01-15,350000,emp9731@mail.com
9732,EMP09732,Unknow,23.0,9.0,Engineer,,500000,emp9732@mail.com
9733,EMP09733,Female,42.0,4.0,HR,,350000,
9734,EMP09734,Female,34.0,14.0,Analyst,,500000,
9735,EMP09735,Male,34.0,8.0,HR,2023-01-15,350000,emp9735@mail.com
9736,EMP09736,Unknow,24.0,6.0,HR,2025-07-01,600000,
9737,EMP09737,Female,25.0,9.0,Manager,,500000,emp9737@mail.com
9738,EMP09738,Male,50.0,13.0,Engineer,2023-01-15,350000,
9739,EMP09739,Female,27.0,18.0,Analyst,,600000,
9740,EMP09740,Male,33.0,10.0,Manager,2023-01-15,600000,
9741,EMP09741,Male,28.0,10.0,QA,,800000,
9742,EMP09742,Unknow,55.0,6.0,Engineer,,500000,
9743,EMP09743,Female,55.0,12.0,Analyst,,600000,
9744,EMP09744,Unknow,32.0,99.0,Intern,,500000,
9745,EMP09745,Unknow,22.0,15.0,Manager,,350000,emp9745@mail.com
9746,EMP09746,Unknow,48.0,13.0,Analyst,,500000,
9747,EMP09747,Male,23.0,11.0,Engineer,,500000,emp9747@mail.com
9748,EMP09748,Unknow,50.0,18.0,QA,,800000,emp9748@mail.com
9749,EMP09749,Male,48.0,3.0,Manager,,350000,emp9749@mail.com
9750,EMP09750,Male,26.0,11.0,QA,2023-01-15,800000,
9751,EMP09751,Male,20.0,,Intern,,600000,emp9751@mail.com
9752,EMP09752,Male,29.0,99.0,Intern,,350000,
9753,EMP09753,Unknow,57.0,,Manager,2023-01-15,600000,
9754,EMP09754,Male,54.0,10.0,Analyst,,600000,
9755,EMP09755,Male,36.0,7.0,HR,2023-01-15,600000,
9756,EMP09756,Female,55.0,1.0,Analyst,2025-07-01,600000,
9757,EMP09757,Female,46.0,3.0,Manager,,600000,
9758,EMP09758,Female,46.0,99.0,QA,,350000,
9759,EMP09759,Male,26.0,11.0,Analyst,2023-01-15,800000,emp9759@mail.com
9760,EMP09760,Unknow,22.0,17.0,Engineer,2023-01-15,350000,
9761,EMP09761,Male,40.0,17.0,Engineer,,500000,
9762,EMP09762,Male,49.0,5.0,QA,2023-01-15,350000,
9763,EMP09763,Female,58.0,12.0,QA,,600000,
9764,EMP09764,Female,59.0,14.0,HR,,600000,
9765,EMP09765,Male,49.0,99.0,QA,,500000,
9766,EMP09766,Male,40.0,7.0,Manager,,350000,emp9766@mail.com
9767,EMP09767,Male,34.0,16.0,HR,,350000,
9768,EMP09768,Female,40.0,1.0,Manager,,500000,emp9768@mail.com
9769,EMP09769,Male,43.0,99.0,QA,,500000,
9770,EMP09770,Male,41.0,5.0,Manager,,500000,emp9770@mail.com
9771,EMP09771,Male,30.0,16.0,Intern,,600000,emp9771@mail.com
9772,EMP09772,Male,41.0,4.0,Manager,,350000,emp9772@mail.com
9773,EMP09773,Unknow,58.0,8.0,Intern,,350000,emp9773@mail.com
9774,EMP09774,Male,56.0,1.0,Engineer,,350000,
9775,EMP09775,Female,54.0,8.0,Intern,2025-07-01,500000,
9776,EMP09776,Female,29.0,18.0,QA,,600000,
9777,EMP09777,Male,38.0,20.0,Engineer,2023-01-15,600000,
9778,EMP09778,Female,22.0,17.0,Analyst,,500000,
9779,EMP09779,Female,23.0,19.0,Analyst,2023-01-15,500000,emp9779@mail.com
9780,EMP09780,Male,22.0,10.0,Engineer,,600000,
9781,EMP09781,Male,22.0,15.0,QA,,500000,emp9781@mail.com
9782,EMP09782,Male,22.0,5.0,Intern,,600000,
9783,EMP09783,Female,46.0,5.0,Engineer,,600000,
9784,EMP09784,Male,39.0,7.0,Engineer,2023-01-15,800000,emp9784@mail.com
9785,EMP09785,Male,60.0,17.0,Engineer,2025-07-01,800000,
9786,EMP09786,Male,38.0,2.0,Analyst,,600000,
9787,EMP09787,Female,39.0,9.0,Analyst,2023-01-15,500000,
9788,EMP09788,Male,36.0,15.0,QA,,350000,emp9788@mail.com
9789,EMP09789,Female,56.0,12.0,QA,,600000,
9790,EMP09790,Female,35.0,18.0,Engineer,2023-01-15,600000,
9791,EMP09791,Male,53.0,16.0,Analyst,2023-01-15,350000,
9792,EMP09792,Unknow,40.0,11.0,Intern,2023-01-15,350000,
9793,EMP09793,Male,30.0,99.0,Analyst,2023-01-15,500000,
9794,EMP09794,Female,58.0,6.0,Intern,2025-07-01,600000,
9795,EMP09795,Female,26.0,17.0,Engineer,,800000,
9796,EMP09796,Female,42.0,7.0,Intern,,500000,
9797,EMP09797,Male,29.0,12.0,HR,2025-07-01,600000,
9798,EMP09798,Male,42.0,15.0,Analyst,2025-07-01,500000,
9799,EMP09799,Unknow,52.0,8.0,QA,,500000,
9800,EMP09800,Female,40.0,6.0,Engineer,,800000,
9801,EMP09801,Male,51.0,14.0,Intern,,600000,emp9801@mail.com
9802,EMP09802,Male,56.0,7.0,Manager,,600000,
9803,EMP09803,Male,34.0,2.0,HR,,600000,
9804,EMP09804,Unknow,38.0,20.0,HR,,600000,
9805,EMP09805,Male,23.0,5.0,Intern,2025-07-01,500000,
9806,EMP09806,Male,35.0,6.0,Intern,2025-07-01,600000,emp9806@mail.com
9807,EMP09807,Female,38.0,8.0,QA,2023-01-15,500000,
9808,EMP09808,Female,23.0,1.0,Intern,2023-01-15,600000,
9809,EMP09809,Male,27.0,5.0,Analyst,2023-01-15,350000,
9810,EMP09810,Female,52.0,6.0,Engineer,2023-01-15,600000,
9811,EMP09811,Unknow,22.0,15.0,Analyst,2025-07-01,800000,
9812,EMP09812,Female,29.0,19.0,Analyst,2023-01-15,350000,
9813,EMP09813,Male,29.0,10.0,Intern,2025-07-01,600000,emp9813@mail.com
9814,EMP09814,Unknow,39.0,12.0,Engineer,,600000,
9815,EMP09815,Male,58.0,3.0,Manager,2025-07-01,800000,emp9815@mail.com
9816,EMP09816,Female,40.0,15.0,HR,2025-07-01,500000,emp9816@mail.com
9817,EMP09817,Unknow,31.0,2.0,Engineer,2023-01-15,350000,emp9817@mail.com
9818,EMP09818,Male,49.0,3.0,Manager,,500000,
9819,EMP09819,Male,27.0,4.0,Intern,,500000,emp9819@mail.com
9820,EMP09820,Female,54.0,14.0,Analyst,,600000,
9821,EMP09821,Female,28.0,5.0,HR,,600000,
9822,EMP09822,Male,57.0,7.0,HR,2025-07-01,350000,
9823,EMP09823,Female,42.0,1.0,Engineer,,500000,
9824,EMP09824,Male,27.0,16.0,Intern,,600000,emp9824@mail.com
9825,EMP09825,Male,31.0,7.0,Intern,2023-01-15,600000,emp9825@mail.com
9826,EMP09826,Male,56.0,16.0,Manager,,600000,
9827,EMP09827,Male,59.0,11.0,Analyst,,500000,
9828,EMP09828,Female,55.0,9.0,QA,,500000,emp9828@mail.com
9829,EMP09829,Female,32.0,14.0,Engineer,2025-07-01,350000,
9830,EMP09830,Female,38.0,13.0,Engineer,2023-01-15,500000,
9831,EMP09831,Male,54.0,8.0,Analyst,2023-01-15,500000,
9832,EMP09832,Female,50.0,7.0,HR,,500000,
9833,EMP09833,Female,38.0,11.0,QA,,600000,
9834,EMP09834,Male,36.0,4.0,Analyst,2023-01-15,600000,
9835,EMP09835,Male,27.0,13.0,HR,,500000,emp9835@mail.com
9836,EMP09836,Female,25.0,15.0,Analyst,,500000,
9837,EMP09837,Male,41.0,11.0,Manager,,500000,emp9837@mail.com
9838,EMP09838,Male,42.0,17.0,Engineer,,500000,
9839,EMP09839,Unknow,58.0,13.0,Intern,,800000,
9840,EMP09840,Male,55.0,11.0,Manager,2025-07-01,800000,
9841,EMP09841,Female,29.0,14.0,Analyst,2023-01-15,600000,emp9841@mail.com
9842,EMP09842,Male,42.0,17.0,HR,,600000,
9843,EMP09843,Male,52.0,,Manager,2025-07-01,600000,
9844,EMP09844,Male,57.0,11.0,Intern,,500000,emp9844@mail.com
9845,EMP09845,Male,48.0,12.0,Manager,,800000,
9846,EMP09846,Unknow,37.0,13.0,QA,2023-01-15,500000,
9847,EMP09847,Male,55.0,8.0,HR,,800000,emp9847@mail.com
9848,EMP09848,Male,27.0,18.0,QA,2025-07-01,600000,
9849,EMP09849,Male,44.0,15.0,Manager,,500000,emp9849@mail.com
9850,EMP09850,Female,49.0,,Analyst,2023-01-15,600000,emp9850@mail.com
9851,EMP09851,Female,52.0,16.0,QA,,500000,
9852,EMP09852,Unknow,57.0,3.0,Manager,2023-01-15,800000,
9853,EMP09853,Unknow,40.0,1.0,Intern,,500000,
9854,EMP09854,Male,43.0,7.0,Analyst,,800000,emp9854@mail.com
9855,EMP09855,Unknow,32.0,99.0,HR,2023-01-15,350000,emp9855@mail.com
9856,EMP09856,Female,36.0,12.0,Engineer,2025-07-01,600000,emp9856@mail.com
9857,EMP09857,Unknow,30.0,19.0,Analyst,,500000,
9858,EMP09858,Male,22.0,3.0,Intern,,600000,
9859,EMP09859,Male,55.0,6.0,Manager,,600000,
9860,EMP09860,Male,36.0,20.0,Engineer,,600000,
9861,EMP09861,Male,45.0,16.0,Intern,2023-01-15,500000,
9862,EMP09862,Male,28.0,2.0,Analyst,,500000,emp9862@mail.com
9863,EMP09863,Female,44.0,19.0,QA,2025-07-01,600000,
9864,EMP09864,Male,52.0,10.0,Engineer,,600000,
9865,EMP09865,Male,59.0,1.0,Analyst,2025-07-01,600000,
9866,EMP09866,Female,26.0,20.0,Analyst,,600000,emp9866@mail.com
9867,EMP09867,Male,22.0,16.0,Analyst,,600000,emp9867@mail.com
9868,EMP09868,Female,40.0,1.0,Engineer,2023-01-15,600000,
9869,EMP09869,Female,53.0,17.0,Manager,2025-07-01,600000,
9870,EMP09870,Female,26.0,17.0,Intern,,800000,
9871,EMP09871,Unknow,45.0,4.0,Manager,2025-07-01,600000,emp9871@mail.com
9872,EMP09872,Female,50.0,7.0,Intern,2025-07-01,800000,
9873,EMP09873,Male,50.0,6.0,Intern,,600000,
9874,EMP09874,Unknow,24.0,17.0,Intern,,800000,
9875,EMP09875,Female,21.0,17.0,Intern,2025-07-01,800000,emp9875@mail.com
9876,EMP09876,Male,27.0,5.0,Manager,2025-07-01,500000,emp9876@mail.com
9877,EMP09877,Male,24.0,15.0,Intern,,600000,
9878,EMP09878,Male,20.0,8.0,Intern,2025-07-01,600000,
9879,EMP09879,Male,44.0,15.0,QA,,500000,
9880,EMP09880,Male,28.0,11.0,Intern,,500000,
9881,EMP09881,Female,55.0,10.0,QA,2025-07-01,600000,
9882,EMP09882,Male,20.0,6.0,QA,,600000,
9883,EMP09883,Male,47.0,7.0,Analyst,2025-07-01,500000,
9884,EMP09884,Male,22.0,99.0,HR,2025-07-01,500000,
9885,EMP09885,Male,40.0,8.0,Manager,,600000,
9886,EMP09886,Unknow,50.0,17.0,Manager,2023-01-15,600000,
9887,EMP09887,Male,32.0,,Manager,2023-01-15,600000,emp9887@mail.com
9888,EMP09888,Male,43.0,19.0,Intern,,600000,emp9888@mail.com
9889,EMP09889,Male,25.0,20.0,Manager,,600000,
9890,EMP09890,Male,30.0,18.0,HR,2025-07-01,500000,
9891,EMP09891,Unknow,39.0,2.0,HR,2023-01-15,600000,
9892,EMP09892,Female,35.0,7.0,Engineer,,500000,emp9892@mail.com
9893,EMP09893,Female,51.0,3.0,Analyst,,350000,emp9893@mail.com
9894,EMP09894,Female,38.0,20.0,HR,,800000,
9895,EMP09895,Female,26.0,2.0,Analyst,2023-01-15,600000,
9896,EMP09896,Female,60.0,16.0,Manager,,600000,
9897,EMP09897,Male,54.0,3.0,Engineer,,500000,emp9897@mail.com
9898,EMP09898,Female,34.0,2.0,Intern,2025-07-01,600000,emp9898@mail.com
9899,EMP09899,Male,31.0,5.0,Analyst,,350000,
9900,EMP09900,Male,46.0,19.0,HR,,600000,
9901,EMP09901,Male,50.0,1.0,Manager,2025-07-01,500000,
9902,EMP09902,Male,45.0,6.0,HR,,500000,emp9902@mail.com
9903,EMP09903,Male,46.0,17.0,Engineer,2023-01-15,800000,
9904,EMP09904,Male,37.0,18.0,Intern,,350000,emp9904@mail.com
9905,EMP09905,Unknow,21.0,14.0,Manager,,350000,
9906,EMP09906,Male,37.0,13.0,Intern,,500000,
9907,EMP09907,Male,57.0,3.0,Intern,2023-01-15,350000,
9908,EMP09908,Female,58.0,9.0,Engineer,2023-01-15,350000,
9909,EMP09909,Unknow,24.0,4.0,Analyst,,600000,emp9909@mail.com
9910,EMP09910,Female,40.0,19.0,Engineer,2023-01-15,800000,emp9910@mail.com
9911,EMP09911,Female,42.0,4.0,Analyst,2023-01-15,600000,
9912,EMP09912,Female,40.0,16.0,QA,2023-01-15,800000,
9913,EMP09913,Female,31.0,10.0,QA,2025-07-01,600000,
9914,EMP09914,Male,21.0,18.0,Engineer,,500000,
9915,EMP09915,Female,48.0,2.0,HR,2023-01-15,350000,
9916,EMP09916,Female,53.0,8.0,Analyst,,350000,emp9916@mail.com
9917,EMP09917,Unknow,54.0,12.0,Analyst,,800000,
9918,EMP09918,Male,43.0,16.0,HR,,800000,
9919,EMP09919,Female,60.0,5.0,Manager,2025-07-01,350000,
9920,EMP09920,Male,38.0,4.0,Engineer,,600000,
9921,EMP09921,Female,28.0,19.0,Analyst,,500000,
9922,EMP09922,Female,60.0,14.0,Intern,2023-01-15,500000,
9923,EMP09923,Female,34.0,3.0,HR,,600000,
9924,EMP09924,Male,47.0,7.0,Analyst,,350000,
9925,EMP09925,Male,40.0,5.0,QA,2025-07-01,500000,
9926,EMP09926,Male,42.0,10.0,Engineer,2025-07-01,350000,
9927,EMP09927,Male,44.0,3.0,Intern,2025-07-01,600000,emp9927@mail.com
9928,EMP09928,Female,41.0,,Analyst,2025-07-01,600000,
9929,EMP09929,Female,56.0,18.0,HR,2023-01-15,350000,emp9929@mail.com
9930,EMP09930,Male,39.0,4.0,Manager,,500000,emp9930@mail.com
9931,EMP09931,Unknow,38.0,17.0,Manager,,600000,
9932,EMP09932,Male,40.0,11.0,Engineer,,500000,
9933,EMP09933,Male,25.0,20.0,Engineer,2025-07-01,600000,
9934,EMP09934,Female,31.0,1.0,QA,2025-07-01,500000,emp9934@mail.com
9935,EMP09935,Unknow,36.0,14.0,Manager,,600000,emp9935@mail.com
9936,EMP09936,Male,23.0,8.0,Engineer,2023-01-15,500000,
9937,EMP09937,Male,27.0,3.0,Engineer,2025-07-01,800000,
9938,EMP09938,Male,54.0,8.0,Engineer,,500000,
9939,EMP09939,Male,52.0,6.0,Engineer,2025-07-01,800000,
9940,EMP09940,Male,56.0,4.0,Engineer,,600000,
9941,EMP09941,Male,30.0,7.0,HR,,500000,
9942,EMP09942,Female,37.0,20.0,Intern,2025-07-01,600000,
9943,EMP09943,Male,45.0,2.0,Analyst,2025-07-01,600000,
9944,EMP09944,Male,31.0,19.0,HR,,500000,emp9944@mail.com
9945,EMP09945,Male,39.0,99.0,Analyst,,800000,
9946,EMP09946,Female,25.0,16.0,Analyst,,600000,emp9946@mail.com
9947,EMP09947,Male,42.0,1.0,Intern,,600000,
9948,EMP09948,Male,47.0,99.0,Manager,,800000,
9949,EMP09949,Male,49.0,1.0,QA,,800000,
9950,EMP09950,Male,43.0,5.0,Intern,,500000,
9951,EMP09951,Male,57.0,12.0,Engineer,,600000,emp9951@mail.com
9952,EMP09952,Female,20.0,9.0,Manager,2025-07-01,600000,
9953,EMP09953,Female,23.0,15.0,Engineer,2023-01-15,350000,emp9953@mail.com
9954,EMP09954,Female,51.0,9.0,Intern,,500000,
9955,EMP09955,Male,22.0,4.0,Manager,2025-07-01,350000,
9956,EMP09956,Female,41.0,99.0,Intern,,500000,
9957,EMP09957,Male,43.0,4.0,Manager,2023-01-15,800000,
9958,EMP09958,Female,51.0,,QA,,600000,emp9958@mail.com
9959,EMP09959,Male,36.0,20.0,Manager,,600000,
9960,EMP09960,Male,60.0,6.0,QA,2025-07-01,600000,
9961,EMP09961,Male,27.0,14.0,Manager,,350000,
9962,EMP09962,Male,23.0,8.0,Engineer,,500000,emp9962@mail.com
9963,EMP09963,Male,38.0,14.0,Analyst,,350000,emp9963@mail.com
9964,EMP09964,Female,46.0,5.0,Analyst,,500000,
9965,EMP09965,Male,45.0,17.0,Engineer,,600000,
9966,EMP09966,Female,56.0,99.0,QA,2025-07-01,350000,
9967,EMP09967,Female,41.0,3.0,HR,2025-07-01,800000,
9968,EMP09968,Unknow,37.0,12.0,Analyst,,600000,
9969,EMP09969,Female,25.0,18.0,QA,2025-07-01,600000,
9970,EMP09970,Unknow,40.0,11.0,Intern,,350000,emp9970@mail.com
9971,EMP09971,Male,30.0,3.0,Intern,,600000,
9972,EMP09972,Female,39.0,8.0,Analyst,2023-01-15,500000,
9973,EMP09973,Female,47.0,9.0,Engineer,,600000,
9974,EMP09974,Female,53.0,1.0,Manager,,600000,
9975,EMP09975,Unknow,28.0,8.0,Intern,,500000,
9976,EMP09976,Female,53.0,4.0,Analyst,2025-07-01,600000,emp9976@mail.com
9977,EMP09977,Male,41.0,9.0,Manager,,500000,
9978,EMP09978,Male,40.0,15.0,HR,2025-07-01,800000,
9979,EMP09979,Male,30.0,,Intern,,600000,
9980,EMP09980,Unknow,40.0,8.0,QA,2023-01-15,800000,emp9980@mail.com
9981,EMP09981,Female,49.0,16.0,Manager,,600000,emp9981@mail.com
9982,EMP09982,Male,38.0,20.0,QA,,350000,emp9982@mail.com
9983,EMP09983,Male,43.0,2.0,Manager,,800000,
9984,EMP09984,Male,20.0,99.0,HR,,500000,emp9984@mail.com
9985,EMP09985,Male,36.0,14.0,Intern,2023-01-15,600000,
9986,EMP09986,Female,47.0,20.0,Analyst,2023-01-15,600000,emp9986@mail.com
9987,EMP09987,Female,55.0,16.0,Manager,,800000,
9988,EMP09988,Female,42.0,,Analyst,2023-01-15,600000,
9989,EMP09989,Male,20.0,7.0,Engineer,2025-07-01,350000,
9990,EMP09990,Male,24.0,99.0,Engineer,2023-01-15,500000,
9991,EMP09991,Unknow,46.0,4.0,Analyst,2025-07-01,800000,
9992,EMP09992,Female,25.0,10.0,HR,,500000,emp9992@mail.com
9993,EMP09993,Male,58.0,,Intern,,600000,
9994,EMP09994,Female,39.0,17.0,Engineer,,500000,
9995,EMP09995,Unknow,55.0,16.0,Engineer,,600000,
9996,EMP09996,Female,20.0,9.0,Engineer,2025-07-01,500000,
9997,EMP09997,Unknow,38.0,99.0,Manager,,500000,emp9997@mail.com
9998,EMP09998,Female,38.0,6.0,Manager,,600000,
9999,EMP09999,Male,32.0,3.0,Engineer,2023-01-15,600000,
10000,EMP10000,Male,42.0,16.0,Engineer,2025-07-01,600000,
