review_id,employee_id,rating,remarks
1,1706,3.0,Excellent
2,2178,5.0,Poor
3,6660,Not Rating,Not Provided
4,2175,5.0,Good
5,4335,5.0,Poor
6,7942,Not Rating,Excellent
7,7742,2.0,Excellent
8,6577,Not Rating,Excellent
9,900,4.0,Good
10,4070,Not Rating,Not Provided
11,8011,Not Rating,Not Provided
12,6811,3.0,Poor
13,4003,Not Rating,Poor
14,2949,Not Rating,Poor
15,1438,Not Rating,Avergae
16,5000,1.0,Excellent
17,3163,4.0,Avergae
18,3353,Not Rating,Good
19,3115,5.0,Good
20,8460,5.0,Excellent
21,5177,4.0,Good
22,8154,Not Rating,Good
23,4088,2.0,Good
24,6252,Not Rating,Avergae
25,7597,5.0,Poor
26,4574,2.0,Avergae
27,6047,3.0,Not Provided
28,2837,2.0,Avergae
29,9746,Not Rating,Excellent
30,8631,1.0,Excellent
31,6140,Not Rating,Poor
32,1739,Not Rating,Excellent
33,6062,Not Rating,Not Provided
34,2019,1.0,Not Provided
35,7272,3.0,Excellent
36,1290,Not Rating,Good
37,7187,Not Rating,Excellent
38,5639,4.0,Good
39,7100,Not Rating,Good
40,6075,5.0,Good
41,631,Not Rating,Excellent
42,6479,4.0,Not Provided
43,833,Not Rating,Excellent
44,8802,Not Rating,Excellent
45,5280,Not Rating,Not Provided
46,4268,4.0,Not Provided
47,7472,1.0,Poor
48,9997,1.0,Avergae
49,9919,4.0,Excellent
50,5383,Not Rating,Not Provided
51,4401,Not Rating,Good
52,344,3.0,Poor
53,7428,3.0,Excellent
54,6834,Not Rating,Not Provided
55,8778,4.0,Excellent
56,1905,2.0,Avergae
57,6898,Not Rating,Excellent
58,758,Not Rating,Excellent
59,2546,Not Rating,Avergae
60,7125,Not Rating,Excellent
61,8630,1.0,Avergae
62,8333,Not Rating,Good
63,3290,Not Rating,Excellent
64,4535,Not Rating,Poor
65,1898,2.0,Not Provided
66,2460,2.0,Poor
67,5067,3.0,Excellent
68,9384,2.0,Not Provided
69,7659,2.0,Excellent
70,1959,5.0,Avergae
71,2110,Not Rating,Good
72,6668,Not Rating,Poor
73,8207,5.0,Avergae
74,4703,5.0,Excellent
75,8866,4.0,Excellent
76,4053,Not Rating,Avergae
77,338,Not Rating,Excellent
78,8250,Not Rating,Poor
79,1799,4.0,Excellent
80,7532,Not Rating,Avergae
81,6085,Not Rating,Not Provided
82,1521,Not Rating,Poor
83,7205,5.0,Poor
84,4861,Not Rating,Poor
85,5422,5.0,Excellent
86,4751,Not Rating,Not Provided
87,3982,1.0,Good
88,1338,5.0,Good
89,6443,Not Rating,Excellent
90,4615,Not Rating,Excellent
91,3324,3.0,Poor
92,3176,4.0,Not Provided
93,2073,4.0,Avergae
94,8457,1.0,Not Provided
95,6561,Not Rating,Good
96,7777,1.0,Excellent
97,2559,5.0,Good
98,1086,3.0,Excellent
99,6523,Not Rating,Excellent
100,4422,5.0,Excellent
101,9870,1.0,Excellent
102,7535,2.0,Excellent
103,4543,2.0,Avergae
104,6960,Not Rating,Excellent
105,4657,Not Rating,Avergae
106,3941,Not Rating,Excellent
107,8289,2.0,Not Provided
108,7385,4.0,Poor
109,1084,5.0,Avergae
110,2566,4.0,Poor
111,5077,4.0,Not Provided
112,213,Not Rating,Excellent
113,3916,Not Rating,Excellent
114,1349,3.0,Excellent
115,1999,2.0,Excellent
116,9267,4.0,Poor
117,8928,1.0,Poor
118,5796,3.0,Avergae
119,1713,Not Rating,Not Provided
120,2491,2.0,Avergae
121,9729,4.0,Excellent
122,390,1.0,Good
123,5146,4.0,Poor
124,2953,Not Rating,Avergae
125,2191,5.0,Not Provided
126,8311,2.0,Excellent
127,5797,Not Rating,Poor
128,8294,1.0,Poor
129,3993,5.0,Avergae
130,6102,5.0,Avergae
131,4799,Not Rating,Not Provided
132,8925,1.0,Good
133,5497,Not Rating,Poor
134,226,Not Rating,Avergae
135,4988,Not Rating,Excellent
136,7379,5.0,Good
137,612,3.0,Not Provided
138,5565,2.0,Good
139,8146,4.0,Avergae
140,7316,5.0,Good
141,5014,Not Rating,Excellent
142,5466,1.0,Excellent
143,4041,3.0,Avergae
144,3544,Not Rating,Excellent
145,8249,1.0,Not Provided
146,3151,3.0,Poor
147,5038,Not Rating,Avergae
148,101,2.0,Avergae
149,3875,5.0,Good
150,5657,5.0,Not Provided
151,3586,Not Rating,Excellent
152,9037,1.0,Excellent
153,9120,Not Rating,Not Provided
154,2763,Not Rating,Poor
155,319,1.0,Good
156,3860,Not Rating,Good
157,3394,2.0,Good
158,2794,2.0,Poor
159,7787,Not Rating,Excellent
160,3735,Not Rating,Good
161,2684,1.0,Excellent
162,5691,2.0,Avergae
163,3219,Not Rating,Good
164,4869,5.0,Poor
165,7377,2.0,Excellent
166,5872,3.0,Excellent
167,6879,Not Rating,Good
168,8230,5.0,Excellent
169,9918,1.0,Poor
170,3185,2.0,Excellent
171,3344,4.0,Excellent
172,5036,1.0,Excellent
173,1818,3.0,Poor
174,8639,Not Rating,Avergae
175,1831,3.0,Avergae
176,4001,3.0,Good
177,6417,1.0,Good
178,8582,2.0,Good
179,3708,3.0,Good
180,2034,Not Rating,Excellent
181,920,2.0,Good
182,4431,3.0,Avergae
183,717,2.0,Excellent
184,7960,Not Rating,Not Provided
185,8466,2.0,Good
186,9405,Not Rating,Excellent
187,9295,5.0,Excellent
188,1764,Not Rating,Avergae
189,8394,2.0,Excellent
190,9240,5.0,Avergae
191,1892,Not Rating,Excellent
192,1757,1.0,Poor
193,6067,1.0,Good
194,2043,Not Rating,Good
195,9018,4.0,Poor
196,7878,5.0,Poor
197,9936,Not Rating,Not Provided
198,2799,1.0,Excellent
199,8066,5.0,Avergae
200,3486,5.0,Excellent
201,9060,Not Rating,Good
202,2349,4.0,Avergae
203,454,Not Rating,Avergae
204,8218,Not Rating,Poor
205,9904,Not Rating,Excellent
206,9711,4.0,Not Provided
207,5934,Not Rating,Excellent
208,2102,3.0,Excellent
209,2387,Not Rating,Excellent
210,2489,1.0,Avergae
211,4075,1.0,Poor
212,9299,Not Rating,Excellent
213,9199,Not Rating,Poor
214,4501,3.0,Excellent
215,9291,Not Rating,Excellent
216,4508,1.0,Excellent
217,9500,Not Rating,Excellent
218,6274,4.0,Good
219,9758,3.0,Poor
220,4941,1.0,Good
221,2356,2.0,Not Provided
222,9189,Not Rating,Excellent
223,9964,3.0,Avergae
224,4614,2.0,Not Provided
225,9593,1.0,Avergae
226,1714,Not Rating,Not Provided
227,9508,Not Rating,Avergae
228,6860,1.0,Excellent
229,6460,Not Rating,Good
230,9578,3.0,Avergae
231,272,Not Rating,Avergae
232,3560,Not Rating,Avergae
233,3858,Not Rating,Good
234,1692,4.0,Excellent
235,2519,3.0,Excellent
236,5393,4.0,Avergae
237,1051,Not Rating,Poor
238,836,2.0,Excellent
239,9890,Not Rating,Good
240,7292,Not Rating,Excellent
241,920,Not Rating,Poor
242,2440,4.0,Excellent
243,6242,3.0,Excellent
244,726,2.0,Excellent
245,2257,Not Rating,Excellent
246,7722,5.0,Not Provided
247,5799,Not Rating,Excellent
248,5640,2.0,Good
249,5342,Not Rating,Excellent
250,6899,Not Rating,Excellent
251,5817,Not Rating,Excellent
252,7309,3.0,Not Provided
253,5521,5.0,Not Provided
254,501,Not Rating,Excellent
255,8930,2.0,Excellent
256,4792,4.0,Excellent
257,9581,Not Rating,Good
258,511,2.0,Excellent
259,5804,2.0,Excellent
260,1850,3.0,Not Provided
261,9581,1.0,Good
262,2814,Not Rating,Poor
263,1092,4.0,Poor
264,9024,5.0,Poor
265,1284,Not Rating,Excellent
266,3241,Not Rating,Poor
267,2243,5.0,Not Provided
268,4124,Not Rating,Good
269,5037,4.0,Excellent
270,4390,Not Rating,Not Provided
271,4780,1.0,Avergae
272,727,2.0,Good
273,6565,Not Rating,Excellent
274,9479,Not Rating,Not Provided
275,459,Not Rating,Excellent
276,6853,Not Rating,Not Provided
277,6643,3.0,Good
278,7072,4.0,Good
279,9824,1.0,Not Provided
280,2620,Not Rating,Good
281,2986,3.0,Not Provided
282,8385,Not Rating,Poor
283,5684,Not Rating,Excellent
284,8223,1.0,Good
285,7629,2.0,Good
286,1946,1.0,Poor
287,2787,2.0,Good
288,9842,3.0,Excellent
289,301,2.0,Avergae
290,5889,3.0,Good
291,1171,1.0,Excellent
292,384,3.0,Not Provided
293,5677,3.0,Avergae
294,8474,4.0,Avergae
295,4409,Not Rating,Poor
296,2557,2.0,Good
297,6853,1.0,Excellent
298,4438,2.0,Poor
299,6194,2.0,Excellent
300,4408,4.0,Excellent
301,998,Not Rating,Avergae
302,3555,1.0,Excellent
303,8525,4.0,Not Provided
304,5564,2.0,Excellent
305,7818,5.0,Not Provided
306,1374,1.0,Avergae
307,7181,1.0,Good
308,3625,Not Rating,Avergae
309,2561,Not Rating,Excellent
310,6972,4.0,Avergae
311,8795,Not Rating,Excellent
312,1695,1.0,Avergae
313,4068,3.0,Excellent
314,7649,Not Rating,Good
315,6728,3.0,Excellent
316,8414,Not Rating,Poor
317,3804,Not Rating,Not Provided
318,383,5.0,Excellent
319,6258,Not Rating,Good
320,8019,Not Rating,Good
321,504,Not Rating,Excellent
322,5683,Not Rating,Poor
323,1972,Not Rating,Excellent
324,8064,Not Rating,Excellent
325,5867,4.0,Good
326,68,3.0,Excellent
327,2382,4.0,Excellent
328,4149,1.0,Poor
329,9889,3.0,Avergae
330,9725,Not Rating,Poor
331,8934,5.0,Avergae
332,136,5.0,Good
333,4968,Not Rating,Poor
334,3389,Not Rating,Excellent
335,7522,2.0,Good
336,9434,3.0,Good
337,8341,2.0,Excellent
338,6649,Not Rating,Excellent
339,5924,4.0,Avergae
340,1480,2.0,Not Provided
341,4595,Not Rating,Good
342,7001,Not Rating,Avergae
343,5363,Not Rating,Excellent
344,3784,3.0,Excellent
345,2512,Not Rating,Excellent
346,6643,5.0,Excellent
347,1287,Not Rating,Not Provided
348,2834,3.0,Not Provided
349,2961,Not Rating,Excellent
350,3575,4.0,Excellent
351,6219,4.0,Excellent
352,4921,4.0,Avergae
353,3866,2.0,Excellent
354,1503,Not Rating,Excellent
355,163,1.0,Excellent
356,7894,3.0,Excellent
357,2986,2.0,Poor
358,6947,Not Rating,Not Provided
359,9286,5.0,Not Provided
360,6647,Not Rating,Not Provided
361,2974,2.0,Excellent
362,4836,2.0,Avergae
363,1812,2.0,Poor
364,2489,2.0,Poor
365,3249,5.0,Poor
366,7455,Not Rating,Excellent
367,4827,5.0,Excellent
368,922,Not Rating,Excellent
369,6755,2.0,Not Provided
370,4464,Not Rating,Avergae
371,619,1.0,Excellent
372,946,4.0,Excellent
373,21,2.0,Avergae
374,315,Not Rating,Not Provided
375,1383,2.0,Not Provided
376,1387,4.0,Not Provided
377,6645,1.0,Good
378,6380,3.0,Good
379,5679,5.0,Excellent
380,982,Not Rating,Avergae
381,6157,Not Rating,Not Provided
382,4841,Not Rating,Excellent
383,4412,Not Rating,Excellent
384,5821,1.0,Poor
385,9437,Not Rating,Good
386,8348,2.0,Poor
387,3613,3.0,Avergae
388,6961,Not Rating,Excellent
389,7061,3.0,Excellent
390,8755,1.0,Not Provided
391,8647,Not Rating,Good
392,6807,4.0,Excellent
393,7966,Not Rating,Excellent
394,5090,1.0,Excellent
395,6042,Not Rating,Poor
396,2072,5.0,Excellent
397,7994,2.0,Excellent
398,316,Not Rating,Excellent
399,1537,2.0,Good
400,4940,2.0,Excellent
401,3645,5.0,Excellent
402,4894,5.0,Good
403,5711,Not Rating,Good
404,2773,3.0,Poor
405,6607,Not Rating,Excellent
406,5292,Not Rating,Good
407,9889,Not Rating,Excellent
408,3423,3.0,Avergae
409,7482,2.0,Avergae
410,8500,Not Rating,Not Provided
411,3271,3.0,Good
412,7901,Not Rating,Excellent
413,8553,3.0,Excellent
414,5490,Not Rating,Good
415,8775,4.0,Avergae
416,2724,Not Rating,Avergae
417,4013,5.0,Excellent
418,4703,3.0,Excellent
419,5818,2.0,Avergae
420,1289,1.0,Poor
421,543,1.0,Poor
422,4297,5.0,Not Provided
423,4770,1.0,Excellent
424,7446,Not Rating,Excellent
425,3236,Not Rating,Good
426,2462,Not Rating,Not Provided
427,4263,Not Rating,Excellent
428,4238,2.0,Poor
429,1968,Not Rating,Excellent
430,8571,Not Rating,Excellent
431,4360,Not Rating,Not Provided
432,7330,3.0,Excellent
433,3495,4.0,Avergae
434,8975,3.0,Poor
435,2133,2.0,Avergae
436,3645,Not Rating,Not Provided
437,7330,Not Rating,Excellent
438,7546,4.0,Not Provided
439,7936,1.0,Not Provided
440,5123,5.0,Poor
441,6018,Not Rating,Excellent
442,6907,Not Rating,Poor
443,7121,2.0,Poor
444,9450,1.0,Avergae
445,232,Not Rating,Good
446,3747,Not Rating,Excellent
447,1522,5.0,Avergae
448,2319,2.0,Avergae
449,7587,3.0,Not Provided
450,3064,Not Rating,Excellent
451,5822,2.0,Excellent
452,9984,Not Rating,Excellent
453,4872,1.0,Good
454,5984,Not Rating,Not Provided
455,9849,4.0,Good
456,7508,Not Rating,Poor
457,3245,3.0,Not Provided
458,6788,Not Rating,Excellent
459,8568,3.0,Good
460,5961,5.0,Not Provided
461,2497,1.0,Good
462,5206,4.0,Not Provided
463,7438,2.0,Poor
464,4354,4.0,Excellent
465,5994,Not Rating,Avergae
466,9576,Not Rating,Not Provided
467,5618,5.0,Excellent
468,9508,3.0,Excellent
469,2432,Not Rating,Poor
470,3790,4.0,Avergae
471,5354,5.0,Good
472,4509,2.0,Good
473,5037,4.0,Avergae
474,2490,2.0,Not Provided
475,1626,3.0,Avergae
476,4786,4.0,Avergae
477,6920,5.0,Excellent
478,8828,Not Rating,Poor
479,5730,3.0,Good
480,6509,Not Rating,Not Provided
481,999,Not Rating,Excellent
482,4574,3.0,Excellent
483,1249,4.0,Excellent
484,515,Not Rating,Excellent
485,3652,5.0,Not Provided
486,4975,2.0,Not Provided
487,5352,3.0,Poor
488,4401,4.0,Excellent
489,9973,3.0,Avergae
490,8025,Not Rating,Avergae
491,2239,Not Rating,Avergae
492,4709,4.0,Excellent
493,6632,Not Rating,Poor
494,7502,5.0,Excellent
495,26,Not Rating,Excellent
496,1695,Not Rating,Excellent
497,3062,Not Rating,Good
498,3830,Not Rating,Poor
499,7416,4.0,Not Provided
500,230,Not Rating,Excellent
501,8917,1.0,Excellent
502,5510,Not Rating,Excellent
503,5912,Not Rating,Excellent
504,5906,1.0,Poor
505,2028,3.0,Excellent
506,3127,3.0,Excellent
507,3650,Not Rating,Excellent
508,8863,Not Rating,Good
509,2534,4.0,Not Provided
510,3566,1.0,Poor
511,2668,5.0,Poor
512,954,Not Rating,Good
513,4552,4.0,Poor
514,6719,Not Rating,Not Provided
515,8648,5.0,Poor
516,9432,Not Rating,Poor
517,3852,4.0,Excellent
518,7910,Not Rating,Not Provided
519,1865,4.0,Poor
520,1268,Not Rating,Excellent
521,2357,4.0,Excellent
522,1259,5.0,Good
523,8116,1.0,Excellent
524,8003,2.0,Good
525,361,Not Rating,Excellent
526,4893,3.0,Excellent
527,232,Not Rating,Not Provided
528,5172,Not Rating,Good
529,2276,Not Rating,Good
530,4821,1.0,Poor
531,102,3.0,Good
532,9764,Not Rating,Good
533,4751,5.0,Avergae
534,3654,4.0,Not Provided
535,4464,Not Rating,Excellent
536,9843,Not Rating,Good
537,8578,Not Rating,Good
538,8540,Not Rating,Good
539,466,1.0,Not Provided
540,6229,Not Rating,Not Provided
541,6380,2.0,Poor
542,1163,Not Rating,Avergae
543,5441,2.0,Excellent
544,5827,2.0,Avergae
545,3750,Not Rating,Excellent
546,8970,Not Rating,Poor
547,8159,4.0,Not Provided
548,9595,Not Rating,Excellent
549,6249,2.0,Excellent
550,6656,Not Rating,Good
551,9290,2.0,Excellent
552,8363,2.0,Excellent
553,4279,1.0,Excellent
554,4985,5.0,Excellent
555,9119,Not Rating,Good
556,3870,5.0,Poor
557,1508,1.0,Not Provided
558,77,3.0,Not Provided
559,1803,5.0,Not Provided
560,3568,1.0,Not Provided
561,9914,1.0,Poor
562,3292,Not Rating,Avergae
563,5323,4.0,Poor
564,6292,Not Rating,Poor
565,7738,1.0,Excellent
566,6781,2.0,Excellent
567,3441,1.0,Excellent
568,5219,Not Rating,Avergae
569,6644,Not Rating,Avergae
570,1793,2.0,Good
571,927,Not Rating,Good
572,616,2.0,Not Provided
573,6371,1.0,Good
574,2268,2.0,Excellent
575,5705,4.0,Poor
576,882,4.0,Poor
577,5796,5.0,Poor
578,4623,Not Rating,Excellent
579,4241,1.0,Poor
580,1929,Not Rating,Good
581,8634,5.0,Poor
582,301,2.0,Not Provided
583,8603,3.0,Not Provided
584,9337,2.0,Avergae
585,5524,3.0,Avergae
586,9809,Not Rating,Good
587,6286,4.0,Not Provided
588,5866,3.0,Excellent
589,5962,Not Rating,Excellent
590,9566,Not Rating,Not Provided
591,627,4.0,Excellent
592,4339,1.0,Poor
593,5344,5.0,Avergae
594,6453,5.0,Good
595,2222,3.0,Good
596,1802,2.0,Excellent
597,8487,Not Rating,Avergae
598,5820,2.0,Poor
599,925,Not Rating,Not Provided
600,7799,Not Rating,Not Provided
601,695,3.0,Poor
602,715,2.0,Avergae
603,1331,1.0,Excellent
604,412,5.0,Not Provided
605,3199,2.0,Excellent
606,3106,5.0,Avergae
607,2047,2.0,Avergae
608,4610,1.0,Excellent
609,8769,Not Rating,Excellent
610,9737,5.0,Avergae
611,7381,5.0,Poor
612,1630,Not Rating,Excellent
613,3920,4.0,Excellent
614,7878,Not Rating,Excellent
615,9088,4.0,Excellent
616,6075,Not Rating,Poor
617,8331,2.0,Not Provided
618,9361,3.0,Excellent
619,3955,2.0,Not Provided
620,2359,1.0,Excellent
621,4299,3.0,Poor
622,9244,1.0,Not Provided
623,9159,Not Rating,Poor
624,6322,Not Rating,Not Provided
625,1271,1.0,Excellent
626,8254,4.0,Excellent
627,6485,2.0,Poor
628,6063,1.0,Avergae
629,6121,1.0,Poor
630,9177,1.0,Excellent
631,9570,1.0,Poor
632,8544,Not Rating,Good
633,2351,Not Rating,Not Provided
634,8133,Not Rating,Good
635,5478,3.0,Good
636,4348,4.0,Excellent
637,1970,1.0,Avergae
638,1200,Not Rating,Poor
639,178,Not Rating,Excellent
640,4202,Not Rating,Excellent
641,4304,3.0,Good
642,818,4.0,Poor
643,5892,4.0,Excellent
644,7426,2.0,Not Provided
645,6678,1.0,Avergae
646,7670,1.0,Poor
647,2371,3.0,Excellent
648,6113,Not Rating,Avergae
649,2331,4.0,Avergae
650,5125,Not Rating,Not Provided
651,23,Not Rating,Excellent
652,3572,Not Rating,Poor
653,7930,Not Rating,Excellent
654,6313,5.0,Poor
655,2737,3.0,Excellent
656,3052,1.0,Not Provided
657,3696,2.0,Good
658,4457,3.0,Avergae
659,2815,3.0,Good
660,5574,Not Rating,Excellent
661,1933,5.0,Avergae
662,8491,Not Rating,Poor
663,1748,Not Rating,Excellent
664,1821,3.0,Excellent
665,6642,1.0,Good
666,9734,1.0,Avergae
667,7317,3.0,Avergae
668,7014,3.0,Excellent
669,6254,5.0,Excellent
670,6750,5.0,Good
671,9931,Not Rating,Excellent
672,1604,Not Rating,Excellent
673,9460,Not Rating,Excellent
674,792,Not Rating,Excellent
675,929,Not Rating,Avergae
676,7671,3.0,Excellent
677,9601,1.0,Excellent
678,5928,1.0,Poor
679,954,Not Rating,Good
680,8674,Not Rating,Not Provided
681,3107,4.0,Good
682,4241,5.0,Excellent
683,1331,2.0,Avergae
684,6316,3.0,Avergae
685,5446,2.0,Avergae
686,9496,4.0,Good
687,3449,1.0,Excellent
688,3680,3.0,Excellent
689,3256,1.0,Poor
690,5920,Not Rating,Poor
691,5558,3.0,Good
692,4949,3.0,Excellent
693,2951,1.0,Poor
694,4157,Not Rating,Avergae
695,5517,Not Rating,Poor
696,5955,Not Rating,Not Provided
697,6015,5.0,Poor
698,9607,5.0,Good
699,879,4.0,Not Provided
700,3886,Not Rating,Poor
701,2553,1.0,Excellent
702,6675,Not Rating,Excellent
703,4084,Not Rating,Good
704,4265,4.0,Excellent
705,9436,4.0,Avergae
706,3558,Not Rating,Excellent
707,549,3.0,Excellent
708,7490,Not Rating,Excellent
709,5212,1.0,Avergae
710,540,5.0,Poor
711,6554,1.0,Avergae
712,2867,Not Rating,Excellent
713,7747,4.0,Poor
714,253,2.0,Excellent
715,7384,Not Rating,Avergae
716,4424,Not Rating,Avergae
717,7681,5.0,Not Provided
718,1032,4.0,Poor
719,933,Not Rating,Not Provided
720,5458,2.0,Avergae
721,3940,4.0,Excellent
722,5335,4.0,Avergae
723,7042,3.0,Not Provided
724,6847,4.0,Excellent
725,5694,Not Rating,Good
726,3501,2.0,Poor
727,4750,4.0,Good
728,8637,Not Rating,Not Provided
729,4858,1.0,Not Provided
730,925,1.0,Avergae
731,7871,Not Rating,Excellent
732,8205,5.0,Good
733,8979,5.0,Not Provided
734,5486,Not Rating,Good
735,3673,Not Rating,Good
736,9864,4.0,Excellent
737,674,Not Rating,Poor
738,8106,Not Rating,Not Provided
739,8782,Not Rating,Poor
740,8626,Not Rating,Excellent
741,2515,5.0,Excellent
742,6582,2.0,Not Provided
743,3709,4.0,Poor
744,6838,5.0,Avergae
745,1251,3.0,Good
746,8869,Not Rating,Good
747,478,4.0,Poor
748,8296,1.0,Avergae
749,2183,5.0,Excellent
750,1977,1.0,Not Provided
751,3516,Not Rating,Poor
752,825,Not Rating,Excellent
753,2783,3.0,Good
754,8815,5.0,Not Provided
755,848,3.0,Excellent
756,1623,Not Rating,Avergae
757,2630,1.0,Poor
758,6788,5.0,Excellent
759,79,Not Rating,Excellent
760,7873,Not Rating,Not Provided
761,2792,5.0,Poor
762,9888,Not Rating,Poor
763,4266,3.0,Not Provided
764,9963,Not Rating,Excellent
765,4600,2.0,Not Provided
766,4942,Not Rating,Avergae
767,6150,3.0,Avergae
768,6177,3.0,Excellent
769,7189,Not Rating,Poor
770,72,3.0,Excellent
771,3939,2.0,Avergae
772,2038,Not Rating,Poor
773,9857,2.0,Good
774,3424,5.0,Good
775,4176,Not Rating,Poor
776,3215,5.0,Poor
777,6067,3.0,Excellent
778,4394,5.0,Excellent
779,1129,2.0,Poor
780,4199,Not Rating,Good
781,5075,1.0,Not Provided
782,4080,2.0,Poor
783,4191,1.0,Poor
784,7703,Not Rating,Good
785,4054,5.0,Excellent
786,6339,1.0,Not Provided
787,7497,Not Rating,Excellent
788,8577,Not Rating,Poor
789,9995,2.0,Poor
790,1739,3.0,Excellent
791,2480,Not Rating,Excellent
792,4052,2.0,Good
793,7883,Not Rating,Avergae
794,3412,5.0,Good
795,7388,5.0,Poor
796,8399,Not Rating,Avergae
797,4234,5.0,Avergae
798,634,4.0,Good
799,3695,5.0,Excellent
800,5008,Not Rating,Good
801,7458,Not Rating,Poor
802,3101,Not Rating,Good
803,110,5.0,Not Provided
804,9562,1.0,Poor
805,6383,Not Rating,Good
806,8904,2.0,Avergae
807,7308,1.0,Not Provided
808,5855,1.0,Avergae
809,4000,4.0,Excellent
810,762,1.0,Poor
811,5384,Not Rating,Avergae
812,5259,Not Rating,Excellent
813,5019,Not Rating,Not Provided
814,8046,4.0,Avergae
815,4622,4.0,Not Provided
816,3910,Not Rating,Poor
817,4013,Not Rating,Good
818,3847,2.0,Excellent
819,8620,1.0,Not Provided
820,6245,1.0,Avergae
821,1539,4.0,Good
822,9221,2.0,Not Provided
823,1310,Not Rating,Excellent
824,5883,Not Rating,Not Provided
825,1216,4.0,Good
826,480,3.0,Good
827,3740,3.0,Not Provided
828,6092,5.0,Excellent
829,4790,1.0,Excellent
830,4898,5.0,Poor
831,3099,3.0,Avergae
832,9707,Not Rating,Poor
833,4013,Not Rating,Avergae
834,5277,1.0,Poor
835,2606,5.0,Excellent
836,6999,4.0,Good
837,6150,4.0,Excellent
838,4853,Not Rating,Good
839,7270,3.0,Good
840,8907,3.0,Excellent
841,713,Not Rating,Excellent
842,1595,5.0,Good
843,7080,4.0,Avergae
844,8273,1.0,Good
845,4133,Not Rating,Poor
846,273,Not Rating,Good
847,2792,Not Rating,Not Provided
848,1726,4.0,Avergae
849,3198,3.0,Excellent
850,3256,1.0,Good
851,9334,3.0,Avergae
852,2720,1.0,Poor
853,7150,3.0,Poor
854,659,3.0,Excellent
855,612,2.0,Good
856,4227,2.0,Avergae
857,9230,5.0,Poor
858,3100,5.0,Excellent
859,2370,Not Rating,Good
860,6807,5.0,Not Provided
861,1175,Not Rating,Excellent
862,8338,2.0,Avergae
863,6573,Not Rating,Good
864,8720,4.0,Excellent
865,5023,1.0,Not Provided
866,9029,3.0,Not Provided
867,8124,2.0,Excellent
868,6648,4.0,Excellent
869,1634,4.0,Avergae
870,4280,Not Rating,Avergae
871,1298,Not Rating,Poor
872,3616,Not Rating,Not Provided
873,1580,5.0,Good
874,9882,2.0,Good
875,3021,1.0,Not Provided
876,8361,5.0,Excellent
877,9760,4.0,Excellent
878,5232,1.0,Poor
879,3255,Not Rating,Avergae
880,206,1.0,Good
881,7509,1.0,Excellent
882,5116,Not Rating,Not Provided
883,2508,4.0,Avergae
884,4327,4.0,Good
885,9843,5.0,Excellent
886,7003,4.0,Good
887,1322,Not Rating,Excellent
888,7431,2.0,Excellent
889,2955,3.0,Not Provided
890,1162,5.0,Excellent
891,6903,Not Rating,Good
892,8358,5.0,Good
893,5680,2.0,Avergae
894,310,2.0,Excellent
895,9665,5.0,Excellent
896,1704,1.0,Avergae
897,9011,Not Rating,Not Provided
898,8216,Not Rating,Not Provided
899,9984,Not Rating,Excellent
900,6368,1.0,Excellent
901,9859,Not Rating,Avergae
902,2027,Not Rating,Excellent
903,5874,5.0,Not Provided
904,1130,1.0,Excellent
905,815,2.0,Good
906,1796,Not Rating,Good
907,4969,4.0,Excellent
908,3769,Not Rating,Excellent
909,4302,Not Rating,Excellent
910,8248,5.0,Not Provided
911,899,1.0,Not Provided
912,7602,3.0,Good
913,1831,Not Rating,Not Provided
914,8921,1.0,Excellent
915,7811,2.0,Not Provided
916,7178,1.0,Excellent
917,4291,5.0,Not Provided
918,3822,Not Rating,Excellent
919,1389,3.0,Excellent
920,1165,4.0,Excellent
921,3633,Not Rating,Excellent
922,8647,Not Rating,Excellent
923,1654,Not Rating,Excellent
924,4648,5.0,Good
925,3780,4.0,Good
926,2460,2.0,Not Provided
927,4893,5.0,Excellent
928,7743,5.0,Excellent
929,5871,3.0,Good
930,6636,5.0,Avergae
931,917,3.0,Good
932,6278,Not Rating,Avergae
933,8707,4.0,Not Provided
934,4171,4.0,Good
935,7853,5.0,Not Provided
936,4475,Not Rating,Poor
937,2858,4.0,Not Provided
938,2309,4.0,Not Provided
939,6435,Not Rating,Avergae
940,2904,Not Rating,Poor
941,7136,4.0,Excellent
942,6410,5.0,Avergae
943,3710,Not Rating,Good
944,2576,4.0,Poor
945,1781,Not Rating,Good
946,5044,4.0,Poor
947,3030,4.0,Excellent
948,3798,1.0,Avergae
949,2085,1.0,Excellent
950,9573,5.0,Not Provided
951,5835,Not Rating,Poor
952,8327,2.0,Excellent
953,5643,3.0,Excellent
954,1531,3.0,Excellent
955,6645,4.0,Poor
956,9074,2.0,Excellent
957,3641,Not Rating,Excellent
958,7800,2.0,Good
959,3992,2.0,Excellent
960,744,2.0,Avergae
961,6316,2.0,Avergae
962,9629,1.0,Excellent
963,2550,Not Rating,Poor
964,9427,Not Rating,Avergae
965,3857,Not Rating,Not Provided
966,504,3.0,Excellent
967,43,2.0,Good
968,8014,5.0,Excellent
969,8722,3.0,Excellent
970,2754,Not Rating,Excellent
971,3029,Not Rating,Excellent
972,281,1.0,Not Provided
973,8395,1.0,Not Provided
974,4815,Not Rating,Excellent
975,2466,Not Rating,Not Provided
976,9956,3.0,Good
977,4995,3.0,Not Provided
978,9683,Not Rating,Not Provided
979,8881,2.0,Excellent
980,577,Not Rating,Good
981,5304,Not Rating,Good
982,5052,Not Rating,Avergae
983,3154,Not Rating,Poor
984,7284,Not Rating,Good
985,6654,4.0,Not Provided
986,206,5.0,Poor
987,2493,4.0,Not Provided
988,562,4.0,Poor
989,8767,5.0,Excellent
990,6082,3.0,Excellent
991,5480,2.0,Not Provided
992,499,5.0,Not Provided
993,5438,Not Rating,Excellent
994,8208,3.0,Not Provided
995,7050,1.0,Poor
996,5723,3.0,Excellent
997,8914,1.0,Good
998,2096,2.0,Avergae
999,937,2.0,Avergae
1000,295,Not Rating,Avergae
1001,1650,Not Rating,Good
1002,3242,3.0,Excellent
1003,9748,4.0,Excellent
1004,3157,Not Rating,Good
1005,2291,2.0,Excellent
1006,6665,3.0,Good
1007,9444,5.0,Not Provided
1008,2698,Not Rating,Poor
1009,1896,1.0,Good
1010,1173,5.0,Good
1011,8640,4.0,Poor
1012,4307,Not Rating,Not Provided
1013,1433,2.0,Avergae
1014,5779,1.0,Excellent
1015,6165,1.0,Avergae
1016,9438,Not Rating,Avergae
1017,2939,Not Rating,Excellent
1018,2981,Not Rating,Good
1019,2316,3.0,Not Provided
1020,6963,2.0,Poor
1021,2358,4.0,Excellent
1022,3320,5.0,Excellent
1023,6397,3.0,Avergae
1024,2006,3.0,Avergae
1025,6463,1.0,Good
1026,4011,3.0,Avergae
1027,7890,4.0,Not Provided
1028,4424,5.0,Poor
1029,1214,Not Rating,Excellent
1030,7773,1.0,Not Provided
1031,4192,2.0,Excellent
1032,9591,2.0,Good
1033,7584,1.0,Not Provided
1034,3068,3.0,Avergae
1035,4111,5.0,Excellent
1036,5942,4.0,Excellent
1037,7746,Not Rating,Avergae
1038,5873,Not Rating,Excellent
1039,6898,4.0,Excellent
1040,2328,2.0,Excellent
1041,6424,3.0,Excellent
1042,9830,4.0,Not Provided
1043,6148,5.0,Avergae
1044,7942,5.0,Not Provided
1045,5560,2.0,Not Provided
1046,2946,1.0,Good
1047,6147,Not Rating,Poor
1048,8778,Not Rating,Poor
1049,1976,Not Rating,Not Provided
1050,4314,1.0,Good
1051,595,Not Rating,Avergae
1052,5476,Not Rating,Poor
1053,4702,4.0,Good
1054,177,3.0,Good
1055,9777,5.0,Not Provided
1056,7461,4.0,Excellent
1057,7915,4.0,Excellent
1058,6909,1.0,Excellent
1059,5780,3.0,Avergae
1060,1866,Not Rating,Excellent
1061,6211,Not Rating,Excellent
1062,1467,3.0,Poor
1063,105,3.0,Excellent
1064,147,Not Rating,Excellent
1065,1684,2.0,Poor
1066,5837,5.0,Not Provided
1067,2841,2.0,Not Provided
1068,5065,4.0,Excellent
1069,6714,Not Rating,Good
1070,9297,2.0,Avergae
1071,345,4.0,Excellent
1072,7894,4.0,Excellent
1073,4007,Not Rating,Avergae
1074,7130,3.0,Poor
1075,7764,4.0,Excellent
1076,8405,Not Rating,Avergae
1077,9915,4.0,Excellent
1078,2096,3.0,Not Provided
1079,5310,4.0,Good
1080,6207,4.0,Excellent
1081,4349,Not Rating,Good
1082,7284,Not Rating,Poor
1083,3426,1.0,Poor
1084,669,4.0,Not Provided
1085,9907,4.0,Excellent
1086,620,1.0,Good
1087,5895,2.0,Excellent
1088,1558,1.0,Excellent
1089,3863,3.0,Excellent
1090,1481,5.0,Excellent
1091,5022,2.0,Not Provided
1092,8897,Not Rating,Good
1093,5354,4.0,Poor
1094,7589,2.0,Poor
1095,4161,2.0,Poor
1096,1521,2.0,Not Provided
1097,7193,Not Rating,Avergae
1098,7719,1.0,Not Provided
1099,6883,Not Rating,Good
1100,3138,Not Rating,Not Provided
1101,4354,4.0,Avergae
1102,4532,2.0,Excellent
1103,1849,Not Rating,Excellent
1104,8795,4.0,Avergae
1105,9461,2.0,Avergae
1106,7322,Not Rating,Avergae
1107,2350,2.0,Avergae
1108,5283,1.0,Poor
1109,35,Not Rating,Good
1110,539,Not Rating,Avergae
1111,4707,3.0,Poor
1112,31,Not Rating,Avergae
1113,1374,2.0,Excellent
1114,5052,1.0,Avergae
1115,6955,3.0,Excellent
1116,6023,1.0,Good
1117,4772,1.0,Excellent
1118,9316,2.0,Excellent
1119,2239,2.0,Good
1120,3215,2.0,Good
1121,5945,4.0,Excellent
1122,5830,4.0,Avergae
1123,1468,4.0,Avergae
1124,7612,4.0,Good
1125,3632,Not Rating,Good
1126,3874,1.0,Avergae
1127,3244,2.0,Not Provided
1128,1719,3.0,Not Provided
1129,8472,3.0,Avergae
1130,4407,1.0,Poor
1131,5270,4.0,Poor
1132,4685,5.0,Excellent
1133,688,Not Rating,Not Provided
1134,4043,2.0,Good
1135,4554,Not Rating,Excellent
1136,701,Not Rating,Excellent
1137,4640,Not Rating,Excellent
1138,9612,1.0,Poor
1139,2093,1.0,Excellent
1140,6178,5.0,Excellent
1141,5272,Not Rating,Not Provided
1142,9719,Not Rating,Good
1143,8930,1.0,Poor
1144,5707,4.0,Avergae
1145,9065,3.0,Excellent
1146,7830,4.0,Good
1147,1825,1.0,Avergae
1148,2874,4.0,Avergae
1149,8410,Not Rating,Avergae
1150,1225,5.0,Good
1151,9827,5.0,Not Provided
1152,1016,Not Rating,Good
1153,1793,2.0,Good
1154,3407,3.0,Poor
1155,1176,3.0,Avergae
1156,6256,5.0,Excellent
1157,9918,Not Rating,Not Provided
1158,3498,Not Rating,Avergae
1159,7510,1.0,Not Provided
1160,513,3.0,Good
1161,9563,1.0,Avergae
1162,4286,3.0,Avergae
1163,155,5.0,Good
1164,3057,2.0,Poor
1165,1686,Not Rating,Avergae
1166,6861,1.0,Excellent
1167,6252,5.0,Excellent
1168,5714,1.0,Avergae
1169,1567,2.0,Poor
1170,689,Not Rating,Not Provided
1171,7879,2.0,Poor
1172,7517,2.0,Not Provided
1173,6516,5.0,Excellent
1174,1792,1.0,Excellent
1175,7720,1.0,Good
1176,6929,Not Rating,Excellent
1177,2165,1.0,Avergae
1178,7445,Not Rating,Excellent
1179,4537,5.0,Good
1180,4942,1.0,Not Provided
1181,1314,4.0,Not Provided
1182,7701,Not Rating,Good
1183,3816,2.0,Excellent
1184,2636,4.0,Good
1185,1621,Not Rating,Excellent
1186,7266,3.0,Good
1187,10000,3.0,Not Provided
1188,3134,Not Rating,Excellent
1189,5898,1.0,Not Provided
1190,9020,Not Rating,Good
1191,8001,Not Rating,Not Provided
1192,6733,3.0,Avergae
1193,8931,5.0,Excellent
1194,5497,1.0,Poor
1195,2863,Not Rating,Excellent
1196,9652,1.0,Not Provided
1197,2246,2.0,Excellent
1198,2815,4.0,Avergae
1199,980,Not Rating,Excellent
1200,5994,Not Rating,Not Provided
1201,948,Not Rating,Not Provided
1202,2380,Not Rating,Poor
1203,2669,5.0,Avergae
1204,7292,Not Rating,Avergae
1205,4563,3.0,Not Provided
1206,1544,3.0,Excellent
1207,7321,4.0,Avergae
1208,6662,2.0,Good
1209,1301,4.0,Not Provided
1210,7677,Not Rating,Not Provided
1211,1867,5.0,Good
1212,4245,2.0,Excellent
1213,3695,2.0,Avergae
1214,2960,2.0,Poor
1215,7046,2.0,Poor
1216,3487,Not Rating,Poor
1217,3125,4.0,Excellent
1218,5386,1.0,Poor
1219,7025,Not Rating,Excellent
1220,3091,4.0,Poor
1221,7334,Not Rating,Poor
1222,2824,5.0,Excellent
1223,7376,2.0,Poor
1224,4727,Not Rating,Avergae
1225,8324,3.0,Excellent
1226,2974,4.0,Poor
1227,8600,3.0,Excellent
1228,5772,Not Rating,Not Provided
1229,7570,3.0,Excellent
1230,1997,4.0,Good
1231,6214,5.0,Good
1232,9782,Not Rating,Avergae
1233,8710,1.0,Not Provided
1234,6876,1.0,Avergae
1235,485,1.0,Not Provided
1236,9443,4.0,Avergae
1237,1153,4.0,Poor
1238,8545,3.0,Poor
1239,3126,5.0,Avergae
1240,8767,Not Rating,Excellent
1241,2314,1.0,Avergae
1242,391,1.0,Excellent
1243,1787,3.0,Not Provided
1244,1313,3.0,Excellent
1245,2698,5.0,Good
1246,3910,Not Rating,Excellent
1247,1964,Not Rating,Not Provided
1248,1442,Not Rating,Not Provided
1249,8351,Not Rating,Not Provided
1250,4275,4.0,Excellent
1251,3527,Not Rating,Excellent
1252,5135,Not Rating,Poor
1253,6661,5.0,Excellent
1254,2747,Not Rating,Excellent
1255,9275,5.0,Not Provided
1256,3729,Not Rating,Avergae
1257,5196,4.0,Poor
1258,2685,2.0,Excellent
1259,7181,1.0,Poor
1260,7557,2.0,Excellent
1261,6990,3.0,Excellent
1262,4303,Not Rating,Avergae
1263,5637,4.0,Good
1264,1427,5.0,Excellent
1265,3415,5.0,Excellent
1266,8086,Not Rating,Poor
1267,2080,Not Rating,Good
1268,4853,1.0,Poor
1269,2330,4.0,Excellent
1270,1425,4.0,Excellent
1271,715,2.0,Excellent
1272,3119,4.0,Excellent
1273,2622,1.0,Good
1274,1428,Not Rating,Poor
1275,3086,1.0,Excellent
1276,8467,Not Rating,Poor
1277,2683,5.0,Good
1278,7515,Not Rating,Good
1279,1449,1.0,Excellent
1280,3820,4.0,Not Provided
1281,618,Not Rating,Avergae
1282,2726,4.0,Poor
1283,668,3.0,Excellent
1284,3751,Not Rating,Good
1285,5978,Not Rating,Excellent
1286,1355,Not Rating,Avergae
1287,1909,3.0,Not Provided
1288,5586,3.0,Excellent
1289,8378,2.0,Avergae
1290,3695,Not Rating,Poor
1291,2722,5.0,Not Provided
1292,389,3.0,Good
1293,3528,Not Rating,Good
1294,8925,2.0,Avergae
1295,9413,1.0,Good
1296,8095,4.0,Poor
1297,2467,1.0,Poor
1298,7542,5.0,Good
1299,3660,5.0,Excellent
1300,6304,5.0,Excellent
1301,3919,3.0,Poor
1302,1701,1.0,Poor
1303,7319,2.0,Poor
1304,814,4.0,Good
1305,1738,2.0,Excellent
1306,444,Not Rating,Poor
1307,3518,3.0,Excellent
1308,8231,Not Rating,Good
1309,3041,5.0,Avergae
1310,2274,1.0,Excellent
1311,4365,Not Rating,Excellent
1312,6263,1.0,Avergae
1313,3800,4.0,Poor
1314,305,4.0,Not Provided
1315,1662,Not Rating,Excellent
1316,5135,3.0,Not Provided
1317,7093,Not Rating,Excellent
1318,5681,Not Rating,Poor
1319,5028,3.0,Excellent
1320,3438,4.0,Not Provided
1321,5722,2.0,Not Provided
1322,8433,1.0,Not Provided
1323,4888,5.0,Good
1324,3336,3.0,Avergae
1325,3503,Not Rating,Not Provided
1326,708,Not Rating,Not Provided
1327,6548,3.0,Avergae
1328,295,1.0,Good
1329,9926,3.0,Not Provided
1330,3937,Not Rating,Poor
1331,9353,2.0,Excellent
1332,9254,4.0,Avergae
1333,9613,3.0,Poor
1334,5083,5.0,Good
1335,3322,Not Rating,Avergae
1336,2737,Not Rating,Avergae
1337,9795,5.0,Excellent
1338,8611,5.0,Excellent
1339,9989,Not Rating,Excellent
1340,6910,3.0,Good
1341,8559,2.0,Excellent
1342,1752,5.0,Excellent
1343,7230,5.0,Excellent
1344,8464,1.0,Excellent
1345,948,4.0,Excellent
1346,1204,Not Rating,Good
1347,9352,Not Rating,Excellent
1348,355,4.0,Avergae
1349,376,Not Rating,Poor
1350,3886,Not Rating,Avergae
1351,7704,1.0,Avergae
1352,1036,Not Rating,Good
1353,7337,5.0,Poor
1354,6028,3.0,Excellent
1355,9196,2.0,Excellent
1356,625,Not Rating,Excellent
1357,7198,3.0,Good
1358,8287,Not Rating,Excellent
1359,6191,4.0,Excellent
1360,985,1.0,Good
1361,6592,Not Rating,Good
1362,6789,4.0,Avergae
1363,6366,5.0,Excellent
1364,9590,Not Rating,Good
1365,4891,4.0,Excellent
1366,9304,4.0,Good
1367,1404,2.0,Good
1368,8687,3.0,Excellent
1369,1996,1.0,Avergae
1370,5013,4.0,Avergae
1371,8619,3.0,Excellent
1372,4008,Not Rating,Poor
1373,2121,Not Rating,Avergae
1374,6791,Not Rating,Not Provided
1375,565,Not Rating,Avergae
1376,1714,Not Rating,Avergae
1377,5929,Not Rating,Avergae
1378,1035,Not Rating,Poor
1379,9892,4.0,Excellent
1380,6563,5.0,Avergae
1381,1981,2.0,Excellent
1382,1748,2.0,Not Provided
1383,8670,1.0,Excellent
1384,8626,5.0,Good
1385,5137,5.0,Avergae
1386,5278,Not Rating,Not Provided
1387,6972,2.0,Poor
1388,2669,2.0,Good
1389,4691,Not Rating,Good
1390,967,4.0,Not Provided
1391,5737,3.0,Poor
1392,2213,5.0,Good
1393,9803,2.0,Excellent
1394,6110,2.0,Excellent
1395,3556,5.0,Good
1396,80,2.0,Excellent
1397,7214,Not Rating,Poor
1398,6217,4.0,Poor
1399,4421,5.0,Not Provided
1400,1452,2.0,Avergae
1401,1772,2.0,Not Provided
1402,9948,Not Rating,Good
1403,2650,2.0,Not Provided
1404,8954,1.0,Poor
1405,2986,Not Rating,Not Provided
1406,3657,Not Rating,Good
1407,1460,5.0,Good
1408,4046,Not Rating,Excellent
1409,1866,Not Rating,Not Provided
1410,1220,Not Rating,Avergae
1411,9611,5.0,Excellent
1412,8242,3.0,Not Provided
1413,5334,4.0,Good
1414,5272,Not Rating,Not Provided
1415,7935,Not Rating,Excellent
1416,2282,4.0,Excellent
1417,161,Not Rating,Good
1418,7456,4.0,Not Provided
1419,170,3.0,Good
1420,5026,2.0,Avergae
1421,4619,5.0,Avergae
1422,8647,4.0,Not Provided
1423,1333,Not Rating,Avergae
1424,2146,Not Rating,Excellent
1425,7155,Not Rating,Poor
1426,5302,2.0,Avergae
1427,4378,3.0,Good
1428,782,Not Rating,Not Provided
1429,2614,Not Rating,Excellent
1430,4909,5.0,Avergae
1431,6666,Not Rating,Excellent
1432,1121,3.0,Good
1433,4806,3.0,Not Provided
1434,5475,1.0,Poor
1435,7475,2.0,Good
1436,3092,Not Rating,Poor
1437,8658,Not Rating,Excellent
1438,9484,5.0,Avergae
1439,1200,2.0,Avergae
1440,7266,3.0,Excellent
1441,9050,4.0,Good
1442,6616,1.0,Excellent
1443,7968,4.0,Poor
1444,5535,3.0,Not Provided
1445,1739,5.0,Excellent
1446,6293,Not Rating,Poor
1447,5330,Not Rating,Good
1448,9477,1.0,Not Provided
1449,8370,3.0,Not Provided
1450,6139,5.0,Not Provided
1451,2499,4.0,Avergae
1452,9182,Not Rating,Avergae
1453,4234,1.0,Avergae
1454,9383,1.0,Not Provided
1455,2369,3.0,Excellent
1456,5539,2.0,Excellent
1457,1805,Not Rating,Not Provided
1458,8405,4.0,Poor
1459,8365,Not Rating,Excellent
1460,8498,Not Rating,Excellent
1461,3096,Not Rating,Excellent
1462,4421,Not Rating,Avergae
1463,7064,5.0,Excellent
1464,3617,2.0,Excellent
1465,167,Not Rating,Not Provided
1466,4947,5.0,Good
1467,6424,5.0,Not Provided
1468,1428,5.0,Excellent
1469,3556,Not Rating,Poor
1470,510,Not Rating,Avergae
1471,7072,Not Rating,Poor
1472,8185,Not Rating,Excellent
1473,6213,Not Rating,Avergae
1474,1957,2.0,Poor
1475,7894,4.0,Excellent
1476,8601,1.0,Poor
1477,6192,2.0,Excellent
1478,7732,Not Rating,Excellent
1479,8222,4.0,Poor
1480,7684,Not Rating,Poor
1481,6145,2.0,Excellent
1482,4184,Not Rating,Good
1483,2912,2.0,Avergae
1484,5650,Not Rating,Excellent
1485,4673,4.0,Good
1486,1388,Not Rating,Good
1487,4922,3.0,Excellent
1488,7228,5.0,Avergae
1489,1180,4.0,Poor
1490,3730,3.0,Avergae
1491,3835,5.0,Poor
1492,6557,Not Rating,Avergae
1493,4171,2.0,Good
1494,4941,Not Rating,Excellent
1495,3766,Not Rating,Not Provided
1496,1357,1.0,Excellent
1497,8328,2.0,Not Provided
1498,2452,3.0,Good
1499,3733,2.0,Good
1500,3244,2.0,Good
1501,3545,1.0,Good
1502,2494,Not Rating,Avergae
1503,9191,Not Rating,Excellent
1504,9306,5.0,Excellent
1505,5562,3.0,Not Provided
1506,446,Not Rating,Not Provided
1507,9211,3.0,Avergae
1508,8472,1.0,Good
1509,6121,5.0,Not Provided
1510,2018,4.0,Excellent
1511,3024,1.0,Poor
1512,6943,2.0,Excellent
1513,5699,4.0,Poor
1514,8896,Not Rating,Excellent
1515,4960,1.0,Good
1516,1412,3.0,Poor
1517,5512,Not Rating,Good
1518,5058,2.0,Not Provided
1519,1822,Not Rating,Excellent
1520,9989,5.0,Good
1521,3606,Not Rating,Excellent
1522,7223,4.0,Avergae
1523,1551,4.0,Not Provided
1524,2197,Not Rating,Excellent
1525,355,4.0,Not Provided
1526,3562,Not Rating,Excellent
1527,7030,2.0,Avergae
1528,210,Not Rating,Poor
1529,7250,5.0,Avergae
1530,805,Not Rating,Excellent
1531,8082,Not Rating,Avergae
1532,5450,4.0,Avergae
1533,7155,2.0,Poor
1534,6754,2.0,Poor
1535,714,3.0,Excellent
1536,5444,Not Rating,Excellent
1537,6949,Not Rating,Not Provided
1538,8697,3.0,Excellent
1539,7837,1.0,Not Provided
1540,3267,3.0,Avergae
1541,2983,Not Rating,Excellent
1542,8895,3.0,Not Provided
1543,6906,3.0,Not Provided
1544,7421,4.0,Good
1545,2199,5.0,Not Provided
1546,8986,Not Rating,Excellent
1547,2889,3.0,Excellent
1548,7969,Not Rating,Excellent
1549,184,3.0,Excellent
1550,6674,Not Rating,Poor
1551,4109,2.0,Poor
1552,3301,3.0,Excellent
1553,4549,2.0,Good
1554,1577,4.0,Avergae
1555,5504,5.0,Excellent
1556,6214,1.0,Avergae
1557,8155,5.0,Avergae
1558,9433,2.0,Excellent
1559,3922,4.0,Excellent
1560,1049,Not Rating,Poor
1561,2188,2.0,Good
1562,660,Not Rating,Excellent
1563,1269,4.0,Poor
1564,115,1.0,Not Provided
1565,2439,Not Rating,Avergae
1566,3551,3.0,Poor
1567,6401,Not Rating,Excellent
1568,1085,3.0,Good
1569,175,2.0,Avergae
1570,7855,5.0,Poor
1571,9792,5.0,Avergae
1572,7381,Not Rating,Good
1573,6114,4.0,Excellent
1574,4202,Not Rating,Excellent
1575,5694,Not Rating,Excellent
1576,9169,2.0,Poor
1577,5300,4.0,Excellent
1578,6507,4.0,Avergae
1579,3155,4.0,Poor
1580,9025,Not Rating,Excellent
1581,3489,2.0,Poor
1582,4807,Not Rating,Excellent
1583,5608,Not Rating,Avergae
1584,5001,Not Rating,Excellent
1585,1179,Not Rating,Good
1586,5212,4.0,Excellent
1587,2838,3.0,Good
1588,9434,Not Rating,Avergae
1589,7441,Not Rating,Excellent
1590,8785,1.0,Excellent
1591,6241,Not Rating,Excellent
1592,3623,Not Rating,Excellent
1593,95,Not Rating,Avergae
1594,7868,2.0,Good
1595,1015,4.0,Not Provided
1596,4936,Not Rating,Poor
1597,9775,Not Rating,Excellent
1598,8489,4.0,Not Provided
1599,3469,3.0,Excellent
1600,7156,4.0,Excellent
1601,2591,5.0,Excellent
1602,8533,1.0,Poor
1603,9033,Not Rating,Excellent
1604,2217,5.0,Excellent
1605,5763,Not Rating,Excellent
1606,2566,Not Rating,Avergae
1607,3769,3.0,Avergae
1608,4413,4.0,Poor
1609,6824,Not Rating,Good
1610,1515,1.0,Excellent
1611,5704,5.0,Poor
1612,4869,3.0,Excellent
1613,214,4.0,Poor
1614,7892,3.0,Excellent
1615,1197,Not Rating,Good
1616,3641,1.0,Excellent
1617,9180,4.0,Good
1618,8708,Not Rating,Not Provided
1619,5022,Not Rating,Avergae
1620,6607,Not Rating,Excellent
1621,404,5.0,Excellent
1622,9711,Not Rating,Poor
1623,8834,2.0,Excellent
1624,6176,5.0,Excellent
1625,523,Not Rating,Avergae
1626,9317,4.0,Avergae
1627,1582,3.0,Avergae
1628,6659,4.0,Not Provided
1629,7862,5.0,Excellent
1630,1931,3.0,Good
1631,3127,Not Rating,Excellent
1632,3284,2.0,Not Provided
1633,5561,2.0,Good
1634,3590,4.0,Excellent
1635,9610,Not Rating,Not Provided
1636,1973,Not Rating,Excellent
1637,3790,Not Rating,Poor
1638,766,4.0,Good
1639,7564,Not Rating,Good
1640,805,Not Rating,Good
1641,9343,5.0,Excellent
1642,2126,5.0,Poor
1643,2766,Not Rating,Poor
1644,9240,1.0,Excellent
1645,715,Not Rating,Not Provided
1646,1501,5.0,Excellent
1647,942,Not Rating,Poor
1648,2178,Not Rating,Excellent
1649,3346,5.0,Excellent
1650,6778,2.0,Not Provided
1651,2200,4.0,Excellent
1652,7638,4.0,Not Provided
1653,3066,3.0,Good
1654,348,5.0,Avergae
1655,3805,Not Rating,Excellent
1656,1573,3.0,Excellent
1657,1314,5.0,Not Provided
1658,682,3.0,Good
1659,2277,Not Rating,Not Provided
1660,1242,5.0,Excellent
1661,2200,2.0,Excellent
1662,3377,1.0,Good
1663,7005,2.0,Avergae
1664,9596,Not Rating,Excellent
1665,5418,Not Rating,Excellent
1666,8600,Not Rating,Poor
1667,9746,5.0,Excellent
1668,2269,2.0,Avergae
1669,7523,5.0,Excellent
1670,8370,Not Rating,Poor
1671,1451,5.0,Excellent
1672,3550,3.0,Avergae
1673,2535,3.0,Excellent
1674,450,5.0,Excellent
1675,969,1.0,Excellent
1676,4672,2.0,Poor
1677,3153,Not Rating,Poor
1678,1105,3.0,Good
1679,9552,5.0,Excellent
1680,5683,Not Rating,Avergae
1681,9467,Not Rating,Good
1682,2989,Not Rating,Excellent
1683,3176,2.0,Good
1684,196,1.0,Not Provided
1685,1437,1.0,Good
1686,7736,Not Rating,Avergae
1687,6314,4.0,Not Provided
1688,1017,4.0,Not Provided
1689,5561,3.0,Excellent
1690,2859,3.0,Avergae
1691,8283,Not Rating,Poor
1692,9499,4.0,Poor
1693,778,5.0,Poor
1694,1122,2.0,Excellent
1695,8972,Not Rating,Good
1696,9199,Not Rating,Excellent
1697,5668,2.0,Poor
1698,3149,Not Rating,Poor
1699,5532,5.0,Excellent
1700,3598,Not Rating,Poor
1701,8530,4.0,Excellent
1702,9766,3.0,Excellent
1703,1518,4.0,Not Provided
1704,2907,5.0,Avergae
1705,9437,Not Rating,Excellent
1706,3639,Not Rating,Excellent
1707,840,2.0,Avergae
1708,9708,2.0,Avergae
1709,3757,Not Rating,Good
1710,899,Not Rating,Avergae
1711,3501,Not Rating,Avergae
1712,1320,Not Rating,Avergae
1713,9934,Not Rating,Not Provided
1714,2622,Not Rating,Avergae
1715,9644,3.0,Avergae
1716,2765,Not Rating,Excellent
1717,6175,Not Rating,Excellent
1718,1118,Not Rating,Poor
1719,3942,2.0,Not Provided
1720,7600,Not Rating,Poor
1721,2269,5.0,Good
1722,2459,4.0,Not Provided
1723,3002,Not Rating,Avergae
1724,2661,Not Rating,Excellent
1725,4691,4.0,Poor
1726,9334,Not Rating,Not Provided
1727,5817,Not Rating,Excellent
1728,2173,Not Rating,Excellent
1729,8106,2.0,Excellent
1730,8791,Not Rating,Avergae
1731,5240,Not Rating,Poor
1732,810,2.0,Poor
1733,6342,1.0,Excellent
1734,9017,Not Rating,Poor
1735,1374,Not Rating,Not Provided
1736,4048,1.0,Excellent
1737,5797,2.0,Poor
1738,6870,Not Rating,Excellent
1739,864,Not Rating,Not Provided
1740,2286,5.0,Avergae
1741,5133,1.0,Good
1742,4173,Not Rating,Poor
1743,8147,3.0,Poor
1744,4521,Not Rating,Not Provided
1745,531,2.0,Poor
1746,8331,3.0,Avergae
1747,2462,Not Rating,Poor
1748,6665,2.0,Avergae
1749,8351,5.0,Avergae
1750,3858,1.0,Good
1751,1906,1.0,Avergae
1752,549,Not Rating,Good
1753,207,2.0,Good
1754,355,Not Rating,Excellent
1755,3574,5.0,Poor
1756,3618,Not Rating,Good
1757,3592,1.0,Not Provided
1758,4069,Not Rating,Poor
1759,7277,Not Rating,Avergae
1760,7233,2.0,Excellent
1761,2153,4.0,Excellent
1762,2975,Not Rating,Not Provided
1763,9159,5.0,Excellent
1764,7808,5.0,Good
1765,3547,Not Rating,Avergae
1766,5959,Not Rating,Not Provided
1767,3565,3.0,Avergae
1768,5633,Not Rating,Excellent
1769,5595,5.0,Not Provided
1770,1837,Not Rating,Not Provided
1771,6628,Not Rating,Good
1772,2582,Not Rating,Avergae
1773,4922,2.0,Good
1774,905,1.0,Poor
1775,7362,3.0,Not Provided
1776,6812,4.0,Excellent
1777,5785,5.0,Good
1778,3909,Not Rating,Not Provided
1779,7744,2.0,Excellent
1780,2327,Not Rating,Excellent
1781,2639,2.0,Avergae
1782,6063,Not Rating,Avergae
1783,9315,Not Rating,Not Provided
1784,7678,4.0,Avergae
1785,1259,4.0,Avergae
1786,5840,Not Rating,Not Provided
1787,7330,Not Rating,Excellent
1788,8459,1.0,Good
1789,8116,3.0,Excellent
1790,3067,5.0,Not Provided
1791,4862,Not Rating,Poor
1792,3360,1.0,Not Provided
1793,7528,5.0,Avergae
1794,9170,5.0,Excellent
1795,144,Not Rating,Not Provided
1796,8735,3.0,Good
1797,2614,4.0,Good
1798,9738,5.0,Excellent
1799,1641,5.0,Avergae
1800,8521,Not Rating,Avergae
1801,1225,4.0,Excellent
1802,5589,5.0,Not Provided
1803,3888,Not Rating,Excellent
1804,5329,Not Rating,Excellent
1805,1934,Not Rating,Excellent
1806,7929,2.0,Avergae
1807,606,5.0,Good
1808,6190,5.0,Excellent
1809,2505,Not Rating,Poor
1810,7147,3.0,Poor
1811,8027,4.0,Excellent
1812,7201,2.0,Excellent
1813,8767,Not Rating,Avergae
1814,3334,3.0,Not Provided
1815,6071,Not Rating,Poor
1816,2555,3.0,Excellent
1817,8254,2.0,Good
1818,9581,Not Rating,Poor
1819,3627,4.0,Avergae
1820,671,Not Rating,Excellent
1821,1174,4.0,Excellent
1822,1840,Not Rating,Poor
1823,8695,5.0,Poor
1824,2019,3.0,Avergae
1825,7386,2.0,Poor
1826,9865,Not Rating,Not Provided
1827,7721,4.0,Poor
1828,8029,Not Rating,Avergae
1829,3814,4.0,Poor
1830,5002,Not Rating,Excellent
1831,1785,1.0,Avergae
1832,7443,3.0,Poor
1833,2633,Not Rating,Poor
1834,5284,1.0,Excellent
1835,4202,Not Rating,Excellent
1836,9959,4.0,Avergae
1837,3365,Not Rating,Excellent
1838,413,Not Rating,Not Provided
1839,852,Not Rating,Excellent
1840,2028,1.0,Good
1841,6631,Not Rating,Not Provided
1842,8228,2.0,Poor
1843,2669,4.0,Excellent
1844,5596,2.0,Excellent
1845,7276,3.0,Excellent
1846,7355,2.0,Excellent
1847,2427,Not Rating,Not Provided
1848,8077,2.0,Good
1849,2251,Not Rating,Excellent
1850,4339,5.0,Excellent
1851,1465,Not Rating,Poor
1852,118,Not Rating,Excellent
1853,4916,1.0,Excellent
1854,7238,2.0,Excellent
1855,3371,2.0,Good
1856,6514,Not Rating,Avergae
1857,4253,2.0,Good
1858,2822,Not Rating,Not Provided
1859,5549,1.0,Avergae
1860,6014,Not Rating,Not Provided
1861,4847,3.0,Not Provided
1862,7841,4.0,Poor
1863,2682,Not Rating,Poor
1864,1832,Not Rating,Poor
1865,3912,5.0,Excellent
1866,7351,3.0,Poor
1867,2186,3.0,Not Provided
1868,6473,Not Rating,Excellent
1869,4254,4.0,Not Provided
1870,4847,4.0,Good
1871,7928,4.0,Avergae
1872,281,4.0,Poor
1873,4456,2.0,Avergae
1874,6510,1.0,Poor
1875,4978,3.0,Excellent
1876,252,1.0,Excellent
1877,4893,Not Rating,Not Provided
1878,3365,Not Rating,Poor
1879,2486,4.0,Avergae
1880,9914,2.0,Not Provided
1881,7476,4.0,Not Provided
1882,6036,Not Rating,Poor
1883,9645,4.0,Excellent
1884,276,1.0,Good
1885,4726,Not Rating,Excellent
1886,3547,1.0,Not Provided
1887,311,5.0,Poor
1888,676,2.0,Excellent
1889,6408,Not Rating,Excellent
1890,1146,Not Rating,Excellent
1891,7772,Not Rating,Excellent
1892,754,4.0,Poor
1893,7678,Not Rating,Excellent
1894,2685,Not Rating,Good
1895,190,Not Rating,Excellent
1896,5564,1.0,Good
1897,6310,Not Rating,Avergae
1898,5272,2.0,Good
1899,7099,3.0,Poor
1900,2487,1.0,Avergae
1901,185,Not Rating,Good
1902,895,4.0,Excellent
1903,3129,5.0,Good
1904,1915,2.0,Avergae
1905,360,Not Rating,Poor
1906,212,3.0,Poor
1907,7163,Not Rating,Good
1908,4129,Not Rating,Avergae
1909,6088,Not Rating,Excellent
1910,174,2.0,Avergae
1911,6573,Not Rating,Good
1912,1769,3.0,Good
1913,8860,3.0,Not Provided
1914,3332,4.0,Poor
1915,6747,4.0,Avergae
1916,8888,Not Rating,Not Provided
1917,6611,5.0,Excellent
1918,9703,1.0,Good
1919,1099,4.0,Avergae
1920,7831,2.0,Not Provided
1921,3428,4.0,Excellent
1922,9324,3.0,Avergae
1923,9697,1.0,Not Provided
1924,6008,5.0,Not Provided
1925,4228,Not Rating,Not Provided
1926,4584,5.0,Excellent
1927,5576,5.0,Excellent
1928,6591,3.0,Excellent
1929,9773,3.0,Avergae
1930,7984,Not Rating,Excellent
1931,4236,3.0,Excellent
1932,1570,Not Rating,Good
1933,3239,1.0,Avergae
1934,3865,4.0,Not Provided
1935,7401,2.0,Poor
1936,2872,Not Rating,Excellent
1937,3536,Not Rating,Good
1938,7193,Not Rating,Avergae
1939,2272,Not Rating,Excellent
1940,4933,5.0,Not Provided
1941,4800,5.0,Avergae
1942,9336,5.0,Poor
1943,1644,Not Rating,Avergae
1944,2657,5.0,Avergae
1945,7843,Not Rating,Excellent
1946,5786,5.0,Good
1947,5892,Not Rating,Good
1948,9006,Not Rating,Excellent
1949,6841,4.0,Good
1950,1793,Not Rating,Excellent
1951,3013,2.0,Not Provided
1952,7674,5.0,Excellent
1953,6742,Not Rating,Avergae
1954,5835,1.0,Excellent
1955,6129,Not Rating,Excellent
1956,5901,2.0,Excellent
1957,195,Not Rating,Good
1958,1510,Not Rating,Avergae
1959,9081,Not Rating,Avergae
1960,6263,2.0,Not Provided
1961,5028,Not Rating,Good
1962,8159,5.0,Excellent
1963,2271,5.0,Excellent
1964,7098,4.0,Excellent
1965,8819,3.0,Excellent
1966,3863,3.0,Excellent
1967,4661,4.0,Not Provided
1968,5425,5.0,Excellent
1969,9476,2.0,Not Provided
1970,9630,1.0,Avergae
1971,4187,1.0,Excellent
1972,1018,3.0,Excellent
1973,9785,Not Rating,Poor
1974,8145,Not Rating,Poor
1975,2482,Not Rating,Excellent
1976,8879,5.0,Poor
1977,3915,5.0,Excellent
1978,9426,1.0,Excellent
1979,7741,Not Rating,Excellent
1980,2536,1.0,Poor
1981,6642,4.0,Excellent
1982,1341,Not Rating,Excellent
1983,3643,2.0,Excellent
1984,2953,Not Rating,Poor
1985,8799,Not Rating,Excellent
1986,6950,Not Rating,Excellent
1987,1593,2.0,Not Provided
1988,8939,4.0,Not Provided
1989,1041,Not Rating,Avergae
1990,5114,2.0,Not Provided
1991,4001,2.0,Avergae
1992,4884,2.0,Excellent
1993,8915,4.0,Avergae
1994,7834,4.0,Not Provided
1995,5825,5.0,Avergae
1996,8876,3.0,Avergae
1997,6955,4.0,Good
1998,1824,Not Rating,Avergae
1999,4426,Not Rating,Poor
2000,2307,1.0,Good
2001,6849,3.0,Avergae
2002,2201,Not Rating,Excellent
2003,1374,Not Rating,Poor
2004,9383,1.0,Excellent
2005,4731,4.0,Avergae
2006,7075,4.0,Not Provided
2007,9616,Not Rating,Excellent
2008,47,2.0,Poor
2009,7929,1.0,Good
2010,4252,Not Rating,Excellent
2011,843,5.0,Not Provided
2012,2433,2.0,Poor
2013,9711,4.0,Excellent
2014,4155,4.0,Good
2015,1789,Not Rating,Good
2016,8735,5.0,Excellent
2017,8081,Not Rating,Excellent
2018,9143,5.0,Avergae
2019,2797,3.0,Good
2020,4788,3.0,Not Provided
2021,9787,Not Rating,Excellent
2022,2352,Not Rating,Poor
2023,9793,1.0,Not Provided
2024,1290,3.0,Avergae
2025,6004,3.0,Good
2026,1281,4.0,Excellent
2027,6273,Not Rating,Poor
2028,8633,Not Rating,Avergae
2029,6641,Not Rating,Avergae
2030,9921,Not Rating,Avergae
2031,8099,3.0,Excellent
2032,8841,3.0,Excellent
2033,5418,2.0,Not Provided
2034,1477,1.0,Avergae
2035,1693,2.0,Poor
2036,9255,Not Rating,Good
2037,2023,5.0,Excellent
2038,72,Not Rating,Excellent
2039,4914,4.0,Good
2040,6203,Not Rating,Poor
2041,8423,1.0,Avergae
2042,2492,3.0,Excellent
2043,1727,Not Rating,Excellent
2044,9126,2.0,Good
2045,4034,Not Rating,Good
2046,609,Not Rating,Not Provided
2047,4588,Not Rating,Not Provided
2048,7012,Not Rating,Poor
2049,9968,Not Rating,Poor
2050,6290,Not Rating,Avergae
2051,8102,3.0,Not Provided
2052,1635,Not Rating,Excellent
2053,992,Not Rating,Avergae
2054,8963,Not Rating,Excellent
2055,3606,Not Rating,Not Provided
2056,6700,5.0,Not Provided
2057,2409,Not Rating,Good
2058,8622,Not Rating,Excellent
2059,3622,Not Rating,Excellent
2060,2541,1.0,Excellent
2061,7334,Not Rating,Good
2062,3925,4.0,Good
2063,3391,5.0,Good
2064,9015,Not Rating,Avergae
2065,2899,1.0,Avergae
2066,2902,Not Rating,Avergae
2067,6362,Not Rating,Excellent
2068,7259,2.0,Poor
2069,2555,2.0,Not Provided
2070,2085,Not Rating,Good
2071,2019,2.0,Avergae
2072,3123,1.0,Excellent
2073,5053,4.0,Avergae
2074,5450,Not Rating,Excellent
2075,4682,1.0,Avergae
2076,3971,5.0,Poor
2077,5267,Not Rating,Avergae
2078,7303,Not Rating,Excellent
2079,5547,3.0,Avergae
2080,927,4.0,Excellent
2081,9373,3.0,Excellent
2082,6622,Not Rating,Avergae
2083,3301,3.0,Excellent
2084,8818,2.0,Poor
2085,4146,Not Rating,Excellent
2086,1220,Not Rating,Excellent
2087,280,4.0,Not Provided
2088,2470,1.0,Excellent
2089,3992,Not Rating,Excellent
2090,4650,2.0,Excellent
2091,6576,3.0,Excellent
2092,1751,Not Rating,Excellent
2093,8833,Not Rating,Good
2094,7620,Not Rating,Excellent
2095,6254,2.0,Good
2096,5084,Not Rating,Poor
2097,352,Not Rating,Good
2098,197,Not Rating,Not Provided
2099,2193,2.0,Avergae
2100,1556,2.0,Avergae
2101,3649,Not Rating,Not Provided
2102,8888,5.0,Poor
2103,1183,5.0,Excellent
2104,5084,2.0,Good
2105,1584,Not Rating,Good
2106,7664,1.0,Not Provided
2107,2397,Not Rating,Poor
2108,67,4.0,Good
2109,7751,3.0,Excellent
2110,4071,2.0,Excellent
2111,8204,3.0,Avergae
2112,6966,5.0,Good
2113,6841,3.0,Not Provided
2114,3106,5.0,Excellent
2115,9909,Not Rating,Poor
2116,7522,Not Rating,Poor
2117,5394,5.0,Excellent
2118,738,2.0,Excellent
2119,3459,3.0,Avergae
2120,2279,Not Rating,Poor
2121,2874,5.0,Good
2122,3790,Not Rating,Avergae
2123,3929,1.0,Excellent
2124,3184,Not Rating,Avergae
2125,5473,Not Rating,Poor
2126,6338,Not Rating,Not Provided
2127,1137,Not Rating,Excellent
2128,4853,1.0,Not Provided
2129,5886,4.0,Poor
2130,5195,2.0,Not Provided
2131,8542,Not Rating,Avergae
2132,5165,5.0,Poor
2133,3908,Not Rating,Poor
2134,3066,Not Rating,Excellent
2135,8890,Not Rating,Not Provided
2136,3675,Not Rating,Poor
2137,4634,3.0,Excellent
2138,8758,Not Rating,Poor
2139,4439,Not Rating,Not Provided
2140,3079,1.0,Avergae
2141,3585,5.0,Avergae
2142,8391,Not Rating,Excellent
2143,7954,5.0,Excellent
2144,5081,4.0,Poor
2145,269,Not Rating,Excellent
2146,713,5.0,Not Provided
2147,2354,4.0,Excellent
2148,2169,5.0,Excellent
2149,3174,1.0,Good
2150,1803,Not Rating,Excellent
2151,3220,5.0,Excellent
2152,7881,4.0,Avergae
2153,6647,5.0,Avergae
2154,5156,3.0,Good
2155,6881,4.0,Avergae
2156,568,2.0,Good
2157,4295,3.0,Excellent
2158,9957,1.0,Excellent
2159,3785,Not Rating,Good
2160,1619,1.0,Poor
2161,6764,2.0,Good
2162,4576,Not Rating,Poor
2163,92,5.0,Avergae
2164,2849,2.0,Poor
2165,1122,2.0,Good
2166,3179,Not Rating,Excellent
2167,5954,5.0,Excellent
2168,2141,Not Rating,Poor
2169,4347,1.0,Good
2170,3302,5.0,Not Provided
2171,9541,1.0,Poor
2172,8967,1.0,Poor
2173,4494,Not Rating,Excellent
2174,1896,1.0,Not Provided
2175,754,4.0,Excellent
2176,5808,Not Rating,Not Provided
2177,6830,Not Rating,Good
2178,3617,4.0,Avergae
2179,2344,5.0,Good
2180,283,Not Rating,Poor
2181,1070,2.0,Poor
2182,5740,2.0,Not Provided
2183,2028,4.0,Good
2184,2809,2.0,Excellent
2185,5251,2.0,Not Provided
2186,6488,5.0,Avergae
2187,9181,Not Rating,Good
2188,8149,1.0,Not Provided
2189,257,3.0,Not Provided
2190,9832,2.0,Poor
2191,7950,Not Rating,Avergae
2192,5364,2.0,Good
2193,2068,Not Rating,Excellent
2194,1292,5.0,Excellent
2195,4419,Not Rating,Poor
2196,8381,Not Rating,Avergae
2197,8778,2.0,Not Provided
2198,2489,Not Rating,Excellent
2199,4212,Not Rating,Good
2200,9138,2.0,Good
2201,9502,Not Rating,Excellent
2202,5308,1.0,Avergae
2203,7147,Not Rating,Excellent
2204,9022,Not Rating,Excellent
2205,7602,2.0,Not Provided
2206,5531,4.0,Excellent
2207,1200,5.0,Good
2208,4278,3.0,Excellent
2209,9573,2.0,Avergae
2210,7694,Not Rating,Excellent
2211,5275,5.0,Excellent
2212,3446,2.0,Good
2213,5830,Not Rating,Avergae
2214,3611,3.0,Avergae
2215,6371,1.0,Good
2216,5110,Not Rating,Poor
2217,754,5.0,Good
2218,5314,2.0,Good
2219,936,3.0,Poor
2220,283,Not Rating,Excellent
2221,8687,Not Rating,Poor
2222,5200,Not Rating,Avergae
2223,7615,3.0,Poor
2224,4450,Not Rating,Not Provided
2225,9334,4.0,Good
2226,7252,Not Rating,Excellent
2227,3357,Not Rating,Avergae
2228,7439,Not Rating,Not Provided
2229,8262,3.0,Not Provided
2230,6785,1.0,Excellent
2231,2027,2.0,Not Provided
2232,7543,2.0,Excellent
2233,2629,4.0,Avergae
2234,9233,Not Rating,Not Provided
2235,3740,Not Rating,Excellent
2236,4893,4.0,Not Provided
2237,1757,1.0,Excellent
2238,1318,Not Rating,Excellent
2239,2728,Not Rating,Not Provided
2240,6734,Not Rating,Good
2241,4795,Not Rating,Not Provided
2242,7785,Not Rating,Avergae
2243,6094,Not Rating,Excellent
2244,661,4.0,Avergae
2245,9355,5.0,Poor
2246,4136,5.0,Excellent
2247,9946,Not Rating,Excellent
2248,5140,Not Rating,Good
2249,8588,3.0,Avergae
2250,5762,Not Rating,Avergae
2251,5217,Not Rating,Excellent
2252,2612,1.0,Not Provided
2253,7981,2.0,Avergae
2254,2564,Not Rating,Avergae
2255,5884,Not Rating,Avergae
2256,4462,Not Rating,Avergae
2257,1555,Not Rating,Poor
2258,9383,2.0,Avergae
2259,1892,1.0,Avergae
2260,8104,1.0,Poor
2261,9187,Not Rating,Excellent
2262,9454,Not Rating,Excellent
2263,8506,Not Rating,Avergae
2264,4971,3.0,Good
2265,5908,3.0,Good
2266,342,Not Rating,Good
2267,9024,1.0,Not Provided
2268,3259,Not Rating,Excellent
2269,6348,4.0,Good
2270,6168,2.0,Excellent
2271,2880,Not Rating,Excellent
2272,6470,Not Rating,Avergae
2273,4540,1.0,Excellent
2274,6584,3.0,Not Provided
2275,3325,Not Rating,Good
2276,7921,1.0,Good
2277,6900,1.0,Not Provided
2278,8267,Not Rating,Poor
2279,4910,Not Rating,Poor
2280,7755,Not Rating,Poor
2281,3898,4.0,Avergae
2282,9434,Not Rating,Excellent
2283,9297,Not Rating,Excellent
2284,4621,4.0,Avergae
2285,5278,3.0,Good
2286,3679,1.0,Avergae
2287,7376,3.0,Not Provided
2288,424,2.0,Not Provided
2289,3592,Not Rating,Excellent
2290,6375,2.0,Poor
2291,2603,2.0,Good
2292,9926,3.0,Poor
2293,6792,Not Rating,Good
2294,967,4.0,Good
2295,4969,Not Rating,Poor
2296,9951,2.0,Poor
2297,800,Not Rating,Poor
2298,8474,Not Rating,Avergae
2299,8685,2.0,Poor
2300,1867,Not Rating,Excellent
2301,436,Not Rating,Not Provided
2302,4797,4.0,Poor
2303,4380,4.0,Not Provided
2304,4038,2.0,Avergae
2305,8466,4.0,Excellent
2306,2935,Not Rating,Excellent
2307,8675,1.0,Good
2308,6312,4.0,Not Provided
2309,5664,2.0,Good
2310,3853,4.0,Not Provided
2311,5642,3.0,Good
2312,9764,4.0,Excellent
2313,5739,Not Rating,Good
2314,2403,2.0,Good
2315,353,1.0,Avergae
2316,4861,Not Rating,Avergae
2317,5495,5.0,Excellent
2318,284,3.0,Not Provided
2319,9255,3.0,Excellent
2320,5806,Not Rating,Poor
2321,8679,2.0,Not Provided
2322,2873,1.0,Excellent
2323,91,Not Rating,Good
2324,7338,Not Rating,Excellent
2325,1296,3.0,Good
2326,3703,Not Rating,Excellent
2327,9051,Not Rating,Excellent
2328,1082,Not Rating,Excellent
2329,9310,3.0,Excellent
2330,1724,4.0,Excellent
2331,4699,Not Rating,Avergae
2332,4047,5.0,Excellent
2333,2259,Not Rating,Avergae
2334,5312,4.0,Not Provided
2335,2646,Not Rating,Good
2336,7178,3.0,Poor
2337,993,3.0,Poor
2338,6498,Not Rating,Poor
2339,421,4.0,Avergae
2340,2896,1.0,Excellent
2341,8532,Not Rating,Poor
2342,4938,2.0,Avergae
2343,354,1.0,Avergae
2344,5653,4.0,Not Provided
2345,7444,Not Rating,Excellent
2346,1332,Not Rating,Excellent
2347,7847,Not Rating,Excellent
2348,7162,Not Rating,Excellent
2349,5043,Not Rating,Excellent
2350,6374,4.0,Excellent
2351,402,Not Rating,Excellent
2352,9124,3.0,Excellent
2353,7467,5.0,Poor
2354,197,5.0,Poor
2355,8655,3.0,Poor
2356,422,1.0,Good
2357,857,Not Rating,Excellent
2358,2988,2.0,Good
2359,6572,5.0,Excellent
2360,3231,5.0,Avergae
2361,8602,4.0,Good
2362,1321,1.0,Excellent
2363,8100,1.0,Avergae
2364,5692,Not Rating,Poor
2365,9297,2.0,Poor
2366,6642,3.0,Good
2367,9152,4.0,Not Provided
2368,9865,Not Rating,Excellent
2369,6126,3.0,Excellent
2370,8272,Not Rating,Not Provided
2371,1784,Not Rating,Good
2372,174,5.0,Good
2373,9140,Not Rating,Excellent
2374,153,Not Rating,Good
2375,6389,1.0,Avergae
2376,5178,1.0,Avergae
2377,1026,5.0,Not Provided
2378,8024,3.0,Avergae
2379,6072,Not Rating,Poor
2380,6764,3.0,Excellent
2381,9238,Not Rating,Excellent
2382,9873,4.0,Avergae
2383,2721,Not Rating,Excellent
2384,243,Not Rating,Poor
2385,4032,5.0,Excellent
2386,7933,Not Rating,Poor
2387,9871,Not Rating,Poor
2388,6832,Not Rating,Not Provided
2389,6616,Not Rating,Good
2390,2958,4.0,Not Provided
2391,8597,2.0,Excellent
2392,400,5.0,Excellent
2393,4783,3.0,Not Provided
2394,6686,Not Rating,Not Provided
2395,7418,Not Rating,Good
2396,1009,Not Rating,Excellent
2397,8197,Not Rating,Good
2398,2538,Not Rating,Excellent
2399,5795,2.0,Excellent
2400,9771,5.0,Not Provided
2401,5612,2.0,Good
2402,8489,4.0,Poor
2403,6057,4.0,Good
2404,5139,Not Rating,Excellent
2405,5590,1.0,Excellent
2406,8279,Not Rating,Not Provided
2407,1141,Not Rating,Excellent
2408,3448,Not Rating,Excellent
2409,4604,Not Rating,Avergae
2410,2353,1.0,Poor
2411,2887,2.0,Not Provided
2412,5686,Not Rating,Excellent
2413,7883,Not Rating,Avergae
2414,5563,4.0,Not Provided
2415,8384,Not Rating,Excellent
2416,9989,1.0,Excellent
2417,2363,Not Rating,Excellent
2418,4324,5.0,Excellent
2419,5089,Not Rating,Good
2420,1026,5.0,Excellent
2421,5275,5.0,Good
2422,3271,1.0,Good
2423,6185,5.0,Avergae
2424,8002,Not Rating,Poor
2425,5356,Not Rating,Excellent
2426,3648,2.0,Not Provided
2427,8257,Not Rating,Excellent
2428,3351,4.0,Good
2429,263,4.0,Not Provided
2430,4701,3.0,Poor
2431,9851,Not Rating,Avergae
2432,4880,2.0,Good
2433,6141,Not Rating,Avergae
2434,3142,Not Rating,Avergae
2435,4504,Not Rating,Not Provided
2436,4785,3.0,Excellent
2437,129,4.0,Avergae
2438,2013,Not Rating,Excellent
2439,8353,Not Rating,Not Provided
2440,6799,4.0,Excellent
2441,8455,Not Rating,Excellent
2442,3675,Not Rating,Excellent
2443,8944,4.0,Excellent
2444,7764,5.0,Not Provided
2445,7232,Not Rating,Good
2446,6805,5.0,Excellent
2447,1496,Not Rating,Excellent
2448,6229,Not Rating,Avergae
2449,5801,1.0,Avergae
2450,38,Not Rating,Excellent
2451,9807,1.0,Good
2452,260,1.0,Poor
2453,8409,Not Rating,Excellent
2454,4998,2.0,Good
2455,9075,Not Rating,Poor
2456,4619,3.0,Excellent
2457,8799,3.0,Good
2458,458,3.0,Poor
2459,830,Not Rating,Excellent
2460,7420,1.0,Poor
2461,183,3.0,Excellent
2462,3904,3.0,Excellent
2463,8569,5.0,Excellent
2464,2023,Not Rating,Excellent
2465,6558,5.0,Excellent
2466,2986,Not Rating,Not Provided
2467,957,1.0,Good
2468,6591,3.0,Excellent
2469,262,Not Rating,Excellent
2470,7889,Not Rating,Not Provided
2471,3504,Not Rating,Excellent
2472,5574,1.0,Avergae
2473,4381,4.0,Poor
2474,5638,3.0,Poor
2475,1563,4.0,Good
2476,1382,5.0,Excellent
2477,5208,5.0,Excellent
2478,9312,4.0,Poor
2479,6877,5.0,Excellent
2480,4064,5.0,Poor
2481,7185,1.0,Not Provided
2482,1193,Not Rating,Excellent
2483,4428,2.0,Excellent
2484,5118,5.0,Poor
2485,1104,4.0,Good
2486,3217,2.0,Not Provided
2487,3231,Not Rating,Avergae
2488,9406,4.0,Excellent
2489,977,5.0,Not Provided
2490,6157,5.0,Excellent
2491,3778,Not Rating,Not Provided
2492,3640,5.0,Excellent
2493,9797,4.0,Avergae
2494,5270,Not Rating,Excellent
2495,1707,4.0,Not Provided
2496,4040,3.0,Good
2497,8471,4.0,Excellent
2498,7476,Not Rating,Poor
2499,5733,Not Rating,Excellent
2500,26,2.0,Excellent
2501,1698,1.0,Avergae
2502,7943,2.0,Excellent
2503,4783,Not Rating,Excellent
2504,9859,Not Rating,Not Provided
2505,5967,Not Rating,Avergae
2506,7046,4.0,Avergae
2507,8660,3.0,Avergae
2508,2449,1.0,Not Provided
2509,2082,1.0,Excellent
2510,8538,5.0,Not Provided
2511,8347,Not Rating,Not Provided
2512,8049,1.0,Avergae
2513,9177,5.0,Good
2514,3246,1.0,Good
2515,7047,Not Rating,Avergae
2516,2101,Not Rating,Not Provided
2517,492,Not Rating,Good
2518,5271,1.0,Excellent
2519,729,5.0,Avergae
2520,5762,Not Rating,Poor
2521,316,Not Rating,Good
2522,147,3.0,Good
2523,9096,5.0,Not Provided
2524,9179,5.0,Good
2525,9593,5.0,Avergae
2526,9264,Not Rating,Excellent
2527,5812,4.0,Poor
2528,6049,1.0,Excellent
2529,9504,Not Rating,Avergae
2530,9898,Not Rating,Poor
2531,7603,2.0,Excellent
2532,6438,3.0,Excellent
2533,6172,3.0,Poor
2534,9779,2.0,Not Provided
2535,3756,3.0,Not Provided
2536,7849,2.0,Avergae
2537,1217,Not Rating,Avergae
2538,2823,Not Rating,Excellent
2539,6714,1.0,Good
2540,2284,4.0,Poor
2541,4060,Not Rating,Poor
2542,8795,Not Rating,Poor
2543,5282,2.0,Excellent
2544,6600,Not Rating,Not Provided
2545,9630,Not Rating,Excellent
2546,2692,1.0,Excellent
2547,3802,2.0,Not Provided
2548,1331,4.0,Poor
2549,8834,2.0,Not Provided
2550,517,Not Rating,Not Provided
2551,9477,Not Rating,Excellent
2552,1810,Not Rating,Excellent
2553,4808,Not Rating,Excellent
2554,6678,2.0,Not Provided
2555,923,5.0,Not Provided
2556,3879,3.0,Excellent
2557,2761,Not Rating,Avergae
2558,9196,1.0,Excellent
2559,6772,5.0,Poor
2560,3915,Not Rating,Not Provided
2561,4323,5.0,Not Provided
2562,2505,Not Rating,Avergae
2563,8564,4.0,Poor
2564,5989,1.0,Excellent
2565,4166,1.0,Good
2566,3027,Not Rating,Excellent
2567,6802,4.0,Excellent
2568,3362,Not Rating,Not Provided
2569,3365,Not Rating,Not Provided
2570,1450,5.0,Avergae
2571,3907,3.0,Good
2572,8938,5.0,Not Provided
2573,8765,Not Rating,Excellent
2574,8686,3.0,Not Provided
2575,1880,4.0,Excellent
2576,516,Not Rating,Avergae
2577,2516,5.0,Not Provided
2578,8575,2.0,Poor
2579,6110,Not Rating,Excellent
2580,4546,4.0,Excellent
2581,8593,4.0,Not Provided
2582,900,4.0,Not Provided
2583,6217,4.0,Poor
2584,8155,Not Rating,Not Provided
2585,9341,Not Rating,Not Provided
2586,4544,Not Rating,Poor
2587,4353,3.0,Excellent
2588,8818,4.0,Excellent
2589,2678,Not Rating,Poor
2590,774,1.0,Poor
2591,6912,Not Rating,Excellent
2592,5637,Not Rating,Poor
2593,8338,Not Rating,Excellent
2594,7476,Not Rating,Excellent
2595,8702,Not Rating,Excellent
2596,1769,1.0,Good
2597,3364,4.0,Not Provided
2598,7086,5.0,Excellent
2599,2680,Not Rating,Excellent
2600,1096,Not Rating,Avergae
2601,1531,2.0,Poor
2602,8836,2.0,Poor
2603,7020,1.0,Not Provided
2604,5025,1.0,Excellent
2605,6321,Not Rating,Excellent
2606,412,Not Rating,Good
2607,8574,Not Rating,Avergae
2608,6178,Not Rating,Excellent
2609,963,5.0,Excellent
2610,5638,Not Rating,Excellent
2611,4434,3.0,Excellent
2612,3285,4.0,Not Provided
2613,272,Not Rating,Avergae
2614,5795,1.0,Avergae
2615,5858,Not Rating,Not Provided
2616,3663,5.0,Not Provided
2617,7074,3.0,Excellent
2618,7173,5.0,Avergae
2619,7708,1.0,Excellent
2620,8895,2.0,Avergae
2621,2148,Not Rating,Not Provided
2622,4561,1.0,Not Provided
2623,5133,3.0,Excellent
2624,3705,Not Rating,Good
2625,8895,Not Rating,Not Provided
2626,1345,5.0,Avergae
2627,6103,1.0,Avergae
2628,4819,4.0,Not Provided
2629,1586,3.0,Not Provided
2630,1346,Not Rating,Good
2631,6665,5.0,Excellent
2632,2079,Not Rating,Good
2633,3251,Not Rating,Avergae
2634,8855,Not Rating,Excellent
2635,2690,2.0,Avergae
2636,8686,1.0,Excellent
2637,2134,5.0,Good
2638,8485,5.0,Not Provided
2639,7318,2.0,Poor
2640,6824,5.0,Excellent
2641,1857,1.0,Excellent
2642,698,Not Rating,Excellent
2643,9306,2.0,Avergae
2644,5312,Not Rating,Good
2645,6426,1.0,Good
2646,7828,Not Rating,Excellent
2647,6913,5.0,Good
2648,3419,1.0,Excellent
2649,1604,3.0,Not Provided
2650,1538,Not Rating,Excellent
2651,8674,1.0,Excellent
2652,3973,Not Rating,Excellent
2653,9620,4.0,Excellent
2654,340,Not Rating,Avergae
2655,2585,5.0,Not Provided
2656,6139,2.0,Not Provided
2657,2987,2.0,Not Provided
2658,312,4.0,Excellent
2659,5458,2.0,Excellent
2660,9681,3.0,Good
2661,4139,1.0,Good
2662,6928,4.0,Avergae
2663,3017,Not Rating,Not Provided
2664,3437,Not Rating,Avergae
2665,5739,Not Rating,Excellent
2666,9068,5.0,Excellent
2667,3000,Not Rating,Not Provided
2668,3706,Not Rating,Excellent
2669,3011,2.0,Good
2670,5813,Not Rating,Poor
2671,9569,4.0,Excellent
2672,9854,2.0,Avergae
2673,75,Not Rating,Good
2674,2856,Not Rating,Good
2675,9062,Not Rating,Poor
2676,8106,Not Rating,Avergae
2677,8275,Not Rating,Good
2678,3486,Not Rating,Poor
2679,4967,4.0,Poor
2680,3559,1.0,Excellent
2681,2590,Not Rating,Avergae
2682,4349,3.0,Not Provided
2683,7056,1.0,Excellent
2684,5534,5.0,Avergae
2685,9025,Not Rating,Good
2686,4354,4.0,Not Provided
2687,7524,Not Rating,Avergae
2688,9967,Not Rating,Poor
2689,5861,Not Rating,Excellent
2690,7062,5.0,Not Provided
2691,9568,Not Rating,Avergae
2692,7192,5.0,Avergae
2693,9275,3.0,Good
2694,5041,1.0,Avergae
2695,6232,Not Rating,Avergae
2696,8291,4.0,Excellent
2697,6757,4.0,Excellent
2698,8481,1.0,Poor
2699,1303,2.0,Good
2700,8018,3.0,Good
2701,5765,Not Rating,Not Provided
2702,2214,Not Rating,Excellent
2703,1392,5.0,Excellent
2704,8826,Not Rating,Poor
2705,9516,4.0,Good
2706,7550,Not Rating,Poor
2707,21,5.0,Excellent
2708,4310,Not Rating,Avergae
2709,1625,Not Rating,Good
2710,7830,Not Rating,Good
2711,5195,Not Rating,Excellent
2712,6565,2.0,Excellent
2713,6951,5.0,Poor
2714,8251,5.0,Excellent
2715,5284,2.0,Poor
2716,2315,3.0,Excellent
2717,4140,5.0,Poor
2718,6442,Not Rating,Poor
2719,2409,Not Rating,Poor
2720,134,Not Rating,Good
2721,7539,3.0,Good
2722,3169,Not Rating,Good
2723,3109,Not Rating,Excellent
2724,3552,5.0,Excellent
2725,2069,3.0,Poor
2726,7051,1.0,Excellent
2727,6817,2.0,Excellent
2728,961,Not Rating,Good
2729,6089,2.0,Not Provided
2730,5031,4.0,Poor
2731,6737,Not Rating,Excellent
2732,1113,1.0,Excellent
2733,9413,3.0,Avergae
2734,5373,1.0,Excellent
2735,3139,5.0,Avergae
2736,6071,1.0,Excellent
2737,4503,3.0,Good
2738,499,Not Rating,Excellent
2739,1155,5.0,Avergae
2740,6592,Not Rating,Good
2741,1828,4.0,Excellent
2742,6648,Not Rating,Good
2743,3915,Not Rating,Excellent
2744,5281,Not Rating,Excellent
2745,7349,1.0,Poor
2746,9086,1.0,Avergae
2747,717,Not Rating,Excellent
2748,1766,5.0,Poor
2749,99,3.0,Poor
2750,5839,Not Rating,Poor
2751,6764,Not Rating,Excellent
2752,4138,1.0,Not Provided
2753,819,5.0,Poor
2754,1477,3.0,Good
2755,1476,Not Rating,Good
2756,9028,4.0,Excellent
2757,5940,4.0,Good
2758,7350,2.0,Poor
2759,3879,1.0,Excellent
2760,357,4.0,Excellent
2761,1315,Not Rating,Poor
2762,1806,1.0,Excellent
2763,1325,Not Rating,Avergae
2764,6497,Not Rating,Good
2765,6203,2.0,Not Provided
2766,9596,2.0,Poor
2767,8429,1.0,Poor
2768,521,3.0,Excellent
2769,7868,Not Rating,Avergae
2770,1361,Not Rating,Good
2771,9885,3.0,Excellent
2772,2295,2.0,Poor
2773,2796,Not Rating,Not Provided
2774,8458,4.0,Avergae
2775,7582,2.0,Good
2776,29,Not Rating,Not Provided
2777,4618,4.0,Not Provided
2778,6400,2.0,Excellent
2779,1970,1.0,Avergae
2780,7684,5.0,Not Provided
2781,7391,Not Rating,Avergae
2782,223,2.0,Not Provided
2783,1680,Not Rating,Not Provided
2784,9274,3.0,Good
2785,2828,4.0,Excellent
2786,3877,2.0,Good
2787,9077,4.0,Avergae
2788,2330,1.0,Excellent
2789,6693,4.0,Excellent
2790,7901,5.0,Excellent
2791,7044,Not Rating,Good
2792,6537,5.0,Not Provided
2793,1232,Not Rating,Poor
2794,7648,Not Rating,Avergae
2795,7331,Not Rating,Excellent
2796,1087,Not Rating,Excellent
2797,3481,3.0,Excellent
2798,6280,1.0,Excellent
2799,66,4.0,Excellent
2800,8230,4.0,Avergae
2801,9360,Not Rating,Excellent
2802,5376,Not Rating,Not Provided
2803,3793,Not Rating,Excellent
2804,5192,5.0,Good
2805,2720,1.0,Not Provided
2806,8079,3.0,Avergae
2807,7594,5.0,Good
2808,5896,2.0,Excellent
2809,2925,Not Rating,Poor
2810,5010,Not Rating,Not Provided
2811,7552,3.0,Not Provided
2812,80,2.0,Not Provided
2813,8983,3.0,Avergae
2814,1791,2.0,Poor
2815,80,Not Rating,Excellent
2816,7602,2.0,Poor
2817,5247,2.0,Not Provided
2818,4693,5.0,Not Provided
2819,778,Not Rating,Poor
2820,87,2.0,Excellent
2821,2563,5.0,Good
2822,9674,5.0,Excellent
2823,87,Not Rating,Avergae
2824,3862,Not Rating,Good
2825,842,Not Rating,Excellent
2826,4632,Not Rating,Avergae
2827,7757,1.0,Avergae
2828,2552,3.0,Not Provided
2829,7272,Not Rating,Excellent
2830,1055,3.0,Excellent
2831,6943,5.0,Poor
2832,3524,3.0,Good
2833,7788,Not Rating,Avergae
2834,1490,Not Rating,Excellent
2835,6751,Not Rating,Not Provided
2836,6382,5.0,Excellent
2837,8221,3.0,Not Provided
2838,4439,Not Rating,Poor
2839,2981,2.0,Good
2840,1447,Not Rating,Avergae
2841,8688,Not Rating,Not Provided
2842,6395,5.0,Excellent
2843,7363,4.0,Excellent
2844,741,2.0,Good
2845,4845,1.0,Excellent
2846,8455,5.0,Not Provided
2847,9751,2.0,Excellent
2848,9879,1.0,Excellent
2849,3244,Not Rating,Avergae
2850,4072,2.0,Excellent
2851,5580,4.0,Excellent
2852,3939,1.0,Good
2853,7408,5.0,Poor
2854,3162,Not Rating,Avergae
2855,6657,Not Rating,Avergae
2856,9909,2.0,Poor
2857,9344,Not Rating,Good
2858,8839,4.0,Poor
2859,2415,5.0,Excellent
2860,1685,2.0,Poor
2861,2053,Not Rating,Good
2862,5660,2.0,Poor
2863,9779,Not Rating,Poor
2864,932,3.0,Good
2865,4802,1.0,Excellent
2866,5081,4.0,Excellent
2867,4685,Not Rating,Poor
2868,8630,Not Rating,Avergae
2869,2986,5.0,Poor
2870,1245,Not Rating,Good
2871,8253,4.0,Avergae
2872,200,2.0,Avergae
2873,716,Not Rating,Good
2874,4487,4.0,Good
2875,2659,Not Rating,Excellent
2876,3945,Not Rating,Avergae
2877,8662,1.0,Poor
2878,8277,Not Rating,Avergae
2879,1857,Not Rating,Poor
2880,5042,Not Rating,Excellent
2881,4291,3.0,Excellent
2882,7844,4.0,Excellent
2883,118,5.0,Good
2884,4953,3.0,Avergae
2885,8631,5.0,Excellent
2886,8514,Not Rating,Avergae
2887,6295,3.0,Excellent
2888,900,5.0,Excellent
2889,5850,Not Rating,Excellent
2890,3677,Not Rating,Excellent
2891,8765,2.0,Excellent
2892,8340,5.0,Not Provided
2893,1034,5.0,Poor
2894,3181,5.0,Avergae
2895,3469,Not Rating,Excellent
2896,6080,Not Rating,Excellent
2897,4920,Not Rating,Excellent
2898,1554,Not Rating,Excellent
2899,7195,3.0,Good
2900,8587,3.0,Poor
2901,520,Not Rating,Good
2902,8517,5.0,Poor
2903,5098,Not Rating,Poor
2904,6785,Not Rating,Good
2905,4952,5.0,Excellent
2906,2146,Not Rating,Avergae
2907,9447,Not Rating,Avergae
2908,9980,2.0,Poor
2909,8519,Not Rating,Not Provided
2910,996,4.0,Not Provided
2911,7813,1.0,Good
2912,3920,3.0,Excellent
2913,8143,Not Rating,Not Provided
2914,5654,Not Rating,Not Provided
2915,6664,Not Rating,Avergae
2916,6735,Not Rating,Avergae
2917,4361,4.0,Good
2918,2329,3.0,Not Provided
2919,6502,1.0,Avergae
2920,9216,1.0,Poor
2921,3183,Not Rating,Excellent
2922,4559,Not Rating,Excellent
2923,2460,Not Rating,Excellent
2924,8162,4.0,Avergae
2925,869,5.0,Avergae
2926,2486,Not Rating,Poor
2927,7944,5.0,Not Provided
2928,8732,5.0,Good
2929,3460,3.0,Excellent
2930,7531,Not Rating,Good
2931,650,2.0,Poor
2932,7723,4.0,Not Provided
2933,5465,Not Rating,Poor
2934,9264,Not Rating,Excellent
2935,8325,2.0,Good
2936,8447,1.0,Avergae
2937,9310,Not Rating,Not Provided
2938,2515,2.0,Excellent
2939,2953,Not Rating,Excellent
2940,5899,2.0,Excellent
2941,3914,2.0,Not Provided
2942,729,3.0,Avergae
2943,1984,5.0,Avergae
2944,9423,Not Rating,Not Provided
2945,6384,1.0,Excellent
2946,915,Not Rating,Good
2947,5452,Not Rating,Excellent
2948,7928,4.0,Not Provided
2949,9487,3.0,Excellent
2950,3837,1.0,Excellent
2951,6377,3.0,Not Provided
2952,6144,3.0,Not Provided
2953,4543,4.0,Excellent
2954,3682,3.0,Poor
2955,5378,5.0,Avergae
2956,2737,3.0,Excellent
2957,883,5.0,Excellent
2958,8114,1.0,Not Provided
2959,2327,5.0,Poor
2960,8945,1.0,Not Provided
2961,3671,Not Rating,Excellent
2962,8086,1.0,Good
2963,3995,Not Rating,Avergae
2964,9323,5.0,Good
2965,695,Not Rating,Avergae
2966,4954,1.0,Good
2967,8207,1.0,Excellent
2968,4582,1.0,Avergae
2969,8454,Not Rating,Avergae
2970,8039,1.0,Avergae
2971,1971,2.0,Excellent
2972,2198,Not Rating,Poor
2973,3968,5.0,Avergae
2974,3820,4.0,Good
2975,523,Not Rating,Good
2976,1815,Not Rating,Good
2977,1903,3.0,Excellent
2978,1866,5.0,Not Provided
2979,4462,Not Rating,Not Provided
2980,7656,1.0,Excellent
2981,3504,2.0,Poor
2982,9952,3.0,Avergae
2983,6064,4.0,Poor
2984,4854,Not Rating,Not Provided
2985,2366,Not Rating,Excellent
2986,3952,Not Rating,Poor
2987,9950,Not Rating,Avergae
2988,4478,2.0,Excellent
2989,1080,4.0,Poor
2990,3452,1.0,Excellent
2991,7569,Not Rating,Good
2992,1869,Not Rating,Avergae
2993,5983,Not Rating,Excellent
2994,1501,Not Rating,Avergae
2995,546,1.0,Poor
2996,1337,1.0,Poor
2997,3628,Not Rating,Good
2998,4529,1.0,Poor
2999,5123,1.0,Avergae
3000,798,4.0,Good
3001,173,5.0,Excellent
3002,6399,Not Rating,Good
3003,5633,3.0,Not Provided
3004,877,Not Rating,Good
3005,5881,3.0,Excellent
3006,8388,3.0,Not Provided
3007,8551,1.0,Excellent
3008,3705,2.0,Good
3009,1560,4.0,Poor
3010,9436,Not Rating,Excellent
3011,5355,5.0,Excellent
3012,4758,1.0,Good
3013,8925,Not Rating,Avergae
3014,6156,Not Rating,Excellent
3015,8588,1.0,Poor
3016,9841,4.0,Not Provided
3017,9596,Not Rating,Excellent
3018,579,Not Rating,Not Provided
3019,6812,1.0,Excellent
3020,1125,Not Rating,Excellent
3021,5596,4.0,Excellent
3022,6066,5.0,Not Provided
3023,9163,Not Rating,Poor
3024,1292,4.0,Avergae
3025,7391,2.0,Excellent
3026,3635,3.0,Excellent
3027,6931,5.0,Poor
3028,2282,Not Rating,Not Provided
3029,660,3.0,Good
3030,3360,4.0,Not Provided
3031,237,Not Rating,Not Provided
3032,4042,Not Rating,Excellent
3033,8924,Not Rating,Excellent
3034,4360,2.0,Excellent
3035,7878,3.0,Good
3036,4284,5.0,Poor
3037,9648,3.0,Avergae
3038,4701,4.0,Not Provided
3039,2777,1.0,Poor
3040,6178,2.0,Excellent
3041,8229,2.0,Not Provided
3042,1215,Not Rating,Poor
3043,6959,Not Rating,Avergae
3044,2933,3.0,Excellent
3045,1042,Not Rating,Avergae
3046,341,Not Rating,Good
3047,3643,2.0,Avergae
3048,12,4.0,Good
3049,213,Not Rating,Good
3050,2087,4.0,Poor
3051,6324,1.0,Not Provided
3052,582,2.0,Poor
3053,5282,Not Rating,Excellent
3054,6684,4.0,Not Provided
3055,6008,Not Rating,Excellent
3056,8882,Not Rating,Excellent
3057,7190,1.0,Not Provided
3058,5094,2.0,Good
3059,4739,Not Rating,Excellent
3060,3210,Not Rating,Excellent
3061,3055,Not Rating,Excellent
3062,8992,3.0,Avergae
3063,1457,Not Rating,Excellent
3064,7275,3.0,Not Provided
3065,4947,3.0,Good
3066,4472,1.0,Excellent
3067,9311,Not Rating,Good
3068,5889,Not Rating,Excellent
3069,2232,5.0,Avergae
3070,9429,Not Rating,Poor
3071,6097,5.0,Avergae
3072,765,5.0,Excellent
3073,4543,Not Rating,Poor
3074,2072,2.0,Excellent
3075,6121,Not Rating,Excellent
3076,4558,4.0,Poor
3077,6033,Not Rating,Avergae
3078,1268,Not Rating,Excellent
3079,2965,Not Rating,Good
3080,2135,Not Rating,Poor
3081,4982,Not Rating,Good
3082,973,1.0,Excellent
3083,5337,4.0,Excellent
3084,9441,Not Rating,Poor
3085,534,3.0,Poor
3086,8179,Not Rating,Excellent
3087,7878,Not Rating,Good
3088,7247,1.0,Not Provided
3089,9982,Not Rating,Not Provided
3090,420,Not Rating,Excellent
3091,9519,4.0,Excellent
3092,7208,4.0,Good
3093,6109,2.0,Not Provided
3094,7068,Not Rating,Excellent
3095,5030,Not Rating,Excellent
3096,551,3.0,Avergae
3097,8043,Not Rating,Not Provided
3098,1781,1.0,Avergae
3099,7868,2.0,Excellent
3100,4478,1.0,Good
3101,6581,Not Rating,Not Provided
3102,918,3.0,Good
3103,645,Not Rating,Good
3104,7970,1.0,Poor
3105,7442,Not Rating,Excellent
3106,2744,Not Rating,Avergae
3107,5274,4.0,Good
3108,2722,Not Rating,Excellent
3109,6423,2.0,Not Provided
3110,7001,2.0,Excellent
3111,2791,2.0,Avergae
3112,1657,5.0,Avergae
3113,4226,1.0,Good
3114,2912,2.0,Excellent
3115,5449,Not Rating,Avergae
3116,5769,3.0,Not Provided
3117,9377,4.0,Poor
3118,3242,1.0,Good
3119,548,Not Rating,Good
3120,8015,Not Rating,Excellent
3121,9440,4.0,Good
3122,9608,2.0,Avergae
3123,8113,Not Rating,Excellent
3124,689,4.0,Poor
3125,4295,Not Rating,Excellent
3126,6613,Not Rating,Poor
3127,239,1.0,Excellent
3128,557,5.0,Excellent
3129,710,2.0,Poor
3130,4376,Not Rating,Excellent
3131,4776,1.0,Avergae
3132,8612,Not Rating,Poor
3133,9381,Not Rating,Poor
3134,2468,Not Rating,Not Provided
3135,5280,Not Rating,Excellent
3136,4942,1.0,Excellent
3137,2142,Not Rating,Poor
3138,7867,1.0,Excellent
3139,3960,Not Rating,Poor
3140,818,Not Rating,Good
3141,5268,4.0,Good
3142,6465,3.0,Avergae
3143,9828,Not Rating,Poor
3144,1216,Not Rating,Excellent
3145,236,1.0,Poor
3146,7825,Not Rating,Excellent
3147,1280,Not Rating,Excellent
3148,9394,Not Rating,Avergae
3149,6134,5.0,Excellent
3150,2088,Not Rating,Poor
3151,2240,4.0,Excellent
3152,1815,1.0,Good
3153,9190,3.0,Not Provided
3154,2175,3.0,Excellent
3155,4889,Not Rating,Poor
3156,8890,5.0,Avergae
3157,7156,5.0,Excellent
3158,8576,Not Rating,Excellent
3159,4872,2.0,Excellent
3160,4955,Not Rating,Avergae
3161,6283,3.0,Excellent
3162,5668,2.0,Excellent
3163,5524,2.0,Good
3164,5998,Not Rating,Not Provided
3165,3419,3.0,Excellent
3166,9113,1.0,Not Provided
3167,1855,4.0,Good
3168,4126,5.0,Poor
3169,8793,Not Rating,Excellent
3170,3321,Not Rating,Not Provided
3171,4796,Not Rating,Poor
3172,164,Not Rating,Not Provided
3173,9843,2.0,Not Provided
3174,1263,Not Rating,Poor
3175,930,Not Rating,Excellent
3176,7702,1.0,Excellent
3177,7162,3.0,Good
3178,2752,Not Rating,Good
3179,53,3.0,Poor
3180,9763,4.0,Avergae
3181,2660,Not Rating,Excellent
3182,185,1.0,Excellent
3183,1752,3.0,Not Provided
3184,4033,5.0,Avergae
3185,7156,1.0,Excellent
3186,1158,1.0,Good
3187,817,Not Rating,Good
3188,2954,5.0,Good
3189,2371,Not Rating,Not Provided
3190,6265,2.0,Not Provided
3191,9385,5.0,Excellent
3192,6590,4.0,Avergae
3193,9755,Not Rating,Excellent
3194,8476,4.0,Excellent
3195,8690,Not Rating,Excellent
3196,4089,4.0,Excellent
3197,3413,Not Rating,Not Provided
3198,2624,2.0,Excellent
3199,6860,Not Rating,Avergae
3200,660,1.0,Poor
3201,2211,Not Rating,Avergae
3202,8292,3.0,Excellent
3203,9245,Not Rating,Excellent
3204,7395,3.0,Excellent
3205,2519,2.0,Excellent
3206,5839,4.0,Excellent
3207,7998,1.0,Avergae
3208,8351,Not Rating,Avergae
3209,8822,4.0,Excellent
3210,5280,5.0,Poor
3211,7357,3.0,Excellent
3212,4316,2.0,Good
3213,7489,4.0,Excellent
3214,1331,1.0,Excellent
3215,9281,4.0,Not Provided
3216,3109,Not Rating,Not Provided
3217,7288,4.0,Excellent
3218,322,3.0,Excellent
3219,1298,1.0,Excellent
3220,9345,1.0,Poor
3221,2785,2.0,Good
3222,1508,Not Rating,Good
3223,3878,Not Rating,Excellent
3224,9346,4.0,Excellent
3225,530,2.0,Good
3226,1901,2.0,Not Provided
3227,9800,2.0,Good
3228,3863,Not Rating,Excellent
3229,9773,Not Rating,Poor
3230,8917,Not Rating,Avergae
3231,8621,2.0,Excellent
3232,9620,5.0,Poor
3233,6292,Not Rating,Poor
3234,41,1.0,Excellent
3235,194,2.0,Avergae
3236,1479,4.0,Excellent
3237,1037,Not Rating,Good
3238,7953,1.0,Avergae
3239,3853,Not Rating,Avergae
3240,6353,Not Rating,Excellent
3241,1605,4.0,Avergae
3242,1000,2.0,Not Provided
3243,1842,1.0,Avergae
3244,8641,Not Rating,Not Provided
3245,3401,Not Rating,Good
3246,3355,1.0,Poor
3247,9122,Not Rating,Good
3248,773,2.0,Not Provided
3249,406,2.0,Avergae
3250,2900,3.0,Excellent
3251,6897,1.0,Poor
3252,1413,1.0,Avergae
3253,2152,2.0,Excellent
3254,3932,4.0,Excellent
3255,6006,Not Rating,Poor
3256,1498,4.0,Excellent
3257,1505,4.0,Avergae
3258,8294,3.0,Good
3259,896,3.0,Excellent
3260,60,5.0,Poor
3261,6833,Not Rating,Excellent
3262,3994,4.0,Excellent
3263,6049,4.0,Avergae
3264,9158,1.0,Not Provided
3265,797,4.0,Good
3266,9051,Not Rating,Not Provided
3267,4864,2.0,Avergae
3268,9143,Not Rating,Avergae
3269,3816,4.0,Excellent
3270,8480,Not Rating,Excellent
3271,1746,Not Rating,Excellent
3272,6983,4.0,Excellent
3273,8403,Not Rating,Not Provided
3274,2167,3.0,Poor
3275,8131,Not Rating,Excellent
3276,9658,1.0,Good
3277,2206,2.0,Poor
3278,4469,3.0,Excellent
3279,244,1.0,Excellent
3280,7161,Not Rating,Good
3281,1256,Not Rating,Avergae
3282,4634,Not Rating,Avergae
3283,4983,Not Rating,Not Provided
3284,9314,1.0,Poor
3285,9272,Not Rating,Poor
3286,15,Not Rating,Poor
3287,4980,Not Rating,Poor
3288,4803,5.0,Excellent
3289,7270,Not Rating,Not Provided
3290,5111,1.0,Poor
3291,3107,4.0,Good
3292,3213,4.0,Excellent
3293,1893,Not Rating,Not Provided
3294,1204,3.0,Good
3295,6658,Not Rating,Excellent
3296,2936,2.0,Avergae
3297,22,3.0,Excellent
3298,5497,Not Rating,Not Provided
3299,657,2.0,Excellent
3300,9094,Not Rating,Not Provided
3301,8388,3.0,Good
3302,9175,4.0,Poor
3303,8473,3.0,Not Provided
3304,32,2.0,Excellent
3305,9320,4.0,Not Provided
3306,7010,2.0,Avergae
3307,1359,Not Rating,Poor
3308,4855,3.0,Avergae
3309,6039,2.0,Excellent
3310,9794,Not Rating,Avergae
3311,8816,3.0,Good
3312,2779,Not Rating,Poor
3313,4236,4.0,Not Provided
3314,7752,3.0,Not Provided
3315,6793,3.0,Excellent
3316,9492,Not Rating,Avergae
3317,547,Not Rating,Excellent
3318,8277,Not Rating,Good
3319,9902,Not Rating,Poor
3320,4014,Not Rating,Excellent
3321,7550,1.0,Not Provided
3322,8004,Not Rating,Avergae
3323,4643,3.0,Poor
3324,5852,1.0,Good
3325,379,1.0,Poor
3326,3886,Not Rating,Excellent
3327,6709,1.0,Not Provided
3328,4817,1.0,Good
3329,2243,Not Rating,Excellent
3330,9810,1.0,Not Provided
3331,9019,3.0,Not Provided
3332,6402,Not Rating,Avergae
3333,4994,Not Rating,Excellent
3334,1138,Not Rating,Avergae
3335,360,Not Rating,Excellent
3336,3187,Not Rating,Excellent
3337,8578,Not Rating,Good
3338,670,4.0,Excellent
3339,8612,Not Rating,Not Provided
3340,2245,3.0,Excellent
3341,8513,2.0,Not Provided
3342,1672,1.0,Excellent
3343,4837,Not Rating,Poor
3344,7768,Not Rating,Excellent
3345,3182,Not Rating,Poor
3346,4111,3.0,Poor
3347,4070,3.0,Poor
3348,5692,3.0,Excellent
3349,1674,5.0,Excellent
3350,12,Not Rating,Good
3351,6682,Not Rating,Avergae
3352,2465,Not Rating,Poor
3353,5743,2.0,Excellent
3354,2698,5.0,Poor
3355,5992,5.0,Avergae
3356,1283,2.0,Good
3357,6193,Not Rating,Avergae
3358,7342,Not Rating,Excellent
3359,3775,Not Rating,Not Provided
3360,5939,Not Rating,Poor
3361,1121,Not Rating,Avergae
3362,722,1.0,Poor
3363,876,4.0,Not Provided
3364,8246,2.0,Excellent
3365,1305,1.0,Excellent
3366,5847,2.0,Avergae
3367,5700,1.0,Avergae
3368,2099,Not Rating,Excellent
3369,9366,Not Rating,Excellent
3370,7765,2.0,Good
3371,7810,3.0,Not Provided
3372,3081,4.0,Good
3373,1575,Not Rating,Avergae
3374,3615,4.0,Good
3375,9458,4.0,Avergae
3376,6625,5.0,Good
3377,2377,1.0,Poor
3378,5258,4.0,Not Provided
3379,2830,Not Rating,Not Provided
3380,9214,Not Rating,Not Provided
3381,2474,1.0,Excellent
3382,2622,1.0,Not Provided
3383,7530,2.0,Good
3384,7408,1.0,Excellent
3385,102,4.0,Good
3386,4064,Not Rating,Poor
3387,78,4.0,Poor
3388,8303,4.0,Good
3389,6420,1.0,Excellent
3390,3621,1.0,Not Provided
3391,2564,1.0,Poor
3392,8910,1.0,Good
3393,6786,Not Rating,Excellent
3394,1776,Not Rating,Avergae
3395,1102,Not Rating,Excellent
3396,2377,Not Rating,Excellent
3397,5562,2.0,Poor
3398,1509,4.0,Good
3399,5285,Not Rating,Avergae
3400,8166,Not Rating,Good
3401,4843,3.0,Avergae
3402,8628,5.0,Excellent
3403,6208,Not Rating,Excellent
3404,5079,Not Rating,Not Provided
3405,9818,3.0,Avergae
3406,7086,Not Rating,Avergae
3407,271,1.0,Good
3408,9364,1.0,Good
3409,9059,Not Rating,Avergae
3410,1948,Not Rating,Good
3411,2581,3.0,Good
3412,4798,Not Rating,Avergae
3413,1494,5.0,Avergae
3414,661,3.0,Poor
3415,4770,Not Rating,Excellent
3416,3509,5.0,Good
3417,531,Not Rating,Excellent
3418,2487,4.0,Avergae
3419,850,4.0,Avergae
3420,7027,Not Rating,Good
3421,7342,4.0,Poor
3422,7726,Not Rating,Excellent
3423,389,4.0,Good
3424,494,4.0,Poor
3425,294,Not Rating,Excellent
3426,3584,Not Rating,Excellent
3427,936,5.0,Avergae
3428,4330,2.0,Not Provided
3429,3509,1.0,Poor
3430,5589,1.0,Excellent
3431,4893,5.0,Excellent
3432,5135,5.0,Excellent
3433,1747,Not Rating,Avergae
3434,5073,Not Rating,Excellent
3435,125,5.0,Not Provided
3436,5899,4.0,Poor
3437,2611,3.0,Excellent
3438,5591,4.0,Poor
3439,207,5.0,Poor
3440,693,Not Rating,Poor
3441,2715,2.0,Not Provided
3442,2651,5.0,Avergae
3443,9158,2.0,Poor
3444,3844,Not Rating,Poor
3445,3984,1.0,Not Provided
3446,1060,5.0,Excellent
3447,1660,4.0,Good
3448,6823,2.0,Good
3449,5696,Not Rating,Excellent
3450,7492,4.0,Excellent
3451,460,Not Rating,Poor
3452,2635,1.0,Good
3453,2434,2.0,Excellent
3454,4443,Not Rating,Excellent
3455,4661,Not Rating,Good
3456,6823,4.0,Excellent
3457,248,2.0,Excellent
3458,4440,Not Rating,Avergae
3459,8066,2.0,Excellent
3460,4471,4.0,Excellent
3461,5467,4.0,Avergae
3462,9816,4.0,Excellent
3463,7043,2.0,Excellent
3464,2793,5.0,Poor
3465,9958,5.0,Poor
3466,8197,Not Rating,Good
3467,249,Not Rating,Avergae
3468,7570,1.0,Poor
3469,285,Not Rating,Good
3470,7084,3.0,Not Provided
3471,283,Not Rating,Good
3472,9206,3.0,Poor
3473,8386,Not Rating,Excellent
3474,3057,4.0,Excellent
3475,9871,Not Rating,Not Provided
3476,5406,3.0,Avergae
3477,4123,Not Rating,Good
3478,2711,5.0,Avergae
3479,4526,1.0,Not Provided
3480,7411,Not Rating,Not Provided
3481,2481,4.0,Avergae
3482,3491,Not Rating,Excellent
3483,1461,Not Rating,Avergae
3484,9703,5.0,Excellent
3485,6419,2.0,Avergae
3486,5209,4.0,Avergae
3487,3076,Not Rating,Poor
3488,8203,Not Rating,Avergae
3489,2563,2.0,Avergae
3490,1844,Not Rating,Good
3491,9399,Not Rating,Excellent
3492,2473,2.0,Good
3493,187,2.0,Good
3494,5607,Not Rating,Good
3495,695,Not Rating,Poor
3496,9381,1.0,Poor
3497,8069,4.0,Good
3498,1927,2.0,Excellent
3499,7639,5.0,Poor
3500,955,3.0,Excellent
3501,8702,Not Rating,Poor
3502,813,Not Rating,Good
3503,4044,2.0,Not Provided
3504,4768,1.0,Excellent
3505,8246,Not Rating,Not Provided
3506,142,4.0,Excellent
3507,3758,4.0,Excellent
3508,5889,Not Rating,Good
3509,7467,4.0,Excellent
3510,1935,4.0,Excellent
3511,5545,3.0,Excellent
3512,3151,3.0,Poor
3513,1396,5.0,Excellent
3514,922,3.0,Avergae
3515,4932,Not Rating,Excellent
3516,8658,Not Rating,Avergae
3517,4029,4.0,Poor
3518,2643,Not Rating,Excellent
3519,5494,2.0,Excellent
3520,1291,Not Rating,Excellent
3521,6361,Not Rating,Good
3522,7027,2.0,Avergae
3523,3533,4.0,Good
3524,3446,3.0,Good
3525,5605,2.0,Good
3526,8591,4.0,Poor
3527,8916,4.0,Not Provided
3528,3590,1.0,Avergae
3529,2407,5.0,Poor
3530,6559,1.0,Not Provided
3531,6620,2.0,Good
3532,2041,5.0,Avergae
3533,2976,5.0,Excellent
3534,6199,Not Rating,Not Provided
3535,8553,Not Rating,Not Provided
3536,4344,3.0,Excellent
3537,5725,2.0,Excellent
3538,595,Not Rating,Avergae
3539,9846,1.0,Good
3540,2490,Not Rating,Not Provided
3541,7140,4.0,Excellent
3542,7879,2.0,Not Provided
3543,8336,2.0,Excellent
3544,8519,4.0,Excellent
3545,2621,5.0,Not Provided
3546,8156,Not Rating,Good
3547,955,4.0,Not Provided
3548,5821,1.0,Good
3549,4159,Not Rating,Excellent
3550,6174,4.0,Poor
3551,6486,3.0,Excellent
3552,8937,Not Rating,Good
3553,1767,4.0,Good
3554,9572,Not Rating,Excellent
3555,7018,4.0,Excellent
3556,5734,Not Rating,Avergae
3557,7668,1.0,Avergae
3558,7520,1.0,Poor
3559,500,Not Rating,Excellent
3560,1331,3.0,Avergae
3561,8169,2.0,Avergae
3562,4409,2.0,Poor
3563,369,2.0,Excellent
3564,9862,4.0,Not Provided
3565,2044,5.0,Poor
3566,2949,2.0,Good
3567,1306,3.0,Avergae
3568,5963,Not Rating,Good
3569,4673,4.0,Poor
3570,5754,3.0,Excellent
3571,4877,Not Rating,Excellent
3572,6390,4.0,Good
3573,5449,5.0,Not Provided
3574,2445,3.0,Good
3575,6122,Not Rating,Poor
3576,7024,Not Rating,Poor
3577,8215,5.0,Not Provided
3578,8622,Not Rating,Excellent
3579,8824,Not Rating,Avergae
3580,5662,Not Rating,Not Provided
3581,3468,1.0,Good
3582,7679,1.0,Poor
3583,5034,4.0,Poor
3584,8044,5.0,Good
3585,7686,Not Rating,Excellent
3586,5607,Not Rating,Poor
3587,3909,1.0,Not Provided
3588,1618,3.0,Not Provided
3589,1000,2.0,Good
3590,2117,2.0,Good
3591,3304,5.0,Not Provided
3592,2777,2.0,Poor
3593,3048,1.0,Not Provided
3594,5516,2.0,Not Provided
3595,4625,Not Rating,Not Provided
3596,3331,1.0,Excellent
3597,9833,5.0,Not Provided
3598,2155,Not Rating,Excellent
3599,8087,2.0,Excellent
3600,685,4.0,Excellent
3601,9449,5.0,Excellent
3602,1020,Not Rating,Good
3603,9765,Not Rating,Good
3604,5256,Not Rating,Good
3605,6267,2.0,Avergae
3606,9722,Not Rating,Excellent
3607,9565,1.0,Poor
3608,556,Not Rating,Excellent
3609,8547,3.0,Poor
3610,8697,3.0,Excellent
3611,1693,Not Rating,Avergae
3612,8469,1.0,Excellent
3613,9179,5.0,Avergae
3614,9054,5.0,Avergae
3615,6569,2.0,Not Provided
3616,9402,Not Rating,Poor
3617,8664,5.0,Poor
3618,3185,Not Rating,Excellent
3619,7426,3.0,Poor
3620,3913,5.0,Poor
3621,1607,2.0,Excellent
3622,2039,2.0,Excellent
3623,1130,2.0,Good
3624,5460,5.0,Avergae
3625,6865,Not Rating,Poor
3626,7215,Not Rating,Excellent
3627,4531,1.0,Excellent
3628,8008,Not Rating,Avergae
3629,3617,2.0,Good
3630,5503,Not Rating,Good
3631,7041,Not Rating,Poor
3632,4700,3.0,Avergae
3633,8347,Not Rating,Good
3634,7449,4.0,Poor
3635,5644,Not Rating,Excellent
3636,4407,2.0,Good
3637,1476,4.0,Excellent
3638,1102,4.0,Avergae
3639,772,Not Rating,Poor
3640,2637,4.0,Good
3641,6651,4.0,Avergae
3642,7077,1.0,Avergae
3643,5971,5.0,Good
3644,9458,Not Rating,Excellent
3645,5172,Not Rating,Good
3646,6891,1.0,Not Provided
3647,4287,5.0,Not Provided
3648,6193,2.0,Excellent
3649,4634,1.0,Poor
3650,1814,Not Rating,Not Provided
3651,7558,Not Rating,Excellent
3652,6666,Not Rating,Excellent
3653,3134,4.0,Excellent
3654,130,4.0,Poor
3655,8204,Not Rating,Avergae
3656,8282,4.0,Not Provided
3657,4823,Not Rating,Excellent
3658,7400,Not Rating,Avergae
3659,7753,Not Rating,Excellent
3660,9946,Not Rating,Not Provided
3661,5939,Not Rating,Excellent
3662,3881,4.0,Poor
3663,4206,4.0,Not Provided
3664,8439,2.0,Excellent
3665,1236,Not Rating,Poor
3666,1621,Not Rating,Poor
3667,7035,3.0,Avergae
3668,888,Not Rating,Good
3669,47,Not Rating,Good
3670,6874,2.0,Poor
3671,115,Not Rating,Excellent
3672,6425,Not Rating,Good
3673,6866,Not Rating,Excellent
3674,816,4.0,Excellent
3675,469,5.0,Avergae
3676,643,3.0,Poor
3677,9945,4.0,Good
3678,6818,Not Rating,Excellent
3679,9002,2.0,Excellent
3680,7882,4.0,Excellent
3681,1448,1.0,Poor
3682,2396,4.0,Not Provided
3683,5796,4.0,Poor
3684,749,1.0,Good
3685,2534,4.0,Good
3686,968,Not Rating,Excellent
3687,3118,Not Rating,Poor
3688,5156,5.0,Not Provided
3689,3362,5.0,Good
3690,9198,Not Rating,Not Provided
3691,4592,3.0,Avergae
3692,9272,4.0,Poor
3693,3346,Not Rating,Excellent
3694,4935,2.0,Excellent
3695,7388,Not Rating,Good
3696,6001,5.0,Poor
3697,4391,3.0,Excellent
3698,1550,Not Rating,Not Provided
3699,3829,Not Rating,Poor
3700,1790,5.0,Good
3701,8231,Not Rating,Excellent
3702,6225,3.0,Excellent
3703,298,5.0,Excellent
3704,3054,Not Rating,Excellent
3705,8730,Not Rating,Excellent
3706,149,3.0,Avergae
3707,7041,Not Rating,Poor
3708,7078,Not Rating,Poor
3709,9520,Not Rating,Poor
3710,9146,Not Rating,Avergae
3711,5509,1.0,Poor
3712,5006,Not Rating,Excellent
3713,7471,3.0,Poor
3714,680,4.0,Excellent
3715,2828,Not Rating,Avergae
3716,7011,3.0,Excellent
3717,5943,Not Rating,Avergae
3718,4118,3.0,Excellent
3719,7753,3.0,Good
3720,4164,5.0,Poor
3721,4724,2.0,Good
3722,7990,Not Rating,Good
3723,2925,1.0,Excellent
3724,5266,1.0,Not Provided
3725,3974,Not Rating,Avergae
3726,965,Not Rating,Poor
3727,6260,1.0,Excellent
3728,3798,3.0,Poor
3729,4785,4.0,Excellent
3730,67,3.0,Avergae
3731,5385,Not Rating,Excellent
3732,225,5.0,Good
3733,5420,Not Rating,Poor
3734,1252,2.0,Excellent
3735,7045,3.0,Excellent
3736,6337,Not Rating,Good
3737,743,4.0,Excellent
3738,2790,4.0,Excellent
3739,7081,3.0,Good
3740,7762,Not Rating,Excellent
3741,1903,2.0,Not Provided
3742,4664,5.0,Avergae
3743,9049,Not Rating,Good
3744,3561,Not Rating,Avergae
3745,8909,Not Rating,Avergae
3746,890,4.0,Good
3747,9639,3.0,Excellent
3748,5767,3.0,Not Provided
3749,9192,Not Rating,Poor
3750,9264,Not Rating,Excellent
3751,7157,5.0,Excellent
3752,1246,5.0,Good
3753,8826,Not Rating,Excellent
3754,4199,4.0,Excellent
3755,2378,Not Rating,Excellent
3756,5388,Not Rating,Poor
3757,6749,5.0,Good
3758,9984,2.0,Excellent
3759,6215,4.0,Excellent
3760,1630,1.0,Not Provided
3761,2404,4.0,Poor
3762,5671,1.0,Good
3763,467,5.0,Excellent
3764,622,Not Rating,Excellent
3765,3555,Not Rating,Avergae
3766,1248,5.0,Excellent
3767,3430,3.0,Poor
3768,2431,1.0,Avergae
3769,5102,1.0,Good
3770,2603,3.0,Avergae
3771,8068,Not Rating,Excellent
3772,1485,Not Rating,Not Provided
3773,3732,5.0,Poor
3774,3806,Not Rating,Poor
3775,9527,2.0,Excellent
3776,2228,Not Rating,Excellent
3777,896,1.0,Excellent
3778,5942,Not Rating,Good
3779,825,5.0,Excellent
3780,9098,Not Rating,Excellent
3781,6978,5.0,Excellent
3782,5102,Not Rating,Good
3783,8000,5.0,Poor
3784,3105,Not Rating,Poor
3785,4251,Not Rating,Excellent
3786,7703,4.0,Excellent
3787,1557,Not Rating,Poor
3788,2744,5.0,Excellent
3789,2820,Not Rating,Excellent
3790,1609,5.0,Excellent
3791,662,1.0,Poor
3792,1559,5.0,Not Provided
3793,8082,1.0,Poor
3794,3438,5.0,Excellent
3795,3248,3.0,Excellent
3796,7869,1.0,Poor
3797,9046,3.0,Poor
3798,4378,Not Rating,Avergae
3799,6816,5.0,Not Provided
3800,8057,1.0,Excellent
3801,5806,5.0,Excellent
3802,5056,4.0,Excellent
3803,9740,Not Rating,Poor
3804,2451,3.0,Good
3805,6816,Not Rating,Good
3806,5154,Not Rating,Excellent
3807,9777,Not Rating,Excellent
3808,1768,Not Rating,Excellent
3809,3914,Not Rating,Not Provided
3810,9640,1.0,Avergae
3811,80,Not Rating,Avergae
3812,8152,5.0,Not Provided
3813,3228,1.0,Poor
3814,1838,1.0,Poor
3815,5011,4.0,Excellent
3816,8337,Not Rating,Not Provided
3817,2144,1.0,Good
3818,1044,2.0,Not Provided
3819,5075,4.0,Excellent
3820,9442,Not Rating,Excellent
3821,984,Not Rating,Good
3822,4783,2.0,Excellent
3823,4091,2.0,Excellent
3824,7626,4.0,Poor
3825,1211,2.0,Excellent
3826,719,Not Rating,Avergae
3827,8994,Not Rating,Poor
3828,5175,1.0,Avergae
3829,1551,5.0,Good
3830,1008,2.0,Excellent
3831,5726,5.0,Excellent
3832,7138,5.0,Excellent
3833,360,2.0,Avergae
3834,2973,2.0,Not Provided
3835,7132,Not Rating,Poor
3836,4456,1.0,Excellent
3837,9988,5.0,Avergae
3838,6342,1.0,Poor
3839,4789,3.0,Avergae
3840,8748,4.0,Excellent
3841,9219,1.0,Excellent
3842,9870,2.0,Excellent
3843,1577,4.0,Excellent
3844,4634,1.0,Poor
3845,9716,Not Rating,Poor
3846,6636,Not Rating,Poor
3847,5970,Not Rating,Excellent
3848,1349,5.0,Excellent
3849,1060,5.0,Good
3850,9527,Not Rating,Good
3851,3265,Not Rating,Avergae
3852,1377,Not Rating,Excellent
3853,4738,3.0,Avergae
3854,9705,Not Rating,Not Provided
3855,6563,5.0,Not Provided
3856,2452,5.0,Avergae
3857,2974,Not Rating,Excellent
3858,3455,4.0,Excellent
3859,7063,5.0,Excellent
3860,6225,3.0,Not Provided
3861,6761,5.0,Excellent
3862,9721,Not Rating,Avergae
3863,1348,Not Rating,Poor
3864,4251,5.0,Good
3865,8587,1.0,Excellent
3866,1475,Not Rating,Avergae
3867,5419,2.0,Avergae
3868,3056,1.0,Not Provided
3869,8737,4.0,Not Provided
3870,1519,Not Rating,Not Provided
3871,7963,Not Rating,Avergae
3872,1331,3.0,Poor
3873,7707,Not Rating,Avergae
3874,1834,4.0,Poor
3875,8107,Not Rating,Good
3876,9695,Not Rating,Not Provided
3877,1245,5.0,Not Provided
3878,978,3.0,Excellent
3879,935,Not Rating,Good
3880,158,1.0,Not Provided
3881,4249,Not Rating,Poor
3882,7809,1.0,Excellent
3883,2638,3.0,Avergae
3884,2327,Not Rating,Poor
3885,3675,1.0,Good
3886,2825,Not Rating,Excellent
3887,7114,1.0,Not Provided
3888,5017,3.0,Excellent
3889,6848,3.0,Avergae
3890,130,2.0,Not Provided
3891,7533,2.0,Not Provided
3892,7411,3.0,Poor
3893,2194,3.0,Not Provided
3894,4982,4.0,Excellent
3895,7280,2.0,Avergae
3896,7114,3.0,Excellent
3897,9831,4.0,Not Provided
3898,704,5.0,Excellent
3899,4854,3.0,Not Provided
3900,1421,4.0,Poor
3901,3648,Not Rating,Excellent
3902,8396,Not Rating,Avergae
3903,2153,Not Rating,Avergae
3904,1545,Not Rating,Excellent
3905,1608,Not Rating,Excellent
3906,7604,1.0,Poor
3907,7300,Not Rating,Poor
3908,1309,Not Rating,Excellent
3909,3628,Not Rating,Not Provided
3910,2920,5.0,Avergae
3911,9901,Not Rating,Avergae
3912,5035,1.0,Not Provided
3913,975,2.0,Good
3914,8467,3.0,Excellent
3915,9890,1.0,Excellent
3916,2176,5.0,Not Provided
3917,1163,1.0,Avergae
3918,3675,5.0,Avergae
3919,2446,Not Rating,Good
3920,573,1.0,Excellent
3921,6556,Not Rating,Excellent
3922,8556,3.0,Excellent
3923,4398,4.0,Excellent
3924,3882,5.0,Poor
3925,325,Not Rating,Excellent
3926,6110,Not Rating,Good
3927,6039,Not Rating,Excellent
3928,9027,Not Rating,Not Provided
3929,5692,Not Rating,Excellent
3930,4016,1.0,Excellent
3931,3855,5.0,Excellent
3932,1768,Not Rating,Good
3933,618,2.0,Poor
3934,6287,Not Rating,Avergae
3935,5302,1.0,Good
3936,2614,3.0,Excellent
3937,1216,3.0,Avergae
3938,4239,4.0,Excellent
3939,5441,3.0,Not Provided
3940,6749,Not Rating,Good
3941,4371,5.0,Avergae
3942,118,3.0,Good
3943,1911,1.0,Good
3944,871,Not Rating,Excellent
3945,6749,Not Rating,Good
3946,8918,Not Rating,Avergae
3947,3706,Not Rating,Excellent
3948,7098,Not Rating,Excellent
3949,1592,3.0,Not Provided
3950,680,3.0,Poor
3951,5802,Not Rating,Not Provided
3952,917,Not Rating,Good
3953,2008,Not Rating,Poor
3954,979,Not Rating,Excellent
3955,7007,Not Rating,Good
3956,5865,Not Rating,Excellent
3957,4760,5.0,Poor
3958,599,5.0,Excellent
3959,8629,Not Rating,Excellent
3960,6229,2.0,Poor
3961,5278,2.0,Excellent
3962,9937,Not Rating,Avergae
3963,299,3.0,Poor
3964,5948,Not Rating,Excellent
3965,4246,3.0,Excellent
3966,6880,5.0,Excellent
3967,1364,Not Rating,Not Provided
3968,7128,4.0,Excellent
3969,3988,Not Rating,Avergae
3970,8194,1.0,Good
3971,769,Not Rating,Poor
3972,972,Not Rating,Good
3973,2038,3.0,Avergae
3974,6651,Not Rating,Good
3975,2859,Not Rating,Good
3976,8305,Not Rating,Not Provided
3977,2614,Not Rating,Excellent
3978,5258,Not Rating,Good
3979,4948,3.0,Poor
3980,322,2.0,Poor
3981,7673,Not Rating,Avergae
3982,6139,Not Rating,Excellent
3983,7906,Not Rating,Excellent
3984,800,Not Rating,Good
3985,8024,3.0,Excellent
3986,1502,4.0,Excellent
3987,6334,5.0,Poor
3988,7259,Not Rating,Good
3989,431,3.0,Avergae
3990,2275,4.0,Good
3991,2632,Not Rating,Excellent
3992,8615,5.0,Avergae
3993,5509,4.0,Avergae
3994,7273,Not Rating,Avergae
3995,9091,1.0,Not Provided
3996,7584,2.0,Excellent
3997,2074,3.0,Excellent
3998,178,5.0,Poor
3999,6177,1.0,Poor
4000,3147,1.0,Excellent
4001,9241,3.0,Avergae
4002,1218,5.0,Not Provided
4003,4385,Not Rating,Poor
4004,5265,Not Rating,Poor
4005,3164,Not Rating,Poor
4006,7923,Not Rating,Avergae
4007,1916,Not Rating,Poor
4008,5633,3.0,Excellent
4009,3463,3.0,Avergae
4010,2459,4.0,Avergae
4011,9862,Not Rating,Avergae
4012,7730,Not Rating,Good
4013,6465,1.0,Poor
4014,7004,Not Rating,Good
4015,5564,Not Rating,Excellent
4016,2511,3.0,Excellent
4017,6352,4.0,Avergae
4018,4484,2.0,Excellent
4019,874,2.0,Excellent
4020,7863,Not Rating,Poor
4021,1609,4.0,Excellent
4022,5126,2.0,Excellent
4023,5006,Not Rating,Not Provided
4024,4022,Not Rating,Poor
4025,2970,Not Rating,Excellent
4026,7412,2.0,Not Provided
4027,3593,1.0,Not Provided
4028,6990,2.0,Avergae
4029,2509,Not Rating,Not Provided
4030,9643,5.0,Avergae
4031,1231,3.0,Excellent
4032,5942,5.0,Not Provided
4033,9762,Not Rating,Poor
4034,2014,2.0,Poor
4035,7587,5.0,Poor
4036,910,3.0,Excellent
4037,4897,4.0,Not Provided
4038,376,Not Rating,Poor
4039,3276,Not Rating,Not Provided
4040,3797,4.0,Avergae
4041,8829,Not Rating,Excellent
4042,3893,1.0,Excellent
4043,4417,3.0,Excellent
4044,2340,5.0,Not Provided
4045,7256,2.0,Poor
4046,9007,Not Rating,Excellent
4047,1800,Not Rating,Excellent
4048,8701,4.0,Poor
4049,3507,5.0,Poor
4050,3747,Not Rating,Avergae
4051,2028,2.0,Excellent
4052,5071,3.0,Excellent
4053,8186,4.0,Good
4054,4294,5.0,Good
4055,3804,3.0,Poor
4056,9618,Not Rating,Not Provided
4057,5207,Not Rating,Not Provided
4058,2699,1.0,Poor
4059,1562,3.0,Good
4060,4261,2.0,Poor
4061,3043,Not Rating,Avergae
4062,8638,1.0,Poor
4063,9867,1.0,Not Provided
4064,2208,Not Rating,Poor
4065,2672,2.0,Excellent
4066,3143,2.0,Good
4067,4771,1.0,Excellent
4068,9511,1.0,Not Provided
4069,3514,1.0,Poor
4070,9985,5.0,Excellent
4071,8698,3.0,Avergae
4072,807,Not Rating,Avergae
4073,1354,2.0,Excellent
4074,9079,5.0,Not Provided
4075,8845,1.0,Good
4076,2551,4.0,Excellent
4077,9993,Not Rating,Avergae
4078,6887,1.0,Good
4079,2399,5.0,Excellent
4080,6165,Not Rating,Good
4081,1946,Not Rating,Excellent
4082,7269,2.0,Poor
4083,4860,2.0,Avergae
4084,9493,1.0,Excellent
4085,823,5.0,Poor
4086,7990,Not Rating,Excellent
4087,8478,2.0,Excellent
4088,9289,3.0,Good
4089,2087,4.0,Avergae
4090,4701,3.0,Poor
4091,3870,Not Rating,Not Provided
4092,6944,5.0,Excellent
4093,1090,Not Rating,Not Provided
4094,963,5.0,Good
4095,2445,4.0,Poor
4096,6119,Not Rating,Excellent
4097,3045,Not Rating,Not Provided
4098,645,5.0,Not Provided
4099,1030,5.0,Not Provided
4100,278,Not Rating,Excellent
4101,7213,1.0,Not Provided
4102,9535,Not Rating,Poor
4103,9301,3.0,Poor
4104,8184,3.0,Avergae
4105,9413,Not Rating,Avergae
4106,2107,Not Rating,Good
4107,9868,Not Rating,Good
4108,2784,Not Rating,Poor
4109,9589,Not Rating,Poor
4110,514,2.0,Excellent
4111,9487,1.0,Poor
4112,890,Not Rating,Excellent
4113,7602,3.0,Good
4114,126,Not Rating,Not Provided
4115,9388,Not Rating,Good
4116,4841,Not Rating,Excellent
4117,6387,Not Rating,Excellent
4118,4588,3.0,Excellent
4119,9666,Not Rating,Avergae
4120,3778,3.0,Excellent
4121,6729,Not Rating,Poor
4122,9056,4.0,Not Provided
4123,61,4.0,Excellent
4124,4744,2.0,Poor
4125,6450,Not Rating,Avergae
4126,5418,Not Rating,Excellent
4127,6198,5.0,Avergae
4128,1139,2.0,Excellent
4129,3584,Not Rating,Poor
4130,2590,4.0,Not Provided
4131,664,3.0,Poor
4132,8863,1.0,Poor
4133,5520,1.0,Excellent
4134,5087,Not Rating,Poor
4135,8885,5.0,Poor
4136,4905,Not Rating,Avergae
4137,6401,Not Rating,Poor
4138,4613,Not Rating,Not Provided
4139,8936,Not Rating,Excellent
4140,9348,Not Rating,Excellent
4141,1090,3.0,Good
4142,3915,4.0,Good
4143,2136,Not Rating,Not Provided
4144,5683,Not Rating,Poor
4145,47,Not Rating,Not Provided
4146,557,Not Rating,Poor
4147,5402,Not Rating,Avergae
4148,7262,4.0,Poor
4149,3695,Not Rating,Excellent
4150,2723,5.0,Not Provided
4151,3647,1.0,Excellent
4152,2299,Not Rating,Avergae
4153,5151,2.0,Not Provided
4154,8436,Not Rating,Excellent
4155,1787,Not Rating,Not Provided
4156,1801,Not Rating,Good
4157,6276,5.0,Excellent
4158,4278,2.0,Excellent
4159,5831,Not Rating,Excellent
4160,5175,Not Rating,Excellent
4161,1343,Not Rating,Not Provided
4162,1057,Not Rating,Good
4163,3126,3.0,Avergae
4164,2697,3.0,Good
4165,4705,Not Rating,Excellent
4166,5195,2.0,Not Provided
4167,731,Not Rating,Good
4168,8925,3.0,Excellent
4169,2857,1.0,Excellent
4170,9579,5.0,Excellent
4171,2249,2.0,Avergae
4172,3817,1.0,Not Provided
4173,350,4.0,Excellent
4174,5226,3.0,Excellent
4175,7276,3.0,Poor
4176,988,Not Rating,Avergae
4177,9464,1.0,Excellent
4178,3198,2.0,Excellent
4179,2929,1.0,Poor
4180,4365,3.0,Good
4181,2584,Not Rating,Excellent
4182,1623,5.0,Not Provided
4183,6168,2.0,Excellent
4184,2016,2.0,Avergae
4185,7816,4.0,Avergae
4186,6494,1.0,Poor
4187,1778,Not Rating,Poor
4188,1409,Not Rating,Excellent
4189,4195,2.0,Poor
4190,7778,3.0,Excellent
4191,1300,Not Rating,Excellent
4192,2749,Not Rating,Excellent
4193,7207,1.0,Excellent
4194,4152,2.0,Avergae
4195,9521,Not Rating,Good
4196,4823,4.0,Good
4197,9454,3.0,Excellent
4198,905,4.0,Avergae
4199,8644,5.0,Excellent
4200,2708,3.0,Excellent
4201,9452,Not Rating,Good
4202,2535,Not Rating,Excellent
4203,2159,2.0,Good
4204,8666,1.0,Not Provided
4205,5085,Not Rating,Avergae
4206,4087,4.0,Not Provided
4207,4189,Not Rating,Avergae
4208,6395,Not Rating,Excellent
4209,3939,Not Rating,Not Provided
4210,4727,2.0,Excellent
4211,7472,Not Rating,Avergae
4212,9230,5.0,Poor
4213,7576,Not Rating,Avergae
4214,7878,2.0,Avergae
4215,7956,Not Rating,Poor
4216,3466,3.0,Good
4217,6367,Not Rating,Good
4218,6439,Not Rating,Poor
4219,484,Not Rating,Not Provided
4220,2300,4.0,Poor
4221,1724,Not Rating,Excellent
4222,8187,Not Rating,Not Provided
4223,6195,Not Rating,Avergae
4224,6702,1.0,Excellent
4225,5210,Not Rating,Avergae
4226,5987,1.0,Avergae
4227,2096,Not Rating,Poor
4228,2794,Not Rating,Excellent
4229,8473,5.0,Avergae
4230,9797,Not Rating,Avergae
4231,5182,2.0,Excellent
4232,3662,Not Rating,Good
4233,9081,2.0,Avergae
4234,7019,Not Rating,Poor
4235,5402,Not Rating,Excellent
4236,6486,Not Rating,Not Provided
4237,8166,4.0,Good
4238,8479,5.0,Not Provided
4239,1661,5.0,Not Provided
4240,5949,Not Rating,Avergae
4241,1184,Not Rating,Avergae
4242,1735,4.0,Not Provided
4243,6022,3.0,Excellent
4244,5547,Not Rating,Excellent
4245,7986,1.0,Avergae
4246,2431,Not Rating,Excellent
4247,7084,5.0,Poor
4248,9248,Not Rating,Poor
4249,7100,1.0,Excellent
4250,7880,5.0,Poor
4251,4610,4.0,Not Provided
4252,345,Not Rating,Avergae
4253,9446,Not Rating,Avergae
4254,7864,1.0,Avergae
4255,2063,1.0,Not Provided
4256,7326,5.0,Avergae
4257,5356,2.0,Excellent
4258,9001,Not Rating,Not Provided
4259,9925,3.0,Good
4260,6626,Not Rating,Excellent
4261,3057,Not Rating,Not Provided
4262,1004,4.0,Not Provided
4263,7966,Not Rating,Excellent
4264,2698,4.0,Good
4265,3349,Not Rating,Good
4266,5711,Not Rating,Poor
4267,3402,Not Rating,Good
4268,9359,Not Rating,Not Provided
4269,5518,5.0,Not Provided
4270,9570,3.0,Avergae
4271,8079,Not Rating,Avergae
4272,2639,4.0,Excellent
4273,6353,Not Rating,Not Provided
4274,1331,3.0,Excellent
4275,2296,Not Rating,Avergae
4276,2990,2.0,Poor
4277,7050,4.0,Good
4278,3738,Not Rating,Excellent
4279,4440,2.0,Excellent
4280,2713,Not Rating,Excellent
4281,1663,2.0,Good
4282,5896,1.0,Not Provided
4283,7858,Not Rating,Excellent
4284,3284,Not Rating,Not Provided
4285,1384,1.0,Poor
4286,9835,4.0,Not Provided
4287,4837,2.0,Good
4288,187,Not Rating,Avergae
4289,6803,5.0,Avergae
4290,9355,3.0,Not Provided
4291,8811,2.0,Avergae
4292,2853,1.0,Excellent
4293,1449,Not Rating,Avergae
4294,2134,Not Rating,Not Provided
4295,7464,Not Rating,Avergae
4296,4828,5.0,Excellent
4297,2200,3.0,Avergae
4298,183,Not Rating,Not Provided
4299,8758,Not Rating,Excellent
4300,1332,4.0,Avergae
4301,3351,Not Rating,Excellent
4302,236,4.0,Good
4303,6177,Not Rating,Avergae
4304,6305,Not Rating,Avergae
4305,2511,Not Rating,Good
4306,7099,Not Rating,Not Provided
4307,489,2.0,Poor
4308,9105,2.0,Poor
4309,8022,3.0,Poor
4310,8716,3.0,Avergae
4311,2862,5.0,Excellent
4312,7525,Not Rating,Avergae
4313,9619,4.0,Good
4314,918,Not Rating,Avergae
4315,4994,Not Rating,Avergae
4316,8654,Not Rating,Good
4317,1091,Not Rating,Excellent
4318,3306,Not Rating,Excellent
4319,2714,1.0,Good
4320,5108,5.0,Avergae
4321,5856,2.0,Avergae
4322,7981,5.0,Poor
4323,9371,Not Rating,Not Provided
4324,1921,4.0,Excellent
4325,1886,Not Rating,Avergae
4326,4012,2.0,Not Provided
4327,1380,Not Rating,Poor
4328,3223,Not Rating,Good
4329,8378,2.0,Excellent
4330,7507,4.0,Excellent
4331,1052,3.0,Avergae
4332,9559,5.0,Avergae
4333,3678,Not Rating,Excellent
4334,4981,Not Rating,Avergae
4335,4135,4.0,Excellent
4336,5687,Not Rating,Poor
4337,9081,1.0,Good
4338,3128,3.0,Avergae
4339,5391,1.0,Good
4340,2335,5.0,Not Provided
4341,1974,5.0,Avergae
4342,699,Not Rating,Good
4343,2365,4.0,Not Provided
4344,3132,2.0,Excellent
4345,20,1.0,Excellent
4346,1219,5.0,Not Provided
4347,6933,Not Rating,Good
4348,9811,Not Rating,Avergae
4349,6720,5.0,Good
4350,1551,Not Rating,Good
4351,6315,Not Rating,Excellent
4352,8701,4.0,Excellent
4353,3481,Not Rating,Excellent
4354,1377,Not Rating,Avergae
4355,5596,Not Rating,Excellent
4356,6750,Not Rating,Not Provided
4357,8976,4.0,Poor
4358,5315,2.0,Good
4359,8222,4.0,Avergae
4360,1958,Not Rating,Poor
4361,2357,3.0,Excellent
4362,5983,Not Rating,Excellent
4363,4316,3.0,Not Provided
4364,6845,Not Rating,Excellent
4365,4655,4.0,Avergae
4366,8112,5.0,Good
4367,2772,Not Rating,Good
4368,6646,2.0,Excellent
4369,7392,1.0,Poor
4370,7864,2.0,Excellent
4371,4337,Not Rating,Good
4372,8576,3.0,Excellent
4373,3433,3.0,Excellent
4374,9125,2.0,Excellent
4375,964,Not Rating,Avergae
4376,3536,2.0,Avergae
4377,7830,2.0,Excellent
4378,5417,1.0,Good
4379,6585,Not Rating,Excellent
4380,2762,1.0,Poor
4381,1042,Not Rating,Avergae
4382,1218,4.0,Poor
4383,8821,2.0,Good
4384,5896,Not Rating,Not Provided
4385,5701,3.0,Good
4386,8186,4.0,Excellent
4387,8096,1.0,Excellent
4388,9389,3.0,Avergae
4389,6962,Not Rating,Good
4390,1800,4.0,Not Provided
4391,6497,1.0,Avergae
4392,72,2.0,Good
4393,4754,3.0,Excellent
4394,6630,1.0,Avergae
4395,2640,Not Rating,Excellent
4396,3333,5.0,Not Provided
4397,9009,Not Rating,Excellent
4398,9207,Not Rating,Excellent
4399,7502,3.0,Excellent
4400,2350,Not Rating,Not Provided
4401,3862,2.0,Not Provided
4402,79,3.0,Poor
4403,7511,5.0,Good
4404,9452,Not Rating,Not Provided
4405,1085,Not Rating,Good
4406,403,Not Rating,Avergae
4407,2139,Not Rating,Not Provided
4408,1273,Not Rating,Excellent
4409,4071,4.0,Good
4410,6037,3.0,Excellent
4411,6477,Not Rating,Poor
4412,1431,2.0,Not Provided
4413,245,Not Rating,Good
4414,4082,1.0,Excellent
4415,909,Not Rating,Excellent
4416,1717,1.0,Good
4417,5298,4.0,Good
4418,3815,4.0,Excellent
4419,3639,Not Rating,Not Provided
4420,9331,5.0,Excellent
4421,6184,3.0,Poor
4422,9334,Not Rating,Excellent
4423,9762,Not Rating,Poor
4424,4161,1.0,Excellent
4425,5416,Not Rating,Good
4426,4523,5.0,Excellent
4427,7524,Not Rating,Excellent
4428,3954,5.0,Excellent
4429,2734,Not Rating,Not Provided
4430,1978,5.0,Excellent
4431,5591,1.0,Poor
4432,4472,Not Rating,Excellent
4433,1123,Not Rating,Excellent
4434,6907,4.0,Not Provided
4435,2993,Not Rating,Excellent
4436,3557,4.0,Excellent
4437,7936,5.0,Good
4438,2285,Not Rating,Excellent
4439,8133,5.0,Excellent
4440,5,5.0,Avergae
4441,6717,1.0,Avergae
4442,3257,1.0,Avergae
4443,537,3.0,Good
4444,6421,2.0,Excellent
4445,2387,Not Rating,Poor
4446,4537,3.0,Not Provided
4447,6937,2.0,Poor
4448,4983,5.0,Excellent
4449,8070,Not Rating,Excellent
4450,9511,Not Rating,Avergae
4451,438,3.0,Excellent
4452,2681,4.0,Avergae
4453,950,2.0,Excellent
4454,5711,Not Rating,Excellent
4455,1046,3.0,Avergae
4456,5382,Not Rating,Avergae
4457,3417,1.0,Excellent
4458,6214,1.0,Not Provided
4459,1814,Not Rating,Good
4460,5389,4.0,Avergae
4461,3167,Not Rating,Avergae
4462,4003,1.0,Excellent
4463,3064,1.0,Avergae
4464,2480,3.0,Not Provided
4465,1154,1.0,Not Provided
4466,4177,2.0,Poor
4467,3435,2.0,Poor
4468,7818,3.0,Excellent
4469,111,4.0,Good
4470,7047,4.0,Excellent
4471,6496,Not Rating,Not Provided
4472,8464,5.0,Avergae
4473,1935,Not Rating,Good
4474,6550,1.0,Avergae
4475,9585,Not Rating,Poor
4476,5783,4.0,Poor
4477,6052,4.0,Good
4478,6613,Not Rating,Avergae
4479,8219,Not Rating,Excellent
4480,7292,4.0,Poor
4481,3586,Not Rating,Excellent
4482,9421,Not Rating,Excellent
4483,9772,Not Rating,Excellent
4484,3805,3.0,Excellent
4485,5153,5.0,Not Provided
4486,4513,5.0,Good
4487,7049,5.0,Excellent
4488,2722,Not Rating,Excellent
4489,9474,4.0,Excellent
4490,8524,5.0,Poor
4491,1348,2.0,Good
4492,6169,3.0,Excellent
4493,102,Not Rating,Poor
4494,8822,3.0,Excellent
4495,1833,5.0,Excellent
4496,5949,2.0,Excellent
4497,9706,5.0,Excellent
4498,6162,Not Rating,Not Provided
4499,7005,3.0,Not Provided
4500,5383,5.0,Avergae
4501,1615,Not Rating,Good
4502,8854,3.0,Good
4503,8136,Not Rating,Not Provided
4504,2702,Not Rating,Excellent
4505,9761,Not Rating,Excellent
4506,7144,4.0,Good
4507,7495,3.0,Poor
4508,2609,2.0,Poor
4509,6736,3.0,Excellent
4510,2389,Not Rating,Excellent
4511,1713,5.0,Excellent
4512,1609,1.0,Not Provided
4513,6662,4.0,Poor
4514,5968,3.0,Excellent
4515,7571,2.0,Excellent
4516,105,3.0,Excellent
4517,7302,1.0,Good
4518,8399,4.0,Excellent
4519,560,Not Rating,Avergae
4520,7089,2.0,Not Provided
4521,1808,3.0,Excellent
4522,1368,Not Rating,Avergae
4523,7441,1.0,Not Provided
4524,1557,Not Rating,Good
4525,255,1.0,Good
4526,6494,Not Rating,Not Provided
4527,8001,5.0,Avergae
4528,1057,2.0,Excellent
4529,3719,5.0,Excellent
4530,2444,3.0,Not Provided
4531,1250,Not Rating,Avergae
4532,1841,5.0,Avergae
4533,7049,3.0,Excellent
4534,7609,1.0,Good
4535,9361,3.0,Not Provided
4536,9005,Not Rating,Avergae
4537,5613,5.0,Excellent
4538,7609,5.0,Excellent
4539,4207,3.0,Avergae
4540,9450,1.0,Excellent
4541,9323,Not Rating,Avergae
4542,5020,5.0,Excellent
4543,658,Not Rating,Excellent
4544,1190,3.0,Not Provided
4545,951,2.0,Excellent
4546,3195,3.0,Poor
4547,2527,5.0,Excellent
4548,1412,Not Rating,Excellent
4549,3542,4.0,Good
4550,6106,5.0,Not Provided
4551,2869,1.0,Not Provided
4552,7653,Not Rating,Poor
4553,4137,Not Rating,Excellent
4554,9978,Not Rating,Poor
4555,6335,3.0,Good
4556,8556,Not Rating,Good
4557,8597,4.0,Avergae
4558,9901,2.0,Excellent
4559,2547,2.0,Excellent
4560,9563,5.0,Excellent
4561,5196,Not Rating,Poor
4562,8706,2.0,Good
4563,1672,2.0,Excellent
4564,524,4.0,Good
4565,8845,1.0,Excellent
4566,7977,2.0,Excellent
4567,4130,5.0,Good
4568,8548,Not Rating,Not Provided
4569,8071,4.0,Avergae
4570,7509,Not Rating,Good
4571,4359,Not Rating,Avergae
4572,6640,2.0,Avergae
4573,4857,1.0,Avergae
4574,4826,3.0,Avergae
4575,2889,Not Rating,Good
4576,5151,4.0,Avergae
4577,2116,5.0,Excellent
4578,1379,Not Rating,Not Provided
4579,9870,4.0,Excellent
4580,8705,1.0,Good
4581,2526,Not Rating,Excellent
4582,1227,Not Rating,Good
4583,2282,2.0,Good
4584,9762,4.0,Excellent
4585,2523,5.0,Excellent
4586,6875,Not Rating,Good
4587,6696,Not Rating,Excellent
4588,3939,5.0,Excellent
4589,5885,Not Rating,Not Provided
4590,3166,2.0,Excellent
4591,5827,Not Rating,Avergae
4592,8325,Not Rating,Excellent
4593,2105,5.0,Not Provided
4594,6949,Not Rating,Good
4595,4076,Not Rating,Poor
4596,1504,4.0,Good
4597,1419,Not Rating,Good
4598,5620,2.0,Avergae
4599,93,5.0,Avergae
4600,9069,3.0,Excellent
4601,6049,4.0,Avergae
4602,8713,Not Rating,Excellent
4603,6556,2.0,Not Provided
4604,4168,5.0,Poor
4605,7778,5.0,Avergae
4606,6462,1.0,Excellent
4607,5113,Not Rating,Excellent
4608,9582,Not Rating,Avergae
4609,1643,Not Rating,Not Provided
4610,2756,1.0,Excellent
4611,7858,5.0,Good
4612,6213,4.0,Good
4613,5612,1.0,Good
4614,7139,3.0,Poor
4615,7835,Not Rating,Excellent
4616,1757,Not Rating,Not Provided
4617,567,1.0,Not Provided
4618,5781,1.0,Not Provided
4619,419,Not Rating,Excellent
4620,3921,2.0,Not Provided
4621,2659,1.0,Not Provided
4622,7897,3.0,Not Provided
4623,150,4.0,Not Provided
4624,9351,Not Rating,Poor
4625,670,3.0,Not Provided
4626,2056,5.0,Avergae
4627,220,Not Rating,Not Provided
4628,9178,5.0,Avergae
4629,1885,4.0,Excellent
4630,2256,2.0,Excellent
4631,6978,5.0,Excellent
4632,8677,Not Rating,Not Provided
4633,6050,4.0,Excellent
4634,9375,Not Rating,Excellent
4635,2639,5.0,Excellent
4636,2858,1.0,Excellent
4637,1145,4.0,Excellent
4638,4223,4.0,Not Provided
4639,7505,Not Rating,Excellent
4640,9344,4.0,Excellent
4641,3940,1.0,Excellent
4642,5982,3.0,Good
4643,6816,2.0,Excellent
4644,6074,2.0,Poor
4645,129,Not Rating,Poor
4646,9247,Not Rating,Avergae
4647,36,2.0,Good
4648,3530,4.0,Good
4649,4198,3.0,Avergae
4650,4017,5.0,Poor
4651,5370,3.0,Not Provided
4652,2146,3.0,Poor
4653,9240,Not Rating,Excellent
4654,738,Not Rating,Excellent
4655,4204,5.0,Good
4656,1908,Not Rating,Excellent
4657,6041,3.0,Excellent
4658,7586,Not Rating,Poor
4659,9423,Not Rating,Not Provided
4660,2290,Not Rating,Excellent
4661,7,5.0,Avergae
4662,5324,5.0,Excellent
4663,8923,3.0,Excellent
4664,7833,5.0,Not Provided
4665,3800,Not Rating,Avergae
4666,127,Not Rating,Avergae
4667,8240,Not Rating,Excellent
4668,9408,1.0,Poor
4669,5195,Not Rating,Good
4670,5471,Not Rating,Excellent
4671,5139,5.0,Excellent
4672,6585,Not Rating,Good
4673,2776,2.0,Excellent
4674,1742,Not Rating,Not Provided
4675,7697,1.0,Avergae
4676,9949,2.0,Avergae
4677,9697,1.0,Not Provided
4678,9145,2.0,Excellent
4679,4125,Not Rating,Poor
4680,11,3.0,Not Provided
4681,1482,Not Rating,Excellent
4682,4594,3.0,Excellent
4683,6888,5.0,Excellent
4684,3726,Not Rating,Good
4685,663,Not Rating,Good
4686,9442,5.0,Poor
4687,3402,Not Rating,Good
4688,635,3.0,Good
4689,7084,Not Rating,Good
4690,4117,Not Rating,Good
4691,5275,Not Rating,Avergae
4692,7515,4.0,Not Provided
4693,1460,3.0,Poor
4694,8800,1.0,Good
4695,8512,2.0,Excellent
4696,2945,1.0,Poor
4697,2227,2.0,Excellent
4698,9451,2.0,Excellent
4699,69,1.0,Excellent
4700,3670,4.0,Avergae
4701,1376,3.0,Poor
4702,8642,Not Rating,Not Provided
4703,9498,1.0,Excellent
4704,3420,3.0,Avergae
4705,3182,2.0,Poor
4706,653,5.0,Excellent
4707,1653,1.0,Good
4708,2646,1.0,Not Provided
4709,7868,2.0,Excellent
4710,6071,5.0,Excellent
4711,9042,2.0,Good
4712,3503,3.0,Not Provided
4713,4259,5.0,Excellent
4714,208,2.0,Excellent
4715,3860,2.0,Poor
4716,8131,3.0,Avergae
4717,5928,5.0,Poor
4718,4409,Not Rating,Not Provided
4719,3851,Not Rating,Good
4720,6552,1.0,Excellent
4721,7666,Not Rating,Good
4722,1530,1.0,Excellent
4723,8451,4.0,Not Provided
4724,8201,4.0,Poor
4725,5141,Not Rating,Excellent
4726,3141,Not Rating,Excellent
4727,2165,Not Rating,Excellent
4728,8863,Not Rating,Poor
4729,2782,Not Rating,Good
4730,6531,1.0,Excellent
4731,2862,Not Rating,Not Provided
4732,9904,1.0,Avergae
4733,6380,3.0,Avergae
4734,5874,3.0,Good
4735,1718,Not Rating,Poor
4736,6627,Not Rating,Not Provided
4737,7806,Not Rating,Not Provided
4738,443,1.0,Good
4739,483,2.0,Avergae
4740,2777,3.0,Avergae
4741,4657,Not Rating,Not Provided
4742,265,2.0,Excellent
4743,5122,5.0,Poor
4744,4471,2.0,Not Provided
4745,9957,2.0,Excellent
4746,1451,5.0,Avergae
4747,6958,Not Rating,Good
4748,3978,Not Rating,Good
4749,5478,3.0,Poor
4750,2839,Not Rating,Not Provided
4751,5205,Not Rating,Good
4752,7656,Not Rating,Avergae
4753,4585,1.0,Excellent
4754,3363,2.0,Avergae
4755,7018,5.0,Excellent
4756,8901,Not Rating,Excellent
4757,3176,4.0,Good
4758,6843,Not Rating,Good
4759,5531,Not Rating,Excellent
4760,6171,Not Rating,Not Provided
4761,9499,4.0,Excellent
4762,2282,Not Rating,Avergae
4763,4122,Not Rating,Not Provided
4764,3944,Not Rating,Poor
4765,3149,1.0,Not Provided
4766,7423,Not Rating,Avergae
4767,2018,3.0,Poor
4768,5879,4.0,Avergae
4769,5320,Not Rating,Poor
4770,3378,2.0,Good
4771,4541,5.0,Not Provided
4772,3372,5.0,Excellent
4773,5775,Not Rating,Good
4774,3665,Not Rating,Excellent
4775,3879,3.0,Avergae
4776,5928,3.0,Good
4777,4373,1.0,Avergae
4778,7068,5.0,Good
4779,2693,4.0,Poor
4780,2364,2.0,Excellent
4781,5479,3.0,Poor
4782,6889,5.0,Excellent
4783,4199,1.0,Excellent
4784,9939,5.0,Good
4785,6962,2.0,Not Provided
4786,9223,1.0,Good
4787,5151,Not Rating,Avergae
4788,2759,Not Rating,Not Provided
4789,9429,Not Rating,Poor
4790,7430,1.0,Good
4791,5312,1.0,Avergae
4792,3909,Not Rating,Avergae
4793,956,4.0,Avergae
4794,5420,1.0,Excellent
4795,8342,Not Rating,Good
4796,9708,Not Rating,Not Provided
4797,7923,5.0,Good
4798,9144,Not Rating,Avergae
4799,4034,4.0,Excellent
4800,9708,3.0,Not Provided
4801,5496,1.0,Excellent
4802,9499,4.0,Excellent
4803,4352,5.0,Excellent
4804,9656,Not Rating,Excellent
4805,2529,3.0,Good
4806,3841,1.0,Poor
4807,7482,Not Rating,Excellent
4808,4759,3.0,Poor
4809,4877,3.0,Poor
4810,4634,4.0,Good
4811,251,1.0,Not Provided
4812,6690,1.0,Good
4813,7309,1.0,Good
4814,6708,1.0,Not Provided
4815,5733,Not Rating,Good
4816,9205,2.0,Poor
4817,2171,Not Rating,Good
4818,7848,Not Rating,Not Provided
4819,5900,1.0,Good
4820,507,3.0,Poor
4821,9385,Not Rating,Avergae
4822,4198,1.0,Excellent
4823,9295,Not Rating,Not Provided
4824,9631,4.0,Excellent
4825,9116,Not Rating,Excellent
4826,4763,1.0,Excellent
4827,8408,5.0,Not Provided
4828,9415,2.0,Avergae
4829,5401,Not Rating,Poor
4830,8906,1.0,Poor
4831,9084,Not Rating,Excellent
4832,4784,Not Rating,Excellent
4833,626,2.0,Excellent
4834,5620,Not Rating,Avergae
4835,8911,4.0,Excellent
4836,7845,5.0,Good
4837,8853,1.0,Avergae
4838,7711,4.0,Not Provided
4839,8486,Not Rating,Avergae
4840,2741,4.0,Good
4841,1212,5.0,Avergae
4842,8600,4.0,Poor
4843,8912,2.0,Excellent
4844,9397,Not Rating,Avergae
4845,6147,Not Rating,Not Provided
4846,4180,Not Rating,Poor
4847,4357,Not Rating,Good
4848,9871,1.0,Not Provided
4849,7996,5.0,Excellent
4850,1486,Not Rating,Good
4851,1186,5.0,Excellent
4852,1260,1.0,Poor
4853,4173,Not Rating,Excellent
4854,7763,5.0,Good
4855,3144,Not Rating,Excellent
4856,8992,2.0,Avergae
4857,5303,Not Rating,Poor
4858,603,Not Rating,Good
4859,385,1.0,Excellent
4860,58,4.0,Excellent
4861,1763,5.0,Excellent
4862,777,Not Rating,Excellent
4863,4237,3.0,Not Provided
4864,9387,1.0,Excellent
4865,5573,Not Rating,Avergae
4866,1280,1.0,Poor
4867,6484,Not Rating,Good
4868,8933,Not Rating,Poor
4869,1894,1.0,Not Provided
4870,1578,2.0,Excellent
4871,1612,Not Rating,Excellent
4872,3942,Not Rating,Excellent
4873,4555,5.0,Avergae
4874,1019,4.0,Good
4875,6098,1.0,Excellent
4876,5794,Not Rating,Excellent
4877,127,4.0,Poor
4878,725,3.0,Excellent
4879,7808,2.0,Excellent
4880,2649,5.0,Poor
4881,8023,Not Rating,Excellent
4882,1343,5.0,Not Provided
4883,8518,5.0,Avergae
4884,6853,Not Rating,Not Provided
4885,4375,Not Rating,Not Provided
4886,5934,4.0,Excellent
4887,8609,2.0,Poor
4888,6786,2.0,Excellent
4889,1436,1.0,Good
4890,4632,Not Rating,Excellent
4891,7331,5.0,Poor
4892,7797,Not Rating,Excellent
4893,7554,Not Rating,Excellent
4894,2050,4.0,Poor
4895,126,Not Rating,Avergae
4896,2253,Not Rating,Excellent
4897,4648,4.0,Excellent
4898,1721,4.0,Excellent
4899,4504,Not Rating,Not Provided
4900,8651,1.0,Poor
4901,2961,3.0,Excellent
4902,8675,Not Rating,Poor
4903,9907,2.0,Poor
4904,5797,Not Rating,Excellent
4905,3228,Not Rating,Excellent
4906,5048,Not Rating,Not Provided
4907,391,1.0,Not Provided
4908,3884,4.0,Not Provided
4909,1941,Not Rating,Excellent
4910,4397,Not Rating,Not Provided
4911,647,5.0,Excellent
4912,6529,5.0,Not Provided
4913,7342,1.0,Excellent
4914,4795,5.0,Excellent
4915,7150,1.0,Not Provided
4916,4948,Not Rating,Not Provided
4917,3534,Not Rating,Excellent
4918,8226,5.0,Good
4919,2886,Not Rating,Good
4920,8640,2.0,Excellent
4921,3862,4.0,Excellent
4922,6289,3.0,Good
4923,121,2.0,Excellent
4924,8807,Not Rating,Poor
4925,4290,4.0,Good
4926,4492,2.0,Poor
4927,7578,1.0,Excellent
4928,2426,Not Rating,Excellent
4929,2551,1.0,Not Provided
4930,2217,Not Rating,Avergae
4931,7022,5.0,Excellent
4932,7909,3.0,Poor
4933,6124,Not Rating,Excellent
4934,5305,5.0,Good
4935,1824,1.0,Excellent
4936,3333,4.0,Poor
4937,1122,Not Rating,Excellent
4938,1755,Not Rating,Excellent
4939,9141,Not Rating,Excellent
4940,7423,4.0,Poor
4941,8308,Not Rating,Excellent
4942,3999,Not Rating,Good
4943,4246,4.0,Excellent
4944,7282,1.0,Poor
4945,5725,Not Rating,Good
4946,8958,5.0,Excellent
4947,8190,Not Rating,Poor
4948,8842,Not Rating,Excellent
4949,257,5.0,Not Provided
4950,8457,5.0,Poor
4951,4397,Not Rating,Not Provided
4952,9430,5.0,Not Provided
4953,3652,Not Rating,Avergae
4954,1847,2.0,Poor
4955,9806,4.0,Excellent
4956,9974,3.0,Good
4957,3903,4.0,Good
4958,5757,3.0,Good
4959,1336,Not Rating,Poor
4960,7063,1.0,Excellent
4961,2436,2.0,Excellent
4962,5618,3.0,Excellent
4963,3200,4.0,Poor
4964,8825,1.0,Good
4965,6944,Not Rating,Not Provided
4966,2982,Not Rating,Good
4967,3240,1.0,Excellent
4968,4616,Not Rating,Poor
4969,9684,Not Rating,Good
4970,5850,Not Rating,Excellent
4971,7798,4.0,Avergae
4972,1126,Not Rating,Excellent
4973,8507,3.0,Excellent
4974,1629,5.0,Avergae
4975,5486,2.0,Good
4976,4311,1.0,Excellent
4977,3373,Not Rating,Excellent
4978,8555,Not Rating,Excellent
4979,444,5.0,Good
4980,8194,5.0,Excellent
4981,933,3.0,Poor
4982,8314,Not Rating,Poor
4983,2061,Not Rating,Excellent
4984,8827,Not Rating,Avergae
4985,2591,1.0,Good
4986,9631,Not Rating,Excellent
4987,2299,4.0,Excellent
4988,4003,Not Rating,Good
4989,7770,Not Rating,Excellent
4990,4430,1.0,Not Provided
4991,5519,5.0,Excellent
4992,110,Not Rating,Good
4993,3629,3.0,Avergae
4994,9511,2.0,Excellent
4995,5913,1.0,Good
4996,3771,1.0,Poor
4997,5014,3.0,Not Provided
4998,3127,1.0,Good
4999,4505,Not Rating,Excellent
5000,9927,Not Rating,Not Provided
5001,5518,4.0,Avergae
5002,3852,Not Rating,Poor
5003,2963,Not Rating,Poor
5004,824,5.0,Good
5005,7086,Not Rating,Good
5006,7339,2.0,Good
5007,7694,1.0,Avergae
5008,634,4.0,Not Provided
5009,1191,2.0,Not Provided
5010,1094,Not Rating,Avergae
5011,2770,Not Rating,Avergae
5012,6624,4.0,Not Provided
5013,1710,4.0,Excellent
5014,6315,Not Rating,Poor
5015,1074,2.0,Excellent
5016,9666,3.0,Excellent
5017,6567,1.0,Poor
5018,880,3.0,Poor
5019,6471,Not Rating,Not Provided
5020,247,3.0,Good
5021,9007,2.0,Not Provided
5022,3850,4.0,Poor
5023,6355,3.0,Excellent
5024,5064,Not Rating,Excellent
5025,757,3.0,Not Provided
5026,4484,1.0,Excellent
5027,4187,3.0,Good
5028,3180,Not Rating,Avergae
5029,277,2.0,Avergae
5030,9433,Not Rating,Excellent
5031,9223,2.0,Excellent
5032,6513,2.0,Excellent
5033,5622,4.0,Avergae
5034,7926,3.0,Excellent
5035,8832,1.0,Excellent
5036,9731,1.0,Good
5037,9773,1.0,Not Provided
5038,9056,Not Rating,Avergae
5039,794,Not Rating,Not Provided
5040,2478,2.0,Poor
5041,1089,2.0,Not Provided
5042,4114,5.0,Poor
5043,3507,Not Rating,Poor
5044,9118,1.0,Not Provided
5045,7427,1.0,Excellent
5046,6994,Not Rating,Excellent
5047,9654,2.0,Avergae
5048,2926,Not Rating,Poor
5049,7358,3.0,Not Provided
5050,3156,Not Rating,Excellent
5051,9459,1.0,Not Provided
5052,834,1.0,Good
5053,2918,2.0,Avergae
5054,1662,Not Rating,Good
5055,9756,Not Rating,Excellent
5056,1278,Not Rating,Poor
5057,7412,Not Rating,Poor
5058,6556,5.0,Excellent
5059,7601,5.0,Excellent
5060,7052,3.0,Excellent
5061,9688,3.0,Excellent
5062,5452,Not Rating,Poor
5063,1650,5.0,Not Provided
5064,4511,2.0,Avergae
5065,3860,3.0,Excellent
5066,6929,3.0,Poor
5067,4142,Not Rating,Good
5068,2358,Not Rating,Avergae
5069,9556,2.0,Not Provided
5070,3812,5.0,Good
5071,5751,Not Rating,Excellent
5072,194,Not Rating,Good
5073,7802,1.0,Poor
5074,699,5.0,Excellent
5075,5038,1.0,Avergae
5076,7029,1.0,Good
5077,4617,Not Rating,Poor
5078,8388,3.0,Poor
5079,7019,2.0,Avergae
5080,5072,Not Rating,Poor
5081,8230,1.0,Excellent
5082,7137,Not Rating,Avergae
5083,4367,1.0,Excellent
5084,5194,3.0,Good
5085,5367,Not Rating,Good
5086,4648,Not Rating,Not Provided
5087,4914,Not Rating,Poor
5088,9120,4.0,Good
5089,8895,Not Rating,Good
5090,4151,5.0,Not Provided
5091,3423,Not Rating,Poor
5092,3253,5.0,Not Provided
5093,707,5.0,Excellent
5094,7740,4.0,Good
5095,2933,Not Rating,Good
5096,8462,2.0,Not Provided
5097,117,Not Rating,Not Provided
5098,5746,Not Rating,Avergae
5099,7490,3.0,Excellent
5100,5772,5.0,Avergae
5101,2978,Not Rating,Good
5102,7364,4.0,Poor
5103,9994,5.0,Excellent
5104,4050,2.0,Excellent
5105,4537,Not Rating,Good
5106,7827,2.0,Good
5107,5457,Not Rating,Not Provided
5108,4838,5.0,Excellent
5109,6750,5.0,Poor
5110,5171,Not Rating,Excellent
5111,5,Not Rating,Avergae
5112,8315,Not Rating,Poor
5113,9090,4.0,Not Provided
5114,5579,5.0,Excellent
5115,5651,2.0,Excellent
5116,4993,5.0,Excellent
5117,2372,3.0,Avergae
5118,4815,4.0,Not Provided
5119,2501,3.0,Poor
5120,792,2.0,Excellent
5121,5738,Not Rating,Good
5122,9168,Not Rating,Avergae
5123,709,5.0,Avergae
5124,2071,2.0,Avergae
5125,7864,5.0,Good
5126,3412,Not Rating,Excellent
5127,7523,3.0,Excellent
5128,5464,4.0,Excellent
5129,8244,5.0,Not Provided
5130,8620,Not Rating,Excellent
5131,5214,Not Rating,Excellent
5132,8036,3.0,Poor
5133,2969,3.0,Excellent
5134,9881,Not Rating,Poor
5135,9811,3.0,Avergae
5136,7578,4.0,Good
5137,4273,Not Rating,Avergae
5138,6607,5.0,Good
5139,4743,1.0,Not Provided
5140,8518,Not Rating,Good
5141,4370,2.0,Excellent
5142,3216,1.0,Poor
5143,3237,4.0,Good
5144,6207,Not Rating,Poor
5145,777,1.0,Avergae
5146,3536,3.0,Good
5147,9624,3.0,Good
5148,9835,Not Rating,Avergae
5149,7544,5.0,Avergae
5150,2694,Not Rating,Excellent
5151,9869,3.0,Poor
5152,9361,Not Rating,Excellent
5153,2437,Not Rating,Avergae
5154,7696,3.0,Good
5155,2964,2.0,Excellent
5156,8245,3.0,Not Provided
5157,7340,1.0,Excellent
5158,2443,Not Rating,Poor
5159,7592,4.0,Excellent
5160,8725,2.0,Poor
5161,3121,Not Rating,Avergae
5162,2603,Not Rating,Excellent
5163,2583,2.0,Excellent
5164,477,Not Rating,Excellent
5165,5184,3.0,Poor
5166,7740,2.0,Avergae
5167,4093,Not Rating,Good
5168,7233,5.0,Not Provided
5169,9632,3.0,Avergae
5170,9312,2.0,Not Provided
5171,9548,4.0,Not Provided
5172,1175,Not Rating,Avergae
5173,6248,5.0,Excellent
5174,3992,Not Rating,Poor
5175,1991,4.0,Not Provided
5176,5667,4.0,Not Provided
5177,2150,5.0,Not Provided
5178,4410,2.0,Not Provided
5179,8818,2.0,Not Provided
5180,8894,Not Rating,Good
5181,3585,4.0,Not Provided
5182,5528,3.0,Good
5183,874,5.0,Excellent
5184,7216,5.0,Not Provided
5185,7700,2.0,Avergae
5186,9750,1.0,Not Provided
5187,308,Not Rating,Poor
5188,7611,2.0,Poor
5189,5530,1.0,Poor
5190,5629,Not Rating,Not Provided
5191,2498,Not Rating,Not Provided
5192,1068,4.0,Good
5193,5543,4.0,Avergae
5194,9133,2.0,Avergae
5195,8808,4.0,Avergae
5196,3956,2.0,Not Provided
5197,9162,Not Rating,Avergae
5198,2041,Not Rating,Excellent
5199,300,Not Rating,Avergae
5200,540,Not Rating,Not Provided
5201,2767,Not Rating,Excellent
5202,6313,Not Rating,Not Provided
5203,5069,5.0,Poor
5204,23,2.0,Poor
5205,3460,3.0,Not Provided
5206,4426,3.0,Not Provided
5207,3026,Not Rating,Poor
5208,6557,3.0,Excellent
5209,8722,1.0,Excellent
5210,8077,Not Rating,Good
5211,8360,3.0,Excellent
5212,9206,1.0,Excellent
5213,1632,3.0,Avergae
5214,3503,2.0,Avergae
5215,4877,1.0,Excellent
5216,1533,5.0,Excellent
5217,5943,1.0,Excellent
5218,8754,3.0,Good
5219,7073,1.0,Good
5220,3583,2.0,Avergae
5221,768,Not Rating,Avergae
5222,327,Not Rating,Excellent
5223,4338,Not Rating,Avergae
5224,2976,4.0,Avergae
5225,7650,Not Rating,Avergae
5226,1456,Not Rating,Avergae
5227,4177,Not Rating,Excellent
5228,3055,Not Rating,Avergae
5229,9603,2.0,Good
5230,3859,5.0,Poor
5231,2189,3.0,Avergae
5232,7173,Not Rating,Poor
5233,5949,5.0,Excellent
5234,7374,3.0,Poor
5235,3378,5.0,Poor
5236,5262,2.0,Avergae
5237,8306,1.0,Excellent
5238,1637,3.0,Poor
5239,8726,2.0,Not Provided
5240,8041,3.0,Excellent
5241,5224,Not Rating,Excellent
5242,3162,Not Rating,Not Provided
5243,1823,Not Rating,Poor
5244,7661,Not Rating,Good
5245,9932,4.0,Poor
5246,862,2.0,Excellent
5247,9112,3.0,Not Provided
5248,7445,1.0,Good
5249,3490,1.0,Good
5250,8002,2.0,Excellent
5251,4275,3.0,Poor
5252,5408,Not Rating,Avergae
5253,7793,5.0,Excellent
5254,1441,Not Rating,Poor
5255,8873,4.0,Poor
5256,4097,2.0,Good
5257,3211,Not Rating,Avergae
5258,5287,Not Rating,Poor
5259,6561,3.0,Excellent
5260,9162,1.0,Excellent
5261,1250,4.0,Poor
5262,4572,5.0,Excellent
5263,9744,Not Rating,Not Provided
5264,7141,3.0,Avergae
5265,3283,Not Rating,Avergae
5266,7574,3.0,Excellent
5267,791,Not Rating,Poor
5268,6409,Not Rating,Good
5269,276,Not Rating,Excellent
5270,3388,5.0,Excellent
5271,5052,5.0,Excellent
5272,9496,3.0,Not Provided
5273,5667,Not Rating,Not Provided
5274,1262,2.0,Not Provided
5275,3881,5.0,Poor
5276,5975,1.0,Poor
5277,1528,Not Rating,Good
5278,3131,Not Rating,Not Provided
5279,4422,Not Rating,Good
5280,5567,Not Rating,Avergae
5281,4296,2.0,Not Provided
5282,9995,2.0,Poor
5283,9574,3.0,Not Provided
5284,553,1.0,Poor
5285,4081,3.0,Good
5286,9241,5.0,Not Provided
5287,2862,Not Rating,Excellent
5288,3914,1.0,Good
5289,7847,Not Rating,Excellent
5290,5091,1.0,Good
5291,4150,1.0,Good
5292,4296,Not Rating,Avergae
5293,4394,2.0,Not Provided
5294,1796,Not Rating,Avergae
5295,1103,Not Rating,Avergae
5296,4822,5.0,Poor
5297,803,1.0,Excellent
5298,6191,1.0,Excellent
5299,3599,Not Rating,Poor
5300,3892,2.0,Good
5301,4085,1.0,Excellent
5302,4707,2.0,Good
5303,901,2.0,Excellent
5304,9883,Not Rating,Not Provided
5305,2042,4.0,Poor
5306,3771,2.0,Avergae
5307,7877,2.0,Not Provided
5308,318,1.0,Excellent
5309,8249,1.0,Good
5310,9908,4.0,Excellent
5311,9873,5.0,Excellent
5312,6783,Not Rating,Excellent
5313,9455,Not Rating,Excellent
5314,626,Not Rating,Poor
5315,1409,Not Rating,Not Provided
5316,1720,Not Rating,Not Provided
5317,8009,5.0,Poor
5318,5332,Not Rating,Avergae
5319,5988,4.0,Excellent
5320,4797,1.0,Poor
5321,9934,2.0,Excellent
5322,7516,2.0,Excellent
5323,5324,1.0,Excellent
5324,8402,1.0,Excellent
5325,6873,Not Rating,Avergae
5326,7584,1.0,Poor
5327,4602,1.0,Excellent
5328,2237,Not Rating,Avergae
5329,7962,Not Rating,Not Provided
5330,7996,Not Rating,Excellent
5331,552,Not Rating,Not Provided
5332,6591,4.0,Avergae
5333,8520,Not Rating,Excellent
5334,5415,4.0,Excellent
5335,2326,3.0,Excellent
5336,2262,4.0,Good
5337,7123,5.0,Avergae
5338,9334,2.0,Poor
5339,7020,1.0,Avergae
5340,5848,3.0,Excellent
5341,377,Not Rating,Excellent
5342,9546,3.0,Avergae
5343,2588,2.0,Avergae
5344,5849,2.0,Excellent
5345,9273,2.0,Good
5346,444,3.0,Good
5347,4427,Not Rating,Excellent
5348,4111,2.0,Not Provided
5349,851,Not Rating,Not Provided
5350,1814,Not Rating,Good
5351,7940,5.0,Good
5352,5271,1.0,Poor
5353,2777,Not Rating,Avergae
5354,4201,2.0,Excellent
5355,4645,Not Rating,Excellent
5356,458,2.0,Not Provided
5357,579,Not Rating,Good
5358,1293,Not Rating,Excellent
5359,4302,4.0,Poor
5360,346,Not Rating,Good
5361,4599,1.0,Excellent
5362,7722,2.0,Good
5363,4134,1.0,Avergae
5364,2501,4.0,Avergae
5365,564,4.0,Good
5366,1129,Not Rating,Excellent
5367,2195,1.0,Good
5368,5193,Not Rating,Not Provided
5369,7255,Not Rating,Avergae
5370,4541,4.0,Excellent
5371,5214,1.0,Poor
5372,4167,3.0,Excellent
5373,8222,3.0,Poor
5374,8672,3.0,Not Provided
5375,5833,Not Rating,Not Provided
5376,1050,4.0,Poor
5377,6755,5.0,Good
5378,8110,5.0,Poor
5379,5421,1.0,Excellent
5380,2169,5.0,Avergae
5381,5753,3.0,Good
5382,1156,4.0,Not Provided
5383,2861,1.0,Excellent
5384,7937,1.0,Poor
5385,135,Not Rating,Poor
5386,961,1.0,Avergae
5387,4416,Not Rating,Excellent
5388,7407,Not Rating,Not Provided
5389,6278,2.0,Excellent
5390,56,Not Rating,Excellent
5391,7235,4.0,Excellent
5392,5043,4.0,Good
5393,4820,4.0,Excellent
5394,6670,Not Rating,Excellent
5395,2059,5.0,Excellent
5396,3659,Not Rating,Excellent
5397,7268,Not Rating,Excellent
5398,4220,2.0,Not Provided
5399,9803,3.0,Good
5400,3950,1.0,Good
5401,1873,1.0,Avergae
5402,8738,5.0,Good
5403,2108,Not Rating,Poor
5404,9053,3.0,Excellent
5405,8589,2.0,Excellent
5406,1675,4.0,Not Provided
5407,8588,Not Rating,Excellent
5408,9743,Not Rating,Avergae
5409,6048,4.0,Avergae
5410,7566,Not Rating,Poor
5411,2841,Not Rating,Good
5412,4007,Not Rating,Good
5413,1060,5.0,Poor
5414,6305,1.0,Excellent
5415,1249,3.0,Avergae
5416,1730,Not Rating,Good
5417,6439,1.0,Avergae
5418,7427,1.0,Excellent
5419,3613,5.0,Poor
5420,6207,3.0,Not Provided
5421,9333,2.0,Good
5422,6901,4.0,Poor
5423,3591,1.0,Excellent
5424,5774,2.0,Excellent
5425,9622,Not Rating,Avergae
5426,2074,4.0,Not Provided
5427,4762,4.0,Excellent
5428,738,1.0,Not Provided
5429,475,Not Rating,Not Provided
5430,6325,1.0,Excellent
5431,9689,Not Rating,Excellent
5432,351,4.0,Avergae
5433,2541,4.0,Not Provided
5434,64,4.0,Avergae
5435,2953,Not Rating,Good
5436,2564,4.0,Good
5437,9007,2.0,Avergae
5438,9792,3.0,Excellent
5439,7363,5.0,Avergae
5440,550,4.0,Not Provided
5441,6117,3.0,Poor
5442,2914,4.0,Not Provided
5443,218,5.0,Not Provided
5444,8900,2.0,Excellent
5445,1790,1.0,Not Provided
5446,4764,Not Rating,Excellent
5447,3695,5.0,Avergae
5448,5520,3.0,Avergae
5449,6951,Not Rating,Poor
5450,3925,Not Rating,Excellent
5451,3406,4.0,Avergae
5452,8794,1.0,Good
5453,4636,2.0,Poor
5454,4050,2.0,Good
5455,8203,2.0,Good
5456,4410,Not Rating,Excellent
5457,5397,5.0,Excellent
5458,4339,2.0,Excellent
5459,4598,Not Rating,Poor
5460,5847,3.0,Good
5461,2653,3.0,Not Provided
5462,6249,5.0,Not Provided
5463,6384,Not Rating,Poor
5464,1086,Not Rating,Good
5465,9663,4.0,Excellent
5466,3413,Not Rating,Avergae
5467,1243,2.0,Good
5468,387,4.0,Good
5469,6742,5.0,Avergae
5470,8853,2.0,Poor
5471,2383,1.0,Excellent
5472,4178,3.0,Not Provided
5473,4635,Not Rating,Poor
5474,3823,2.0,Avergae
5475,6656,Not Rating,Good
5476,781,1.0,Not Provided
5477,7172,2.0,Avergae
5478,3182,Not Rating,Not Provided
5479,6373,4.0,Avergae
5480,9947,1.0,Avergae
5481,7219,5.0,Excellent
5482,4255,4.0,Poor
5483,9051,4.0,Excellent
5484,8726,Not Rating,Excellent
5485,6308,Not Rating,Excellent
5486,641,Not Rating,Avergae
5487,8283,5.0,Good
5488,1832,4.0,Poor
5489,4985,2.0,Excellent
5490,9714,2.0,Poor
5491,4289,1.0,Excellent
5492,3860,1.0,Avergae
5493,72,4.0,Excellent
5494,4181,Not Rating,Poor
5495,5661,Not Rating,Excellent
5496,9651,Not Rating,Poor
5497,4640,Not Rating,Avergae
5498,3125,2.0,Avergae
5499,1807,4.0,Good
5500,9850,Not Rating,Avergae
5501,3364,Not Rating,Avergae
5502,5408,1.0,Good
5503,9435,Not Rating,Excellent
5504,1662,Not Rating,Avergae
5505,4621,3.0,Excellent
5506,6260,4.0,Good
5507,9895,3.0,Good
5508,2666,4.0,Good
5509,689,Not Rating,Poor
5510,6237,2.0,Excellent
5511,7078,Not Rating,Not Provided
5512,5580,Not Rating,Excellent
5513,6022,4.0,Good
5514,7260,4.0,Poor
5515,5641,4.0,Avergae
5516,9683,Not Rating,Excellent
5517,1543,4.0,Poor
5518,5600,Not Rating,Good
5519,73,Not Rating,Not Provided
5520,4009,5.0,Excellent
5521,7393,1.0,Poor
5522,3704,4.0,Avergae
5523,4842,3.0,Not Provided
5524,270,3.0,Not Provided
5525,7038,3.0,Avergae
5526,4641,Not Rating,Not Provided
5527,3218,4.0,Avergae
5528,9455,4.0,Good
5529,4329,Not Rating,Not Provided
5530,3433,Not Rating,Poor
5531,8956,Not Rating,Not Provided
5532,9345,Not Rating,Excellent
5533,2087,Not Rating,Not Provided
5534,873,5.0,Excellent
5535,5003,Not Rating,Not Provided
5536,7224,5.0,Good
5537,9537,Not Rating,Avergae
5538,2800,2.0,Good
5539,8011,Not Rating,Avergae
5540,1578,1.0,Not Provided
5541,9088,3.0,Excellent
5542,7281,2.0,Poor
5543,4350,3.0,Good
5544,3200,3.0,Good
5545,5563,5.0,Excellent
5546,6119,Not Rating,Avergae
5547,8174,1.0,Avergae
5548,907,5.0,Excellent
5549,3532,5.0,Excellent
5550,2816,Not Rating,Avergae
5551,4441,1.0,Excellent
5552,7003,Not Rating,Good
5553,3965,2.0,Good
5554,9478,1.0,Good
5555,5061,Not Rating,Poor
5556,6537,1.0,Good
5557,8530,3.0,Excellent
5558,6619,Not Rating,Excellent
5559,7512,Not Rating,Excellent
5560,3648,Not Rating,Excellent
5561,2317,Not Rating,Good
5562,1152,Not Rating,Good
5563,2974,2.0,Good
5564,5430,1.0,Excellent
5565,2323,Not Rating,Avergae
5566,9391,2.0,Good
5567,8483,3.0,Good
5568,7111,2.0,Good
5569,4357,4.0,Excellent
5570,8698,Not Rating,Poor
5571,4010,4.0,Not Provided
5572,834,Not Rating,Poor
5573,4670,1.0,Poor
5574,3392,Not Rating,Not Provided
5575,769,Not Rating,Excellent
5576,2308,Not Rating,Excellent
5577,9199,2.0,Not Provided
5578,2356,5.0,Excellent
5579,7197,Not Rating,Excellent
5580,5759,Not Rating,Good
5581,242,3.0,Good
5582,7862,Not Rating,Excellent
5583,3974,3.0,Avergae
5584,3238,5.0,Excellent
5585,9251,5.0,Good
5586,3570,Not Rating,Good
5587,3397,2.0,Avergae
5588,3290,Not Rating,Avergae
5589,6719,4.0,Excellent
5590,3156,Not Rating,Excellent
5591,6457,4.0,Avergae
5592,8537,Not Rating,Not Provided
5593,7052,4.0,Not Provided
5594,1094,5.0,Avergae
5595,8753,Not Rating,Excellent
5596,4649,3.0,Avergae
5597,6483,3.0,Avergae
5598,4382,Not Rating,Good
5599,9635,Not Rating,Poor
5600,8484,1.0,Excellent
5601,730,1.0,Good
5602,5090,Not Rating,Avergae
5603,4658,5.0,Good
5604,4559,Not Rating,Good
5605,3784,4.0,Excellent
5606,4645,5.0,Excellent
5607,1527,Not Rating,Not Provided
5608,7105,Not Rating,Excellent
5609,3010,5.0,Excellent
5610,3587,Not Rating,Poor
5611,1285,Not Rating,Not Provided
5612,2056,2.0,Avergae
5613,135,5.0,Avergae
5614,8975,5.0,Good
5615,953,4.0,Not Provided
5616,9780,5.0,Not Provided
5617,1603,1.0,Poor
5618,8294,2.0,Poor
5619,370,Not Rating,Excellent
5620,1616,1.0,Excellent
5621,2269,2.0,Not Provided
5622,1723,5.0,Avergae
5623,1905,Not Rating,Avergae
5624,4293,1.0,Poor
5625,2636,3.0,Poor
5626,4035,Not Rating,Excellent
5627,3777,5.0,Excellent
5628,3218,2.0,Excellent
5629,3450,Not Rating,Good
5630,4808,3.0,Poor
5631,9851,3.0,Poor
5632,1565,2.0,Poor
5633,1733,5.0,Avergae
5634,8332,4.0,Excellent
5635,7161,Not Rating,Poor
5636,2991,2.0,Good
5637,6584,3.0,Excellent
5638,707,5.0,Avergae
5639,2928,1.0,Not Provided
5640,3377,2.0,Not Provided
5641,1945,5.0,Avergae
5642,4665,4.0,Poor
5643,4624,1.0,Excellent
5644,4940,Not Rating,Excellent
5645,1737,1.0,Excellent
5646,4814,Not Rating,Excellent
5647,912,4.0,Avergae
5648,4516,Not Rating,Good
5649,4111,5.0,Poor
5650,2343,1.0,Good
5651,8021,4.0,Excellent
5652,8409,4.0,Good
5653,9743,Not Rating,Poor
5654,5330,Not Rating,Avergae
5655,6345,3.0,Excellent
5656,8528,Not Rating,Good
5657,7455,Not Rating,Avergae
5658,9733,Not Rating,Excellent
5659,380,Not Rating,Not Provided
5660,2717,Not Rating,Excellent
5661,7962,Not Rating,Excellent
5662,1147,4.0,Poor
5663,8268,5.0,Excellent
5664,3955,Not Rating,Poor
5665,3050,4.0,Avergae
5666,6424,5.0,Avergae
5667,9480,2.0,Good
5668,3213,3.0,Avergae
5669,7603,2.0,Avergae
5670,7206,Not Rating,Not Provided
5671,4191,5.0,Good
5672,3143,4.0,Excellent
5673,7373,4.0,Avergae
5674,6442,1.0,Excellent
5675,6290,Not Rating,Good
5676,8604,3.0,Excellent
5677,9266,2.0,Avergae
5678,1754,Not Rating,Excellent
5679,8108,1.0,Excellent
5680,7196,4.0,Excellent
5681,3176,Not Rating,Excellent
5682,1746,2.0,Avergae
5683,1763,3.0,Excellent
5684,7252,2.0,Poor
5685,9039,2.0,Good
5686,8008,3.0,Poor
5687,4364,1.0,Excellent
5688,2737,1.0,Not Provided
5689,1444,5.0,Excellent
5690,215,Not Rating,Excellent
5691,9146,4.0,Good
5692,4778,Not Rating,Excellent
5693,8710,2.0,Good
5694,6772,5.0,Good
5695,2815,Not Rating,Excellent
5696,2402,5.0,Poor
5697,3052,Not Rating,Excellent
5698,8963,Not Rating,Excellent
5699,153,Not Rating,Excellent
5700,7940,2.0,Excellent
5701,4474,5.0,Not Provided
5702,928,2.0,Excellent
5703,9734,Not Rating,Avergae
5704,4358,Not Rating,Excellent
5705,2879,1.0,Avergae
5706,1502,Not Rating,Excellent
5707,7372,Not Rating,Avergae
5708,8372,3.0,Excellent
5709,4809,Not Rating,Excellent
5710,8543,2.0,Good
5711,4454,Not Rating,Good
5712,2228,Not Rating,Avergae
5713,8068,2.0,Poor
5714,5899,Not Rating,Avergae
5715,6035,Not Rating,Poor
5716,6006,2.0,Good
5717,3802,2.0,Not Provided
5718,1058,3.0,Not Provided
5719,4613,Not Rating,Excellent
5720,2637,4.0,Avergae
5721,2282,1.0,Excellent
5722,5434,2.0,Good
5723,5511,Not Rating,Excellent
5724,6116,Not Rating,Avergae
5725,3365,1.0,Excellent
5726,752,4.0,Excellent
5727,390,3.0,Avergae
5728,2066,2.0,Poor
5729,7502,1.0,Poor
5730,9576,Not Rating,Poor
5731,7682,5.0,Poor
5732,9104,4.0,Excellent
5733,8577,Not Rating,Excellent
5734,9368,Not Rating,Avergae
5735,5070,Not Rating,Excellent
5736,8447,Not Rating,Good
5737,2348,4.0,Good
5738,9671,Not Rating,Avergae
5739,8017,2.0,Avergae
5740,4212,3.0,Avergae
5741,8235,Not Rating,Not Provided
5742,3241,4.0,Excellent
5743,7734,4.0,Not Provided
5744,6977,Not Rating,Good
5745,9208,5.0,Avergae
5746,4462,Not Rating,Excellent
5747,8345,2.0,Avergae
5748,7821,3.0,Avergae
5749,6946,4.0,Good
5750,5108,Not Rating,Avergae
5751,4532,4.0,Good
5752,6013,5.0,Poor
5753,4939,Not Rating,Not Provided
5754,9077,1.0,Good
5755,8197,4.0,Not Provided
5756,7131,4.0,Poor
5757,8746,3.0,Good
5758,2092,2.0,Good
5759,1920,1.0,Poor
5760,1129,Not Rating,Good
5761,6375,4.0,Excellent
5762,5884,Not Rating,Excellent
5763,9412,5.0,Avergae
5764,616,Not Rating,Avergae
5765,9543,1.0,Not Provided
5766,7446,2.0,Excellent
5767,6446,5.0,Excellent
5768,7353,Not Rating,Avergae
5769,9522,5.0,Excellent
5770,5939,4.0,Excellent
5771,5551,4.0,Avergae
5772,1756,3.0,Excellent
5773,2354,2.0,Poor
5774,7619,2.0,Not Provided
5775,1810,3.0,Not Provided
5776,4849,4.0,Avergae
5777,4993,3.0,Good
5778,9537,Not Rating,Excellent
5779,9256,Not Rating,Not Provided
5780,7154,4.0,Not Provided
5781,2284,5.0,Excellent
5782,2254,1.0,Excellent
5783,9780,Not Rating,Poor
5784,7013,1.0,Good
5785,137,4.0,Excellent
5786,7377,4.0,Good
5787,691,Not Rating,Excellent
5788,3302,Not Rating,Excellent
5789,5646,1.0,Poor
5790,1577,5.0,Avergae
5791,4895,Not Rating,Excellent
5792,9085,5.0,Good
5793,7879,2.0,Excellent
5794,9312,Not Rating,Excellent
5795,8185,Not Rating,Excellent
5796,9285,3.0,Not Provided
5797,9120,Not Rating,Not Provided
5798,4011,4.0,Excellent
5799,1294,2.0,Good
5800,3296,1.0,Not Provided
5801,864,4.0,Poor
5802,9913,3.0,Excellent
5803,496,Not Rating,Excellent
5804,2830,3.0,Excellent
5805,4833,1.0,Avergae
5806,1732,Not Rating,Not Provided
5807,4320,Not Rating,Good
5808,5891,4.0,Excellent
5809,6271,5.0,Not Provided
5810,3300,2.0,Excellent
5811,7616,1.0,Not Provided
5812,3924,Not Rating,Excellent
5813,8195,5.0,Excellent
5814,4927,4.0,Poor
5815,7550,Not Rating,Excellent
5816,9118,Not Rating,Excellent
5817,1177,1.0,Poor
5818,5843,Not Rating,Avergae
5819,6937,1.0,Excellent
5820,4967,1.0,Poor
5821,1871,4.0,Excellent
5822,8488,5.0,Not Provided
5823,3768,Not Rating,Poor
5824,4176,5.0,Poor
5825,9586,Not Rating,Excellent
5826,3719,2.0,Not Provided
5827,9568,Not Rating,Not Provided
5828,9522,1.0,Excellent
5829,8316,Not Rating,Poor
5830,4881,Not Rating,Poor
5831,1813,Not Rating,Poor
5832,4252,Not Rating,Excellent
5833,9528,Not Rating,Excellent
5834,8658,5.0,Avergae
5835,298,5.0,Avergae
5836,2953,Not Rating,Excellent
5837,2082,Not Rating,Avergae
5838,8627,2.0,Good
5839,5552,1.0,Excellent
5840,1822,5.0,Excellent
5841,2372,Not Rating,Good
5842,8103,3.0,Not Provided
5843,3216,5.0,Not Provided
5844,2646,1.0,Excellent
5845,9648,Not Rating,Poor
5846,444,Not Rating,Not Provided
5847,2707,3.0,Good
5848,1133,5.0,Avergae
5849,5145,4.0,Avergae
5850,24,Not Rating,Excellent
5851,6706,Not Rating,Excellent
5852,3626,2.0,Excellent
5853,8943,Not Rating,Avergae
5854,8389,1.0,Excellent
5855,6096,Not Rating,Not Provided
5856,8404,2.0,Excellent
5857,4391,3.0,Poor
5858,1257,2.0,Excellent
5859,5860,4.0,Good
5860,5969,Not Rating,Good
5861,7353,4.0,Avergae
5862,1726,Not Rating,Not Provided
5863,8223,5.0,Excellent
5864,5451,3.0,Excellent
5865,1281,Not Rating,Excellent
5866,2138,3.0,Excellent
5867,1159,1.0,Avergae
5868,3877,Not Rating,Not Provided
5869,9160,Not Rating,Excellent
5870,5264,5.0,Excellent
5871,2569,4.0,Not Provided
5872,3272,2.0,Excellent
5873,7336,Not Rating,Good
5874,1544,1.0,Poor
5875,5635,3.0,Good
5876,4540,3.0,Poor
5877,173,3.0,Not Provided
5878,4685,Not Rating,Excellent
5879,47,3.0,Good
5880,1257,2.0,Excellent
5881,2685,2.0,Excellent
5882,6491,3.0,Avergae
5883,4171,1.0,Good
5884,2757,2.0,Excellent
5885,9802,2.0,Good
5886,5588,Not Rating,Poor
5887,1881,2.0,Excellent
5888,2130,1.0,Excellent
5889,6056,4.0,Avergae
5890,8043,Not Rating,Good
5891,8009,4.0,Good
5892,6097,Not Rating,Good
5893,1665,Not Rating,Avergae
5894,9014,5.0,Avergae
5895,4217,1.0,Excellent
5896,1703,Not Rating,Good
5897,7541,5.0,Poor
5898,5380,Not Rating,Not Provided
5899,5529,Not Rating,Avergae
5900,4695,Not Rating,Avergae
5901,1621,2.0,Poor
5902,176,Not Rating,Excellent
5903,5238,3.0,Not Provided
5904,9516,3.0,Not Provided
5905,3177,1.0,Excellent
5906,887,Not Rating,Excellent
5907,7779,1.0,Avergae
5908,6594,Not Rating,Poor
5909,1579,Not Rating,Poor
5910,9657,1.0,Good
5911,5040,Not Rating,Excellent
5912,5491,5.0,Avergae
5913,3388,4.0,Poor
5914,3230,1.0,Poor
5915,6838,Not Rating,Excellent
5916,2633,4.0,Good
5917,1266,3.0,Poor
5918,1963,5.0,Excellent
5919,7885,3.0,Excellent
5920,2609,3.0,Poor
5921,164,2.0,Poor
5922,2103,2.0,Poor
5923,3357,Not Rating,Avergae
5924,6832,Not Rating,Avergae
5925,7445,4.0,Good
5926,8573,3.0,Avergae
5927,5619,4.0,Good
5928,7913,Not Rating,Excellent
5929,9826,Not Rating,Not Provided
5930,9350,3.0,Excellent
5931,5747,4.0,Poor
5932,133,4.0,Excellent
5933,2940,2.0,Avergae
5934,2449,1.0,Poor
5935,3773,5.0,Excellent
5936,4198,4.0,Not Provided
5937,573,3.0,Poor
5938,7546,Not Rating,Poor
5939,5477,1.0,Good
5940,5522,5.0,Avergae
5941,9139,4.0,Good
5942,2043,5.0,Not Provided
5943,1721,3.0,Excellent
5944,2374,1.0,Excellent
5945,3915,5.0,Good
5946,2256,4.0,Not Provided
5947,5170,1.0,Good
5948,5284,2.0,Avergae
5949,642,5.0,Not Provided
5950,8677,Not Rating,Excellent
5951,6136,3.0,Poor
5952,8087,Not Rating,Excellent
5953,310,3.0,Excellent
5954,1969,1.0,Avergae
5955,426,2.0,Avergae
5956,2333,Not Rating,Good
5957,1969,1.0,Not Provided
5958,9702,4.0,Excellent
5959,8101,4.0,Excellent
5960,1416,1.0,Not Provided
5961,3331,Not Rating,Not Provided
5962,1032,Not Rating,Poor
5963,5424,2.0,Not Provided
5964,2451,5.0,Good
5965,4431,2.0,Excellent
5966,8179,Not Rating,Excellent
5967,9327,Not Rating,Not Provided
5968,8933,Not Rating,Good
5969,89,1.0,Excellent
5970,2172,2.0,Not Provided
5971,1910,3.0,Excellent
5972,3715,Not Rating,Excellent
5973,9140,4.0,Excellent
5974,891,2.0,Poor
5975,2312,2.0,Good
5976,7652,4.0,Avergae
5977,919,2.0,Avergae
5978,1013,Not Rating,Good
5979,8300,1.0,Excellent
5980,2544,2.0,Avergae
5981,3182,Not Rating,Poor
5982,6434,Not Rating,Excellent
5983,3337,Not Rating,Avergae
5984,1333,Not Rating,Not Provided
5985,6493,Not Rating,Not Provided
5986,1152,1.0,Excellent
5987,4612,5.0,Avergae
5988,1445,4.0,Not Provided
5989,9244,Not Rating,Excellent
5990,5117,Not Rating,Good
5991,7016,Not Rating,Avergae
5992,2538,Not Rating,Excellent
5993,4310,Not Rating,Good
5994,1295,4.0,Avergae
5995,1503,Not Rating,Excellent
5996,3550,5.0,Excellent
5997,6946,1.0,Good
5998,6281,2.0,Poor
5999,832,1.0,Poor
6000,7823,2.0,Excellent
6001,5933,Not Rating,Excellent
6002,717,1.0,Avergae
6003,1299,4.0,Avergae
6004,1519,5.0,Good
6005,3761,1.0,Avergae
6006,891,3.0,Excellent
6007,5382,2.0,Good
6008,2569,4.0,Excellent
6009,4645,Not Rating,Poor
6010,8164,3.0,Avergae
6011,6025,5.0,Good
6012,4424,Not Rating,Excellent
6013,3339,4.0,Excellent
6014,8083,1.0,Excellent
6015,381,Not Rating,Excellent
6016,7897,5.0,Good
6017,5223,3.0,Excellent
6018,6599,1.0,Good
6019,9505,Not Rating,Good
6020,7401,Not Rating,Excellent
6021,722,Not Rating,Good
6022,6552,2.0,Avergae
6023,5082,2.0,Good
6024,1471,5.0,Excellent
6025,8643,3.0,Avergae
6026,9866,1.0,Excellent
6027,3995,3.0,Excellent
6028,5034,2.0,Good
6029,4969,Not Rating,Excellent
6030,3966,1.0,Good
6031,9005,Not Rating,Not Provided
6032,1431,2.0,Good
6033,3719,5.0,Poor
6034,1990,3.0,Poor
6035,2033,2.0,Not Provided
6036,4411,Not Rating,Good
6037,8192,2.0,Excellent
6038,8224,5.0,Not Provided
6039,9732,3.0,Excellent
6040,201,3.0,Excellent
6041,1486,Not Rating,Excellent
6042,6491,5.0,Not Provided
6043,6932,2.0,Poor
6044,9133,4.0,Poor
6045,7401,5.0,Excellent
6046,9392,5.0,Good
6047,1845,5.0,Not Provided
6048,1680,2.0,Avergae
6049,9314,1.0,Good
6050,6253,4.0,Excellent
6051,579,Not Rating,Poor
6052,3341,Not Rating,Not Provided
6053,7262,3.0,Excellent
6054,1509,3.0,Good
6055,515,Not Rating,Not Provided
6056,8275,Not Rating,Excellent
6057,9944,Not Rating,Excellent
6058,6154,1.0,Excellent
6059,8534,Not Rating,Good
6060,9687,Not Rating,Poor
6061,4509,3.0,Avergae
6062,8536,1.0,Poor
6063,2810,5.0,Excellent
6064,3604,3.0,Excellent
6065,7173,2.0,Excellent
6066,7385,4.0,Avergae
6067,2702,Not Rating,Excellent
6068,5615,5.0,Not Provided
6069,5722,5.0,Good
6070,1961,2.0,Excellent
6071,2610,5.0,Not Provided
6072,4282,Not Rating,Poor
6073,3403,Not Rating,Avergae
6074,3591,Not Rating,Excellent
6075,9846,Not Rating,Avergae
6076,8175,1.0,Excellent
6077,1123,3.0,Not Provided
6078,9032,Not Rating,Poor
6079,6252,5.0,Avergae
6080,1197,Not Rating,Good
6081,9428,5.0,Good
6082,7392,Not Rating,Poor
6083,8382,2.0,Avergae
6084,9736,2.0,Avergae
6085,3034,Not Rating,Good
6086,1071,Not Rating,Excellent
6087,3400,2.0,Excellent
6088,2806,4.0,Excellent
6089,3592,Not Rating,Excellent
6090,930,Not Rating,Not Provided
6091,992,3.0,Excellent
6092,3205,2.0,Excellent
6093,5987,Not Rating,Excellent
6094,2931,Not Rating,Not Provided
6095,5319,5.0,Excellent
6096,5585,Not Rating,Excellent
6097,2126,3.0,Avergae
6098,7104,Not Rating,Poor
6099,6814,Not Rating,Good
6100,9339,Not Rating,Poor
6101,8587,2.0,Not Provided
6102,9235,5.0,Good
6103,9701,Not Rating,Avergae
6104,9737,3.0,Not Provided
6105,4930,Not Rating,Good
6106,4665,Not Rating,Poor
6107,6287,4.0,Poor
6108,4767,4.0,Excellent
6109,4455,2.0,Poor
6110,1219,Not Rating,Poor
6111,7999,1.0,Good
6112,5595,4.0,Good
6113,9047,4.0,Not Provided
6114,6605,1.0,Excellent
6115,641,Not Rating,Excellent
6116,8325,2.0,Excellent
6117,3155,1.0,Not Provided
6118,3715,1.0,Excellent
6119,1928,4.0,Poor
6120,2261,2.0,Avergae
6121,6289,5.0,Excellent
6122,4470,5.0,Poor
6123,5313,5.0,Good
6124,5628,Not Rating,Excellent
6125,6310,Not Rating,Excellent
6126,9600,2.0,Not Provided
6127,8593,4.0,Poor
6128,2908,3.0,Poor
6129,5692,Not Rating,Excellent
6130,2386,2.0,Excellent
6131,1663,3.0,Excellent
6132,9550,Not Rating,Avergae
6133,854,Not Rating,Excellent
6134,5369,4.0,Excellent
6135,3594,Not Rating,Good
6136,4532,5.0,Avergae
6137,2082,4.0,Excellent
6138,8582,Not Rating,Poor
6139,6675,Not Rating,Avergae
6140,6468,3.0,Avergae
6141,2229,5.0,Excellent
6142,2829,2.0,Poor
6143,9737,1.0,Not Provided
6144,963,4.0,Poor
6145,3637,4.0,Avergae
6146,8323,3.0,Not Provided
6147,3705,Not Rating,Good
6148,6662,3.0,Avergae
6149,9270,Not Rating,Good
6150,3333,Not Rating,Good
6151,2517,Not Rating,Excellent
6152,2748,Not Rating,Not Provided
6153,7549,3.0,Avergae
6154,5901,2.0,Excellent
6155,6902,3.0,Poor
6156,602,3.0,Good
6157,2971,Not Rating,Not Provided
6158,4089,2.0,Avergae
6159,4833,1.0,Avergae
6160,5712,5.0,Excellent
6161,4162,4.0,Excellent
6162,2723,3.0,Avergae
6163,4941,1.0,Not Provided
6164,3918,1.0,Poor
6165,8496,Not Rating,Not Provided
6166,4681,2.0,Poor
6167,2626,Not Rating,Excellent
6168,4487,Not Rating,Excellent
6169,7604,5.0,Avergae
6170,254,Not Rating,Poor
6171,1066,3.0,Poor
6172,7981,2.0,Excellent
6173,7113,Not Rating,Not Provided
6174,2997,1.0,Poor
6175,9027,4.0,Good
6176,8643,Not Rating,Excellent
6177,6024,Not Rating,Not Provided
6178,473,Not Rating,Good
6179,7526,Not Rating,Avergae
6180,9581,1.0,Avergae
6181,68,4.0,Excellent
6182,9464,Not Rating,Excellent
6183,7748,3.0,Good
6184,9226,1.0,Avergae
6185,2263,3.0,Not Provided
6186,5593,Not Rating,Excellent
6187,5297,5.0,Poor
6188,4269,3.0,Not Provided
6189,6775,5.0,Not Provided
6190,3154,3.0,Poor
6191,5167,Not Rating,Not Provided
6192,3198,5.0,Avergae
6193,4347,1.0,Not Provided
6194,6058,2.0,Avergae
6195,7750,3.0,Excellent
6196,8079,Not Rating,Avergae
6197,4315,Not Rating,Excellent
6198,9326,Not Rating,Excellent
6199,8360,Not Rating,Poor
6200,613,2.0,Excellent
6201,8331,Not Rating,Excellent
6202,5953,2.0,Not Provided
6203,6465,5.0,Excellent
6204,8261,3.0,Excellent
6205,2362,1.0,Excellent
6206,4134,2.0,Poor
6207,6059,Not Rating,Good
6208,3163,3.0,Poor
6209,9745,2.0,Good
6210,9224,Not Rating,Good
6211,8839,Not Rating,Not Provided
6212,7343,Not Rating,Excellent
6213,7407,3.0,Poor
6214,3627,5.0,Avergae
6215,6840,5.0,Avergae
6216,9561,Not Rating,Excellent
6217,6644,5.0,Not Provided
6218,3791,Not Rating,Good
6219,6931,Not Rating,Poor
6220,5018,Not Rating,Avergae
6221,1000,4.0,Poor
6222,1968,1.0,Good
6223,7069,1.0,Good
6224,2692,2.0,Excellent
6225,9322,3.0,Avergae
6226,5151,2.0,Excellent
6227,1228,4.0,Good
6228,527,Not Rating,Not Provided
6229,5667,Not Rating,Not Provided
6230,5432,2.0,Not Provided
6231,677,5.0,Good
6232,6077,4.0,Good
6233,9192,3.0,Excellent
6234,1630,2.0,Avergae
6235,853,1.0,Excellent
6236,4560,Not Rating,Good
6237,1470,Not Rating,Good
6238,5352,5.0,Not Provided
6239,6573,2.0,Not Provided
6240,2014,Not Rating,Avergae
6241,1941,Not Rating,Not Provided
6242,4596,Not Rating,Not Provided
6243,5279,4.0,Not Provided
6244,9371,Not Rating,Poor
6245,2669,Not Rating,Poor
6246,7642,2.0,Avergae
6247,2576,3.0,Excellent
6248,4685,2.0,Excellent
6249,8268,3.0,Poor
6250,867,2.0,Not Provided
6251,4750,Not Rating,Excellent
6252,4781,4.0,Excellent
6253,3779,Not Rating,Not Provided
6254,675,4.0,Avergae
6255,7440,1.0,Good
6256,640,Not Rating,Poor
6257,6963,Not Rating,Avergae
6258,3936,Not Rating,Excellent
6259,1832,3.0,Excellent
6260,516,2.0,Not Provided
6261,8789,3.0,Good
6262,9092,Not Rating,Not Provided
6263,1666,3.0,Excellent
6264,8543,2.0,Avergae
6265,7980,1.0,Not Provided
6266,6300,5.0,Avergae
6267,887,2.0,Not Provided
6268,5208,1.0,Excellent
6269,293,4.0,Excellent
6270,3890,Not Rating,Excellent
6271,3452,2.0,Poor
6272,2511,5.0,Good
6273,372,Not Rating,Avergae
6274,9708,Not Rating,Excellent
6275,6420,Not Rating,Poor
6276,6890,5.0,Excellent
6277,4331,5.0,Poor
6278,4126,4.0,Not Provided
6279,5913,4.0,Not Provided
6280,8640,Not Rating,Good
6281,3362,5.0,Not Provided
6282,6663,2.0,Not Provided
6283,5866,5.0,Excellent
6284,6739,2.0,Poor
6285,8858,5.0,Excellent
6286,4077,5.0,Avergae
6287,2071,Not Rating,Good
6288,4788,5.0,Not Provided
6289,2755,5.0,Avergae
6290,8379,3.0,Good
6291,9409,2.0,Not Provided
6292,1825,4.0,Avergae
6293,3808,Not Rating,Avergae
6294,252,Not Rating,Poor
6295,5878,Not Rating,Excellent
6296,1059,5.0,Not Provided
6297,4990,Not Rating,Not Provided
6298,7274,5.0,Good
6299,6293,Not Rating,Poor
6300,4903,4.0,Not Provided
6301,4309,Not Rating,Good
6302,5465,1.0,Excellent
6303,5536,2.0,Excellent
6304,4884,Not Rating,Excellent
6305,5666,1.0,Excellent
6306,6646,3.0,Good
6307,588,3.0,Excellent
6308,7889,Not Rating,Avergae
6309,4872,4.0,Avergae
6310,6887,1.0,Excellent
6311,522,2.0,Poor
6312,6285,2.0,Excellent
6313,6569,Not Rating,Good
6314,2429,1.0,Excellent
6315,8314,2.0,Not Provided
6316,6995,Not Rating,Poor
6317,2651,Not Rating,Good
6318,4760,Not Rating,Poor
6319,3143,3.0,Excellent
6320,3067,3.0,Not Provided
6321,5150,Not Rating,Excellent
6322,5920,Not Rating,Good
6323,184,3.0,Not Provided
6324,1046,3.0,Good
6325,8102,1.0,Poor
6326,6046,1.0,Not Provided
6327,4796,Not Rating,Excellent
6328,6355,4.0,Excellent
6329,571,Not Rating,Excellent
6330,1354,5.0,Good
6331,372,2.0,Avergae
6332,1248,5.0,Excellent
6333,5540,5.0,Excellent
6334,7204,3.0,Good
6335,464,Not Rating,Good
6336,9687,4.0,Avergae
6337,9890,Not Rating,Excellent
6338,4614,5.0,Excellent
6339,7141,1.0,Poor
6340,9873,4.0,Avergae
6341,2844,1.0,Excellent
6342,5566,Not Rating,Not Provided
6343,9338,2.0,Excellent
6344,6951,3.0,Not Provided
6345,5750,1.0,Not Provided
6346,2546,5.0,Excellent
6347,7985,5.0,Poor
6348,9599,3.0,Excellent
6349,6367,1.0,Avergae
6350,1753,4.0,Excellent
6351,1181,Not Rating,Not Provided
6352,4443,Not Rating,Excellent
6353,2075,5.0,Avergae
6354,1637,3.0,Good
6355,2181,5.0,Poor
6356,6563,Not Rating,Not Provided
6357,306,4.0,Avergae
6358,534,Not Rating,Excellent
6359,2077,2.0,Excellent
6360,4035,Not Rating,Not Provided
6361,1341,Not Rating,Not Provided
6362,2839,Not Rating,Poor
6363,1811,4.0,Avergae
6364,2773,Not Rating,Excellent
6365,3042,5.0,Excellent
6366,9840,5.0,Excellent
6367,8520,5.0,Poor
6368,5499,Not Rating,Good
6369,1857,1.0,Poor
6370,9886,5.0,Good
6371,5353,1.0,Excellent
6372,9502,1.0,Excellent
6373,7933,Not Rating,Excellent
6374,5223,3.0,Poor
6375,662,1.0,Poor
6376,8840,5.0,Poor
6377,3252,5.0,Excellent
6378,1866,2.0,Good
6379,8678,Not Rating,Avergae
6380,9970,4.0,Avergae
6381,5768,Not Rating,Poor
6382,9827,3.0,Avergae
6383,8091,3.0,Avergae
6384,1949,1.0,Not Provided
6385,4509,2.0,Excellent
6386,9562,3.0,Excellent
6387,1103,3.0,Good
6388,771,2.0,Excellent
6389,9288,3.0,Excellent
6390,774,3.0,Excellent
6391,8218,1.0,Poor
6392,3449,4.0,Excellent
6393,9477,2.0,Poor
6394,274,Not Rating,Avergae
6395,1029,2.0,Avergae
6396,6695,Not Rating,Not Provided
6397,4823,Not Rating,Avergae
6398,1110,3.0,Excellent
6399,122,Not Rating,Not Provided
6400,7465,Not Rating,Excellent
6401,1010,5.0,Good
6402,5377,3.0,Avergae
6403,9556,5.0,Good
6404,6264,4.0,Poor
6405,7318,1.0,Excellent
6406,1572,4.0,Poor
6407,6839,Not Rating,Good
6408,4310,3.0,Excellent
6409,565,1.0,Poor
6410,7097,3.0,Good
6411,1945,2.0,Good
6412,1705,5.0,Avergae
6413,6492,5.0,Poor
6414,5316,4.0,Excellent
6415,4808,5.0,Not Provided
6416,7400,1.0,Excellent
6417,2087,Not Rating,Avergae
6418,4212,2.0,Avergae
6419,5780,3.0,Avergae
6420,4954,Not Rating,Poor
6421,8440,Not Rating,Poor
6422,7916,3.0,Excellent
6423,2345,3.0,Excellent
6424,887,Not Rating,Avergae
6425,7168,4.0,Avergae
6426,4544,5.0,Excellent
6427,726,Not Rating,Excellent
6428,4556,1.0,Poor
6429,7795,Not Rating,Poor
6430,6513,4.0,Poor
6431,4968,Not Rating,Not Provided
6432,4821,Not Rating,Excellent
6433,6214,2.0,Avergae
6434,6591,Not Rating,Good
6435,1391,4.0,Good
6436,3204,2.0,Poor
6437,4025,4.0,Poor
6438,7922,Not Rating,Excellent
6439,3538,Not Rating,Good
6440,1097,1.0,Not Provided
6441,5649,3.0,Good
6442,6567,Not Rating,Excellent
6443,1966,Not Rating,Excellent
6444,4138,3.0,Not Provided
6445,6936,Not Rating,Avergae
6446,1978,4.0,Excellent
6447,6964,3.0,Avergae
6448,4692,1.0,Excellent
6449,1847,Not Rating,Avergae
6450,6005,2.0,Avergae
6451,8766,Not Rating,Excellent
6452,1755,4.0,Excellent
6453,5071,5.0,Excellent
6454,7886,4.0,Excellent
6455,4977,4.0,Avergae
6456,7199,5.0,Poor
6457,1557,5.0,Good
6458,8304,Not Rating,Not Provided
6459,9674,2.0,Not Provided
6460,4396,Not Rating,Excellent
6461,4649,Not Rating,Excellent
6462,1661,Not Rating,Good
6463,5815,3.0,Not Provided
6464,7307,Not Rating,Excellent
6465,2232,3.0,Not Provided
6466,8827,3.0,Poor
6467,9518,2.0,Good
6468,3552,Not Rating,Excellent
6469,8879,4.0,Not Provided
6470,3171,Not Rating,Excellent
6471,5476,Not Rating,Excellent
6472,690,1.0,Poor
6473,6743,3.0,Not Provided
6474,1397,4.0,Excellent
6475,1157,5.0,Avergae
6476,3580,5.0,Avergae
6477,4678,4.0,Good
6478,8471,Not Rating,Excellent
6479,4499,Not Rating,Good
6480,5179,3.0,Poor
6481,1316,2.0,Good
6482,9783,1.0,Avergae
6483,3320,Not Rating,Good
6484,2972,3.0,Excellent
6485,7965,1.0,Poor
6486,3491,1.0,Poor
6487,1395,5.0,Excellent
6488,8982,Not Rating,Excellent
6489,9983,Not Rating,Poor
6490,9163,Not Rating,Excellent
6491,1211,2.0,Excellent
6492,9841,Not Rating,Avergae
6493,1625,3.0,Excellent
6494,3098,1.0,Excellent
6495,7782,5.0,Avergae
6496,7249,4.0,Good
6497,910,3.0,Excellent
6498,3229,4.0,Not Provided
6499,6869,1.0,Excellent
6500,86,Not Rating,Excellent
6501,4764,Not Rating,Poor
6502,7558,Not Rating,Poor
6503,1502,Not Rating,Excellent
6504,4432,5.0,Avergae
6505,7984,2.0,Avergae
6506,6586,2.0,Avergae
6507,644,2.0,Excellent
6508,6294,5.0,Excellent
6509,1674,5.0,Excellent
6510,2247,Not Rating,Good
6511,7601,2.0,Excellent
6512,9031,1.0,Not Provided
6513,2599,5.0,Excellent
6514,6753,3.0,Not Provided
6515,8918,Not Rating,Excellent
6516,7413,5.0,Excellent
6517,8112,4.0,Poor
6518,7788,1.0,Excellent
6519,3394,3.0,Not Provided
6520,608,Not Rating,Poor
6521,9775,5.0,Poor
6522,7327,3.0,Excellent
6523,6958,3.0,Avergae
6524,2640,3.0,Good
6525,4542,2.0,Not Provided
6526,46,Not Rating,Excellent
6527,354,5.0,Poor
6528,8062,3.0,Good
6529,7517,Not Rating,Avergae
6530,8768,4.0,Excellent
6531,1262,3.0,Excellent
6532,5962,5.0,Good
6533,2056,Not Rating,Avergae
6534,9762,2.0,Good
6535,4497,4.0,Avergae
6536,8553,2.0,Poor
6537,8001,2.0,Not Provided
6538,4285,Not Rating,Not Provided
6539,2046,1.0,Avergae
6540,6201,4.0,Excellent
6541,8908,5.0,Not Provided
6542,7305,1.0,Avergae
6543,2653,Not Rating,Good
6544,6730,Not Rating,Good
6545,6929,Not Rating,Avergae
6546,2373,Not Rating,Excellent
6547,4936,Not Rating,Not Provided
6548,6489,Not Rating,Excellent
6549,2774,2.0,Excellent
6550,6145,Not Rating,Excellent
6551,4002,1.0,Avergae
6552,3352,Not Rating,Not Provided
6553,6909,5.0,Poor
6554,5662,Not Rating,Good
6555,8726,3.0,Excellent
6556,4859,5.0,Excellent
6557,9139,1.0,Excellent
6558,7159,4.0,Avergae
6559,1684,1.0,Poor
6560,6556,2.0,Excellent
6561,789,1.0,Excellent
6562,1038,3.0,Excellent
6563,8416,Not Rating,Excellent
6564,7489,Not Rating,Not Provided
6565,7497,Not Rating,Good
6566,1084,1.0,Avergae
6567,6059,1.0,Excellent
6568,8205,Not Rating,Excellent
6569,2748,3.0,Excellent
6570,7040,Not Rating,Excellent
6571,8696,4.0,Not Provided
6572,137,Not Rating,Excellent
6573,1553,5.0,Excellent
6574,3727,5.0,Not Provided
6575,2994,Not Rating,Poor
6576,4694,Not Rating,Avergae
6577,8288,5.0,Avergae
6578,9664,1.0,Not Provided
6579,899,2.0,Excellent
6580,9046,Not Rating,Not Provided
6581,9143,Not Rating,Good
6582,4054,2.0,Good
6583,5501,5.0,Excellent
6584,839,4.0,Excellent
6585,6587,2.0,Avergae
6586,2312,1.0,Excellent
6587,3619,2.0,Poor
6588,6597,5.0,Excellent
6589,8278,1.0,Excellent
6590,3476,3.0,Excellent
6591,9072,4.0,Good
6592,5392,Not Rating,Avergae
6593,3794,2.0,Good
6594,9087,Not Rating,Excellent
6595,9780,3.0,Excellent
6596,452,Not Rating,Excellent
6597,7561,Not Rating,Avergae
6598,5205,2.0,Excellent
6599,9913,1.0,Good
6600,4120,4.0,Good
6601,2084,5.0,Not Provided
6602,3129,3.0,Excellent
6603,1747,4.0,Avergae
6604,4248,1.0,Not Provided
6605,3933,Not Rating,Excellent
6606,7156,4.0,Excellent
6607,4327,5.0,Excellent
6608,5046,5.0,Excellent
6609,8675,Not Rating,Good
6610,7939,5.0,Excellent
6611,3594,3.0,Not Provided
6612,6803,Not Rating,Poor
6613,5934,4.0,Excellent
6614,6102,1.0,Good
6615,6851,2.0,Avergae
6616,6473,Not Rating,Poor
6617,4629,Not Rating,Excellent
6618,1385,4.0,Excellent
6619,6103,4.0,Excellent
6620,1408,Not Rating,Avergae
6621,3185,1.0,Not Provided
6622,3752,5.0,Excellent
6623,7706,2.0,Good
6624,1318,5.0,Not Provided
6625,4614,Not Rating,Not Provided
6626,7476,4.0,Not Provided
6627,2104,1.0,Excellent
6628,7447,Not Rating,Avergae
6629,4473,Not Rating,Good
6630,9876,1.0,Excellent
6631,8231,5.0,Excellent
6632,5458,Not Rating,Excellent
6633,4542,5.0,Not Provided
6634,6290,3.0,Good
6635,5258,5.0,Good
6636,4054,4.0,Avergae
6637,5760,1.0,Poor
6638,5110,5.0,Excellent
6639,3640,Not Rating,Excellent
6640,9985,Not Rating,Avergae
6641,6888,1.0,Poor
6642,4204,5.0,Avergae
6643,2304,4.0,Avergae
6644,769,1.0,Excellent
6645,279,2.0,Poor
6646,7630,1.0,Excellent
6647,5933,4.0,Excellent
6648,104,2.0,Avergae
6649,28,2.0,Not Provided
6650,3089,4.0,Not Provided
6651,2513,1.0,Excellent
6652,175,Not Rating,Poor
6653,1794,1.0,Good
6654,23,Not Rating,Excellent
6655,3690,Not Rating,Good
6656,7225,3.0,Poor
6657,6796,Not Rating,Good
6658,431,1.0,Good
6659,8304,5.0,Avergae
6660,2823,Not Rating,Poor
6661,6516,3.0,Avergae
6662,9777,1.0,Good
6663,7077,3.0,Good
6664,2606,5.0,Excellent
6665,9006,4.0,Excellent
6666,3361,Not Rating,Excellent
6667,9063,5.0,Excellent
6668,7666,Not Rating,Excellent
6669,2235,1.0,Poor
6670,9213,1.0,Avergae
6671,2651,4.0,Avergae
6672,4781,4.0,Good
6673,7773,5.0,Excellent
6674,9216,2.0,Excellent
6675,6420,Not Rating,Not Provided
6676,2358,4.0,Avergae
6677,6838,4.0,Not Provided
6678,5029,Not Rating,Excellent
6679,8823,5.0,Poor
6680,9052,4.0,Poor
6681,4941,2.0,Poor
6682,4690,5.0,Poor
6683,3909,1.0,Excellent
6684,8988,4.0,Not Provided
6685,1949,1.0,Excellent
6686,3251,2.0,Avergae
6687,2457,2.0,Good
6688,3592,1.0,Excellent
6689,7665,Not Rating,Avergae
6690,3398,4.0,Excellent
6691,5471,1.0,Excellent
6692,5555,3.0,Not Provided
6693,5738,4.0,Avergae
6694,1915,Not Rating,Avergae
6695,8492,2.0,Excellent
6696,7283,2.0,Poor
6697,6906,4.0,Poor
6698,2787,5.0,Poor
6699,4841,1.0,Not Provided
6700,6078,2.0,Poor
6701,707,Not Rating,Poor
6702,5398,Not Rating,Poor
6703,4651,3.0,Good
6704,1224,3.0,Excellent
6705,1081,5.0,Poor
6706,4364,4.0,Not Provided
6707,2883,4.0,Avergae
6708,6089,4.0,Avergae
6709,8295,2.0,Poor
6710,7508,Not Rating,Poor
6711,2812,Not Rating,Excellent
6712,3663,5.0,Excellent
6713,9070,5.0,Good
6714,1563,1.0,Good
6715,4365,1.0,Excellent
6716,3367,Not Rating,Not Provided
6717,9705,Not Rating,Excellent
6718,7907,4.0,Poor
6719,4120,Not Rating,Excellent
6720,2994,3.0,Avergae
6721,7558,3.0,Avergae
6722,3797,Not Rating,Poor
6723,9810,Not Rating,Excellent
6724,6603,Not Rating,Good
6725,6933,3.0,Excellent
6726,2272,Not Rating,Not Provided
6727,3989,Not Rating,Poor
6728,5292,4.0,Excellent
6729,4137,1.0,Excellent
6730,1387,Not Rating,Excellent
6731,181,3.0,Not Provided
6732,9803,1.0,Avergae
6733,6489,1.0,Not Provided
6734,1493,2.0,Excellent
6735,2405,Not Rating,Poor
6736,9891,Not Rating,Avergae
6737,7662,4.0,Excellent
6738,2053,Not Rating,Not Provided
6739,4492,Not Rating,Avergae
6740,9644,Not Rating,Poor
6741,3858,Not Rating,Not Provided
6742,2820,Not Rating,Not Provided
6743,5102,2.0,Excellent
6744,3554,Not Rating,Excellent
6745,8198,Not Rating,Avergae
6746,4068,Not Rating,Avergae
6747,7721,2.0,Good
6748,3609,2.0,Good
6749,1590,4.0,Avergae
6750,3918,1.0,Good
6751,3995,Not Rating,Poor
6752,479,2.0,Avergae
6753,5449,3.0,Excellent
6754,2275,1.0,Excellent
6755,2004,Not Rating,Excellent
6756,5118,Not Rating,Excellent
6757,365,Not Rating,Poor
6758,976,5.0,Not Provided
6759,2597,Not Rating,Excellent
6760,9125,Not Rating,Avergae
6761,5995,4.0,Good
6762,5045,Not Rating,Excellent
6763,5207,1.0,Excellent
6764,9682,Not Rating,Not Provided
6765,3408,3.0,Avergae
6766,7916,Not Rating,Excellent
6767,5326,1.0,Avergae
6768,5441,Not Rating,Excellent
6769,3814,Not Rating,Excellent
6770,6216,Not Rating,Excellent
6771,2332,4.0,Not Provided
6772,1290,5.0,Excellent
6773,5440,3.0,Avergae
6774,9556,Not Rating,Avergae
6775,9974,5.0,Excellent
6776,7034,Not Rating,Poor
6777,2101,Not Rating,Poor
6778,772,1.0,Poor
6779,7584,Not Rating,Good
6780,1174,2.0,Excellent
6781,3736,Not Rating,Avergae
6782,8310,3.0,Good
6783,6072,5.0,Not Provided
6784,4622,1.0,Avergae
6785,416,2.0,Excellent
6786,3516,4.0,Poor
6787,8445,1.0,Good
6788,4943,2.0,Not Provided
6789,237,2.0,Avergae
6790,2090,1.0,Not Provided
6791,4249,2.0,Avergae
6792,8593,Not Rating,Not Provided
6793,9926,Not Rating,Excellent
6794,6010,Not Rating,Avergae
6795,4335,5.0,Excellent
6796,7496,Not Rating,Not Provided
6797,9396,Not Rating,Excellent
6798,1354,Not Rating,Poor
6799,9210,5.0,Excellent
6800,6336,4.0,Avergae
6801,6068,4.0,Not Provided
6802,5249,5.0,Good
6803,6340,5.0,Excellent
6804,8776,Not Rating,Avergae
6805,6194,Not Rating,Poor
6806,6916,5.0,Not Provided
6807,8590,1.0,Poor
6808,3764,5.0,Good
6809,1157,4.0,Not Provided
6810,2451,Not Rating,Good
6811,3322,1.0,Excellent
6812,2701,5.0,Poor
6813,1909,5.0,Poor
6814,3808,4.0,Excellent
6815,5170,Not Rating,Poor
6816,9805,1.0,Good
6817,4204,1.0,Excellent
6818,1013,5.0,Avergae
6819,6231,5.0,Excellent
6820,4787,1.0,Not Provided
6821,732,1.0,Good
6822,4451,5.0,Excellent
6823,2054,2.0,Avergae
6824,5431,Not Rating,Poor
6825,6054,4.0,Poor
6826,3006,Not Rating,Avergae
6827,8299,Not Rating,Poor
6828,7565,3.0,Poor
6829,3235,Not Rating,Excellent
6830,3027,Not Rating,Poor
6831,117,3.0,Excellent
6832,3016,4.0,Good
6833,2476,Not Rating,Not Provided
6834,3255,5.0,Avergae
6835,1099,Not Rating,Good
6836,2945,3.0,Poor
6837,9511,2.0,Not Provided
6838,532,1.0,Excellent
6839,5072,4.0,Not Provided
6840,9655,5.0,Good
6841,7882,Not Rating,Excellent
6842,5981,5.0,Excellent
6843,3170,3.0,Excellent
6844,2433,1.0,Excellent
6845,3205,Not Rating,Good
6846,2777,5.0,Excellent
6847,4847,4.0,Good
6848,1223,4.0,Excellent
6849,3785,Not Rating,Good
6850,5495,1.0,Good
6851,9858,Not Rating,Excellent
6852,8719,Not Rating,Good
6853,9867,Not Rating,Not Provided
6854,3035,4.0,Good
6855,6113,3.0,Excellent
6856,8954,Not Rating,Not Provided
6857,922,Not Rating,Poor
6858,50,Not Rating,Good
6859,7702,Not Rating,Poor
6860,3320,2.0,Excellent
6861,7848,1.0,Poor
6862,7663,5.0,Excellent
6863,9507,Not Rating,Excellent
6864,5527,Not Rating,Excellent
6865,5181,3.0,Avergae
6866,4733,Not Rating,Excellent
6867,1112,2.0,Avergae
6868,836,Not Rating,Not Provided
6869,2423,3.0,Avergae
6870,7723,1.0,Excellent
6871,770,3.0,Not Provided
6872,3347,2.0,Poor
6873,3451,Not Rating,Excellent
6874,5067,3.0,Avergae
6875,759,2.0,Poor
6876,8544,3.0,Excellent
6877,4102,Not Rating,Poor
6878,5662,5.0,Poor
6879,722,Not Rating,Excellent
6880,3992,2.0,Not Provided
6881,3176,5.0,Poor
6882,7176,Not Rating,Not Provided
6883,6774,5.0,Avergae
6884,4740,Not Rating,Not Provided
6885,4243,3.0,Not Provided
6886,6623,Not Rating,Avergae
6887,6774,5.0,Poor
6888,4050,4.0,Excellent
6889,3567,5.0,Avergae
6890,3064,Not Rating,Poor
6891,7336,3.0,Excellent
6892,7091,Not Rating,Good
6893,315,5.0,Poor
6894,3158,Not Rating,Avergae
6895,6198,Not Rating,Good
6896,3671,Not Rating,Not Provided
6897,9443,3.0,Excellent
6898,1001,2.0,Avergae
6899,223,1.0,Not Provided
6900,1228,5.0,Avergae
6901,3022,3.0,Excellent
6902,2539,Not Rating,Excellent
6903,7919,Not Rating,Not Provided
6904,7175,4.0,Avergae
6905,6966,2.0,Avergae
6906,4354,1.0,Excellent
6907,8433,Not Rating,Excellent
6908,1606,3.0,Poor
6909,2562,3.0,Poor
6910,7579,5.0,Excellent
6911,4718,3.0,Excellent
6912,5725,4.0,Poor
6913,8346,1.0,Excellent
6914,5075,3.0,Good
6915,8270,Not Rating,Poor
6916,6974,Not Rating,Excellent
6917,8815,Not Rating,Excellent
6918,1732,2.0,Avergae
6919,1449,4.0,Avergae
6920,7816,Not Rating,Avergae
6921,4162,Not Rating,Not Provided
6922,4958,5.0,Excellent
6923,5962,Not Rating,Good
6924,1478,2.0,Excellent
6925,9391,Not Rating,Good
6926,7907,Not Rating,Excellent
6927,8888,Not Rating,Avergae
6928,8006,Not Rating,Excellent
6929,8341,4.0,Excellent
6930,3448,1.0,Poor
6931,1415,Not Rating,Not Provided
6932,5901,Not Rating,Excellent
6933,4049,5.0,Avergae
6934,1906,1.0,Excellent
6935,4171,Not Rating,Not Provided
6936,8381,5.0,Poor
6937,1616,Not Rating,Good
6938,9747,4.0,Avergae
6939,4691,3.0,Good
6940,3362,1.0,Excellent
6941,6045,5.0,Good
6942,1533,5.0,Excellent
6943,1114,Not Rating,Avergae
6944,8251,5.0,Avergae
6945,3548,4.0,Poor
6946,3199,4.0,Not Provided
6947,6584,Not Rating,Poor
6948,8950,4.0,Not Provided
6949,8540,3.0,Avergae
6950,9615,5.0,Poor
6951,9330,Not Rating,Poor
6952,9262,1.0,Good
6953,2518,2.0,Good
6954,5005,1.0,Not Provided
6955,5350,5.0,Not Provided
6956,1336,4.0,Avergae
6957,8550,1.0,Poor
6958,7357,3.0,Not Provided
6959,8104,Not Rating,Poor
6960,4772,3.0,Not Provided
6961,4659,Not Rating,Excellent
6962,2750,Not Rating,Good
6963,3242,Not Rating,Excellent
6964,7701,3.0,Not Provided
6965,9579,5.0,Not Provided
6966,1889,3.0,Good
6967,9076,2.0,Not Provided
6968,7562,Not Rating,Poor
6969,1720,4.0,Good
6970,3155,4.0,Not Provided
6971,1026,1.0,Good
6972,8263,3.0,Not Provided
6973,3664,5.0,Excellent
6974,7662,4.0,Poor
6975,5785,4.0,Excellent
6976,3642,Not Rating,Not Provided
6977,8928,2.0,Excellent
6978,8780,4.0,Good
6979,3248,1.0,Excellent
6980,2276,Not Rating,Excellent
6981,4896,1.0,Not Provided
6982,3749,3.0,Excellent
6983,8882,5.0,Poor
6984,6003,Not Rating,Excellent
6985,322,3.0,Excellent
6986,1912,3.0,Avergae
6987,6890,4.0,Poor
6988,3182,3.0,Excellent
6989,1615,Not Rating,Not Provided
6990,8434,5.0,Not Provided
6991,9657,5.0,Avergae
6992,7806,4.0,Avergae
6993,7264,Not Rating,Excellent
6994,4420,2.0,Avergae
6995,9975,4.0,Excellent
6996,1232,Not Rating,Good
6997,4009,Not Rating,Good
6998,5787,4.0,Not Provided
6999,7330,4.0,Avergae
7000,4045,2.0,Good
7001,7450,2.0,Avergae
7002,3237,3.0,Avergae
7003,9044,3.0,Avergae
7004,3917,Not Rating,Poor
7005,7639,1.0,Poor
7006,8316,1.0,Poor
7007,8393,1.0,Avergae
7008,8362,4.0,Excellent
7009,5599,3.0,Excellent
7010,3175,4.0,Not Provided
7011,3905,2.0,Excellent
7012,5265,3.0,Excellent
7013,1706,Not Rating,Not Provided
7014,4538,4.0,Excellent
7015,5073,Not Rating,Excellent
7016,312,4.0,Poor
7017,5678,4.0,Poor
7018,7294,5.0,Avergae
7019,7884,4.0,Excellent
7020,5156,3.0,Poor
7021,4627,5.0,Excellent
7022,6273,Not Rating,Not Provided
7023,5286,Not Rating,Excellent
7024,5123,Not Rating,Excellent
7025,6929,2.0,Poor
7026,4582,3.0,Excellent
7027,3097,5.0,Avergae
7028,7515,5.0,Avergae
7029,2498,4.0,Excellent
7030,7506,1.0,Not Provided
7031,3711,4.0,Avergae
7032,6752,Not Rating,Excellent
7033,2568,1.0,Not Provided
7034,700,5.0,Avergae
7035,5377,Not Rating,Good
7036,2042,Not Rating,Excellent
7037,1095,Not Rating,Not Provided
7038,5214,5.0,Excellent
7039,4319,Not Rating,Excellent
7040,4809,Not Rating,Excellent
7041,2851,1.0,Poor
7042,3858,4.0,Poor
7043,6485,5.0,Avergae
7044,400,3.0,Not Provided
7045,2331,5.0,Not Provided
7046,7231,1.0,Excellent
7047,4915,1.0,Avergae
7048,7827,3.0,Not Provided
7049,9873,Not Rating,Good
7050,3215,Not Rating,Excellent
7051,4535,Not Rating,Poor
7052,6602,5.0,Excellent
7053,6505,5.0,Excellent
7054,7619,Not Rating,Good
7055,2500,Not Rating,Good
7056,2418,Not Rating,Poor
7057,3941,4.0,Excellent
7058,3449,Not Rating,Not Provided
7059,3249,5.0,Excellent
7060,7073,Not Rating,Good
7061,2347,3.0,Excellent
7062,724,5.0,Poor
7063,848,Not Rating,Excellent
7064,9607,1.0,Excellent
7065,73,Not Rating,Excellent
7066,7739,Not Rating,Poor
7067,7613,Not Rating,Poor
7068,7317,3.0,Avergae
7069,5572,Not Rating,Good
7070,9342,Not Rating,Good
7071,1327,4.0,Excellent
7072,3413,Not Rating,Avergae
7073,576,Not Rating,Avergae
7074,1989,5.0,Excellent
7075,8849,5.0,Excellent
7076,9692,Not Rating,Poor
7077,8301,3.0,Excellent
7078,2928,Not Rating,Poor
7079,864,Not Rating,Poor
7080,3060,Not Rating,Good
7081,3064,Not Rating,Excellent
7082,3757,2.0,Good
7083,2688,5.0,Excellent
7084,3190,Not Rating,Not Provided
7085,6991,Not Rating,Excellent
7086,6174,2.0,Not Provided
7087,1303,4.0,Avergae
7088,7722,Not Rating,Not Provided
7089,8497,4.0,Excellent
7090,4276,3.0,Avergae
7091,4243,Not Rating,Excellent
7092,7028,Not Rating,Excellent
7093,7627,4.0,Excellent
7094,9082,4.0,Poor
7095,9828,3.0,Poor
7096,5253,1.0,Excellent
7097,3058,2.0,Avergae
7098,8004,4.0,Poor
7099,4878,3.0,Excellent
7100,9032,3.0,Poor
7101,2565,4.0,Excellent
7102,7446,Not Rating,Poor
7103,528,2.0,Not Provided
7104,8695,Not Rating,Excellent
7105,6887,Not Rating,Avergae
7106,5586,1.0,Poor
7107,4532,2.0,Poor
7108,5743,Not Rating,Not Provided
7109,7647,Not Rating,Avergae
7110,1294,Not Rating,Avergae
7111,11,2.0,Good
7112,9669,1.0,Poor
7113,3325,Not Rating,Good
7114,9401,1.0,Avergae
7115,7572,1.0,Poor
7116,4287,1.0,Good
7117,570,1.0,Excellent
7118,2882,Not Rating,Poor
7119,9743,2.0,Excellent
7120,1567,Not Rating,Avergae
7121,3068,Not Rating,Excellent
7122,6800,Not Rating,Excellent
7123,4483,Not Rating,Excellent
7124,1035,3.0,Not Provided
7125,5753,3.0,Avergae
7126,840,5.0,Avergae
7127,9504,1.0,Excellent
7128,8120,2.0,Avergae
7129,9002,Not Rating,Excellent
7130,7538,4.0,Excellent
7131,4237,2.0,Excellent
7132,8446,Not Rating,Excellent
7133,9590,Not Rating,Avergae
7134,4383,4.0,Poor
7135,100,1.0,Excellent
7136,2126,5.0,Poor
7137,6822,Not Rating,Good
7138,3352,1.0,Avergae
7139,9446,Not Rating,Excellent
7140,1295,Not Rating,Poor
7141,3216,Not Rating,Not Provided
7142,75,5.0,Excellent
7143,3386,3.0,Poor
7144,6588,5.0,Excellent
7145,4363,Not Rating,Excellent
7146,1094,Not Rating,Poor
7147,3665,3.0,Poor
7148,429,Not Rating,Good
7149,7634,4.0,Excellent
7150,6437,5.0,Excellent
7151,7025,Not Rating,Avergae
7152,2100,2.0,Excellent
7153,8567,4.0,Avergae
7154,7099,Not Rating,Good
7155,2570,Not Rating,Avergae
7156,3540,Not Rating,Not Provided
7157,9285,5.0,Good
7158,1732,Not Rating,Excellent
7159,5024,Not Rating,Poor
7160,5793,2.0,Excellent
7161,8541,3.0,Excellent
7162,5327,Not Rating,Excellent
7163,856,Not Rating,Excellent
7164,7206,Not Rating,Poor
7165,7393,Not Rating,Good
7166,9230,2.0,Poor
7167,4198,4.0,Excellent
7168,6716,2.0,Excellent
7169,939,5.0,Good
7170,3522,2.0,Avergae
7171,8923,Not Rating,Not Provided
7172,2519,Not Rating,Good
7173,6526,Not Rating,Excellent
7174,9235,4.0,Excellent
7175,6501,5.0,Good
7176,6481,3.0,Not Provided
7177,3257,5.0,Excellent
7178,893,4.0,Excellent
7179,4727,4.0,Excellent
7180,807,Not Rating,Poor
7181,1204,5.0,Not Provided
7182,5696,Not Rating,Excellent
7183,1060,3.0,Good
7184,2140,Not Rating,Good
7185,3916,Not Rating,Avergae
7186,6841,4.0,Not Provided
7187,5013,4.0,Not Provided
7188,7861,4.0,Not Provided
7189,6064,1.0,Good
7190,5372,1.0,Avergae
7191,5919,4.0,Excellent
7192,3441,5.0,Not Provided
7193,2639,4.0,Poor
7194,7302,Not Rating,Good
7195,2784,Not Rating,Avergae
7196,1457,2.0,Avergae
7197,4308,4.0,Good
7198,590,2.0,Good
7199,3232,3.0,Good
7200,3753,Not Rating,Not Provided
7201,6770,2.0,Excellent
7202,3499,Not Rating,Excellent
7203,9461,Not Rating,Excellent
7204,128,1.0,Poor
7205,9501,2.0,Excellent
7206,565,Not Rating,Excellent
7207,1518,5.0,Avergae
7208,3903,Not Rating,Excellent
7209,5266,Not Rating,Not Provided
7210,4156,Not Rating,Not Provided
7211,6301,3.0,Not Provided
7212,7302,Not Rating,Excellent
7213,2289,1.0,Not Provided
7214,4850,Not Rating,Good
7215,5931,4.0,Poor
7216,1904,Not Rating,Avergae
7217,1695,3.0,Good
7218,9528,1.0,Poor
7219,7359,Not Rating,Avergae
7220,3653,2.0,Good
7221,5478,5.0,Excellent
7222,3536,Not Rating,Avergae
7223,4385,Not Rating,Poor
7224,3972,5.0,Not Provided
7225,1465,Not Rating,Good
7226,5088,Not Rating,Excellent
7227,3452,2.0,Poor
7228,889,Not Rating,Not Provided
7229,5669,3.0,Excellent
7230,4536,3.0,Good
7231,5779,2.0,Avergae
7232,8544,2.0,Excellent
7233,7753,2.0,Poor
7234,661,5.0,Excellent
7235,7130,2.0,Avergae
7236,5935,3.0,Avergae
7237,2099,3.0,Poor
7238,3558,Not Rating,Good
7239,1,1.0,Avergae
7240,8659,5.0,Good
7241,8836,Not Rating,Excellent
7242,517,3.0,Good
7243,947,1.0,Poor
7244,7226,5.0,Excellent
7245,4931,4.0,Good
7246,5641,Not Rating,Good
7247,1568,2.0,Poor
7248,7285,Not Rating,Avergae
7249,8925,Not Rating,Avergae
7250,5839,Not Rating,Good
7251,7944,1.0,Poor
7252,3678,Not Rating,Poor
7253,3673,Not Rating,Avergae
7254,1841,5.0,Not Provided
7255,1343,2.0,Avergae
7256,7300,2.0,Excellent
7257,2689,4.0,Excellent
7258,7764,3.0,Excellent
7259,661,4.0,Excellent
7260,8647,Not Rating,Good
7261,9284,Not Rating,Not Provided
7262,8064,2.0,Excellent
7263,323,1.0,Excellent
7264,7644,Not Rating,Not Provided
7265,1229,3.0,Excellent
7266,9711,5.0,Excellent
7267,6697,2.0,Excellent
7268,776,Not Rating,Excellent
7269,5301,3.0,Excellent
7270,2355,2.0,Avergae
7271,2591,1.0,Avergae
7272,5647,Not Rating,Avergae
7273,5282,4.0,Excellent
7274,9242,2.0,Good
7275,4937,Not Rating,Not Provided
7276,5268,2.0,Avergae
7277,7468,Not Rating,Excellent
7278,6326,Not Rating,Poor
7279,8446,Not Rating,Avergae
7280,3776,2.0,Excellent
7281,1866,Not Rating,Good
7282,9520,4.0,Good
7283,4798,4.0,Excellent
7284,7483,5.0,Good
7285,3831,5.0,Not Provided
7286,9431,3.0,Excellent
7287,6487,Not Rating,Excellent
7288,5890,3.0,Excellent
7289,5422,1.0,Poor
7290,1849,1.0,Avergae
7291,4507,5.0,Avergae
7292,2503,Not Rating,Poor
7293,3661,Not Rating,Not Provided
7294,992,Not Rating,Excellent
7295,3353,2.0,Excellent
7296,2061,Not Rating,Excellent
7297,4890,Not Rating,Good
7298,5927,5.0,Excellent
7299,6838,4.0,Poor
7300,3102,3.0,Avergae
7301,1403,4.0,Avergae
7302,5139,Not Rating,Not Provided
7303,6426,3.0,Poor
7304,4501,Not Rating,Excellent
7305,193,2.0,Not Provided
7306,3280,3.0,Avergae
7307,1656,Not Rating,Excellent
7308,8756,4.0,Poor
7309,9414,4.0,Not Provided
7310,6814,5.0,Poor
7311,7920,2.0,Poor
7312,6806,5.0,Not Provided
7313,525,Not Rating,Not Provided
7314,3005,2.0,Avergae
7315,2626,3.0,Avergae
7316,925,1.0,Not Provided
7317,6390,Not Rating,Excellent
7318,8960,Not Rating,Good
7319,9008,Not Rating,Avergae
7320,4552,4.0,Poor
7321,2250,Not Rating,Poor
7322,1647,Not Rating,Avergae
7323,3040,Not Rating,Good
7324,3457,5.0,Excellent
7325,5067,1.0,Poor
7326,1837,5.0,Avergae
7327,3356,5.0,Excellent
7328,3156,Not Rating,Excellent
7329,77,2.0,Excellent
7330,6554,Not Rating,Poor
7331,4689,4.0,Excellent
7332,2172,Not Rating,Not Provided
7333,8926,Not Rating,Excellent
7334,7533,5.0,Poor
7335,5365,5.0,Poor
7336,7283,Not Rating,Not Provided
7337,3424,1.0,Excellent
7338,6925,5.0,Poor
7339,1254,1.0,Excellent
7340,6506,4.0,Good
7341,7913,2.0,Poor
7342,1765,Not Rating,Avergae
7343,7121,1.0,Not Provided
7344,5661,5.0,Poor
7345,5881,5.0,Avergae
7346,3663,3.0,Good
7347,6152,Not Rating,Excellent
7348,5950,5.0,Excellent
7349,850,2.0,Good
7350,325,Not Rating,Poor
7351,6302,1.0,Avergae
7352,1109,5.0,Avergae
7353,9849,3.0,Good
7354,1614,2.0,Avergae
7355,5641,2.0,Good
7356,3244,3.0,Avergae
7357,4961,3.0,Excellent
7358,4933,1.0,Excellent
7359,9087,4.0,Not Provided
7360,1983,Not Rating,Excellent
7361,6398,1.0,Not Provided
7362,8650,Not Rating,Excellent
7363,2720,Not Rating,Avergae
7364,4148,1.0,Not Provided
7365,8276,Not Rating,Poor
7366,9053,5.0,Avergae
7367,2539,Not Rating,Excellent
7368,6590,Not Rating,Good
7369,419,Not Rating,Avergae
7370,6778,Not Rating,Not Provided
7371,2595,2.0,Not Provided
7372,9584,5.0,Not Provided
7373,2656,Not Rating,Avergae
7374,4512,3.0,Excellent
7375,4454,2.0,Avergae
7376,974,4.0,Good
7377,8241,2.0,Excellent
7378,9650,4.0,Excellent
7379,9897,4.0,Good
7380,8805,Not Rating,Excellent
7381,4148,2.0,Excellent
7382,3551,Not Rating,Not Provided
7383,6449,5.0,Not Provided
7384,7564,3.0,Not Provided
7385,2245,1.0,Good
7387,5696,4.0,Not Provided
7388,1660,Not Rating,Excellent
7389,4065,5.0,Not Provided
7390,6747,Not Rating,Poor
7391,9442,Not Rating,Poor
7392,5180,Not Rating,Excellent
7393,3112,Not Rating,Not Provided
7394,1623,4.0,Poor
7395,2533,Not Rating,Poor
7396,8028,Not Rating,Poor
7397,8146,2.0,Good
7398,5234,5.0,Not Provided
7399,7342,Not Rating,Excellent
7400,8933,3.0,Not Provided
7401,8012,3.0,Avergae
7402,1867,4.0,Good
7403,5797,3.0,Not Provided
7404,3302,3.0,Excellent
7405,4483,Not Rating,Poor
7406,2102,2.0,Avergae
7407,4417,4.0,Avergae
7408,1539,Not Rating,Avergae
7409,370,5.0,Not Provided
7410,1437,2.0,Good
7411,4572,3.0,Excellent
7412,1711,1.0,Poor
7413,6417,Not Rating,Poor
7414,3115,5.0,Poor
7415,1736,Not Rating,Excellent
7416,3869,1.0,Not Provided
7417,8850,Not Rating,Good
7418,4173,Not Rating,Avergae
7419,4470,2.0,Avergae
7420,9921,Not Rating,Poor
7421,2024,2.0,Avergae
7422,9339,5.0,Excellent
7423,2700,Not Rating,Excellent
7424,2200,5.0,Excellent
7425,5467,5.0,Good
7426,3362,1.0,Avergae
7427,2452,Not Rating,Poor
7428,3600,2.0,Not Provided
7429,3439,Not Rating,Excellent
7430,4153,4.0,Avergae
7431,4439,Not Rating,Excellent
7432,1282,1.0,Excellent
7433,2347,Not Rating,Excellent
7434,5073,3.0,Poor
7435,8222,3.0,Avergae
7436,3542,Not Rating,Not Provided
7437,5585,1.0,Not Provided
7438,1452,4.0,Not Provided
7439,4853,3.0,Excellent
7440,7750,3.0,Good
7441,1492,1.0,Avergae
7442,4157,Not Rating,Excellent
7443,1112,Not Rating,Excellent
7444,6050,3.0,Excellent
7445,7271,4.0,Excellent
7446,3782,Not Rating,Excellent
7447,3721,2.0,Excellent
7448,3339,4.0,Good
7449,691,1.0,Excellent
7450,4927,1.0,Avergae
7451,1566,Not Rating,Not Provided
7452,5898,Not Rating,Excellent
7453,9594,5.0,Excellent
7454,950,3.0,Not Provided
7455,7709,Not Rating,Poor
7456,2269,5.0,Excellent
7457,7941,Not Rating,Avergae
7458,2285,5.0,Poor
7459,9224,4.0,Avergae
7460,8833,4.0,Not Provided
7461,1212,Not Rating,Poor
7462,280,2.0,Not Provided
7463,5302,Not Rating,Poor
7464,3056,2.0,Good
7465,9420,2.0,Not Provided
7466,6537,Not Rating,Excellent
7467,9158,5.0,Excellent
7468,4465,5.0,Poor
7469,6545,Not Rating,Excellent
7470,8128,1.0,Poor
7471,4933,3.0,Not Provided
7472,2284,5.0,Excellent
7473,2000,Not Rating,Avergae
7474,6687,4.0,Poor
7475,3211,5.0,Excellent
7476,7273,3.0,Good
7477,5120,Not Rating,Excellent
7478,8321,2.0,Avergae
7479,6875,2.0,Not Provided
7480,5112,1.0,Excellent
7481,4266,Not Rating,Excellent
7482,1415,1.0,Avergae
7483,5302,1.0,Excellent
7484,4070,Not Rating,Good
7485,6226,4.0,Excellent
7486,9178,5.0,Good
7487,146,4.0,Good
7488,5011,Not Rating,Excellent
7489,2913,Not Rating,Avergae
7490,8518,4.0,Not Provided
7491,9282,1.0,Excellent
7492,7682,Not Rating,Good
7493,5610,3.0,Good
7494,5588,1.0,Avergae
7495,3883,Not Rating,Avergae
7496,2757,5.0,Excellent
7497,9922,5.0,Excellent
7498,8335,5.0,Not Provided
7499,5647,1.0,Good
7500,1377,Not Rating,Poor
7501,7299,1.0,Excellent
7502,5165,Not Rating,Avergae
7503,1587,3.0,Poor
7504,6894,Not Rating,Poor
7505,9210,1.0,Excellent
7506,3902,2.0,Good
7507,3606,Not Rating,Avergae
7508,137,3.0,Avergae
7509,9000,5.0,Avergae
7510,5308,Not Rating,Excellent
7511,1371,Not Rating,Good
7512,7761,Not Rating,Excellent
7513,8747,2.0,Excellent
7514,5484,Not Rating,Excellent
7515,487,Not Rating,Avergae
7516,4122,5.0,Excellent
7517,7572,5.0,Poor
7518,9327,4.0,Avergae
7519,3770,2.0,Not Provided
7520,1257,4.0,Excellent
7521,8955,4.0,Poor
7522,7446,2.0,Poor
7523,4419,Not Rating,Good
7524,7095,Not Rating,Good
7525,2364,4.0,Poor
7526,6756,Not Rating,Not Provided
7527,9480,Not Rating,Excellent
7528,7009,5.0,Avergae
7529,7110,Not Rating,Not Provided
7530,8194,4.0,Not Provided
7531,2790,4.0,Avergae
7532,3583,1.0,Good
7533,5005,Not Rating,Avergae
7534,2999,Not Rating,Poor
7535,3021,Not Rating,Avergae
7536,9012,3.0,Good
7537,1440,2.0,Avergae
7538,8846,4.0,Poor
7539,9904,Not Rating,Avergae
7540,2691,Not Rating,Excellent
7541,4763,2.0,Good
7542,7447,Not Rating,Good
7543,2669,Not Rating,Excellent
7544,5879,2.0,Excellent
7545,73,Not Rating,Poor
7546,3078,3.0,Excellent
7547,7990,2.0,Excellent
7548,6989,4.0,Excellent
7549,2893,1.0,Excellent
7550,4832,Not Rating,Excellent
7551,8822,Not Rating,Not Provided
7552,9834,4.0,Excellent
7553,3767,4.0,Poor
7554,1834,4.0,Excellent
7555,1313,1.0,Poor
7556,4798,4.0,Excellent
7557,7650,Not Rating,Excellent
7558,3472,Not Rating,Excellent
7559,7444,2.0,Excellent
7560,5058,3.0,Excellent
7561,5295,3.0,Good
7562,6438,Not Rating,Poor
7563,6556,Not Rating,Excellent
7564,4173,Not Rating,Excellent
7565,6402,5.0,Not Provided
7566,9829,Not Rating,Poor
7567,4155,4.0,Poor
7568,1999,4.0,Good
7569,4292,Not Rating,Excellent
7570,2222,3.0,Good
7571,1149,3.0,Poor
7572,203,3.0,Not Provided
7573,6889,5.0,Excellent
7574,5473,1.0,Not Provided
7575,8694,4.0,Poor
7576,4426,Not Rating,Excellent
7577,1169,5.0,Not Provided
7578,2316,1.0,Poor
7579,2770,Not Rating,Poor
7580,8966,5.0,Not Provided
7581,5807,3.0,Avergae
7582,2961,Not Rating,Not Provided
7583,9947,Not Rating,Excellent
7584,6241,Not Rating,Poor
7585,5447,Not Rating,Not Provided
7586,9977,Not Rating,Excellent
7587,1575,Not Rating,Good
7588,5920,Not Rating,Not Provided
7589,5339,2.0,Good
7590,6978,Not Rating,Poor
7591,8575,4.0,Good
7592,822,5.0,Excellent
7593,9240,1.0,Excellent
7594,2421,Not Rating,Not Provided
7595,5772,Not Rating,Not Provided
7596,4381,2.0,Excellent
7597,2782,4.0,Not Provided
7598,6214,Not Rating,Avergae
7599,4433,2.0,Avergae
7600,2797,5.0,Excellent
7601,324,5.0,Excellent
7602,6250,4.0,Avergae
7603,6514,1.0,Good
7604,373,Not Rating,Not Provided
7605,7829,Not Rating,Excellent
7606,6052,5.0,Good
7607,3094,5.0,Good
7608,1869,4.0,Avergae
7609,7943,Not Rating,Excellent
7610,4085,2.0,Avergae
7611,808,Not Rating,Not Provided
7612,8563,5.0,Poor
7613,41,4.0,Poor
7614,1958,1.0,Not Provided
7615,1459,Not Rating,Avergae
7616,1577,Not Rating,Avergae
7617,8303,Not Rating,Avergae
7618,5502,Not Rating,Excellent
7619,3377,Not Rating,Excellent
7620,4069,4.0,Excellent
7621,1423,Not Rating,Avergae
7622,6267,3.0,Good
7623,5487,Not Rating,Poor
7624,6199,2.0,Poor
7625,1585,Not Rating,Good
7626,2250,Not Rating,Not Provided
7627,3351,1.0,Excellent
7628,9678,5.0,Excellent
7629,5573,5.0,Not Provided
7630,1126,1.0,Avergae
7631,8675,3.0,Poor
7632,824,1.0,Good
7633,1674,Not Rating,Poor
7634,9556,4.0,Good
7635,6090,1.0,Avergae
7636,198,2.0,Excellent
7637,8300,3.0,Poor
7638,360,5.0,Avergae
7639,7657,Not Rating,Avergae
7640,3681,Not Rating,Good
7641,3416,Not Rating,Good
7642,4762,4.0,Not Provided
7643,5141,3.0,Avergae
7644,1645,4.0,Not Provided
7645,6837,2.0,Not Provided
7646,1372,Not Rating,Excellent
7647,9420,3.0,Good
7648,6948,Not Rating,Avergae
7649,6585,Not Rating,Good
7650,5560,Not Rating,Not Provided
7651,2805,3.0,Not Provided
7652,1649,Not Rating,Avergae
7653,3360,Not Rating,Good
7654,4475,2.0,Excellent
7655,6699,Not Rating,Poor
7656,4188,4.0,Poor
7657,9620,1.0,Good
7658,8657,3.0,Avergae
7659,8134,Not Rating,Not Provided
7660,5034,Not Rating,Good
7661,6025,Not Rating,Avergae
7662,7449,1.0,Good
7663,2103,1.0,Excellent
7664,5072,5.0,Poor
7665,8787,2.0,Excellent
7666,6933,1.0,Excellent
7667,4802,3.0,Avergae
7668,2454,3.0,Excellent
7669,2301,Not Rating,Poor
7670,9813,Not Rating,Excellent
7671,2390,1.0,Avergae
7672,1897,Not Rating,Excellent
7673,8275,Not Rating,Excellent
7674,5995,1.0,Excellent
7675,2667,1.0,Avergae
7676,3002,4.0,Avergae
7677,9462,5.0,Good
7678,5247,1.0,Excellent
7679,2340,Not Rating,Avergae
7680,4863,4.0,Excellent
7681,3138,3.0,Poor
7682,5262,1.0,Excellent
7683,80,Not Rating,Excellent
7684,7839,1.0,Excellent
7685,138,Not Rating,Excellent
7686,9411,Not Rating,Avergae
7687,7122,2.0,Excellent
7688,9863,Not Rating,Excellent
7689,7048,3.0,Excellent
7690,5574,Not Rating,Not Provided
7691,7041,Not Rating,Avergae
7692,919,Not Rating,Avergae
7693,1876,Not Rating,Good
7694,5050,3.0,Avergae
7695,150,4.0,Poor
7696,7804,5.0,Good
7697,3706,Not Rating,Excellent
7698,680,3.0,Excellent
7699,4628,1.0,Excellent
7700,5916,2.0,Avergae
7701,5967,Not Rating,Good
7702,4020,4.0,Not Provided
7703,4246,2.0,Avergae
7704,1477,3.0,Excellent
7705,8644,4.0,Excellent
7706,8388,5.0,Not Provided
7707,1420,Not Rating,Poor
7708,7467,4.0,Not Provided
7709,4727,1.0,Excellent
7710,8030,Not Rating,Poor
7711,623,Not Rating,Excellent
7712,7355,3.0,Poor
7713,3276,2.0,Excellent
7714,6879,Not Rating,Excellent
7715,5091,Not Rating,Not Provided
7716,4983,Not Rating,Not Provided
7717,4777,4.0,Not Provided
7718,808,Not Rating,Excellent
7719,4512,3.0,Not Provided
7720,6055,2.0,Good
7721,8896,3.0,Excellent
7722,9654,1.0,Not Provided
7723,9876,5.0,Not Provided
7724,9830,2.0,Excellent
7725,5217,5.0,Excellent
7726,680,3.0,Excellent
7727,3517,Not Rating,Excellent
7728,2169,1.0,Excellent
7729,9176,1.0,Good
7730,1028,3.0,Excellent
7731,9422,3.0,Good
7732,4338,4.0,Excellent
7733,8335,Not Rating,Good
7734,6096,5.0,Avergae
7735,8108,4.0,Poor
7736,4176,1.0,Avergae
7737,6561,3.0,Not Provided
7738,7828,5.0,Excellent
7739,3187,Not Rating,Good
7740,4599,5.0,Good
7741,4475,2.0,Poor
7742,4871,Not Rating,Excellent
7743,456,5.0,Poor
7744,2707,Not Rating,Excellent
7745,8092,5.0,Avergae
7746,4915,Not Rating,Excellent
7747,3526,2.0,Excellent
7748,4741,5.0,Not Provided
7749,2948,3.0,Excellent
7750,1913,Not Rating,Good
7751,9689,3.0,Poor
7752,5866,Not Rating,Excellent
7753,1234,Not Rating,Not Provided
7754,1283,2.0,Excellent
7755,4299,Not Rating,Not Provided
7756,7131,4.0,Excellent
7757,2201,Not Rating,Excellent
7758,9364,Not Rating,Not Provided
7759,2874,4.0,Not Provided
7760,7220,Not Rating,Not Provided
7761,5149,5.0,Avergae
7762,6717,3.0,Not Provided
7763,576,Not Rating,Avergae
7764,7104,1.0,Avergae
7765,7084,Not Rating,Excellent
7766,6653,4.0,Good
7767,7733,5.0,Excellent
7768,5751,1.0,Excellent
7769,3042,Not Rating,Excellent
7770,9857,2.0,Good
7771,2091,Not Rating,Excellent
7772,9075,1.0,Excellent
7773,8145,Not Rating,Avergae
7774,7668,Not Rating,Excellent
7775,5600,Not Rating,Poor
7776,9744,Not Rating,Good
7777,5980,1.0,Poor
7778,5350,3.0,Avergae
7779,8535,Not Rating,Not Provided
7780,6490,5.0,Excellent
7781,90,3.0,Excellent
7782,6762,Not Rating,Excellent
7783,8106,Not Rating,Poor
7784,947,Not Rating,Good
7785,2827,2.0,Good
7786,9970,Not Rating,Avergae
7787,1490,4.0,Avergae
7788,150,Not Rating,Excellent
7789,5221,1.0,Excellent
7790,1730,5.0,Excellent
7791,8978,3.0,Poor
7792,1528,2.0,Avergae
7793,4760,3.0,Poor
7794,3076,Not Rating,Not Provided
7795,6772,4.0,Poor
7796,8438,4.0,Poor
7797,1272,5.0,Excellent
7798,8015,Not Rating,Not Provided
7799,6037,5.0,Excellent
7800,3010,2.0,Avergae
7801,7779,Not Rating,Excellent
7802,4348,Not Rating,Excellent
7803,9833,Not Rating,Excellent
7804,2720,4.0,Excellent
7805,1518,Not Rating,Poor
7806,3710,4.0,Poor
7807,5202,5.0,Poor
7808,7357,Not Rating,Not Provided
7809,3855,Not Rating,Good
7810,2941,5.0,Excellent
7811,7343,5.0,Good
7812,9447,Not Rating,Excellent
7813,2984,Not Rating,Not Provided
7814,1965,3.0,Excellent
7815,6577,3.0,Good
7816,6282,3.0,Excellent
7817,2194,5.0,Not Provided
7818,3898,Not Rating,Avergae
7819,4896,Not Rating,Poor
7820,7967,2.0,Good
7821,717,Not Rating,Poor
7822,1074,1.0,Good
7823,236,5.0,Good
7824,8202,Not Rating,Excellent
7825,3884,Not Rating,Avergae
7826,3772,4.0,Poor
7827,8195,2.0,Good
7828,8897,4.0,Excellent
7829,2498,2.0,Not Provided
7830,9142,1.0,Excellent
7831,7427,3.0,Excellent
7832,1149,Not Rating,Excellent
7833,6825,4.0,Good
7834,1768,1.0,Excellent
7835,6957,Not Rating,Excellent
7836,9157,5.0,Avergae
7837,1549,4.0,Excellent
7838,4000,2.0,Excellent
7839,1828,Not Rating,Good
7840,5196,4.0,Avergae
7841,6129,5.0,Avergae
7842,770,3.0,Avergae
7843,4993,Not Rating,Excellent
7844,4723,5.0,Good
7845,3213,Not Rating,Not Provided
7846,1937,3.0,Poor
7847,8868,3.0,Poor
7848,4719,4.0,Excellent
7849,9682,5.0,Avergae
7850,75,Not Rating,Excellent
7851,9267,1.0,Avergae
7852,7191,3.0,Good
7853,7009,3.0,Poor
7854,262,Not Rating,Good
7855,4293,3.0,Poor
7856,4228,4.0,Excellent
7857,8759,2.0,Avergae
7858,6721,Not Rating,Not Provided
7859,5387,1.0,Avergae
7860,4033,Not Rating,Excellent
7861,9479,4.0,Excellent
7862,178,Not Rating,Excellent
7863,6581,4.0,Excellent
7864,7306,Not Rating,Not Provided
7865,7913,1.0,Not Provided
7866,9054,1.0,Poor
7867,5836,Not Rating,Excellent
7868,8565,Not Rating,Not Provided
7869,5828,5.0,Excellent
7870,5820,3.0,Good
7871,7398,Not Rating,Good
7872,4260,Not Rating,Avergae
7873,5430,5.0,Poor
7874,1797,4.0,Good
7875,5823,2.0,Avergae
7876,9155,Not Rating,Good
7877,9589,Not Rating,Good
7878,3263,Not Rating,Avergae
7879,8500,Not Rating,Excellent
7880,78,3.0,Excellent
7881,2504,3.0,Good
7882,8595,Not Rating,Not Provided
7883,2668,3.0,Avergae
7884,1658,4.0,Not Provided
7885,4308,Not Rating,Avergae
7886,6518,Not Rating,Excellent
7887,59,4.0,Good
7888,3720,Not Rating,Not Provided
7889,7647,5.0,Excellent
7890,8831,5.0,Excellent
7891,6253,1.0,Excellent
7892,6211,1.0,Poor
7893,1963,Not Rating,Not Provided
7894,8,Not Rating,Excellent
7895,4470,Not Rating,Poor
7896,6925,4.0,Avergae
7897,3726,5.0,Excellent
7898,5023,3.0,Not Provided
7899,8495,Not Rating,Excellent
7900,905,1.0,Poor
7901,4341,Not Rating,Avergae
7902,7646,3.0,Poor
7903,9638,4.0,Good
7904,6143,Not Rating,Good
7905,5657,Not Rating,Poor
7906,912,1.0,Not Provided
7907,8527,4.0,Excellent
7908,8202,2.0,Excellent
7909,1281,Not Rating,Good
7910,9748,1.0,Avergae
7911,5835,Not Rating,Poor
7912,1777,2.0,Poor
7913,1314,4.0,Excellent
7914,9201,1.0,Excellent
7915,2094,3.0,Not Provided
7916,9741,1.0,Excellent
7917,2514,Not Rating,Good
7918,1488,5.0,Excellent
7919,6690,4.0,Poor
7920,9366,Not Rating,Excellent
7921,8376,3.0,Good
7922,5643,Not Rating,Good
7923,1571,Not Rating,Excellent
7924,1312,Not Rating,Avergae
7925,4429,4.0,Not Provided
7926,6909,3.0,Good
7927,3663,4.0,Excellent
7928,7550,Not Rating,Not Provided
7929,2690,5.0,Excellent
7930,7377,Not Rating,Good
7931,6866,1.0,Not Provided
7932,4318,1.0,Poor
7933,6946,Not Rating,Good
7934,4765,1.0,Excellent
7935,1812,Not Rating,Excellent
7936,1234,Not Rating,Poor
7937,1602,Not Rating,Poor
7938,6853,2.0,Excellent
7939,846,Not Rating,Not Provided
7940,7173,5.0,Good
7941,1104,Not Rating,Excellent
7942,5196,4.0,Avergae
7943,3387,Not Rating,Excellent
7945,7470,Not Rating,Poor
7946,961,5.0,Not Provided
7947,7141,Not Rating,Not Provided
7948,8135,Not Rating,Avergae
7949,3106,5.0,Not Provided
7950,5076,Not Rating,Excellent
7951,8646,4.0,Excellent
7952,4127,1.0,Excellent
7953,4681,1.0,Avergae
7954,8870,Not Rating,Excellent
7955,5098,3.0,Excellent
7956,9535,5.0,Excellent
7957,314,4.0,Poor
7958,2203,1.0,Excellent
7959,6044,Not Rating,Poor
7960,697,Not Rating,Excellent
7961,3754,Not Rating,Excellent
7962,7496,4.0,Excellent
7963,778,4.0,Avergae
7964,3908,2.0,Excellent
7965,7756,Not Rating,Avergae
7966,9278,3.0,Good
7967,4820,Not Rating,Good
7968,6279,2.0,Excellent
7969,1836,2.0,Not Provided
7970,7542,4.0,Excellent
7971,4368,3.0,Avergae
7972,1974,Not Rating,Good
7973,2952,4.0,Good
7974,7549,Not Rating,Excellent
7975,1625,1.0,Not Provided
7976,417,Not Rating,Avergae
7977,3207,1.0,Not Provided
7978,3431,Not Rating,Excellent
7979,21,5.0,Not Provided
7980,1653,Not Rating,Excellent
7981,7800,2.0,Poor
7982,6264,Not Rating,Good
7983,2508,Not Rating,Poor
7984,3295,Not Rating,Not Provided
7985,1733,3.0,Excellent
7986,2149,3.0,Excellent
7987,5140,5.0,Excellent
7988,4893,3.0,Excellent
7989,7931,1.0,Not Provided
7990,5015,Not Rating,Not Provided
7991,8986,4.0,Poor
7992,2531,Not Rating,Excellent
7993,7906,Not Rating,Excellent
7994,1316,Not Rating,Excellent
7995,1089,2.0,Poor
7996,6267,3.0,Excellent
7997,1098,Not Rating,Avergae
7998,1031,Not Rating,Excellent
7999,80,5.0,Excellent
8000,170,4.0,Not Provided
8001,2239,Not Rating,Excellent
8002,3474,Not Rating,Excellent
8003,3072,2.0,Excellent
8004,8477,Not Rating,Excellent
8005,5408,3.0,Excellent
8006,6609,4.0,Not Provided
8007,9221,4.0,Avergae
8008,3935,Not Rating,Poor
8009,8042,Not Rating,Poor
8010,96,2.0,Not Provided
8011,4456,2.0,Not Provided
8012,9178,2.0,Excellent
8013,6512,4.0,Avergae
8014,8804,Not Rating,Excellent
8015,3524,5.0,Excellent
8016,8104,4.0,Excellent
8017,8122,Not Rating,Not Provided
8018,6955,1.0,Avergae
8019,379,Not Rating,Excellent
8020,3509,3.0,Excellent
8021,920,3.0,Not Provided
8022,6434,Not Rating,Poor
8023,284,3.0,Avergae
8024,4369,Not Rating,Excellent
8025,2491,Not Rating,Poor
8026,9025,2.0,Avergae
8027,6620,Not Rating,Good
8028,3332,Not Rating,Excellent
8029,6287,Not Rating,Excellent
8030,812,Not Rating,Excellent
8031,4297,2.0,Excellent
8032,9304,5.0,Not Provided
8033,979,5.0,Excellent
8034,2102,4.0,Excellent
8035,7743,Not Rating,Not Provided
8036,8346,Not Rating,Excellent
8037,3535,5.0,Not Provided
8038,9178,5.0,Poor
8039,2528,Not Rating,Good
8040,4175,Not Rating,Avergae
8041,2413,1.0,Not Provided
8042,2449,2.0,Poor
8043,2780,Not Rating,Excellent
8044,6703,5.0,Excellent
8045,8561,Not Rating,Excellent
8046,9887,2.0,Excellent
8047,2192,2.0,Avergae
8048,2694,2.0,Poor
8049,8958,Not Rating,Poor
8050,885,2.0,Excellent
8051,7047,3.0,Avergae
8052,6917,Not Rating,Poor
8053,3111,3.0,Excellent
8054,3409,5.0,Excellent
8055,1707,5.0,Good
8056,5476,1.0,Excellent
8057,3753,Not Rating,Avergae
8058,194,1.0,Poor
8059,1498,3.0,Poor
8060,6069,4.0,Excellent
8061,165,3.0,Excellent
8062,5995,3.0,Good
8063,9259,3.0,Avergae
8064,1913,2.0,Avergae
8065,7121,1.0,Excellent
8066,972,1.0,Excellent
8067,4278,2.0,Avergae
8068,1590,3.0,Excellent
8069,3866,Not Rating,Not Provided
8070,3105,1.0,Avergae
8071,6693,3.0,Avergae
8072,9619,Not Rating,Avergae
8073,5684,Not Rating,Excellent
8074,7768,3.0,Excellent
8075,5895,2.0,Avergae
8076,3645,5.0,Poor
8077,7306,2.0,Excellent
8078,6978,2.0,Poor
8079,6726,Not Rating,Excellent
8080,7196,3.0,Poor
8081,933,Not Rating,Excellent
8082,8792,Not Rating,Not Provided
8083,7742,3.0,Avergae
8084,7046,5.0,Excellent
8085,8851,Not Rating,Avergae
8086,9312,2.0,Not Provided
8087,9056,1.0,Excellent
8088,9106,Not Rating,Avergae
8089,8721,2.0,Avergae
8090,7478,3.0,Excellent
8091,9563,Not Rating,Excellent
8092,532,Not Rating,Good
8093,7565,Not Rating,Avergae
8094,9937,Not Rating,Avergae
8095,4891,Not Rating,Poor
8096,9660,1.0,Not Provided
8097,8433,Not Rating,Avergae
8098,3791,Not Rating,Avergae
8099,8494,5.0,Good
8100,7208,1.0,Good
8101,1151,1.0,Not Provided
8102,7937,2.0,Not Provided
8103,3223,Not Rating,Good
8104,5316,4.0,Not Provided
8105,5019,4.0,Excellent
8106,5834,Not Rating,Excellent
8107,5781,5.0,Avergae
8108,330,3.0,Avergae
8109,8995,Not Rating,Good
8110,5018,Not Rating,Avergae
8111,1684,Not Rating,Not Provided
8112,7331,Not Rating,Not Provided
8113,5142,1.0,Good
8114,5485,5.0,Good
8115,4776,Not Rating,Excellent
8116,4300,5.0,Excellent
8117,2291,4.0,Excellent
8118,6047,5.0,Not Provided
8119,279,Not Rating,Good
8120,5401,Not Rating,Poor
8121,4536,Not Rating,Not Provided
8122,7815,Not Rating,Good
8123,1328,Not Rating,Not Provided
8124,3064,2.0,Not Provided
8125,6600,Not Rating,Not Provided
8126,9400,5.0,Excellent
8127,9617,1.0,Excellent
8128,721,Not Rating,Good
8129,507,Not Rating,Excellent
8130,4672,2.0,Excellent
8131,3218,1.0,Not Provided
8132,5608,3.0,Avergae
8133,4448,Not Rating,Excellent
8134,442,5.0,Excellent
8135,6582,1.0,Avergae
8136,6883,3.0,Avergae
8137,9971,5.0,Poor
8138,1538,5.0,Avergae
8139,4577,2.0,Excellent
8140,8563,Not Rating,Avergae
8141,9320,2.0,Not Provided
8142,5850,4.0,Poor
8143,8295,4.0,Not Provided
8144,4829,Not Rating,Poor
8145,4458,1.0,Excellent
8146,8798,3.0,Avergae
8147,8914,Not Rating,Excellent
8148,2435,Not Rating,Avergae
8149,1185,3.0,Poor
8150,5701,4.0,Poor
8151,4248,Not Rating,Excellent
8152,6098,1.0,Excellent
8153,4576,2.0,Good
8154,2090,5.0,Excellent
8155,3287,5.0,Avergae
8156,1400,Not Rating,Good
8157,9752,Not Rating,Excellent
8158,3790,2.0,Excellent
8159,5256,Not Rating,Excellent
8160,8836,5.0,Excellent
8161,4317,2.0,Excellent
8162,7216,3.0,Not Provided
8163,2702,4.0,Excellent
8164,8598,4.0,Avergae
8165,6499,3.0,Not Provided
8166,1188,1.0,Excellent
8167,3662,4.0,Excellent
8168,1645,Not Rating,Excellent
8169,3201,Not Rating,Good
8170,9707,Not Rating,Avergae
8171,8491,5.0,Excellent
8172,514,4.0,Excellent
8173,2995,Not Rating,Good
8174,3048,1.0,Excellent
8175,3349,Not Rating,Poor
8176,8505,Not Rating,Good
8177,8287,5.0,Not Provided
8178,5471,1.0,Not Provided
8179,1082,3.0,Poor
8180,5349,5.0,Good
8181,5465,4.0,Not Provided
8182,1106,1.0,Avergae
8183,4629,4.0,Excellent
8184,3566,5.0,Not Provided
8185,1494,Not Rating,Excellent
8186,3087,3.0,Good
8187,9434,1.0,Poor
8188,4106,3.0,Good
8189,7999,5.0,Not Provided
8190,2126,Not Rating,Not Provided
8191,3463,4.0,Poor
8192,7653,Not Rating,Excellent
8193,9125,Not Rating,Good
8194,5298,Not Rating,Excellent
8195,5673,Not Rating,Poor
8196,6060,5.0,Not Provided
8197,258,3.0,Excellent
8198,6305,Not Rating,Avergae
8199,8108,5.0,Poor
8200,3563,3.0,Not Provided
8201,9237,1.0,Poor
8202,5378,Not Rating,Excellent
8203,8329,Not Rating,Excellent
8204,5199,4.0,Not Provided
8205,1902,Not Rating,Excellent
8206,5125,2.0,Good
8207,8096,4.0,Excellent
8208,3050,Not Rating,Excellent
8209,5687,Not Rating,Avergae
8210,7544,Not Rating,Avergae
8211,2176,3.0,Poor
8212,4795,Not Rating,Excellent
8213,1670,Not Rating,Avergae
8214,289,Not Rating,Excellent
8215,1764,2.0,Avergae
8216,9134,Not Rating,Avergae
8217,9024,3.0,Not Provided
8218,7906,5.0,Avergae
8219,7781,1.0,Not Provided
8220,4838,5.0,Not Provided
8221,2968,5.0,Good
8222,9625,5.0,Excellent
8223,2323,Not Rating,Avergae
8224,7886,2.0,Avergae
8225,2936,1.0,Poor
8226,9605,1.0,Good
8227,8924,Not Rating,Avergae
8228,4127,4.0,Not Provided
8229,3493,5.0,Excellent
8230,3786,2.0,Poor
8231,2777,5.0,Poor
8232,3752,2.0,Avergae
8233,278,4.0,Not Provided
8234,36,Not Rating,Excellent
8235,6069,Not Rating,Excellent
8236,8917,Not Rating,Good
8237,1972,4.0,Good
8238,997,1.0,Excellent
8239,8633,5.0,Not Provided
8240,810,Not Rating,Avergae
8241,4736,1.0,Excellent
8242,7436,1.0,Avergae
8243,6680,1.0,Avergae
8244,2798,3.0,Excellent
8245,7677,Not Rating,Poor
8246,3471,1.0,Poor
8247,6312,3.0,Excellent
8248,8832,4.0,Good
8249,3544,Not Rating,Poor
8250,4245,2.0,Excellent
8251,8317,Not Rating,Excellent
8252,9094,Not Rating,Excellent
8253,5358,3.0,Poor
8254,439,3.0,Not Provided
8255,447,1.0,Good
8256,5358,2.0,Excellent
8257,2724,Not Rating,Not Provided
8258,8911,2.0,Poor
8259,6348,4.0,Excellent
8260,8608,1.0,Excellent
8261,8751,Not Rating,Excellent
8262,5012,Not Rating,Good
8263,2445,2.0,Not Provided
8264,9651,3.0,Not Provided
8265,1128,Not Rating,Avergae
8266,939,1.0,Excellent
8267,3796,1.0,Poor
8268,1324,1.0,Not Provided
8269,218,4.0,Excellent
8270,5415,4.0,Not Provided
8271,6019,Not Rating,Excellent
8272,3803,3.0,Not Provided
8273,8949,Not Rating,Excellent
8274,1173,4.0,Avergae
8275,8593,3.0,Excellent
8276,6787,Not Rating,Avergae
8277,6175,Not Rating,Poor
8278,9061,3.0,Excellent
8279,4463,Not Rating,Good
8280,5160,Not Rating,Good
8281,7342,4.0,Avergae
8282,3601,5.0,Good
8283,3368,3.0,Poor
8284,1843,2.0,Avergae
8285,9433,Not Rating,Not Provided
8286,4286,Not Rating,Avergae
8287,2843,3.0,Good
8288,8800,1.0,Excellent
8289,7991,5.0,Good
8290,615,Not Rating,Poor
8291,4468,2.0,Excellent
8292,2384,4.0,Poor
8293,2184,Not Rating,Avergae
8294,2119,Not Rating,Excellent
8295,1179,Not Rating,Excellent
8296,3788,4.0,Excellent
8297,3966,4.0,Excellent
8298,2419,Not Rating,Good
8299,239,4.0,Good
8300,1744,3.0,Excellent
8301,1214,4.0,Poor
8302,6180,2.0,Good
8303,7582,3.0,Excellent
8304,3455,1.0,Good
8305,3829,Not Rating,Not Provided
8306,3923,Not Rating,Avergae
8307,8955,1.0,Avergae
8308,6425,Not Rating,Excellent
8309,3163,2.0,Avergae
8310,7484,3.0,Good
8311,3486,3.0,Excellent
8312,3927,Not Rating,Not Provided
8313,3516,Not Rating,Good
8314,3572,4.0,Poor
8315,6647,Not Rating,Good
8316,823,Not Rating,Not Provided
8317,3462,Not Rating,Excellent
8318,8890,1.0,Poor
8319,179,Not Rating,Excellent
8320,6884,5.0,Avergae
8321,9916,Not Rating,Poor
8322,6301,4.0,Poor
8323,5009,1.0,Avergae
8324,3558,3.0,Good
8325,7949,2.0,Good
8326,9998,4.0,Avergae
8327,4157,2.0,Excellent
8328,8592,4.0,Not Provided
8329,1201,Not Rating,Avergae
8330,6497,Not Rating,Excellent
8331,1953,1.0,Excellent
8332,9800,2.0,Excellent
8333,727,2.0,Excellent
8334,7202,Not Rating,Poor
8335,5325,Not Rating,Not Provided
8336,4669,Not Rating,Not Provided
8337,3120,4.0,Excellent
8338,4636,Not Rating,Good
8339,3114,2.0,Not Provided
8340,9701,1.0,Avergae
8341,9287,1.0,Poor
8342,6357,Not Rating,Poor
8343,7983,2.0,Good
8344,2744,1.0,Good
8345,1726,5.0,Good
8346,2100,4.0,Not Provided
8347,8122,Not Rating,Good
8348,1528,Not Rating,Good
8349,2121,4.0,Avergae
8350,8229,Not Rating,Excellent
8351,3060,Not Rating,Not Provided
8352,8652,3.0,Not Provided
8353,7233,Not Rating,Excellent
8354,6006,1.0,Excellent
8355,8002,Not Rating,Excellent
8356,4225,3.0,Excellent
8357,4399,2.0,Not Provided
8358,1280,Not Rating,Not Provided
8359,2323,Not Rating,Excellent
8360,5688,3.0,Excellent
8361,8525,Not Rating,Avergae
8362,4069,Not Rating,Excellent
8363,2563,Not Rating,Excellent
8364,6672,1.0,Excellent
8365,2341,Not Rating,Excellent
8366,7640,1.0,Excellent
8367,6897,3.0,Poor
8368,7550,4.0,Excellent
8369,6726,5.0,Good
8370,8044,1.0,Not Provided
8371,6663,5.0,Excellent
8372,3378,Not Rating,Good
8373,9244,2.0,Excellent
8374,116,Not Rating,Not Provided
8375,9109,Not Rating,Poor
8376,686,3.0,Not Provided
8377,6307,3.0,Excellent
8378,5612,Not Rating,Not Provided
8379,6148,3.0,Excellent
8380,7512,1.0,Poor
8381,3175,Not Rating,Not Provided
8382,5651,Not Rating,Excellent
8383,2860,4.0,Excellent
8384,6087,Not Rating,Excellent
8385,2369,Not Rating,Excellent
8386,2155,4.0,Good
8387,9686,Not Rating,Poor
8388,9661,Not Rating,Avergae
8389,5178,2.0,Excellent
8390,6730,2.0,Excellent
8391,4563,Not Rating,Good
8392,93,Not Rating,Excellent
8393,6978,Not Rating,Good
8394,9863,Not Rating,Good
8395,7583,Not Rating,Not Provided
8396,4332,2.0,Poor
8397,1753,Not Rating,Not Provided
8398,8935,1.0,Avergae
8399,2244,1.0,Excellent
8400,8787,5.0,Excellent
8401,4591,3.0,Good
8402,8521,Not Rating,Good
8403,5148,2.0,Excellent
8404,8748,1.0,Poor
8405,5115,5.0,Poor
8406,1624,3.0,Excellent
8407,727,4.0,Not Provided
8408,7824,4.0,Not Provided
8409,6166,1.0,Avergae
8410,6798,2.0,Not Provided
8411,4782,4.0,Poor
8412,2351,Not Rating,Excellent
8413,2664,Not Rating,Avergae
8414,175,5.0,Not Provided
8415,8201,3.0,Not Provided
8416,5874,4.0,Good
8417,5630,Not Rating,Good
8418,3502,Not Rating,Poor
8419,1475,1.0,Not Provided
8420,8014,Not Rating,Good
8421,5744,Not Rating,Not Provided
8422,7911,3.0,Good
8423,9724,2.0,Excellent
8424,3525,Not Rating,Good
8425,2760,2.0,Not Provided
8426,1009,Not Rating,Avergae
8427,57,Not Rating,Excellent
8428,1761,3.0,Poor
8429,2928,5.0,Good
8430,9988,Not Rating,Good
8431,9391,Not Rating,Poor
8432,5273,3.0,Excellent
8433,2260,Not Rating,Not Provided
8434,8303,3.0,Excellent
8435,5370,4.0,Not Provided
8436,5012,5.0,Poor
8437,3693,Not Rating,Good
8438,5297,Not Rating,Poor
8439,9191,5.0,Excellent
8440,3296,5.0,Not Provided
8441,9552,Not Rating,Good
8442,2364,Not Rating,Excellent
8443,4952,Not Rating,Poor
8444,7569,Not Rating,Excellent
8445,4944,2.0,Avergae
8446,4715,Not Rating,Not Provided
8447,7068,3.0,Excellent
8448,3668,3.0,Not Provided
8449,1601,Not Rating,Not Provided
8450,910,Not Rating,Not Provided
8451,7788,Not Rating,Not Provided
8452,5096,Not Rating,Avergae
8453,4347,Not Rating,Excellent
8454,5167,5.0,Poor
8455,2718,Not Rating,Excellent
8456,3816,2.0,Good
8457,3431,Not Rating,Not Provided
8458,5347,3.0,Avergae
8459,5181,Not Rating,Poor
8460,4854,2.0,Excellent
8461,3187,Not Rating,Poor
8462,394,Not Rating,Poor
8463,6046,4.0,Excellent
8464,8960,Not Rating,Not Provided
8465,6792,3.0,Excellent
8466,8013,Not Rating,Good
8467,9168,3.0,Good
8468,8668,Not Rating,Poor
8469,7141,4.0,Avergae
8470,5567,Not Rating,Poor
8471,8678,2.0,Avergae
8472,8620,Not Rating,Good
8473,3025,4.0,Poor
8474,7423,1.0,Excellent
8475,9645,1.0,Good
8476,953,Not Rating,Poor
8477,2595,3.0,Excellent
8478,3337,3.0,Good
8479,1095,1.0,Poor
8480,624,Not Rating,Excellent
8481,9139,Not Rating,Excellent
8482,346,Not Rating,Excellent
8483,2830,Not Rating,Good
8484,4546,Not Rating,Not Provided
8485,8731,1.0,Excellent
8486,2111,Not Rating,Poor
8487,852,Not Rating,Not Provided
8488,192,Not Rating,Good
8489,5911,2.0,Avergae
8490,4331,3.0,Excellent
8491,3667,Not Rating,Poor
8492,4726,Not Rating,Avergae
8493,739,1.0,Poor
8494,4048,Not Rating,Good
8495,8497,4.0,Excellent
8496,9322,2.0,Poor
8497,1745,3.0,Good
8498,2290,Not Rating,Excellent
8499,3103,1.0,Excellent
8500,5419,Not Rating,Good
8501,6160,5.0,Excellent
8502,873,3.0,Not Provided
8503,2110,Not Rating,Excellent
8504,2054,1.0,Poor
8505,7343,4.0,Avergae
8506,2884,1.0,Good
8507,5337,1.0,Excellent
8508,5037,5.0,Not Provided
8509,260,Not Rating,Poor
8510,7183,3.0,Good
8511,2861,5.0,Good
8512,2840,1.0,Good
8513,8242,4.0,Avergae
8514,8801,4.0,Excellent
8515,8231,Not Rating,Good
8516,7001,Not Rating,Not Provided
8517,4631,5.0,Excellent
8518,4111,2.0,Poor
8519,7599,Not Rating,Poor
8520,807,2.0,Excellent
8521,4185,3.0,Good
8522,1569,5.0,Excellent
8523,5589,3.0,Avergae
8524,3537,5.0,Good
8525,9007,1.0,Poor
8526,3814,5.0,Excellent
8527,4181,Not Rating,Excellent
8528,6548,Not Rating,Poor
8529,6465,2.0,Excellent
8530,8188,1.0,Not Provided
8531,7153,Not Rating,Good
8532,2124,1.0,Not Provided
8533,9615,3.0,Not Provided
8534,8481,Not Rating,Excellent
8535,7984,2.0,Excellent
8536,6785,2.0,Excellent
8537,6953,Not Rating,Avergae
8538,5816,Not Rating,Excellent
8539,7940,3.0,Poor
8540,4515,5.0,Good
8541,4397,4.0,Poor
8542,3660,Not Rating,Excellent
8543,5512,Not Rating,Excellent
8544,5376,3.0,Poor
8545,1557,2.0,Excellent
8546,6840,Not Rating,Good
8547,1999,Not Rating,Not Provided
8548,7279,4.0,Excellent
8549,5708,1.0,Excellent
8550,277,3.0,Excellent
8551,8641,Not Rating,Not Provided
8552,5042,2.0,Excellent
8553,4604,3.0,Poor
8554,6007,5.0,Not Provided
8555,4641,Not Rating,Not Provided
8556,2961,5.0,Good
8557,7922,4.0,Poor
8558,7913,4.0,Good
8559,7835,2.0,Poor
8560,1109,4.0,Excellent
8561,5100,Not Rating,Avergae
8562,8503,3.0,Poor
8563,2338,1.0,Excellent
8564,9159,Not Rating,Poor
8565,9062,Not Rating,Excellent
8566,3018,3.0,Excellent
8567,6838,2.0,Good
8568,3224,1.0,Excellent
8569,1593,3.0,Poor
8570,8992,1.0,Good
8571,3229,Not Rating,Excellent
8572,1223,1.0,Good
8573,7565,Not Rating,Avergae
8574,315,Not Rating,Poor
8575,3223,5.0,Good
8576,3975,3.0,Good
8577,8909,2.0,Excellent
8578,9268,3.0,Avergae
8579,6108,Not Rating,Excellent
8580,5969,3.0,Not Provided
8581,5731,5.0,Excellent
8582,6234,Not Rating,Poor
8583,4248,3.0,Avergae
8584,28,3.0,Poor
8585,9749,4.0,Not Provided
8586,8152,4.0,Good
8587,2213,1.0,Avergae
8588,8136,Not Rating,Not Provided
8589,2599,2.0,Poor
8590,2300,2.0,Not Provided
8591,7822,1.0,Avergae
8592,2174,Not Rating,Avergae
8593,3156,Not Rating,Excellent
8594,6797,Not Rating,Excellent
8595,6401,Not Rating,Excellent
8596,7126,1.0,Excellent
8597,6851,5.0,Not Provided
8598,1317,3.0,Not Provided
8599,2891,5.0,Excellent
8600,4910,4.0,Poor
8601,3650,4.0,Poor
8602,697,2.0,Good
8603,3040,2.0,Not Provided
8604,8874,4.0,Avergae
8605,2879,4.0,Avergae
8606,9130,3.0,Poor
8607,2452,Not Rating,Poor
8608,1398,4.0,Excellent
8609,7103,4.0,Avergae
8610,6405,1.0,Excellent
8611,8905,4.0,Excellent
8612,9606,3.0,Excellent
8613,9925,1.0,Poor
8614,7471,3.0,Excellent
8615,4250,Not Rating,Good
8616,9497,1.0,Excellent
8617,9415,5.0,Avergae
8618,3996,2.0,Poor
8619,5644,3.0,Excellent
8620,2252,1.0,Avergae
8621,3336,5.0,Excellent
8622,2899,1.0,Excellent
8623,9366,Not Rating,Excellent
8624,6198,4.0,Excellent
8625,2215,2.0,Excellent
8626,3828,1.0,Not Provided
8627,4680,2.0,Good
8628,2047,Not Rating,Excellent
8629,7619,5.0,Good
8630,3239,Not Rating,Not Provided
8631,6133,2.0,Excellent
8632,4867,Not Rating,Poor
8633,8201,Not Rating,Not Provided
8634,8466,Not Rating,Avergae
8635,5484,Not Rating,Not Provided
8636,6961,4.0,Poor
8637,3660,4.0,Excellent
8638,7784,Not Rating,Not Provided
8639,9702,3.0,Avergae
8640,513,2.0,Excellent
8641,5032,5.0,Excellent
8642,7378,2.0,Excellent
8643,5752,Not Rating,Excellent
8644,436,3.0,Not Provided
8645,5148,5.0,Excellent
8646,6979,1.0,Poor
8647,8853,Not Rating,Avergae
8648,7462,Not Rating,Excellent
8649,6935,Not Rating,Good
8650,384,5.0,Poor
8651,8946,2.0,Avergae
8652,1552,3.0,Excellent
8653,5623,4.0,Poor
8654,1504,2.0,Avergae
8655,5820,3.0,Good
8656,2020,Not Rating,Excellent
8657,4734,4.0,Not Provided
8658,5544,Not Rating,Excellent
8659,9277,Not Rating,Poor
8660,8126,3.0,Poor
8661,3680,5.0,Excellent
8662,3605,4.0,Excellent
8663,5049,Not Rating,Good
8664,2571,5.0,Avergae
8665,306,3.0,Excellent
8666,1545,3.0,Excellent
8667,1874,Not Rating,Poor
8668,3781,Not Rating,Excellent
8669,3241,5.0,Excellent
8670,7423,Not Rating,Not Provided
8671,3734,2.0,Avergae
8672,5322,Not Rating,Poor
8673,5062,Not Rating,Avergae
8674,18,5.0,Good
8675,4270,1.0,Poor
8676,6410,Not Rating,Poor
8677,3182,Not Rating,Excellent
8678,3430,4.0,Good
8679,270,Not Rating,Not Provided
8680,861,3.0,Excellent
8681,7318,5.0,Excellent
8682,9442,Not Rating,Excellent
8683,3143,2.0,Excellent
8684,7096,Not Rating,Avergae
8685,3546,5.0,Poor
8686,1444,2.0,Excellent
8687,5620,Not Rating,Avergae
8688,6321,3.0,Good
8689,7145,Not Rating,Avergae
8690,3701,Not Rating,Poor
8691,5183,Not Rating,Good
8692,6912,Not Rating,Avergae
8693,6459,3.0,Not Provided
8694,3276,Not Rating,Excellent
8695,6428,Not Rating,Excellent
8696,9235,5.0,Excellent
8697,8511,Not Rating,Poor
8698,2927,3.0,Excellent
8699,4973,3.0,Not Provided
8700,1038,Not Rating,Excellent
8701,8155,Not Rating,Good
8702,376,Not Rating,Poor
8703,8485,Not Rating,Avergae
8704,6627,Not Rating,Avergae
8705,3221,Not Rating,Excellent
8706,8195,1.0,Excellent
8707,2267,Not Rating,Excellent
8708,8131,5.0,Poor
8709,5300,4.0,Not Provided
8710,2470,1.0,Excellent
8711,3798,5.0,Excellent
8712,3250,Not Rating,Not Provided
8713,927,2.0,Excellent
8714,2304,4.0,Excellent
8715,3238,Not Rating,Not Provided
8716,6441,Not Rating,Avergae
8717,6640,4.0,Good
8718,9822,Not Rating,Poor
8719,8897,5.0,Avergae
8720,3597,Not Rating,Excellent
8721,689,Not Rating,Good
8722,8604,Not Rating,Excellent
8723,2067,2.0,Not Provided
8724,8269,2.0,Excellent
8725,4598,2.0,Good
8726,8489,1.0,Avergae
8727,8544,1.0,Excellent
8728,4480,3.0,Not Provided
8729,5048,2.0,Excellent
8730,8348,1.0,Avergae
8731,8940,Not Rating,Not Provided
8732,2054,1.0,Excellent
8733,582,5.0,Avergae
8734,4488,Not Rating,Excellent
8735,2158,Not Rating,Poor
8736,1609,1.0,Excellent
8737,1128,3.0,Poor
8738,6563,4.0,Not Provided
8739,5479,Not Rating,Good
8740,2372,2.0,Excellent
8741,1984,5.0,Excellent
8742,2742,2.0,Avergae
8743,4427,2.0,Excellent
8744,8570,3.0,Excellent
8745,5565,4.0,Excellent
8746,9865,4.0,Avergae
8747,1007,3.0,Not Provided
8748,6140,Not Rating,Good
8749,5557,Not Rating,Not Provided
8750,1166,4.0,Avergae
8751,5935,Not Rating,Excellent
8752,3209,Not Rating,Not Provided
8753,3964,1.0,Excellent
8754,5990,5.0,Poor
8755,813,1.0,Not Provided
8756,1794,Not Rating,Not Provided
8757,8647,Not Rating,Avergae
8758,2631,Not Rating,Not Provided
8759,3308,4.0,Excellent
8760,7549,Not Rating,Poor
8761,9857,5.0,Excellent
8762,6095,3.0,Excellent
8763,1774,5.0,Excellent
8764,1092,Not Rating,Poor
8765,334,1.0,Not Provided
8766,6619,4.0,Avergae
8767,9268,2.0,Not Provided
8768,6082,4.0,Not Provided
8769,984,2.0,Excellent
8770,7426,4.0,Excellent
8771,6413,3.0,Good
8772,5508,5.0,Poor
8773,4939,Not Rating,Poor
8774,6684,Not Rating,Good
8775,4092,3.0,Good
8776,3989,3.0,Poor
8777,6500,3.0,Poor
8778,8199,1.0,Excellent
8779,630,4.0,Not Provided
8780,8867,5.0,Poor
8781,1710,Not Rating,Excellent
8782,2270,3.0,Poor
8783,5625,2.0,Avergae
8784,3549,Not Rating,Excellent
8785,3975,Not Rating,Excellent
8786,4586,Not Rating,Not Provided
8787,7275,2.0,Good
8788,8302,3.0,Excellent
8789,4034,4.0,Avergae
8790,4777,Not Rating,Good
8791,226,5.0,Not Provided
8792,2195,2.0,Avergae
8793,5224,4.0,Not Provided
8794,8975,3.0,Good
8795,5551,3.0,Not Provided
8796,9358,4.0,Avergae
8797,3135,Not Rating,Poor
8798,8881,Not Rating,Good
8799,6415,4.0,Good
8800,9961,1.0,Poor
8801,7073,1.0,Excellent
8802,1338,3.0,Excellent
8803,5309,Not Rating,Poor
8804,55,Not Rating,Avergae
8805,1951,4.0,Good
8806,1608,1.0,Poor
8807,1741,1.0,Excellent
8808,6644,3.0,Excellent
8809,3158,2.0,Good
8810,182,3.0,Poor
8811,5745,Not Rating,Poor
8812,8957,2.0,Excellent
8813,7421,Not Rating,Not Provided
8814,3522,1.0,Avergae
8815,5169,4.0,Good
8816,8677,Not Rating,Good
8817,3041,Not Rating,Excellent
8818,7457,Not Rating,Excellent
8819,4471,1.0,Avergae
8820,937,Not Rating,Excellent
8821,519,3.0,Avergae
8822,1211,Not Rating,Not Provided
8823,2359,3.0,Excellent
8824,6999,1.0,Good
8825,2586,3.0,Excellent
8826,9105,Not Rating,Good
8827,3501,Not Rating,Poor
8828,2263,1.0,Good
8829,4271,5.0,Good
8830,6236,Not Rating,Excellent
8831,7265,1.0,Poor
8832,2491,Not Rating,Not Provided
8833,6368,4.0,Good
8834,1951,Not Rating,Not Provided
8835,6266,2.0,Avergae
8836,5562,1.0,Excellent
8837,7959,Not Rating,Avergae
8838,4394,Not Rating,Avergae
8839,1891,4.0,Excellent
8840,8776,1.0,Good
8841,8696,Not Rating,Excellent
8842,318,Not Rating,Good
8843,8282,Not Rating,Poor
8844,6473,1.0,Excellent
8845,5055,Not Rating,Poor
8846,4262,1.0,Poor
8847,3059,Not Rating,Good
8848,9714,3.0,Avergae
8849,3513,Not Rating,Not Provided
8850,3818,Not Rating,Poor
8851,2558,4.0,Good
8852,6044,5.0,Good
8853,8349,Not Rating,Avergae
8854,9471,4.0,Poor
8855,8513,2.0,Excellent
8856,3596,Not Rating,Avergae
8857,7714,Not Rating,Not Provided
8858,6553,4.0,Not Provided
8859,3526,Not Rating,Excellent
8860,4781,2.0,Poor
8861,1499,Not Rating,Poor
8862,266,1.0,Poor
8863,5886,Not Rating,Good
8864,8988,2.0,Poor
8865,7436,5.0,Poor
8866,8238,4.0,Avergae
8867,1099,Not Rating,Not Provided
8868,2487,4.0,Excellent
8869,9873,1.0,Excellent
8870,5696,1.0,Good
8871,6648,3.0,Excellent
8872,159,1.0,Not Provided
8873,8658,5.0,Not Provided
8874,78,Not Rating,Good
8875,4433,1.0,Avergae
8876,7321,3.0,Excellent
8877,253,Not Rating,Avergae
8878,30,Not Rating,Good
8879,8569,Not Rating,Poor
8880,2411,Not Rating,Good
8881,8865,5.0,Poor
8882,5067,Not Rating,Excellent
8883,4478,Not Rating,Good
8884,6814,1.0,Not Provided
8885,7250,4.0,Excellent
8886,6749,2.0,Not Provided
8887,626,3.0,Good
8888,1383,Not Rating,Good
8889,5093,2.0,Not Provided
8890,1843,5.0,Good
8891,3861,1.0,Good
8892,1712,Not Rating,Excellent
8893,4990,1.0,Not Provided
8894,3136,5.0,Poor
8895,8652,Not Rating,Excellent
8896,8953,Not Rating,Avergae
8897,7071,Not Rating,Good
8898,6834,5.0,Not Provided
8899,4353,Not Rating,Avergae
8900,1231,5.0,Excellent
8901,7592,5.0,Not Provided
8902,616,Not Rating,Poor
8903,4275,3.0,Avergae
8904,9674,Not Rating,Excellent
8905,3446,4.0,Avergae
8906,4442,2.0,Not Provided
8907,323,Not Rating,Excellent
8908,9574,2.0,Not Provided
8909,5270,4.0,Not Provided
8910,2783,Not Rating,Poor
8911,5090,Not Rating,Excellent
8912,3007,Not Rating,Excellent
8913,2865,Not Rating,Not Provided
8914,8141,Not Rating,Not Provided
8915,5820,Not Rating,Excellent
8916,2184,2.0,Excellent
8917,6505,Not Rating,Excellent
8918,7349,1.0,Not Provided
8919,778,3.0,Avergae
8920,7436,1.0,Excellent
8921,8303,1.0,Excellent
8922,161,2.0,Good
8923,5059,5.0,Poor
8924,4287,4.0,Good
8925,6951,2.0,Excellent
8926,2668,3.0,Good
8927,2836,3.0,Avergae
8928,753,2.0,Good
8929,6400,4.0,Poor
8930,7557,3.0,Not Provided
8931,7766,Not Rating,Excellent
8932,5756,3.0,Good
8933,5574,5.0,Good
8934,3172,Not Rating,Poor
8935,6097,2.0,Not Provided
8936,1099,5.0,Good
8937,8685,Not Rating,Not Provided
8938,4087,4.0,Good
8939,4815,Not Rating,Not Provided
8940,9728,Not Rating,Excellent
8941,2467,3.0,Excellent
8942,9420,Not Rating,Excellent
8943,8346,3.0,Good
8944,5667,Not Rating,Excellent
8945,4593,4.0,Avergae
8946,3467,1.0,Excellent
8947,4355,5.0,Avergae
8948,4525,4.0,Not Provided
8949,4350,3.0,Not Provided
8950,21,Not Rating,Not Provided
8951,3172,Not Rating,Good
8952,6071,2.0,Avergae
8953,586,Not Rating,Excellent
8954,338,2.0,Excellent
8955,9109,Not Rating,Avergae
8956,1324,Not Rating,Excellent
8957,9869,2.0,Excellent
8958,6590,Not Rating,Excellent
8959,4217,2.0,Good
8960,9689,Not Rating,Excellent
8961,3371,1.0,Excellent
8962,6302,Not Rating,Poor
8964,9098,2.0,Poor
8965,1708,Not Rating,Avergae
8966,7771,Not Rating,Good
8967,8902,1.0,Excellent
8968,3689,Not Rating,Excellent
8969,3228,4.0,Good
8970,5484,Not Rating,Poor
8971,5239,3.0,Excellent
8972,8926,Not Rating,Poor
8973,8036,Not Rating,Avergae
8974,8578,Not Rating,Excellent
8975,5246,2.0,Good
8976,659,3.0,Excellent
8977,1641,2.0,Avergae
8978,1049,2.0,Excellent
8979,6772,1.0,Excellent
8980,9386,3.0,Avergae
8981,4871,1.0,Excellent
8982,481,5.0,Avergae
8983,4508,Not Rating,Excellent
8984,2998,5.0,Poor
8985,5972,5.0,Not Provided
8986,2221,Not Rating,Poor
8987,1377,2.0,Not Provided
8988,4657,Not Rating,Avergae
8989,2451,3.0,Excellent
8990,1851,3.0,Excellent
8991,8078,2.0,Excellent
8992,5227,3.0,Not Provided
8993,9864,2.0,Excellent
8994,9811,2.0,Not Provided
8995,898,4.0,Not Provided
8996,9843,Not Rating,Avergae
8997,4086,4.0,Excellent
8998,7878,Not Rating,Poor
8999,7300,Not Rating,Not Provided
9000,5451,1.0,Poor
9001,3151,4.0,Excellent
9002,6623,Not Rating,Excellent
9003,7062,3.0,Avergae
9004,2370,1.0,Poor
9005,3249,Not Rating,Avergae
9006,7197,Not Rating,Excellent
9007,5843,2.0,Poor
9008,8312,Not Rating,Avergae
9009,8908,Not Rating,Avergae
9010,9550,3.0,Poor
9011,373,Not Rating,Excellent
9012,3457,Not Rating,Poor
9013,5662,1.0,Not Provided
9014,3272,4.0,Excellent
9015,6392,5.0,Excellent
9016,7644,Not Rating,Good
9017,7109,Not Rating,Not Provided
9018,3123,2.0,Excellent
9019,5554,Not Rating,Avergae
9020,9819,Not Rating,Good
9021,3099,2.0,Poor
9022,4831,5.0,Excellent
9023,5555,Not Rating,Not Provided
9024,9115,Not Rating,Excellent
9025,1075,1.0,Excellent
9026,8952,Not Rating,Poor
9027,7284,Not Rating,Good
9028,6414,Not Rating,Excellent
9029,6296,Not Rating,Poor
9030,5770,4.0,Poor
9031,3362,5.0,Avergae
9032,5978,5.0,Good
9033,8619,5.0,Poor
9034,3521,Not Rating,Good
9035,7323,5.0,Not Provided
9036,1197,2.0,Poor
9037,6883,2.0,Good
9038,5494,Not Rating,Excellent
9039,4219,5.0,Good
9040,653,2.0,Poor
9041,131,2.0,Avergae
9042,496,3.0,Not Provided
9043,7719,Not Rating,Poor
9044,1100,Not Rating,Excellent
9045,9424,Not Rating,Good
9046,3114,5.0,Good
9047,3780,5.0,Avergae
9048,7565,2.0,Excellent
9049,3225,1.0,Poor
9050,9964,2.0,Poor
9051,5658,5.0,Poor
9052,3984,5.0,Poor
9053,6976,5.0,Good
9054,2464,3.0,Poor
9055,211,4.0,Avergae
9056,1469,Not Rating,Avergae
9057,6533,Not Rating,Avergae
9058,2523,2.0,Good
9059,4489,2.0,Excellent
9060,3833,Not Rating,Excellent
9061,8595,4.0,Excellent
9062,2167,3.0,Poor
9063,5969,Not Rating,Not Provided
9064,8783,Not Rating,Poor
9065,9163,Not Rating,Poor
9066,455,Not Rating,Excellent
9067,6622,5.0,Good
9068,3759,Not Rating,Avergae
9069,7160,2.0,Excellent
9070,2924,2.0,Good
9071,7712,5.0,Avergae
9072,2178,Not Rating,Poor
9073,8393,5.0,Avergae
9074,9680,5.0,Excellent
9075,2736,Not Rating,Excellent
9076,5986,2.0,Not Provided
9077,2848,Not Rating,Excellent
9078,2546,2.0,Good
9079,7096,1.0,Excellent
9080,4253,3.0,Excellent
9081,1783,4.0,Not Provided
9082,4853,4.0,Excellent
9083,9221,2.0,Excellent
9084,6338,5.0,Excellent
9085,7944,1.0,Not Provided
9086,1670,4.0,Good
9087,1273,Not Rating,Poor
9088,8967,Not Rating,Excellent
9089,9606,Not Rating,Excellent
9090,3216,Not Rating,Avergae
9091,9876,Not Rating,Not Provided
9092,4911,2.0,Avergae
9093,7478,1.0,Excellent
9094,5944,2.0,Not Provided
9095,7522,3.0,Not Provided
9096,699,4.0,Excellent
9097,1906,3.0,Poor
9098,8531,Not Rating,Excellent
9099,5567,Not Rating,Excellent
9100,1397,1.0,Poor
9101,2228,2.0,Poor
9102,3962,1.0,Excellent
9103,4513,3.0,Excellent
9104,8794,2.0,Good
9105,9031,Not Rating,Excellent
9106,2158,Not Rating,Not Provided
9107,3385,5.0,Good
9108,2463,Not Rating,Poor
9109,4410,4.0,Poor
9110,6733,4.0,Excellent
9111,1483,3.0,Excellent
9112,2709,Not Rating,Good
9113,6518,Not Rating,Good
9114,2449,3.0,Avergae
9115,8801,Not Rating,Avergae
9116,2368,Not Rating,Not Provided
9117,6384,Not Rating,Avergae
9118,6654,Not Rating,Avergae
9119,6878,3.0,Excellent
9120,1576,5.0,Excellent
9121,2760,3.0,Excellent
9122,6018,5.0,Avergae
9123,329,3.0,Avergae
9124,1745,Not Rating,Excellent
9125,5902,1.0,Good
9126,4709,2.0,Good
9127,3249,Not Rating,Avergae
9128,1912,Not Rating,Not Provided
9129,7149,2.0,Excellent
9130,7539,5.0,Excellent
9131,7463,Not Rating,Excellent
9132,5577,3.0,Poor
9133,5327,Not Rating,Avergae
9134,3328,Not Rating,Excellent
9135,371,1.0,Poor
9136,8532,Not Rating,Poor
9137,3386,Not Rating,Excellent
9138,3785,Not Rating,Not Provided
9139,468,2.0,Good
9140,910,5.0,Poor
9141,7361,3.0,Not Provided
9142,3841,Not Rating,Not Provided
9143,3751,5.0,Avergae
9144,9571,2.0,Excellent
9145,4564,Not Rating,Excellent
9146,2956,Not Rating,Not Provided
9147,1898,Not Rating,Good
9148,5214,4.0,Excellent
9149,9460,Not Rating,Poor
9150,7961,5.0,Not Provided
9151,7034,Not Rating,Excellent
9152,1228,Not Rating,Avergae
9153,4281,Not Rating,Avergae
9154,6184,4.0,Not Provided
9155,2168,Not Rating,Excellent
9156,742,1.0,Not Provided
9157,4309,4.0,Avergae
9158,8971,Not Rating,Poor
9159,3822,Not Rating,Excellent
9160,4879,Not Rating,Good
9161,3829,Not Rating,Good
9162,2982,4.0,Good
9163,9018,Not Rating,Good
9164,5326,4.0,Poor
9165,5277,Not Rating,Not Provided
9166,7021,4.0,Good
9167,1174,4.0,Avergae
9168,8152,Not Rating,Excellent
9169,1243,Not Rating,Excellent
9170,9375,5.0,Good
9171,1608,Not Rating,Good
9172,8135,3.0,Poor
9173,1343,5.0,Excellent
9174,3027,Not Rating,Poor
9175,752,Not Rating,Excellent
9176,3123,1.0,Poor
9177,7189,1.0,Not Provided
9178,6487,3.0,Excellent
9179,4300,Not Rating,Excellent
9180,429,3.0,Excellent
9181,8294,Not Rating,Poor
9182,7412,5.0,Excellent
9183,7989,Not Rating,Avergae
9184,2822,Not Rating,Poor
9185,7964,1.0,Good
9186,3984,Not Rating,Not Provided
9187,9480,1.0,Poor
9188,8983,Not Rating,Excellent
9189,9326,5.0,Excellent
9190,5539,5.0,Excellent
9191,1451,Not Rating,Not Provided
9192,3145,Not Rating,Excellent
9193,244,Not Rating,Not Provided
9194,9541,5.0,Avergae
9195,7044,2.0,Excellent
9196,1276,4.0,Good
9197,2168,4.0,Excellent
9198,2017,3.0,Poor
9199,8881,5.0,Excellent
9200,5584,5.0,Not Provided
9201,7757,5.0,Excellent
9202,3799,1.0,Good
9203,8641,5.0,Poor
9204,3117,Not Rating,Excellent
9205,6422,5.0,Not Provided
9206,4380,5.0,Excellent
9207,3413,2.0,Not Provided
9208,4154,2.0,Poor
9209,3358,Not Rating,Excellent
9210,7980,Not Rating,Excellent
9211,5897,Not Rating,Excellent
9212,8854,4.0,Excellent
9213,6285,2.0,Excellent
9214,8306,2.0,Poor
9215,2536,5.0,Excellent
9216,2121,3.0,Avergae
9217,9235,2.0,Excellent
9218,7720,Not Rating,Good
9219,9289,1.0,Avergae
9220,4425,Not Rating,Not Provided
9221,4470,Not Rating,Good
9222,7733,2.0,Avergae
9223,4910,Not Rating,Excellent
9224,8095,Not Rating,Excellent
9225,2465,5.0,Excellent
9226,8569,3.0,Good
9227,4841,Not Rating,Excellent
9228,7378,Not Rating,Good
9229,8456,Not Rating,Excellent
9230,5100,3.0,Not Provided
9231,829,2.0,Excellent
9232,3466,Not Rating,Good
9233,6891,Not Rating,Poor
9234,193,1.0,Good
9235,1828,3.0,Avergae
9236,6959,Not Rating,Excellent
9237,9189,3.0,Excellent
9238,3208,Not Rating,Excellent
9239,3710,1.0,Not Provided
9240,5600,3.0,Good
9241,2107,Not Rating,Excellent
9242,7092,Not Rating,Good
9243,3692,1.0,Poor
9244,1076,4.0,Good
9245,408,Not Rating,Avergae
9246,8664,1.0,Avergae
9247,4861,Not Rating,Avergae
9248,2843,Not Rating,Good
9249,5476,Not Rating,Excellent
9250,5925,1.0,Poor
9251,9178,Not Rating,Good
9252,2672,Not Rating,Excellent
9253,131,1.0,Poor
9254,8429,2.0,Excellent
9255,1369,Not Rating,Good
9256,7584,Not Rating,Not Provided
9257,1690,1.0,Excellent
9258,1910,Not Rating,Avergae
9259,1669,5.0,Avergae
9260,132,Not Rating,Avergae
9261,4419,Not Rating,Excellent
9262,6283,Not Rating,Good
9263,5075,3.0,Not Provided
9264,5247,Not Rating,Avergae
9265,3201,Not Rating,Good
9266,4652,2.0,Poor
9267,6307,5.0,Avergae
9268,8241,Not Rating,Avergae
9269,6953,Not Rating,Not Provided
9270,3957,1.0,Not Provided
9271,8639,Not Rating,Avergae
9272,6249,3.0,Excellent
9273,8925,Not Rating,Avergae
9274,6267,Not Rating,Poor
9275,6541,4.0,Not Provided
9276,1439,3.0,Not Provided
9277,3100,3.0,Excellent
9278,4140,Not Rating,Poor
9279,3223,Not Rating,Not Provided
9280,6596,1.0,Excellent
9281,5338,5.0,Good
9282,5547,2.0,Good
9283,6506,Not Rating,Good
9284,5922,2.0,Avergae
9285,9705,Not Rating,Poor
9286,7984,3.0,Poor
9287,7364,1.0,Good
9288,8561,Not Rating,Excellent
9289,9415,2.0,Poor
9290,4737,2.0,Not Provided
9291,3124,Not Rating,Excellent
9292,8565,Not Rating,Not Provided
9293,3186,Not Rating,Excellent
9294,2705,2.0,Excellent
9295,6283,1.0,Good
9296,2833,5.0,Avergae
9297,3344,4.0,Excellent
9298,4010,1.0,Avergae
9299,5686,4.0,Poor
9300,7611,3.0,Poor
9301,2344,5.0,Excellent
9302,756,Not Rating,Poor
9303,2273,5.0,Good
9304,8399,2.0,Good
9305,6258,5.0,Poor
9306,5079,Not Rating,Excellent
9307,3231,1.0,Not Provided
9308,9407,4.0,Excellent
9309,3979,Not Rating,Good
9310,8521,Not Rating,Poor
9311,3824,5.0,Excellent
9312,8179,Not Rating,Not Provided
9313,3798,1.0,Not Provided
9314,9938,Not Rating,Good
9315,3753,Not Rating,Not Provided
9316,9909,Not Rating,Poor
9317,2051,1.0,Excellent
9318,5294,Not Rating,Poor
9319,9843,5.0,Excellent
9320,5597,3.0,Excellent
9321,2279,Not Rating,Poor
9322,9939,Not Rating,Avergae
9323,3686,Not Rating,Good
9324,8469,4.0,Not Provided
9325,5835,Not Rating,Excellent
9326,5926,5.0,Poor
9327,1263,3.0,Excellent
9328,988,Not Rating,Good
9329,125,5.0,Not Provided
9330,4878,5.0,Excellent
9331,8465,1.0,Excellent
9332,9238,3.0,Poor
9333,9902,Not Rating,Excellent
9334,7614,Not Rating,Not Provided
9335,9299,Not Rating,Excellent
9336,2817,3.0,Not Provided
9337,5972,3.0,Avergae
9338,5374,Not Rating,Excellent
9339,579,Not Rating,Excellent
9340,6972,1.0,Poor
9341,2021,1.0,Poor
9342,6027,Not Rating,Good
9343,3127,Not Rating,Poor
9344,3991,Not Rating,Avergae
9345,8428,Not Rating,Excellent
9346,8800,3.0,Good
9347,5845,2.0,Excellent
9348,2949,Not Rating,Poor
9349,5087,2.0,Not Provided
9350,8796,Not Rating,Avergae
9351,6525,3.0,Poor
9352,8177,Not Rating,Not Provided
9353,340,3.0,Poor
9354,5471,1.0,Poor
9355,3685,2.0,Good
9356,2684,Not Rating,Not Provided
9357,1682,Not Rating,Good
9358,5314,4.0,Poor
9359,5610,4.0,Excellent
9360,8782,Not Rating,Good
9361,8411,5.0,Excellent
9362,3471,Not Rating,Not Provided
9363,3068,Not Rating,Good
9364,5113,Not Rating,Excellent
9365,4614,5.0,Excellent
9366,5435,3.0,Excellent
9367,7160,4.0,Excellent
9368,3214,2.0,Excellent
9369,8630,4.0,Excellent
9370,3169,5.0,Excellent
9371,6755,Not Rating,Excellent
9372,8791,Not Rating,Avergae
9373,7762,2.0,Avergae
9374,8818,5.0,Poor
9375,6920,5.0,Avergae
9376,6915,3.0,Excellent
9377,990,1.0,Not Provided
9378,9532,5.0,Avergae
9379,5100,1.0,Excellent
9380,7938,4.0,Excellent
9381,7148,4.0,Good
9382,1656,1.0,Avergae
9383,4977,Not Rating,Not Provided
9384,209,3.0,Good
9385,2610,Not Rating,Not Provided
9386,7325,2.0,Good
9387,5893,Not Rating,Excellent
9388,6798,2.0,Excellent
9389,3155,4.0,Poor
9390,6137,5.0,Excellent
9391,1666,1.0,Not Provided
9392,9899,1.0,Excellent
9393,4517,5.0,Good
9394,4323,5.0,Poor
9395,3500,4.0,Excellent
9396,8321,4.0,Excellent
9397,484,Not Rating,Excellent
9398,6704,Not Rating,Poor
9399,9313,2.0,Poor
9400,5832,Not Rating,Avergae
9401,9784,Not Rating,Excellent
9402,3312,Not Rating,Excellent
9403,5574,3.0,Poor
9404,149,3.0,Avergae
9405,3057,5.0,Not Provided
9406,3144,1.0,Poor
9407,1496,Not Rating,Good
9408,3583,1.0,Avergae
9409,332,1.0,Not Provided
9410,2733,Not Rating,Good
9411,6895,2.0,Excellent
9412,4306,Not Rating,Avergae
9413,2026,Not Rating,Poor
9414,6853,4.0,Poor
9415,8453,3.0,Excellent
9416,6729,Not Rating,Avergae
9417,5421,3.0,Good
9418,2932,2.0,Excellent
9419,409,Not Rating,Excellent
9420,7108,4.0,Excellent
9421,2412,Not Rating,Good
9422,109,5.0,Excellent
9423,8431,3.0,Not Provided
9424,8303,3.0,Not Provided
9425,4628,5.0,Not Provided
9426,9399,5.0,Avergae
9427,2958,4.0,Avergae
9428,3857,2.0,Excellent
9429,688,Not Rating,Excellent
9430,429,2.0,Not Provided
9431,9293,2.0,Not Provided
9432,9062,5.0,Good
9433,4152,2.0,Poor
9434,9030,Not Rating,Poor
9435,6180,Not Rating,Good
9436,7730,Not Rating,Excellent
9437,6708,2.0,Excellent
9438,6863,Not Rating,Excellent
9439,8431,5.0,Not Provided
9440,6826,5.0,Excellent
9441,4976,3.0,Good
9442,5283,4.0,Good
9443,7926,Not Rating,Excellent
9444,4878,1.0,Excellent
9445,4001,4.0,Good
9446,1631,2.0,Not Provided
9447,8199,1.0,Poor
9448,1359,Not Rating,Excellent
9449,4010,1.0,Excellent
9450,3739,3.0,Not Provided
9451,1891,Not Rating,Good
9452,2576,1.0,Good
9453,1316,Not Rating,Poor
9454,6731,Not Rating,Good
9455,5726,3.0,Not Provided
9456,772,3.0,Excellent
9457,4817,1.0,Avergae
9458,4881,5.0,Good
9459,6084,4.0,Not Provided
9460,8782,2.0,Not Provided
9461,2448,5.0,Poor
9462,4738,1.0,Good
9463,388,2.0,Good
9464,2887,2.0,Poor
9465,2480,1.0,Good
9466,744,5.0,Avergae
9467,7302,Not Rating,Avergae
9468,6985,3.0,Not Provided
9469,4954,Not Rating,Good
9470,9573,Not Rating,Poor
9471,3389,3.0,Good
9472,4214,Not Rating,Excellent
9473,6750,2.0,Poor
9474,8987,5.0,Good
9475,8120,Not Rating,Good
9476,1226,Not Rating,Avergae
9477,8297,Not Rating,Excellent
9478,1364,1.0,Excellent
9479,8530,Not Rating,Avergae
9480,1660,4.0,Excellent
9481,7123,Not Rating,Good
9482,3370,3.0,Avergae
9483,143,1.0,Avergae
9484,9742,4.0,Poor
9485,9853,5.0,Not Provided
9486,1602,Not Rating,Good
9487,5624,5.0,Excellent
9488,6060,3.0,Poor
9489,8448,3.0,Poor
9490,4543,3.0,Not Provided
9491,7385,2.0,Excellent
9492,8820,1.0,Good
9493,6696,1.0,Good
9494,7861,Not Rating,Excellent
9495,726,2.0,Good
9496,9623,2.0,Excellent
9497,8103,3.0,Avergae
9498,9877,Not Rating,Not Provided
9499,5023,5.0,Good
9500,2498,Not Rating,Good
9501,9581,5.0,Good
9502,5076,Not Rating,Excellent
9503,2103,3.0,Excellent
9504,7478,Not Rating,Not Provided
9505,8984,1.0,Poor
9506,6646,Not Rating,Avergae
9507,4719,2.0,Excellent
9508,4443,3.0,Poor
9509,3959,2.0,Good
9510,5465,1.0,Excellent
9511,2197,2.0,Avergae
9512,4701,Not Rating,Excellent
9513,8645,4.0,Poor
9514,7339,2.0,Not Provided
9515,410,3.0,Excellent
9516,6526,3.0,Excellent
9517,9977,Not Rating,Excellent
9518,8777,5.0,Not Provided
9519,6145,1.0,Excellent
9520,9216,2.0,Not Provided
9521,498,4.0,Good
9522,431,Not Rating,Excellent
9523,8465,Not Rating,Excellent
9524,5732,3.0,Excellent
9525,502,3.0,Avergae
9526,8211,2.0,Not Provided
9527,2405,5.0,Excellent
9528,9004,Not Rating,Avergae
9529,2892,3.0,Good
9530,3326,Not Rating,Good
9531,7688,Not Rating,Avergae
9532,8184,3.0,Excellent
9533,1021,5.0,Poor
9534,2820,2.0,Avergae
9535,2340,2.0,Not Provided
9536,1122,3.0,Avergae
9537,507,5.0,Poor
9538,6550,5.0,Excellent
9539,2146,2.0,Avergae
9540,5257,1.0,Excellent
9541,3655,4.0,Avergae
9542,1717,5.0,Not Provided
9543,8939,2.0,Excellent
9544,3401,2.0,Avergae
9545,3908,1.0,Not Provided
9546,487,Not Rating,Excellent
9547,8063,Not Rating,Good
9548,8555,1.0,Good
9549,3595,4.0,Excellent
9550,1694,Not Rating,Good
9551,7712,5.0,Excellent
9552,6219,4.0,Avergae
9553,2285,2.0,Avergae
9554,7425,Not Rating,Not Provided
9555,545,3.0,Excellent
9556,6604,3.0,Excellent
9557,6198,2.0,Poor
9558,2927,2.0,Poor
9559,4498,1.0,Excellent
9560,2811,3.0,Excellent
9561,3805,Not Rating,Not Provided
9562,9959,2.0,Poor
9563,3786,4.0,Not Provided
9564,5228,1.0,Good
9565,3448,1.0,Excellent
9566,1764,2.0,Not Provided
9567,6405,2.0,Poor
9568,9672,1.0,Poor
9569,8642,Not Rating,Good
9570,9404,5.0,Avergae
9571,1952,Not Rating,Good
9572,1004,Not Rating,Good
9573,1000,3.0,Excellent
9574,5543,5.0,Avergae
9575,278,5.0,Good
9576,6473,Not Rating,Excellent
9577,2603,4.0,Avergae
9578,8103,Not Rating,Not Provided
9579,1357,2.0,Excellent
9580,581,1.0,Poor
9581,5503,4.0,Excellent
9582,8898,4.0,Poor
9583,6468,2.0,Excellent
9584,4396,4.0,Not Provided
9585,4662,3.0,Poor
9586,5074,Not Rating,Poor
9587,8814,Not Rating,Avergae
9588,8564,1.0,Avergae
9589,1434,3.0,Excellent
9590,5732,2.0,Avergae
9591,2227,Not Rating,Not Provided
9592,3569,1.0,Excellent
9593,8927,2.0,Excellent
9594,728,2.0,Excellent
9595,6533,Not Rating,Not Provided
9596,8470,1.0,Good
9597,7850,2.0,Avergae
9598,7582,Not Rating,Poor
9599,5582,Not Rating,Avergae
9600,5544,2.0,Poor
9601,8954,5.0,Good
9602,7566,1.0,Avergae
9603,8581,Not Rating,Good
9604,8552,4.0,Excellent
9605,6307,1.0,Excellent
9606,9094,5.0,Poor
9607,9845,3.0,Excellent
9608,9118,2.0,Poor
9609,5195,1.0,Not Provided
9610,4890,4.0,Good
9611,3492,Not Rating,Good
9612,6056,Not Rating,Good
9613,3573,Not Rating,Poor
9614,2265,Not Rating,Poor
9615,9058,5.0,Not Provided
9616,8864,Not Rating,Excellent
9617,4165,Not Rating,Excellent
9618,6227,Not Rating,Poor
9619,7494,5.0,Not Provided
9620,9747,4.0,Poor
9621,6203,Not Rating,Not Provided
9622,8540,Not Rating,Not Provided
9623,3010,2.0,Excellent
9624,5029,3.0,Poor
9625,4794,1.0,Not Provided
9626,9108,2.0,Not Provided
9627,1121,5.0,Good
9628,6885,5.0,Excellent
9629,9157,1.0,Excellent
9630,3270,1.0,Excellent
9631,2289,2.0,Not Provided
9632,6243,1.0,Excellent
9633,3060,2.0,Poor
9634,1633,5.0,Poor
9635,9043,3.0,Not Provided
9636,6840,5.0,Poor
9637,1990,5.0,Poor
9638,4490,3.0,Poor
9639,8747,Not Rating,Good
9640,4870,1.0,Avergae
9641,246,Not Rating,Good
9642,5942,2.0,Not Provided
9643,4982,2.0,Excellent
9644,8435,Not Rating,Good
9645,7241,Not Rating,Good
9646,1109,Not Rating,Excellent
9647,7668,Not Rating,Not Provided
9648,4168,4.0,Poor
9649,4097,Not Rating,Good
9650,3775,Not Rating,Good
9651,7312,Not Rating,Not Provided
9652,4053,5.0,Not Provided
9653,6525,3.0,Poor
9654,2699,4.0,Avergae
9655,6225,Not Rating,Excellent
9656,1926,1.0,Excellent
9657,4565,3.0,Excellent
9658,8054,4.0,Excellent
9659,3295,3.0,Excellent
9660,7640,4.0,Excellent
9661,2670,Not Rating,Excellent
9662,3915,Not Rating,Not Provided
9663,5745,1.0,Excellent
9664,5324,4.0,Not Provided
9665,827,2.0,Poor
9666,6193,Not Rating,Avergae
9667,637,2.0,Good
9668,1797,Not Rating,Poor
9669,8842,5.0,Excellent
9670,5824,4.0,Good
9671,1803,1.0,Excellent
9672,3467,4.0,Good
9673,1192,4.0,Not Provided
9674,9301,4.0,Excellent
9675,1338,3.0,Avergae
9676,2618,Not Rating,Excellent
9677,6804,4.0,Good
9678,3098,Not Rating,Avergae
9679,8941,Not Rating,Not Provided
9680,2081,Not Rating,Excellent
9681,8385,4.0,Poor
9682,7009,4.0,Excellent
9683,1086,Not Rating,Excellent
9684,5154,Not Rating,Not Provided
9685,7992,4.0,Excellent
9686,8617,5.0,Excellent
9687,6748,5.0,Not Provided
9688,9847,5.0,Good
9689,4431,1.0,Poor
9690,6249,Not Rating,Good
9691,4506,4.0,Avergae
9692,9178,Not Rating,Not Provided
9693,1485,Not Rating,Excellent
9694,8299,5.0,Poor
9695,5324,Not Rating,Avergae
9696,342,2.0,Poor
9697,9677,Not Rating,Good
9698,892,3.0,Poor
9699,4862,Not Rating,Poor
9700,187,Not Rating,Poor
9701,8161,2.0,Not Provided
9702,3858,Not Rating,Excellent
9703,3540,Not Rating,Avergae
9704,3775,1.0,Poor
9705,2861,4.0,Avergae
9706,63,Not Rating,Avergae
9707,6839,Not Rating,Avergae
9708,7000,Not Rating,Poor
9709,7659,2.0,Excellent
9710,4886,3.0,Excellent
9711,7743,Not Rating,Avergae
9712,3885,Not Rating,Good
9713,7383,4.0,Poor
9714,3352,4.0,Excellent
9715,5011,Not Rating,Poor
9716,6510,4.0,Excellent
9717,9517,1.0,Poor
9718,1479,Not Rating,Good
9719,7693,Not Rating,Good
9720,441,4.0,Excellent
9721,5538,3.0,Excellent
9722,8996,Not Rating,Not Provided
9723,423,4.0,Poor
9724,697,Not Rating,Avergae
9725,6691,Not Rating,Poor
9726,1393,Not Rating,Avergae
9727,3041,4.0,Not Provided
9728,3745,1.0,Not Provided
9729,4421,2.0,Poor
9730,4140,Not Rating,Avergae
9731,5893,Not Rating,Avergae
9732,9295,Not Rating,Excellent
9733,5263,Not Rating,Avergae
9734,2378,4.0,Poor
9735,4625,Not Rating,Avergae
9736,2597,1.0,Poor
9737,6883,5.0,Avergae
9738,1165,4.0,Excellent
9739,7852,Not Rating,Poor
9740,7882,1.0,Excellent
9741,3485,Not Rating,Not Provided
9742,9114,5.0,Not Provided
9743,7660,3.0,Avergae
9744,5000,1.0,Excellent
9745,5219,1.0,Avergae
9746,1997,1.0,Excellent
9747,2544,3.0,Excellent
9748,5225,4.0,Not Provided
9749,1279,1.0,Poor
9750,8247,Not Rating,Excellent
9751,392,5.0,Excellent
9752,1964,5.0,Not Provided
9753,6812,5.0,Excellent
9754,3765,3.0,Not Provided
9755,4382,3.0,Excellent
9756,6734,5.0,Not Provided
9757,6694,5.0,Avergae
9758,1425,Not Rating,Poor
9759,7294,4.0,Good
9760,955,1.0,Poor
9761,5101,2.0,Good
9762,1288,4.0,Avergae
9763,375,Not Rating,Poor
9764,9024,3.0,Not Provided
9765,5787,Not Rating,Avergae
9766,2959,1.0,Avergae
9767,5918,Not Rating,Good
9768,9581,3.0,Good
9769,3431,2.0,Excellent
9770,9565,5.0,Excellent
9771,985,Not Rating,Poor
9772,4731,5.0,Poor
9773,2567,Not Rating,Excellent
9774,1583,Not Rating,Poor
9775,3941,2.0,Not Provided
9776,1491,3.0,Good
9777,4360,3.0,Avergae
9778,2116,4.0,Avergae
9779,5506,4.0,Not Provided
9780,9735,3.0,Good
9781,8365,Not Rating,Good
9782,1434,2.0,Excellent
9783,8225,Not Rating,Not Provided
9784,6890,Not Rating,Not Provided
9785,6290,3.0,Excellent
9786,7704,Not Rating,Excellent
9787,7306,Not Rating,Poor
9788,3570,3.0,Poor
9789,4659,5.0,Excellent
9790,2420,3.0,Excellent
9791,4994,1.0,Excellent
9792,314,2.0,Avergae
9793,7494,Not Rating,Excellent
9794,762,2.0,Good
9795,4430,2.0,Excellent
9796,3562,5.0,Not Provided
9797,3036,4.0,Excellent
9798,6610,3.0,Good
9799,2976,4.0,Avergae
9800,170,2.0,Excellent
9801,8183,3.0,Poor
9802,5653,5.0,Excellent
9803,6945,3.0,Poor
9804,4337,1.0,Excellent
9805,6797,1.0,Poor
9806,3954,Not Rating,Poor
9807,1434,Not Rating,Poor
9808,1862,3.0,Avergae
9809,6971,Not Rating,Poor
9810,6769,Not Rating,Excellent
9811,4210,2.0,Good
9812,57,Not Rating,Avergae
9813,2363,5.0,Good
9814,7541,3.0,Excellent
9815,6919,Not Rating,Not Provided
9816,7709,Not Rating,Excellent
9817,1294,2.0,Excellent
9818,6049,4.0,Not Provided
9819,6406,1.0,Excellent
9820,2754,Not Rating,Poor
9821,6880,1.0,Excellent
9822,2971,3.0,Excellent
9823,8673,5.0,Good
9824,7317,2.0,Not Provided
9825,7725,3.0,Excellent
9826,914,Not Rating,Excellent
9827,7290,Not Rating,Poor
9828,2992,Not Rating,Good
9829,3779,3.0,Excellent
9830,3876,Not Rating,Excellent
9831,6142,2.0,Excellent
9832,2030,Not Rating,Excellent
9833,5250,3.0,Poor
9834,6905,Not Rating,Not Provided
9835,7049,4.0,Poor
9836,4999,Not Rating,Avergae
9837,1966,Not Rating,Not Provided
9838,508,2.0,Excellent
9839,6361,4.0,Excellent
9840,6718,2.0,Not Provided
9841,1258,2.0,Excellent
9842,4300,4.0,Not Provided
9843,1739,Not Rating,Good
9844,4122,5.0,Avergae
9845,3078,3.0,Avergae
9846,1670,Not Rating,Avergae
9847,819,2.0,Excellent
9848,5913,5.0,Good
9849,5863,4.0,Excellent
9850,660,3.0,Excellent
9851,808,5.0,Avergae
9852,9392,2.0,Excellent
9853,4335,5.0,Avergae
9854,7383,Not Rating,Avergae
9855,9543,Not Rating,Excellent
9856,9380,Not Rating,Avergae
9857,8459,Not Rating,Good
9858,7618,Not Rating,Excellent
9859,9852,1.0,Excellent
9860,3804,2.0,Excellent
9861,2913,Not Rating,Not Provided
9862,1355,Not Rating,Not Provided
9863,3120,3.0,Excellent
9864,4364,4.0,Avergae
9865,9363,4.0,Not Provided
9866,5589,3.0,Excellent
9867,639,4.0,Excellent
9868,5796,5.0,Poor
9869,2999,Not Rating,Avergae
9870,3359,3.0,Excellent
9871,5833,Not Rating,Excellent
9872,3122,2.0,Poor
9873,2369,4.0,Good
9874,9808,5.0,Good
9875,2288,Not Rating,Excellent
9876,1827,1.0,Excellent
9877,3373,5.0,Good
9878,340,Not Rating,Excellent
9879,4510,4.0,Excellent
9880,2116,5.0,Excellent
9881,6077,Not Rating,Excellent
9882,6155,4.0,Good
9883,2456,3.0,Excellent
9884,8957,1.0,Excellent
9885,2584,5.0,Poor
9886,9373,2.0,Avergae
9887,9941,2.0,Poor
9888,7919,Not Rating,Good
9889,6958,1.0,Excellent
9890,4672,1.0,Good
9891,9347,Not Rating,Avergae
9892,2347,2.0,Excellent
9893,4934,Not Rating,Excellent
9894,2352,3.0,Excellent
9895,8236,2.0,Excellent
9896,4085,2.0,Excellent
9897,701,Not Rating,Excellent
9898,7890,4.0,Poor
9899,5636,5.0,Excellent
9900,998,5.0,Excellent
9901,8380,1.0,Good
9902,3580,3.0,Excellent
9903,1468,3.0,Excellent
9904,9576,3.0,Poor
9905,7680,Not Rating,Poor
9906,234,3.0,Avergae
9907,541,Not Rating,Not Provided
9908,5161,3.0,Excellent
9909,9754,4.0,Not Provided
9910,4796,Not Rating,Good
9911,891,2.0,Excellent
9912,8242,1.0,Avergae
9913,1479,3.0,Excellent
9914,7302,3.0,Excellent
9915,1925,Not Rating,Good
9916,5752,3.0,Excellent
9917,9090,Not Rating,Excellent
9918,1121,3.0,Avergae
9919,1073,2.0,Excellent
9920,2015,3.0,Not Provided
9921,8432,Not Rating,Excellent
9922,8682,2.0,Poor
9923,4603,Not Rating,Avergae
9924,9959,Not Rating,Good
9925,9908,5.0,Good
9926,5756,Not Rating,Excellent
9927,643,Not Rating,Not Provided
9928,2563,Not Rating,Avergae
9929,5702,4.0,Avergae
9930,1991,3.0,Good
9931,794,1.0,Avergae
9932,2209,Not Rating,Poor
9933,5170,Not Rating,Excellent
9934,7373,5.0,Excellent
9935,1966,1.0,Poor
9936,550,2.0,Not Provided
9937,5476,2.0,Excellent
9938,1016,Not Rating,Excellent
9939,9397,Not Rating,Excellent
9940,2648,2.0,Avergae
9941,5292,4.0,Avergae
9942,3539,Not Rating,Not Provided
9943,2436,4.0,Not Provided
9944,1119,Not Rating,Avergae
9945,9522,Not Rating,Good
9946,3103,1.0,Good
9947,3666,3.0,Poor
9948,3410,Not Rating,Good
9949,2663,3.0,Not Provided
9950,9107,Not Rating,Avergae
9951,6188,Not Rating,Good
9952,14,5.0,Poor
9953,6820,4.0,Not Provided
9954,9823,Not Rating,Poor
9955,3943,3.0,Not Provided
9956,3327,1.0,Avergae
9957,3934,1.0,Poor
9958,7312,4.0,Good
9959,5660,Not Rating,Poor
9960,8813,Not Rating,Excellent
9961,216,5.0,Good
9962,8497,3.0,Avergae
9963,9484,Not Rating,Avergae
9964,5317,4.0,Avergae
9965,9818,4.0,Not Provided
9966,7504,5.0,Not Provided
9967,2532,Not Rating,Good
9968,7534,1.0,Poor
9969,9548,4.0,Poor
9970,5432,3.0,Poor
9971,8353,4.0,Poor
9972,1698,5.0,Good
9973,5872,Not Rating,Good
9974,8778,Not Rating,Not Provided
9975,723,2.0,Excellent
9976,8521,Not Rating,Avergae
9977,5602,Not Rating,Excellent
9978,943,4.0,Excellent
9979,3073,1.0,Excellent
9980,9897,Not Rating,Excellent
9981,8728,1.0,Poor
9982,797,Not Rating,Excellent
9983,1901,3.0,Avergae
9984,6515,1.0,Avergae
9985,6077,2.0,Good
9986,9821,3.0,Not Provided
9987,8793,2.0,Excellent
9988,6131,3.0,Excellent
9989,4644,5.0,Poor
9990,1910,5.0,Poor
9991,1244,2.0,Excellent
9992,6088,5.0,Excellent
9993,5932,1.0,Avergae
9994,9985,4.0,Poor
9995,1618,1.0,Poor
9996,2754,5.0,Poor
9997,5133,Not Rating,Poor
9998,1370,3.0,Excellent
9999,1030,1.0,Excellent
10000,2973,2.0,Good
